{"type":"FeatureCollection","features":[{"type":"Feature","id":522071,"geometry":{"type":"Point","coordinates":[14.403062214332243,45.999865860377994]},"properties":{"id":522071,"contractDate":"2020-09-07","contractYear":2020,"priceEur":36000,"mainCategory":"STAVBNO ZEMLJIŠČE","analyticalUnit":"STAVBNO_ZEMLJISCE_CISTO","analyticalPriceEurM2":89.77556109725685,"quality":"C","marketability":"Neopredeljen posel","settlement":null,"address":null,"soldLandAreaM2":401,"soldUsableAreaM2":null}},{"type":"Feature","id":522279,"geometry":{"type":"Point","coordinates":[14.41643310868568,45.955466780803334]},"properties":{"id":522279,"contractDate":"2020-11-05","contractYear":2020,"priceEur":2000,"mainCategory":"MEŠANO/DRUGO ZEMLJIŠČE","analyticalUnit":"NI_NEPOSREDNO_RAZDELJIV","analyticalPriceEurM2":null,"quality":"C","marketability":"Drug posel","settlement":null,"address":null,"soldLandAreaM2":24.75,"soldUsableAreaM2":null}},{"type":"Feature","id":522310,"geometry":{"type":"Point","coordinates":[14.425863541746256,46.008289944680556]},"properties":{"id":522310,"contractDate":"2020-11-05","contractYear":2020,"priceEur":122000,"mainCategory":"MEŠANI POSEL – STAVBA IN ZEMLJIŠČE","analyticalUnit":"NI_NEPOSREDNO_RAZDELJIV","analyticalPriceEurM2":null,"quality":"B","marketability":"Tržen posel – neustrezni podatki","settlement":null,"address":null,"soldLandAreaM2":931,"soldUsableAreaM2":16}},{"type":"Feature","id":522430,"geometry":{"type":"Point","coordinates":[14.409376310990792,45.952692787416986]},"properties":{"id":522430,"contractDate":"2020-11-06","contractYear":2020,"priceEur":56000,"mainCategory":"STAVBNO ZEMLJIŠČE","analyticalUnit":"STAVBNO_ZEMLJISCE_CISTO","analyticalPriceEurM2":70.70707070707071,"quality":"B","marketability":"Tržen posel – neustrezni podatki","settlement":null,"address":null,"soldLandAreaM2":792,"soldUsableAreaM2":null}},{"type":"Feature","id":522494,"geometry":{"type":"Point","coordinates":[14.414686490741385,46.00170811290434]},"properties":{"id":522494,"contractDate":"2020-10-24","contractYear":2020,"priceEur":258357.62,"mainCategory":"HIŠA S PRIPADAJOČIM ZEMLJIŠČEM","analyticalUnit":"NI_NEPOSREDNO_RAZDELJIV","analyticalPriceEurM2":null,"quality":"B","marketability":"Tržen posel – neustrezni podatki","settlement":"VNANJE GORICE","address":"PODPEŠKA CESTA 201","soldLandAreaM2":9499,"soldUsableAreaM2":397.8}},{"type":"Feature","id":522526,"geometry":{"type":"Point","coordinates":[14.404855173882579,45.956450508137884]},"properties":{"id":522526,"contractDate":"2020-11-18","contractYear":2020,"priceEur":90000,"mainCategory":"HIŠA S PRIPADAJOČIM ZEMLJIŠČEM","analyticalUnit":"HISA_CELI_POSEL","analyticalPriceEurM2":null,"quality":"C","marketability":"Drug posel","settlement":"KAMNIK POD KRIMOM","address":"KAMNIK POD KRIMOM 97","soldLandAreaM2":741.5,"soldUsableAreaM2":95.6}},{"type":"Feature","id":522673,"geometry":{"type":"Point","coordinates":[14.41973871610297,46.019880150351916]},"properties":{"id":522673,"contractDate":"2020-11-15","contractYear":2020,"priceEur":210000,"mainCategory":"STANOVANJE Z DODATKI/ZEMLJIŠČEM","analyticalUnit":"NI_NEPOSREDNO_RAZDELJIV","analyticalPriceEurM2":null,"quality":"B","marketability":"Tržen posel – neustrezni podatki","settlement":"BREZOVICA PRI LJUBLJANI","address":"PODSVETIJA 26 C","soldLandAreaM2":108.0068376068376,"soldUsableAreaM2":70.7}},{"type":"Feature","id":522808,"geometry":{"type":"Point","coordinates":[14.404195395591833,45.999956591553456]},"properties":{"id":522808,"contractDate":"2020-11-14","contractYear":2020,"priceEur":210000,"mainCategory":"HIŠA S PRIPADAJOČIM ZEMLJIŠČEM","analyticalUnit":"HISA_CELI_POSEL","analyticalPriceEurM2":null,"quality":"C","marketability":"Drug posel","settlement":null,"address":null,"soldLandAreaM2":498.5,"soldUsableAreaM2":167}},{"type":"Feature","id":523046,"geometry":{"type":"Point","coordinates":[14.396879435268309,45.965005867212675]},"properties":{"id":523046,"contractDate":"2020-11-18","contractYear":2020,"priceEur":2250,"mainCategory":"MEŠANO/DRUGO ZEMLJIŠČE","analyticalUnit":"NI_NEPOSREDNO_RAZDELJIV","analyticalPriceEurM2":null,"quality":"B","marketability":"Tržen posel","settlement":null,"address":null,"soldLandAreaM2":45,"soldUsableAreaM2":null}},{"type":"Feature","id":523106,"geometry":{"type":"Point","coordinates":[14.383625227310405,45.95060122885965]},"properties":{"id":523106,"contractDate":"2020-11-04","contractYear":2020,"priceEur":47000,"mainCategory":"MEŠANO/DRUGO ZEMLJIŠČE","analyticalUnit":"NI_NEPOSREDNO_RAZDELJIV","analyticalPriceEurM2":null,"quality":"B","marketability":"Tržen posel – neustrezni podatki","settlement":null,"address":null,"soldLandAreaM2":5342.75,"soldUsableAreaM2":null}},{"type":"Feature","id":523123,"geometry":{"type":"Point","coordinates":[14.425577529681668,46.00840205779813]},"properties":{"id":523123,"contractDate":"2020-11-05","contractYear":2020,"priceEur":1000,"mainCategory":"MEŠANO/DRUGO ZEMLJIŠČE","analyticalUnit":"NI_NEPOSREDNO_RAZDELJIV","analyticalPriceEurM2":null,"quality":"C","marketability":"Drug posel","settlement":null,"address":null,"soldLandAreaM2":64.83333333333333,"soldUsableAreaM2":null}},{"type":"Feature","id":523206,"geometry":{"type":"Point","coordinates":[14.416827648653188,45.95535146445065]},"properties":{"id":523206,"contractDate":"2020-11-26","contractYear":2020,"priceEur":8400,"mainCategory":"PRIPADAJOČE ZEMLJIŠČE","analyticalUnit":"NI_NEPOSREDNO_RAZDELJIV","analyticalPriceEurM2":null,"quality":"B","marketability":"Tržen posel","settlement":null,"address":null,"soldLandAreaM2":168,"soldUsableAreaM2":null}},{"type":"Feature","id":523319,"geometry":{"type":"Point","coordinates":[14.414327944721691,46.023056455728934]},"properties":{"id":523319,"contractDate":"2020-11-26","contractYear":2020,"priceEur":75000,"mainCategory":"PRIPADAJOČE ZEMLJIŠČE","analyticalUnit":"NI_NEPOSREDNO_RAZDELJIV","analyticalPriceEurM2":null,"quality":"B","marketability":"Tržen posel","settlement":null,"address":null,"soldLandAreaM2":403,"soldUsableAreaM2":null}},{"type":"Feature","id":523446,"geometry":{"type":"Point","coordinates":[14.408088790613608,45.99276270412789]},"properties":{"id":523446,"contractDate":"2020-12-03","contractYear":2020,"priceEur":190000,"mainCategory":"HIŠA S PRIPADAJOČIM ZEMLJIŠČEM","analyticalUnit":"HISA_CELI_POSEL","analyticalPriceEurM2":null,"quality":"B","marketability":"Tržen posel – neustrezni podatki","settlement":"NOTRANJE GORICE","address":"VRSTNA ULICA 49","soldLandAreaM2":118,"soldUsableAreaM2":77.5}},{"type":"Feature","id":523811,"geometry":{"type":"Point","coordinates":[14.40875332062734,45.999419738209674]},"properties":{"id":523811,"contractDate":"2020-11-27","contractYear":2020,"priceEur":1100,"mainCategory":"STAVBNO ZEMLJIŠČE","analyticalUnit":"STAVBNO_ZEMLJISCE_CISTO","analyticalPriceEurM2":50,"quality":"B","marketability":"Tržen posel – neustrezni podatki","settlement":null,"address":null,"soldLandAreaM2":22,"soldUsableAreaM2":null}},{"type":"Feature","id":523979,"geometry":{"type":"Point","coordinates":[14.413633313299835,46.01560438627668]},"properties":{"id":523979,"contractDate":"2020-12-02","contractYear":2020,"priceEur":249000,"mainCategory":"STANOVANJE","analyticalUnit":"STANOVANJE_CISTO","analyticalPriceEurM2":2530.487804878049,"quality":"B","marketability":"Tržen posel – neustrezni podatki","settlement":"BREZOVICA PRI LJUBLJANI","address":"PODPEŠKA CESTA 80","soldLandAreaM2":null,"soldUsableAreaM2":98.4}},{"type":"Feature","id":524602,"geometry":{"type":"Point","coordinates":[14.40365630828339,46.02372027110002]},"properties":{"id":524602,"contractDate":"2020-11-16","contractYear":2020,"priceEur":1140,"mainCategory":"MEŠANO/DRUGO ZEMLJIŠČE","analyticalUnit":"NI_NEPOSREDNO_RAZDELJIV","analyticalPriceEurM2":null,"quality":"C","marketability":"Drug posel","settlement":null,"address":null,"soldLandAreaM2":57,"soldUsableAreaM2":null}},{"type":"Feature","id":525597,"geometry":{"type":"Point","coordinates":[14.393830083761339,45.96650539840385]},"properties":{"id":525597,"contractDate":"2020-11-18","contractYear":2020,"priceEur":2490,"mainCategory":"KMETIJSKO ZEMLJIŠČE","analyticalUnit":"KMETIJSKO_ZEMLJISCE_CISTO","analyticalPriceEurM2":1,"quality":"A","marketability":"Tržen posel","settlement":null,"address":null,"soldLandAreaM2":2490,"soldUsableAreaM2":null}},{"type":"Feature","id":525693,"geometry":{"type":"Point","coordinates":[14.432937866846054,45.8845117353518]},"properties":{"id":525693,"contractDate":"2020-12-10","contractYear":2020,"priceEur":5500,"mainCategory":"MEŠANO/DRUGO ZEMLJIŠČE","analyticalUnit":"NI_NEPOSREDNO_RAZDELJIV","analyticalPriceEurM2":null,"quality":"B","marketability":"Tržen posel – neustrezni podatki","settlement":null,"address":null,"soldLandAreaM2":2233,"soldUsableAreaM2":null}},{"type":"Feature","id":525798,"geometry":{"type":"Point","coordinates":[14.432207344796371,45.89000491546168]},"properties":{"id":525798,"contractDate":"2020-12-15","contractYear":2020,"priceEur":42000,"mainCategory":"MEŠANI POSEL – STAVBA IN ZEMLJIŠČE","analyticalUnit":"NI_NEPOSREDNO_RAZDELJIV","analyticalPriceEurM2":null,"quality":"B","marketability":"Tržen posel – neustrezni podatki","settlement":null,"address":null,"soldLandAreaM2":835.25,"soldUsableAreaM2":4}},{"type":"Feature","id":525843,"geometry":{"type":"Point","coordinates":[14.434330312179513,45.886288901578396]},"properties":{"id":525843,"contractDate":"2020-12-15","contractYear":2020,"priceEur":160000,"mainCategory":"HIŠA S PRIPADAJOČIM ZEMLJIŠČEM","analyticalUnit":"HISA_CELI_POSEL","analyticalPriceEurM2":null,"quality":"B","marketability":"Tržen posel – neustrezni podatki","settlement":"RAKITNA","address":"RAKITNA 247 A","soldLandAreaM2":830.8181818181819,"soldUsableAreaM2":68.4}},{"type":"Feature","id":525844,"geometry":{"type":"Point","coordinates":[14.43231383002984,46.01115802133368]},"properties":{"id":525844,"contractDate":"2020-12-14","contractYear":2020,"priceEur":180000,"mainCategory":"STANOVANJE Z DODATKI/ZEMLJIŠČEM","analyticalUnit":"NI_NEPOSREDNO_RAZDELJIV","analyticalPriceEurM2":null,"quality":"B","marketability":"Tržen posel – neustrezni podatki","settlement":"VNANJE GORICE","address":"NOVA POT 127 F","soldLandAreaM2":76.72222222222223,"soldUsableAreaM2":74.8}},{"type":"Feature","id":525853,"geometry":{"type":"Point","coordinates":[14.393759699871342,45.997784500653864]},"properties":{"id":525853,"contractDate":"2020-12-11","contractYear":2020,"priceEur":80000,"mainCategory":"STANOVANJE Z DODATKI/ZEMLJIŠČEM","analyticalUnit":"NI_NEPOSREDNO_RAZDELJIV","analyticalPriceEurM2":null,"quality":"C","marketability":"Neopredeljen posel","settlement":null,"address":null,"soldLandAreaM2":1804,"soldUsableAreaM2":65.8}},{"type":"Feature","id":525905,"geometry":{"type":"Point","coordinates":[14.438201773620573,45.96950959911478]},"properties":{"id":525905,"contractDate":"2020-12-14","contractYear":2020,"priceEur":270968.82,"mainCategory":"HIŠA S PRIPADAJOČIM ZEMLJIŠČEM","analyticalUnit":"HISA_CELI_POSEL","analyticalPriceEurM2":null,"quality":"B","marketability":"Tržen posel – neustrezni podatki","settlement":"JEZERO","address":"JEZERO 128 A","soldLandAreaM2":614,"soldUsableAreaM2":117.4}},{"type":"Feature","id":525906,"geometry":{"type":"Point","coordinates":[14.416108700894641,45.966455614803685]},"properties":{"id":525906,"contractDate":"2020-12-10","contractYear":2020,"priceEur":100000,"mainCategory":"STAVBNO ZEMLJIŠČE","analyticalUnit":"NI_NEPOSREDNO_RAZDELJIV","analyticalPriceEurM2":null,"quality":"B","marketability":"Tržen posel – neustrezni podatki","settlement":null,"address":null,"soldLandAreaM2":666.375,"soldUsableAreaM2":null}},{"type":"Feature","id":526168,"geometry":{"type":"Point","coordinates":[14.431083138720583,45.9576358328742]},"properties":{"id":526168,"contractDate":"2020-09-02","contractYear":2020,"priceEur":7722,"mainCategory":"GOZDNO ZEMLJIŠČE","analyticalUnit":"NI_NEPOSREDNO_RAZDELJIV","analyticalPriceEurM2":null,"quality":"C","marketability":"Drug posel","settlement":null,"address":null,"soldLandAreaM2":19305.5,"soldUsableAreaM2":null}},{"type":"Feature","id":526532,"geometry":{"type":"Point","coordinates":[14.412074435728648,46.02346878351]},"properties":{"id":526532,"contractDate":"2020-11-30","contractYear":2020,"priceEur":265000,"mainCategory":"MEŠANI POSEL – STAVBA IN ZEMLJIŠČE","analyticalUnit":"NI_NEPOSREDNO_RAZDELJIV","analyticalPriceEurM2":null,"quality":"C","marketability":"Neopredeljen posel","settlement":"BREZOVICA PRI LJUBLJANI","address":"TRŽAŠKA CESTA 547 A","soldLandAreaM2":642,"soldUsableAreaM2":369.3}},{"type":"Feature","id":526837,"geometry":{"type":"Point","coordinates":[14.408548933730444,45.9545037828901]},"properties":{"id":526837,"contractDate":"2020-12-16","contractYear":2020,"priceEur":110000,"mainCategory":"HIŠA S PRIPADAJOČIM ZEMLJIŠČEM","analyticalUnit":"NI_NEPOSREDNO_RAZDELJIV","analyticalPriceEurM2":null,"quality":"B","marketability":"Tržen posel – neustrezni podatki","settlement":"KAMNIK POD KRIMOM","address":"KAMNIK POD KRIMOM 71","soldLandAreaM2":841,"soldUsableAreaM2":215.9}},{"type":"Feature","id":527283,"geometry":{"type":"Point","coordinates":[14.448039893447753,45.97627162312933]},"properties":{"id":527283,"contractDate":"2021-01-08","contractYear":2021,"priceEur":6090,"mainCategory":"KMETIJSKO ZEMLJIŠČE","analyticalUnit":"NI_NEPOSREDNO_RAZDELJIV","analyticalPriceEurM2":null,"quality":"C","marketability":"Drug posel","settlement":null,"address":null,"soldLandAreaM2":6089.999999999999,"soldUsableAreaM2":null}},{"type":"Feature","id":527403,"geometry":{"type":"Point","coordinates":[14.414793108046071,46.014873334475084]},"properties":{"id":527403,"contractDate":"2021-01-12","contractYear":2021,"priceEur":1500,"mainCategory":"PRIPADAJOČE ZEMLJIŠČE","analyticalUnit":"NI_NEPOSREDNO_RAZDELJIV","analyticalPriceEurM2":null,"quality":"B","marketability":"Tržen posel","settlement":null,"address":null,"soldLandAreaM2":10,"soldUsableAreaM2":null}},{"type":"Feature","id":527482,"geometry":{"type":"Point","coordinates":[14.412553735104158,46.0028162472215]},"properties":{"id":527482,"contractDate":"2021-01-08","contractYear":2021,"priceEur":108000,"mainCategory":"STAVBNO ZEMLJIŠČE","analyticalUnit":"STAVBNO_ZEMLJISCE_CISTO","analyticalPriceEurM2":161.91904047976013,"quality":"B","marketability":"Tržen posel – neustrezni podatki","settlement":null,"address":null,"soldLandAreaM2":667,"soldUsableAreaM2":null}},{"type":"Feature","id":527585,"geometry":{"type":"Point","coordinates":[14.440527555204513,45.881502567952026]},"properties":{"id":527585,"contractDate":"2021-01-14","contractYear":2021,"priceEur":546,"mainCategory":"STAVBNO ZEMLJIŠČE","analyticalUnit":"STAVBNO_ZEMLJISCE_CISTO","analyticalPriceEurM2":5.2,"quality":"B","marketability":"Tržen posel – neustrezni podatki","settlement":null,"address":null,"soldLandAreaM2":105,"soldUsableAreaM2":null}},{"type":"Feature","id":528028,"geometry":{"type":"Point","coordinates":[14.448039893447753,45.97627162312933]},"properties":{"id":528028,"contractDate":"2021-01-16","contractYear":2021,"priceEur":24360,"mainCategory":"KMETIJSKO ZEMLJIŠČE","analyticalUnit":"NI_NEPOSREDNO_RAZDELJIV","analyticalPriceEurM2":null,"quality":"C","marketability":"Drug posel","settlement":null,"address":null,"soldLandAreaM2":24360,"soldUsableAreaM2":null}},{"type":"Feature","id":528056,"geometry":{"type":"Point","coordinates":[14.420448111727701,45.97696025347677]},"properties":{"id":528056,"contractDate":"2021-01-07","contractYear":2021,"priceEur":99000,"mainCategory":"MEŠANO/DRUGO ZEMLJIŠČE","analyticalUnit":"NI_NEPOSREDNO_RAZDELJIV","analyticalPriceEurM2":null,"quality":"B","marketability":"Tržen posel – neustrezni podatki","settlement":null,"address":null,"soldLandAreaM2":646,"soldUsableAreaM2":null}},{"type":"Feature","id":528345,"geometry":{"type":"Point","coordinates":[14.444479615221502,45.89182820436339]},"properties":{"id":528345,"contractDate":"2020-10-09","contractYear":2020,"priceEur":2200,"mainCategory":"STAVBNO ZEMLJIŠČE","analyticalUnit":"NI_NEPOSREDNO_RAZDELJIV","analyticalPriceEurM2":null,"quality":"C","marketability":"Neopredeljen posel","settlement":null,"address":null,"soldLandAreaM2":449.75,"soldUsableAreaM2":null}},{"type":"Feature","id":529535,"geometry":{"type":"Point","coordinates":[14.404824421976922,45.95739091045587]},"properties":{"id":529535,"contractDate":"2020-11-27","contractYear":2020,"priceEur":300,"mainCategory":"KMETIJSKO ZEMLJIŠČE","analyticalUnit":"KMETIJSKO_ZEMLJISCE_CISTO","analyticalPriceEurM2":1.935483870967742,"quality":"B","marketability":"Tržen posel – neustrezni podatki","settlement":null,"address":null,"soldLandAreaM2":155,"soldUsableAreaM2":null}},{"type":"Feature","id":529678,"geometry":{"type":"Point","coordinates":[14.418416488969761,45.956611437804]},"properties":{"id":529678,"contractDate":"2021-01-15","contractYear":2021,"priceEur":78000,"mainCategory":"MEŠANI POSEL – STAVBA IN ZEMLJIŠČE","analyticalUnit":"NI_NEPOSREDNO_RAZDELJIV","analyticalPriceEurM2":null,"quality":"B","marketability":"Tržen posel – neustrezni podatki","settlement":null,"address":null,"soldLandAreaM2":1088,"soldUsableAreaM2":161.1}},{"type":"Feature","id":530314,"geometry":{"type":"Point","coordinates":[14.412963771251075,46.023793177963384]},"properties":{"id":530314,"contractDate":"2021-01-20","contractYear":2021,"priceEur":35000,"mainCategory":"STANOVANJE Z DODATKI/ZEMLJIŠČEM","analyticalUnit":"NI_NEPOSREDNO_RAZDELJIV","analyticalPriceEurM2":null,"quality":"C","marketability":"Drug posel","settlement":"BREZOVICA PRI LJUBLJANI","address":"MALOVAŠKA ULICA 1","soldLandAreaM2":60.3,"soldUsableAreaM2":37.7}},{"type":"Feature","id":530441,"geometry":{"type":"Point","coordinates":[14.439524609647576,45.883833402910604]},"properties":{"id":530441,"contractDate":"2021-01-28","contractYear":2021,"priceEur":180000,"mainCategory":"STAVBNO ZEMLJIŠČE","analyticalUnit":"STAVBNO_ZEMLJISCE_CISTO","analyticalPriceEurM2":44.60966542750929,"quality":"B","marketability":"Tržen posel – neustrezni podatki","settlement":null,"address":null,"soldLandAreaM2":4035,"soldUsableAreaM2":null}},{"type":"Feature","id":530531,"geometry":{"type":"Point","coordinates":[14.412827729235977,45.95257821652092]},"properties":{"id":530531,"contractDate":"2021-01-28","contractYear":2021,"priceEur":9000,"mainCategory":"KMETIJSKO ZEMLJIŠČE","analyticalUnit":"KMETIJSKO_ZEMLJISCE_CISTO","analyticalPriceEurM2":4.6875,"quality":"A","marketability":"Tržen posel","settlement":null,"address":null,"soldLandAreaM2":1920,"soldUsableAreaM2":null}},{"type":"Feature","id":531728,"geometry":{"type":"Point","coordinates":[14.41952591651923,46.02059585076733]},"properties":{"id":531728,"contractDate":"2020-07-16","contractYear":2020,"priceEur":277712,"mainCategory":"HIŠA S PRIPADAJOČIM ZEMLJIŠČEM","analyticalUnit":"HISA_CELI_POSEL","analyticalPriceEurM2":null,"quality":"B","marketability":"Tržen posel – neustrezni podatki","settlement":null,"address":null,"soldLandAreaM2":410,"soldUsableAreaM2":0}},{"type":"Feature","id":531757,"geometry":{"type":"Point","coordinates":[14.420023856425802,46.021060496839574]},"properties":{"id":531757,"contractDate":"2020-06-19","contractYear":2020,"priceEur":270000,"mainCategory":"HIŠA","analyticalUnit":"HISA_CELI_POSEL","analyticalPriceEurM2":null,"quality":"B","marketability":"Tržen posel – neustrezni podatki","settlement":null,"address":null,"soldLandAreaM2":null,"soldUsableAreaM2":0}},{"type":"Feature","id":531758,"geometry":{"type":"Point","coordinates":[14.419911804379264,46.020623003398036]},"properties":{"id":531758,"contractDate":"2020-05-04","contractYear":2020,"priceEur":296000,"mainCategory":"HIŠA","analyticalUnit":"HISA_CELI_POSEL","analyticalPriceEurM2":null,"quality":"B","marketability":"Tržen posel – neustrezni podatki","settlement":null,"address":null,"soldLandAreaM2":null,"soldUsableAreaM2":0}},{"type":"Feature","id":531760,"geometry":{"type":"Point","coordinates":[14.419723052620645,46.02061610677467]},"properties":{"id":531760,"contractDate":"2019-11-26","contractYear":2019,"priceEur":298000,"mainCategory":"HIŠA","analyticalUnit":"HISA_CELI_POSEL","analyticalPriceEurM2":null,"quality":"B","marketability":"Tržen posel – neustrezni podatki","settlement":null,"address":null,"soldLandAreaM2":null,"soldUsableAreaM2":0}},{"type":"Feature","id":531763,"geometry":{"type":"Point","coordinates":[14.420067301698989,46.020697573081456]},"properties":{"id":531763,"contractDate":"2019-10-30","contractYear":2019,"priceEur":295650,"mainCategory":"HIŠA","analyticalUnit":"HISA_CELI_POSEL","analyticalPriceEurM2":null,"quality":"B","marketability":"Tržen posel – neustrezni podatki","settlement":null,"address":null,"soldLandAreaM2":null,"soldUsableAreaM2":0}},{"type":"Feature","id":531764,"geometry":{"type":"Point","coordinates":[14.41883290683629,46.02080224350964]},"properties":{"id":531764,"contractDate":"2018-10-22","contractYear":2018,"priceEur":276000,"mainCategory":"HIŠA","analyticalUnit":"HISA_CELI_POSEL","analyticalPriceEurM2":null,"quality":"B","marketability":"Tržen posel – neustrezni podatki","settlement":null,"address":null,"soldLandAreaM2":null,"soldUsableAreaM2":0}},{"type":"Feature","id":531765,"geometry":{"type":"Point","coordinates":[14.419229341725758,46.020451281801755]},"properties":{"id":531765,"contractDate":"2018-12-21","contractYear":2018,"priceEur":258650,"mainCategory":"HIŠA","analyticalUnit":"HISA_CELI_POSEL","analyticalPriceEurM2":null,"quality":"B","marketability":"Tržen posel – neustrezni podatki","settlement":null,"address":null,"soldLandAreaM2":null,"soldUsableAreaM2":0}},{"type":"Feature","id":531766,"geometry":{"type":"Point","coordinates":[14.419686959098643,46.020979787547326]},"properties":{"id":531766,"contractDate":"2018-09-17","contractYear":2018,"priceEur":264815,"mainCategory":"HIŠA","analyticalUnit":"HISA_CELI_POSEL","analyticalPriceEurM2":null,"quality":"B","marketability":"Tržen posel – neustrezni podatki","settlement":null,"address":null,"soldLandAreaM2":null,"soldUsableAreaM2":0}},{"type":"Feature","id":531767,"geometry":{"type":"Point","coordinates":[14.419835913815772,46.021050185411674]},"properties":{"id":531767,"contractDate":"2018-09-04","contractYear":2018,"priceEur":261650,"mainCategory":"HIŠA","analyticalUnit":"HISA_CELI_POSEL","analyticalPriceEurM2":null,"quality":"B","marketability":"Tržen posel – neustrezni podatki","settlement":null,"address":null,"soldLandAreaM2":null,"soldUsableAreaM2":0}},{"type":"Feature","id":531769,"geometry":{"type":"Point","coordinates":[14.419383047469719,46.020524133765626]},"properties":{"id":531769,"contractDate":"2018-07-13","contractYear":2018,"priceEur":264650,"mainCategory":"HIŠA","analyticalUnit":"HISA_CELI_POSEL","analyticalPriceEurM2":null,"quality":"B","marketability":"Tržen posel – neustrezni podatki","settlement":null,"address":null,"soldLandAreaM2":null,"soldUsableAreaM2":0}},{"type":"Feature","id":531770,"geometry":{"type":"Point","coordinates":[14.419506157659391,46.020965912785925]},"properties":{"id":531770,"contractDate":"2018-04-24","contractYear":2018,"priceEur":266700,"mainCategory":"HIŠA","analyticalUnit":"HISA_CELI_POSEL","analyticalPriceEurM2":null,"quality":"B","marketability":"Tržen posel – neustrezni podatki","settlement":null,"address":null,"soldLandAreaM2":null,"soldUsableAreaM2":0}},{"type":"Feature","id":531771,"geometry":{"type":"Point","coordinates":[14.419353474301344,46.02089396595063]},"properties":{"id":531771,"contractDate":"2018-04-20","contractYear":2018,"priceEur":300000,"mainCategory":"HIŠA","analyticalUnit":"HISA_CELI_POSEL","analyticalPriceEurM2":null,"quality":"B","marketability":"Tržen posel – neustrezni podatki","settlement":"BREZOVICA PRI LJUBLJANI","address":"PODSVETIJA 18 D","soldLandAreaM2":null,"soldUsableAreaM2":0}},{"type":"Feature","id":531772,"geometry":{"type":"Point","coordinates":[14.419169947927056,46.02088133648065]},"properties":{"id":531772,"contractDate":"2018-04-24","contractYear":2018,"priceEur":277650,"mainCategory":"HIŠA","analyticalUnit":"HISA_CELI_POSEL","analyticalPriceEurM2":null,"quality":"B","marketability":"Tržen posel – neustrezni podatki","settlement":null,"address":null,"soldLandAreaM2":null,"soldUsableAreaM2":0}},{"type":"Feature","id":531773,"geometry":{"type":"Point","coordinates":[14.419041853896498,46.02045941651366]},"properties":{"id":531773,"contractDate":"2018-04-12","contractYear":2018,"priceEur":257135,"mainCategory":"HIŠA","analyticalUnit":"HISA_CELI_POSEL","analyticalPriceEurM2":null,"quality":"B","marketability":"Tržen posel – neustrezni podatki","settlement":null,"address":null,"soldLandAreaM2":null,"soldUsableAreaM2":143.1}},{"type":"Feature","id":531774,"geometry":{"type":"Point","coordinates":[14.41883290683629,46.02080224350964]},"properties":{"id":531774,"contractDate":"2018-03-23","contractYear":2018,"priceEur":280650,"mainCategory":"HIŠA","analyticalUnit":"HISA_CELI_POSEL","analyticalPriceEurM2":null,"quality":"C","marketability":"Neopredeljen posel","settlement":null,"address":null,"soldLandAreaM2":null,"soldUsableAreaM2":0}},{"type":"Feature","id":532025,"geometry":{"type":"Point","coordinates":[14.412887529750584,46.01900737622925]},"properties":{"id":532025,"contractDate":"2021-01-28","contractYear":2021,"priceEur":362000,"mainCategory":"HIŠA S PRIPADAJOČIM ZEMLJIŠČEM","analyticalUnit":"HISA_CELI_POSEL","analyticalPriceEurM2":null,"quality":"B","marketability":"Tržen posel – neustrezni podatki","settlement":"BREZOVICA PRI LJUBLJANI","address":"ZA GRABNOM 51","soldLandAreaM2":300,"soldUsableAreaM2":149.9}},{"type":"Feature","id":532183,"geometry":{"type":"Point","coordinates":[14.381636916041918,46.003098292495054]},"properties":{"id":532183,"contractDate":"2021-02-05","contractYear":2021,"priceEur":160000,"mainCategory":"HIŠA S PRIPADAJOČIM ZEMLJIŠČEM","analyticalUnit":"HISA_CELI_POSEL","analyticalPriceEurM2":null,"quality":"C","marketability":"Neopredeljen posel","settlement":"PODPLEŠIVICA","address":"PODPLEŠIVICA 65 D","soldLandAreaM2":307.875,"soldUsableAreaM2":88.2}},{"type":"Feature","id":532191,"geometry":{"type":"Point","coordinates":[14.431399266366258,45.89177352982422]},"properties":{"id":532191,"contractDate":"2021-02-12","contractYear":2021,"priceEur":37500,"mainCategory":"STAVBNO ZEMLJIŠČE","analyticalUnit":"STAVBNO_ZEMLJISCE_CISTO","analyticalPriceEurM2":61.881188118811885,"quality":"B","marketability":"Tržen posel – neustrezni podatki","settlement":null,"address":null,"soldLandAreaM2":606,"soldUsableAreaM2":null}},{"type":"Feature","id":532483,"geometry":{"type":"Point","coordinates":[14.42181491198378,46.0035203044383]},"properties":{"id":532483,"contractDate":"2021-02-12","contractYear":2021,"priceEur":370000,"mainCategory":"HIŠA S PRIPADAJOČIM ZEMLJIŠČEM","analyticalUnit":"HISA_CELI_POSEL","analyticalPriceEurM2":null,"quality":"B","marketability":"Tržen posel – neustrezni podatki","settlement":"VNANJE GORICE","address":"POŽARNICE 106","soldLandAreaM2":1755,"soldUsableAreaM2":277.4}},{"type":"Feature","id":532499,"geometry":{"type":"Point","coordinates":[14.411854474478458,46.01470533470702]},"properties":{"id":532499,"contractDate":"2021-02-15","contractYear":2021,"priceEur":190000,"mainCategory":"HIŠA S PRIPADAJOČIM ZEMLJIŠČEM","analyticalUnit":"HISA_CELI_POSEL","analyticalPriceEurM2":null,"quality":"B","marketability":"Tržen posel – neustrezni podatki","settlement":"VNANJE GORICE","address":"NA LAZIH 15 C","soldLandAreaM2":153,"soldUsableAreaM2":74.9}},{"type":"Feature","id":532502,"geometry":{"type":"Point","coordinates":[14.417394741395555,45.97627511978611]},"properties":{"id":532502,"contractDate":"2021-02-09","contractYear":2021,"priceEur":35000,"mainCategory":"MEŠANI POSEL – STAVBA IN ZEMLJIŠČE","analyticalUnit":"NI_NEPOSREDNO_RAZDELJIV","analyticalPriceEurM2":null,"quality":"C","marketability":"Neopredeljen posel","settlement":null,"address":null,"soldLandAreaM2":256,"soldUsableAreaM2":415}},{"type":"Feature","id":532506,"geometry":{"type":"Point","coordinates":[14.416502918047906,46.009509045620405]},"properties":{"id":532506,"contractDate":"2020-12-02","contractYear":2020,"priceEur":20000,"mainCategory":"STANOVANJE Z DODATKI/ZEMLJIŠČEM","analyticalUnit":"NI_NEPOSREDNO_RAZDELJIV","analyticalPriceEurM2":null,"quality":"C","marketability":"Neopredeljen posel","settlement":"VNANJE GORICE","address":"NOVA POT 18","soldLandAreaM2":205.35416666666663,"soldUsableAreaM2":76.1}},{"type":"Feature","id":532549,"geometry":{"type":"Point","coordinates":[14.40783870021793,45.952859626250024]},"properties":{"id":532549,"contractDate":"2021-02-16","contractYear":2021,"priceEur":52000,"mainCategory":"STAVBNO ZEMLJIŠČE","analyticalUnit":"NI_NEPOSREDNO_RAZDELJIV","analyticalPriceEurM2":null,"quality":"B","marketability":"Tržen posel – neustrezni podatki","settlement":null,"address":null,"soldLandAreaM2":868.5,"soldUsableAreaM2":null}},{"type":"Feature","id":532551,"geometry":{"type":"Point","coordinates":[14.367587724219069,45.952403127834025]},"properties":{"id":532551,"contractDate":"2021-02-16","contractYear":2021,"priceEur":8767,"mainCategory":"KMETIJSKO ZEMLJIŠČE","analyticalUnit":"KMETIJSKO_ZEMLJISCE_CISTO","analyticalPriceEurM2":1,"quality":"A","marketability":"Tržen posel","settlement":null,"address":null,"soldLandAreaM2":8767,"soldUsableAreaM2":null}},{"type":"Feature","id":532555,"geometry":{"type":"Point","coordinates":[14.41733525556761,46.02272973737857]},"properties":{"id":532555,"contractDate":"2021-02-16","contractYear":2021,"priceEur":2500,"mainCategory":"MEŠANO/DRUGO ZEMLJIŠČE","analyticalUnit":"NI_NEPOSREDNO_RAZDELJIV","analyticalPriceEurM2":null,"quality":"B","marketability":"Tržen posel","settlement":null,"address":null,"soldLandAreaM2":50,"soldUsableAreaM2":null}},{"type":"Feature","id":532615,"geometry":{"type":"Point","coordinates":[14.443248470664065,45.88316102298466]},"properties":{"id":532615,"contractDate":"2021-02-19","contractYear":2021,"priceEur":145000,"mainCategory":"STANOVANJE Z DODATKI/ZEMLJIŠČEM","analyticalUnit":"NI_NEPOSREDNO_RAZDELJIV","analyticalPriceEurM2":null,"quality":"B","marketability":"Tržen posel – neustrezni podatki","settlement":"RAKITNA","address":"RAKITNA 432","soldLandAreaM2":454,"soldUsableAreaM2":80}},{"type":"Feature","id":533036,"geometry":{"type":"Point","coordinates":[14.443002439232771,45.88353687851638]},"properties":{"id":533036,"contractDate":"2021-02-22","contractYear":2021,"priceEur":170000,"mainCategory":"HIŠA S PRIPADAJOČIM ZEMLJIŠČEM","analyticalUnit":"HISA_CELI_POSEL","analyticalPriceEurM2":null,"quality":"B","marketability":"Tržen posel – neustrezni podatki","settlement":"RAKITNA","address":"RAKITNA 439","soldLandAreaM2":731,"soldUsableAreaM2":61.6}},{"type":"Feature","id":533558,"geometry":{"type":"Point","coordinates":[14.414362777380333,46.02226520318398]},"properties":{"id":533558,"contractDate":"2021-03-02","contractYear":2021,"priceEur":3000,"mainCategory":"STAVBNO ZEMLJIŠČE","analyticalUnit":"STAVBNO_ZEMLJISCE_CISTO","analyticalPriceEurM2":107.14285714285714,"quality":"B","marketability":"Tržen posel – neustrezni podatki","settlement":null,"address":null,"soldLandAreaM2":28,"soldUsableAreaM2":null}},{"type":"Feature","id":533995,"geometry":{"type":"Point","coordinates":[14.420111189471758,45.973822756627015]},"properties":{"id":533995,"contractDate":"2021-03-17","contractYear":2021,"priceEur":156000,"mainCategory":"STANOVANJE","analyticalUnit":"STANOVANJE_CISTO","analyticalPriceEurM2":2000,"quality":"B","marketability":"Tržen posel – neustrezni podatki","settlement":"PODPEČ","address":"PODPEČ 48","soldLandAreaM2":null,"soldUsableAreaM2":78}},{"type":"Feature","id":535415,"geometry":{"type":"Point","coordinates":[14.43468766610206,45.939253013244816]},"properties":{"id":535415,"contractDate":"2021-02-17","contractYear":2021,"priceEur":2070,"mainCategory":"GOZDNO ZEMLJIŠČE","analyticalUnit":"GOZDNO_ZEMLJISCE_CISTO","analyticalPriceEurM2":2.5,"quality":"B","marketability":"Tržen posel – neustrezni podatki","settlement":null,"address":null,"soldLandAreaM2":828,"soldUsableAreaM2":null}},{"type":"Feature","id":535471,"geometry":{"type":"Point","coordinates":[14.415767154501959,46.01558465480019]},"properties":{"id":535471,"contractDate":"2021-02-21","contractYear":2021,"priceEur":240000,"mainCategory":"STANOVANJE Z DODATKI/ZEMLJIŠČEM","analyticalUnit":"NI_NEPOSREDNO_RAZDELJIV","analyticalPriceEurM2":null,"quality":"B","marketability":"Tržen posel – neustrezni podatki","settlement":"BREZOVICA PRI LJUBLJANI","address":"PODPEŠKA CESTA 77","soldLandAreaM2":61,"soldUsableAreaM2":111}},{"type":"Feature","id":535711,"geometry":{"type":"Point","coordinates":[14.403394548848686,45.992002060395976]},"properties":{"id":535711,"contractDate":"2021-03-17","contractYear":2021,"priceEur":138000,"mainCategory":"HIŠA S PRIPADAJOČIM ZEMLJIŠČEM","analyticalUnit":"HISA_CELI_POSEL","analyticalPriceEurM2":null,"quality":"B","marketability":"Tržen posel – neustrezni podatki","settlement":"NOTRANJE GORICE","address":"PODPEŠKA CESTA 346","soldLandAreaM2":751,"soldUsableAreaM2":104.2}},{"type":"Feature","id":535876,"geometry":{"type":"Point","coordinates":[14.416905793368255,46.01736136157878]},"properties":{"id":535876,"contractDate":"2021-03-10","contractYear":2021,"priceEur":130000,"mainCategory":"STAVBNO ZEMLJIŠČE","analyticalUnit":"STAVBNO_ZEMLJISCE_CISTO","analyticalPriceEurM2":280.17241379310343,"quality":"B","marketability":"Tržen posel – neustrezni podatki","settlement":null,"address":null,"soldLandAreaM2":464,"soldUsableAreaM2":null}},{"type":"Feature","id":536530,"geometry":{"type":"Point","coordinates":[14.430000936632473,45.88687250731272]},"properties":{"id":536530,"contractDate":"2021-03-24","contractYear":2021,"priceEur":50000,"mainCategory":"HIŠA S PRIPADAJOČIM ZEMLJIŠČEM","analyticalUnit":"HISA_CELI_POSEL","analyticalPriceEurM2":null,"quality":"B","marketability":"Tržen posel – neustrezni podatki","settlement":"RAKITNA","address":"RAKITNA 292","soldLandAreaM2":583,"soldUsableAreaM2":60.7}},{"type":"Feature","id":536654,"geometry":{"type":"Point","coordinates":[14.416392073207716,46.02290730683239]},"properties":{"id":536654,"contractDate":"2021-03-29","contractYear":2021,"priceEur":61240,"mainCategory":"MEŠANO/DRUGO ZEMLJIŠČE","analyticalUnit":"NI_NEPOSREDNO_RAZDELJIV","analyticalPriceEurM2":null,"quality":"B","marketability":"Tržen posel","settlement":null,"address":null,"soldLandAreaM2":1531,"soldUsableAreaM2":null}},{"type":"Feature","id":536737,"geometry":{"type":"Point","coordinates":[14.397365541793896,45.986226332757745]},"properties":{"id":536737,"contractDate":"2021-03-30","contractYear":2021,"priceEur":350000,"mainCategory":"HIŠA S PRIPADAJOČIM ZEMLJIŠČEM","analyticalUnit":"HISA_CELI_POSEL","analyticalPriceEurM2":null,"quality":"B","marketability":"Tržen posel – neustrezni podatki","settlement":"NOTRANJE GORICE","address":"PODKLIN 12 E","soldLandAreaM2":423.2,"soldUsableAreaM2":138.3}},{"type":"Feature","id":536875,"geometry":{"type":"Point","coordinates":[14.431106226824141,45.8870491542122]},"properties":{"id":536875,"contractDate":"2021-01-15","contractYear":2021,"priceEur":43800,"mainCategory":"KMETIJSKO ZEMLJIŠČE","analyticalUnit":"KMETIJSKO_ZEMLJISCE_CISTO","analyticalPriceEurM2":15.01028101439342,"quality":"C","marketability":"Drug posel","settlement":null,"address":null,"soldLandAreaM2":2918,"soldUsableAreaM2":null}},{"type":"Feature","id":536973,"geometry":{"type":"Point","coordinates":[14.431827169754945,46.01078682338079]},"properties":{"id":536973,"contractDate":"2021-03-31","contractYear":2021,"priceEur":209000,"mainCategory":"STANOVANJE Z DODATKI/ZEMLJIŠČEM","analyticalUnit":"NI_NEPOSREDNO_RAZDELJIV","analyticalPriceEurM2":null,"quality":"B","marketability":"Tržen posel – neustrezni podatki","settlement":"VNANJE GORICE","address":"NOVA POT 127 L","soldLandAreaM2":56.388888888888886,"soldUsableAreaM2":74.8}},{"type":"Feature","id":537270,"geometry":{"type":"Point","coordinates":[14.44099558859134,45.883751799710986]},"properties":{"id":537270,"contractDate":"2021-04-07","contractYear":2021,"priceEur":500,"mainCategory":"MEŠANO/DRUGO ZEMLJIŠČE","analyticalUnit":"NI_NEPOSREDNO_RAZDELJIV","analyticalPriceEurM2":null,"quality":"B","marketability":"Tržen posel – neustrezni podatki","settlement":null,"address":null,"soldLandAreaM2":254,"soldUsableAreaM2":null}},{"type":"Feature","id":539844,"geometry":{"type":"Point","coordinates":[14.426231954898375,45.971704684573226]},"properties":{"id":539844,"contractDate":"2021-04-12","contractYear":2021,"priceEur":80000,"mainCategory":"STAVBNO ZEMLJIŠČE","analyticalUnit":"NI_NEPOSREDNO_RAZDELJIV","analyticalPriceEurM2":null,"quality":"C","marketability":"Drug posel","settlement":null,"address":null,"soldLandAreaM2":289.4166666666667,"soldUsableAreaM2":null}},{"type":"Feature","id":539890,"geometry":{"type":"Point","coordinates":[14.399823315951732,45.957122041145105]},"properties":{"id":539890,"contractDate":"2021-04-09","contractYear":2021,"priceEur":56000,"mainCategory":"STAVBNO ZEMLJIŠČE","analyticalUnit":"STAVBNO_ZEMLJISCE_CISTO","analyticalPriceEurM2":80.11444921316166,"quality":"B","marketability":"Tržen posel – neustrezni podatki","settlement":null,"address":null,"soldLandAreaM2":699,"soldUsableAreaM2":null}},{"type":"Feature","id":539896,"geometry":{"type":"Point","coordinates":[14.433156147194875,45.885642766959585]},"properties":{"id":539896,"contractDate":"2021-04-12","contractYear":2021,"priceEur":39000,"mainCategory":"STAVBNO ZEMLJIŠČE","analyticalUnit":"STAVBNO_ZEMLJISCE_CISTO","analyticalPriceEurM2":36.51685393258427,"quality":"B","marketability":"Tržen posel – neustrezni podatki","settlement":null,"address":null,"soldLandAreaM2":1068,"soldUsableAreaM2":null}},{"type":"Feature","id":539901,"geometry":{"type":"Point","coordinates":[14.383214010638104,45.99676478296389]},"properties":{"id":539901,"contractDate":"2021-04-09","contractYear":2021,"priceEur":22500,"mainCategory":"HIŠA S PRIPADAJOČIM ZEMLJIŠČEM","analyticalUnit":"HISA_CELI_POSEL","analyticalPriceEurM2":null,"quality":"C","marketability":"Drug posel","settlement":"PODPLEŠIVICA","address":"PODPLEŠIVICA 13","soldLandAreaM2":195.6,"soldUsableAreaM2":60.42}},{"type":"Feature","id":539962,"geometry":{"type":"Point","coordinates":[14.432678223321785,46.01101143715331]},"properties":{"id":539962,"contractDate":"2021-04-12","contractYear":2021,"priceEur":48920,"mainCategory":"MEŠANO/DRUGO ZEMLJIŠČE","analyticalUnit":"NI_NEPOSREDNO_RAZDELJIV","analyticalPriceEurM2":null,"quality":"B","marketability":"Tržen posel – neustrezni podatki","settlement":null,"address":null,"soldLandAreaM2":535.75,"soldUsableAreaM2":null}},{"type":"Feature","id":540278,"geometry":{"type":"Point","coordinates":[14.39834057258136,45.96573963970859]},"properties":{"id":540278,"contractDate":"2021-04-15","contractYear":2021,"priceEur":85000,"mainCategory":"HIŠA S PRIPADAJOČIM ZEMLJIŠČEM","analyticalUnit":"HISA_CELI_POSEL","analyticalPriceEurM2":null,"quality":"B","marketability":"Tržen posel – neustrezni podatki","settlement":"KAMNIK POD KRIMOM","address":"KAMNIK POD KRIMOM 4 A","soldLandAreaM2":373,"soldUsableAreaM2":139.1}},{"type":"Feature","id":540326,"geometry":{"type":"Point","coordinates":[14.447356968263037,45.89020350765351]},"properties":{"id":540326,"contractDate":"2016-06-09","contractYear":2016,"priceEur":51.74,"mainCategory":"KMETIJSKO ZEMLJIŠČE","analyticalUnit":"KMETIJSKO_ZEMLJISCE_CISTO","analyticalPriceEurM2":0.9239285714285714,"quality":"C","marketability":"Neopredeljen posel","settlement":null,"address":null,"soldLandAreaM2":56,"soldUsableAreaM2":null}},{"type":"Feature","id":540599,"geometry":{"type":"Point","coordinates":[14.398716428615478,45.95709296345176]},"properties":{"id":540599,"contractDate":"2021-03-23","contractYear":2021,"priceEur":200,"mainCategory":"MEŠANO/DRUGO ZEMLJIŠČE","analyticalUnit":"NI_NEPOSREDNO_RAZDELJIV","analyticalPriceEurM2":null,"quality":"C","marketability":"Drug posel","settlement":null,"address":null,"soldLandAreaM2":42.25,"soldUsableAreaM2":null}},{"type":"Feature","id":540619,"geometry":{"type":"Point","coordinates":[14.407547203257439,46.00050391854458]},"properties":{"id":540619,"contractDate":"2021-04-23","contractYear":2021,"priceEur":333333,"mainCategory":"HIŠA S PRIPADAJOČIM ZEMLJIŠČEM","analyticalUnit":"HISA_CELI_POSEL","analyticalPriceEurM2":null,"quality":"B","marketability":"Tržen posel – neustrezni podatki","settlement":"ŽABNICA","address":"ŽABNICA 62 E","soldLandAreaM2":209.44444444444449,"soldUsableAreaM2":120.3}},{"type":"Feature","id":540711,"geometry":{"type":"Point","coordinates":[14.411298955101522,45.95159295737851]},"properties":{"id":540711,"contractDate":"2021-04-26","contractYear":2021,"priceEur":314000,"mainCategory":"HIŠA S PRIPADAJOČIM ZEMLJIŠČEM","analyticalUnit":"HISA_CELI_POSEL","analyticalPriceEurM2":null,"quality":"B","marketability":"Tržen posel – neustrezni podatki","settlement":"KAMNIK POD KRIMOM","address":"KAMNIK POD KRIMOM 86 F","soldLandAreaM2":500,"soldUsableAreaM2":127.1}},{"type":"Feature","id":540731,"geometry":{"type":"Point","coordinates":[14.425287535570453,45.899592025409156]},"properties":{"id":540731,"contractDate":"2021-03-24","contractYear":2021,"priceEur":2950,"mainCategory":"KMETIJSKO ZEMLJIŠČE","analyticalUnit":"KMETIJSKO_ZEMLJISCE_CISTO","analyticalPriceEurM2":1.3018534863195057,"quality":"A","marketability":"Tržen posel","settlement":null,"address":null,"soldLandAreaM2":2266,"soldUsableAreaM2":null}},{"type":"Feature","id":541286,"geometry":{"type":"Point","coordinates":[14.412901521954467,46.00887421812045]},"properties":{"id":541286,"contractDate":"2021-04-26","contractYear":2021,"priceEur":110000,"mainCategory":"STANOVANJE Z DODATKI/ZEMLJIŠČEM","analyticalUnit":"NI_NEPOSREDNO_RAZDELJIV","analyticalPriceEurM2":null,"quality":"B","marketability":"Tržen posel – neustrezni podatki","settlement":"VNANJE GORICE","address":"PODPEŠKA CESTA 145","soldLandAreaM2":68.22,"soldUsableAreaM2":52.1}},{"type":"Feature","id":541872,"geometry":{"type":"Point","coordinates":[14.408626252787334,45.9351597659702]},"properties":{"id":541872,"contractDate":"2021-05-07","contractYear":2021,"priceEur":9000,"mainCategory":"GOZDNO ZEMLJIŠČE","analyticalUnit":"GOZDNO_ZEMLJISCE_CISTO","analyticalPriceEurM2":0.644145433724592,"quality":"A","marketability":"Tržen posel","settlement":null,"address":null,"soldLandAreaM2":13972,"soldUsableAreaM2":null}},{"type":"Feature","id":541889,"geometry":{"type":"Point","coordinates":[14.381518058422076,46.00315813758025]},"properties":{"id":541889,"contractDate":"2021-04-12","contractYear":2021,"priceEur":240000,"mainCategory":"HIŠA S PRIPADAJOČIM ZEMLJIŠČEM","analyticalUnit":"HISA_CELI_POSEL","analyticalPriceEurM2":null,"quality":"B","marketability":"Tržen posel – neustrezni podatki","settlement":"PODPLEŠIVICA","address":"PODPLEŠIVICA 65 C","soldLandAreaM2":438.875,"soldUsableAreaM2":73.6}},{"type":"Feature","id":542225,"geometry":{"type":"Point","coordinates":[14.438296476439566,45.877306273827024]},"properties":{"id":542225,"contractDate":"2021-05-12","contractYear":2021,"priceEur":9972,"mainCategory":"GOZDNO ZEMLJIŠČE","analyticalUnit":"GOZDNO_ZEMLJISCE_CISTO","analyticalPriceEurM2":1.0045330915684496,"quality":"A","marketability":"Tržen posel","settlement":null,"address":null,"soldLandAreaM2":9927,"soldUsableAreaM2":null}},{"type":"Feature","id":542720,"geometry":{"type":"Point","coordinates":[14.41175590430316,46.01377898548456]},"properties":{"id":542720,"contractDate":"2021-05-19","contractYear":2021,"priceEur":337000,"mainCategory":"HIŠA S PRIPADAJOČIM ZEMLJIŠČEM","analyticalUnit":"HISA_CELI_POSEL","analyticalPriceEurM2":null,"quality":"B","marketability":"Tržen posel – neustrezni podatki","settlement":"VNANJE GORICE","address":"NA LAZIH 15 N","soldLandAreaM2":314,"soldUsableAreaM2":93.3}},{"type":"Feature","id":543722,"geometry":{"type":"Point","coordinates":[14.42089688871576,45.973630410892916]},"properties":{"id":543722,"contractDate":"2021-04-22","contractYear":2021,"priceEur":47500,"mainCategory":"STANOVANJE","analyticalUnit":"STANOVANJE_CISTO","analyticalPriceEurM2":868.3729433272395,"quality":"B","marketability":"Tržen posel – neustrezni podatki","settlement":"JEZERO","address":"JEZERO 19","soldLandAreaM2":null,"soldUsableAreaM2":54.7}},{"type":"Feature","id":543952,"geometry":{"type":"Point","coordinates":[14.410184152683916,45.962395699060984]},"properties":{"id":543952,"contractDate":"2021-04-25","contractYear":2021,"priceEur":73000,"mainCategory":"HIŠA S PRIPADAJOČIM ZEMLJIŠČEM","analyticalUnit":"HISA_CELI_POSEL","analyticalPriceEurM2":null,"quality":"B","marketability":"Tržen posel – neustrezni podatki","settlement":null,"address":null,"soldLandAreaM2":669,"soldUsableAreaM2":115.2}},{"type":"Feature","id":543989,"geometry":{"type":"Point","coordinates":[14.40776662500704,45.99849488837295]},"properties":{"id":543989,"contractDate":"2021-05-05","contractYear":2021,"priceEur":3400,"mainCategory":"STAVBNO ZEMLJIŠČE","analyticalUnit":"STAVBNO_ZEMLJISCE_CISTO","analyticalPriceEurM2":50,"quality":"B","marketability":"Tržen posel – neustrezni podatki","settlement":null,"address":null,"soldLandAreaM2":68,"soldUsableAreaM2":null}},{"type":"Feature","id":543993,"geometry":{"type":"Point","coordinates":[14.401696727298669,45.96162537304373]},"properties":{"id":543993,"contractDate":"2021-05-06","contractYear":2021,"priceEur":15000,"mainCategory":"MEŠANO/DRUGO ZEMLJIŠČE","analyticalUnit":"NI_NEPOSREDNO_RAZDELJIV","analyticalPriceEurM2":null,"quality":"B","marketability":"Tržen posel – neustrezni podatki","settlement":null,"address":null,"soldLandAreaM2":2745,"soldUsableAreaM2":null}},{"type":"Feature","id":543999,"geometry":{"type":"Point","coordinates":[14.477868766866631,45.884874245611364]},"properties":{"id":543999,"contractDate":"2021-05-12","contractYear":2021,"priceEur":3843,"mainCategory":"GOZDNO ZEMLJIŠČE","analyticalUnit":"GOZDNO_ZEMLJISCE_CISTO","analyticalPriceEurM2":0.3,"quality":"A","marketability":"Tržen posel","settlement":null,"address":null,"soldLandAreaM2":12810,"soldUsableAreaM2":null}},{"type":"Feature","id":544113,"geometry":{"type":"Point","coordinates":[14.406836645643008,46.014759728336514]},"properties":{"id":544113,"contractDate":"2021-05-14","contractYear":2021,"priceEur":260000,"mainCategory":"HIŠA S PRIPADAJOČIM ZEMLJIŠČEM","analyticalUnit":"NI_NEPOSREDNO_RAZDELJIV","analyticalPriceEurM2":null,"quality":"B","marketability":"Tržen posel – neustrezni podatki","settlement":"BREZOVICA PRI LJUBLJANI","address":"ZA GRABNOM 70","soldLandAreaM2":717,"soldUsableAreaM2":166.5}},{"type":"Feature","id":544181,"geometry":{"type":"Point","coordinates":[14.423975892297163,45.89814325092714]},"properties":{"id":544181,"contractDate":"2021-03-16","contractYear":2021,"priceEur":2475,"mainCategory":"KMETIJSKO ZEMLJIŠČE","analyticalUnit":"KMETIJSKO_ZEMLJISCE_CISTO","analyticalPriceEurM2":1.5,"quality":"B","marketability":"Tržen posel – neustrezni podatki","settlement":null,"address":null,"soldLandAreaM2":1650,"soldUsableAreaM2":null}},{"type":"Feature","id":544360,"geometry":{"type":"Point","coordinates":[14.409679317827464,45.99735074375096]},"properties":{"id":544360,"contractDate":"2021-02-15","contractYear":2021,"priceEur":85000,"mainCategory":"STAVBNO ZEMLJIŠČE","analyticalUnit":"NI_NEPOSREDNO_RAZDELJIV","analyticalPriceEurM2":null,"quality":"B","marketability":"Tržen posel – neustrezni podatki","settlement":null,"address":null,"soldLandAreaM2":691.25,"soldUsableAreaM2":null}},{"type":"Feature","id":544448,"geometry":{"type":"Point","coordinates":[14.408083280707302,45.95301694403588]},"properties":{"id":544448,"contractDate":"2021-05-18","contractYear":2021,"priceEur":80000,"mainCategory":"HIŠA S PRIPADAJOČIM ZEMLJIŠČEM","analyticalUnit":"HISA_CELI_POSEL","analyticalPriceEurM2":null,"quality":"C","marketability":"Drug posel","settlement":null,"address":null,"soldLandAreaM2":469,"soldUsableAreaM2":0}},{"type":"Feature","id":544613,"geometry":{"type":"Point","coordinates":[14.402435130851993,45.99976527356555]},"properties":{"id":544613,"contractDate":"2021-05-19","contractYear":2021,"priceEur":107000,"mainCategory":"STANOVANJE Z DODATKI/ZEMLJIŠČEM","analyticalUnit":"NI_NEPOSREDNO_RAZDELJIV","analyticalPriceEurM2":null,"quality":"B","marketability":"Tržen posel – neustrezni podatki","settlement":"ŽABNICA","address":"ŽABNICA 82","soldLandAreaM2":10,"soldUsableAreaM2":49.7}},{"type":"Feature","id":544772,"geometry":{"type":"Point","coordinates":[14.387218048900806,46.00633193859255]},"properties":{"id":544772,"contractDate":"2021-02-18","contractYear":2021,"priceEur":13675,"mainCategory":"KMETIJSKO ZEMLJIŠČE","analyticalUnit":"KMETIJSKO_ZEMLJISCE_CISTO","analyticalPriceEurM2":2.5,"quality":"A","marketability":"Tržen posel","settlement":null,"address":null,"soldLandAreaM2":5470,"soldUsableAreaM2":null}},{"type":"Feature","id":544995,"geometry":{"type":"Point","coordinates":[14.38367304698628,45.98675365761932]},"properties":{"id":544995,"contractDate":"2021-05-07","contractYear":2021,"priceEur":2004,"mainCategory":"KMETIJSKO ZEMLJIŠČE","analyticalUnit":"NI_NEPOSREDNO_RAZDELJIV","analyticalPriceEurM2":null,"quality":"C","marketability":"Neopredeljen posel","settlement":null,"address":null,"soldLandAreaM2":6679.5,"soldUsableAreaM2":null}},{"type":"Feature","id":545260,"geometry":{"type":"Point","coordinates":[14.381856380869413,46.003129839330846]},"properties":{"id":545260,"contractDate":"2021-05-20","contractYear":2021,"priceEur":260000,"mainCategory":"HIŠA S PRIPADAJOČIM ZEMLJIŠČEM","analyticalUnit":"HISA_CELI_POSEL","analyticalPriceEurM2":null,"quality":"B","marketability":"Tržen posel – neustrezni podatki","settlement":"PODPLEŠIVICA","address":"PODPLEŠIVICA 65 E","soldLandAreaM2":471.875,"soldUsableAreaM2":126}},{"type":"Feature","id":545468,"geometry":{"type":"Point","coordinates":[14.475646905655907,45.88701302477698]},"properties":{"id":545468,"contractDate":"2021-05-18","contractYear":2021,"priceEur":7340,"mainCategory":"GOZDNO ZEMLJIŠČE","analyticalUnit":"GOZDNO_ZEMLJISCE_CISTO","analyticalPriceEurM2":0.4,"quality":"A","marketability":"Tržen posel","settlement":null,"address":null,"soldLandAreaM2":18350,"soldUsableAreaM2":null}},{"type":"Feature","id":545683,"geometry":{"type":"Point","coordinates":[14.421000499456646,46.01981999718719]},"properties":{"id":545683,"contractDate":"2021-06-04","contractYear":2021,"priceEur":310000,"mainCategory":"HIŠA S PRIPADAJOČIM ZEMLJIŠČEM","analyticalUnit":"HISA_CELI_POSEL","analyticalPriceEurM2":null,"quality":"B","marketability":"Tržen posel – neustrezni podatki","settlement":"BREZOVICA PRI LJUBLJANI","address":"PODSVETIJA 45","soldLandAreaM2":556,"soldUsableAreaM2":60}},{"type":"Feature","id":545684,"geometry":{"type":"Point","coordinates":[14.401115798599243,45.957109566623345]},"properties":{"id":545684,"contractDate":"2021-06-02","contractYear":2021,"priceEur":243500,"mainCategory":"HIŠA S PRIPADAJOČIM ZEMLJIŠČEM","analyticalUnit":"HISA_CELI_POSEL","analyticalPriceEurM2":null,"quality":"B","marketability":"Tržen posel – neustrezni podatki","settlement":"KAMNIK POD KRIMOM","address":"KAMNIK POD KRIMOM 194 A","soldLandAreaM2":274.35,"soldUsableAreaM2":105.5}},{"type":"Feature","id":546144,"geometry":{"type":"Point","coordinates":[14.439480951858476,45.97080322696864]},"properties":{"id":546144,"contractDate":"2021-06-08","contractYear":2021,"priceEur":125000,"mainCategory":"STAVBNO ZEMLJIŠČE","analyticalUnit":"STAVBNO_ZEMLJISCE_CISTO","analyticalPriceEurM2":83.22237017310253,"quality":"B","marketability":"Tržen posel – neustrezni podatki","settlement":null,"address":null,"soldLandAreaM2":1502,"soldUsableAreaM2":null}},{"type":"Feature","id":546392,"geometry":{"type":"Point","coordinates":[14.413595707867286,46.019048982017935]},"properties":{"id":546392,"contractDate":"2021-06-04","contractYear":2021,"priceEur":463000,"mainCategory":"HIŠA S PRIPADAJOČIM ZEMLJIŠČEM","analyticalUnit":"HISA_CELI_POSEL","analyticalPriceEurM2":null,"quality":"B","marketability":"Tržen posel – neustrezni podatki","settlement":"BREZOVICA PRI LJUBLJANI","address":"ZA GRABNOM 17","soldLandAreaM2":223,"soldUsableAreaM2":150.4}},{"type":"Feature","id":546393,"geometry":{"type":"Point","coordinates":[14.41394698249185,46.019139095573216]},"properties":{"id":546393,"contractDate":"2021-06-04","contractYear":2021,"priceEur":2777,"mainCategory":"MEŠANO/DRUGO ZEMLJIŠČE","analyticalUnit":"NI_NEPOSREDNO_RAZDELJIV","analyticalPriceEurM2":null,"quality":"C","marketability":"Drug posel","settlement":null,"address":null,"soldLandAreaM2":112,"soldUsableAreaM2":null}},{"type":"Feature","id":546625,"geometry":{"type":"Point","coordinates":[14.411226532938619,46.01382664633695]},"properties":{"id":546625,"contractDate":"2021-06-09","contractYear":2021,"priceEur":317500,"mainCategory":"HIŠA S PRIPADAJOČIM ZEMLJIŠČEM","analyticalUnit":"HISA_CELI_POSEL","analyticalPriceEurM2":null,"quality":"B","marketability":"Tržen posel – neustrezni podatki","settlement":"VNANJE GORICE","address":"NA LAZIH 17 A","soldLandAreaM2":359,"soldUsableAreaM2":92.7}},{"type":"Feature","id":546676,"geometry":{"type":"Point","coordinates":[14.418360515863977,45.97628156878697]},"properties":{"id":546676,"contractDate":"2021-06-07","contractYear":2021,"priceEur":120000,"mainCategory":"HIŠA S PRIPADAJOČIM ZEMLJIŠČEM","analyticalUnit":"NI_NEPOSREDNO_RAZDELJIV","analyticalPriceEurM2":null,"quality":"B","marketability":"Tržen posel – neustrezni podatki","settlement":"PODPEČ","address":"PODPEČ 56","soldLandAreaM2":1200,"soldUsableAreaM2":110.8}},{"type":"Feature","id":546729,"geometry":{"type":"Point","coordinates":[14.419855976019571,46.019887358894415]},"properties":{"id":546729,"contractDate":"2021-06-14","contractYear":2021,"priceEur":216000,"mainCategory":"STANOVANJE Z DODATKI/ZEMLJIŠČEM","analyticalUnit":"NI_NEPOSREDNO_RAZDELJIV","analyticalPriceEurM2":null,"quality":"B","marketability":"Tržen posel – neustrezni podatki","settlement":"BREZOVICA PRI LJUBLJANI","address":"PODSVETIJA 26 A","soldLandAreaM2":111.34017094017094,"soldUsableAreaM2":70.7}},{"type":"Feature","id":546943,"geometry":{"type":"Point","coordinates":[14.399688382196883,45.99545129971878]},"properties":{"id":546943,"contractDate":"2021-06-14","contractYear":2021,"priceEur":300000,"mainCategory":"HIŠA S PRIPADAJOČIM ZEMLJIŠČEM","analyticalUnit":"HISA_CELI_POSEL","analyticalPriceEurM2":null,"quality":"B","marketability":"Tržen posel – neustrezni podatki","settlement":"PLEŠIVICA","address":"PLEŠIVICA 41","soldLandAreaM2":619,"soldUsableAreaM2":176}},{"type":"Feature","id":547198,"geometry":{"type":"Point","coordinates":[14.41034015227727,45.95602746525448]},"properties":{"id":547198,"contractDate":"2021-06-18","contractYear":2021,"priceEur":4600,"mainCategory":"KMETIJSKO ZEMLJIŠČE","analyticalUnit":"KMETIJSKO_ZEMLJISCE_CISTO","analyticalPriceEurM2":6.927710843373494,"quality":"A","marketability":"Tržen posel","settlement":null,"address":null,"soldLandAreaM2":664,"soldUsableAreaM2":null}},{"type":"Feature","id":548643,"geometry":{"type":"Point","coordinates":[14.424503341384163,46.02319690780092]},"properties":{"id":548643,"contractDate":"2021-06-07","contractYear":2021,"priceEur":105000,"mainCategory":"MEŠANI POSEL – STAVBA IN ZEMLJIŠČE","analyticalUnit":"NI_NEPOSREDNO_RAZDELJIV","analyticalPriceEurM2":null,"quality":"C","marketability":"Neopredeljen posel","settlement":null,"address":null,"soldLandAreaM2":711,"soldUsableAreaM2":58}},{"type":"Feature","id":548671,"geometry":{"type":"Point","coordinates":[14.393178856774263,45.99982613690158]},"properties":{"id":548671,"contractDate":"2021-06-09","contractYear":2021,"priceEur":187000,"mainCategory":"HIŠA S PRIPADAJOČIM ZEMLJIŠČEM","analyticalUnit":"HISA_CELI_POSEL","analyticalPriceEurM2":null,"quality":"B","marketability":"Tržen posel – neustrezni podatki","settlement":"PLEŠIVICA","address":"PLEŠIVICA 65","soldLandAreaM2":828,"soldUsableAreaM2":143.2}},{"type":"Feature","id":548840,"geometry":{"type":"Point","coordinates":[14.391355582425065,45.98688215360158]},"properties":{"id":548840,"contractDate":"2021-05-19","contractYear":2021,"priceEur":75100,"mainCategory":"HIŠA S PRIPADAJOČIM ZEMLJIŠČEM","analyticalUnit":"NI_NEPOSREDNO_RAZDELJIV","analyticalPriceEurM2":null,"quality":"C","marketability":"Neopredeljen posel","settlement":"NOTRANJE GORICE","address":"PODKLIN 16","soldLandAreaM2":5551,"soldUsableAreaM2":60.5}},{"type":"Feature","id":549044,"geometry":{"type":"Point","coordinates":[14.431663175529463,45.89152274605043]},"properties":{"id":549044,"contractDate":"2021-06-18","contractYear":2021,"priceEur":128000,"mainCategory":"STAVBNO ZEMLJIŠČE","analyticalUnit":"STAVBNO_ZEMLJISCE_CISTO","analyticalPriceEurM2":58.10258738084431,"quality":"B","marketability":"Tržen posel – neustrezni podatki","settlement":null,"address":null,"soldLandAreaM2":2203,"soldUsableAreaM2":null}},{"type":"Feature","id":549053,"geometry":{"type":"Point","coordinates":[14.416564262632406,45.955188070961725]},"properties":{"id":549053,"contractDate":"2021-05-18","contractYear":2021,"priceEur":190000,"mainCategory":"HIŠA S PRIPADAJOČIM ZEMLJIŠČEM","analyticalUnit":"NI_NEPOSREDNO_RAZDELJIV","analyticalPriceEurM2":null,"quality":"B","marketability":"Tržen posel – neustrezni podatki","settlement":"PRESERJE","address":"PRESERJE 7","soldLandAreaM2":379,"soldUsableAreaM2":81}},{"type":"Feature","id":549194,"geometry":{"type":"Point","coordinates":[14.431690758930994,46.01078361455575]},"properties":{"id":549194,"contractDate":"2021-06-19","contractYear":2021,"priceEur":500,"mainCategory":"MEŠANO/DRUGO ZEMLJIŠČE","analyticalUnit":"NI_NEPOSREDNO_RAZDELJIV","analyticalPriceEurM2":null,"quality":"C","marketability":"Drug posel","settlement":null,"address":null,"soldLandAreaM2":15,"soldUsableAreaM2":null}},{"type":"Feature","id":549351,"geometry":{"type":"Point","coordinates":[14.426158935489244,46.023472206899854]},"properties":{"id":549351,"contractDate":"2021-06-22","contractYear":2021,"priceEur":340000,"mainCategory":"HIŠA S PRIPADAJOČIM ZEMLJIŠČEM","analyticalUnit":"HISA_CELI_POSEL","analyticalPriceEurM2":null,"quality":"B","marketability":"Tržen posel – neustrezni podatki","settlement":"BREZOVICA PRI LJUBLJANI","address":"CESTA V LOG 11","soldLandAreaM2":446,"soldUsableAreaM2":295.6}},{"type":"Feature","id":549415,"geometry":{"type":"Point","coordinates":[14.419049926723792,46.00954133001841]},"properties":{"id":549415,"contractDate":"2021-06-23","contractYear":2021,"priceEur":56907.22,"mainCategory":"HIŠA S PRIPADAJOČIM ZEMLJIŠČEM","analyticalUnit":"NI_NEPOSREDNO_RAZDELJIV","analyticalPriceEurM2":null,"quality":"C","marketability":"Neopredeljen posel","settlement":null,"address":null,"soldLandAreaM2":370.5,"soldUsableAreaM2":120.65}},{"type":"Feature","id":549431,"geometry":{"type":"Point","coordinates":[14.419078004391467,46.009605687644644]},"properties":{"id":549431,"contractDate":"2021-06-23","contractYear":2021,"priceEur":152319.61,"mainCategory":"HIŠA S PRIPADAJOČIM ZEMLJIŠČEM","analyticalUnit":"NI_NEPOSREDNO_RAZDELJIV","analyticalPriceEurM2":null,"quality":"C","marketability":"Drug posel","settlement":"VNANJE GORICE","address":"NOVA POT 38","soldLandAreaM2":987.5,"soldUsableAreaM2":195.95}},{"type":"Feature","id":549464,"geometry":{"type":"Point","coordinates":[14.432992544291384,45.89033198640804]},"properties":{"id":549464,"contractDate":"2021-06-27","contractYear":2021,"priceEur":94700,"mainCategory":"STAVBNO ZEMLJIŠČE","analyticalUnit":"STAVBNO_ZEMLJISCE_CISTO","analyticalPriceEurM2":50,"quality":"B","marketability":"Tržen posel – neustrezni podatki","settlement":null,"address":null,"soldLandAreaM2":1894,"soldUsableAreaM2":null}},{"type":"Feature","id":549730,"geometry":{"type":"Point","coordinates":[14.439259360697356,45.886204021833834]},"properties":{"id":549730,"contractDate":"2021-06-23","contractYear":2021,"priceEur":100000,"mainCategory":"HIŠA S PRIPADAJOČIM ZEMLJIŠČEM","analyticalUnit":"HISA_CELI_POSEL","analyticalPriceEurM2":null,"quality":"B","marketability":"Tržen posel – neustrezni podatki","settlement":"RAKITNA","address":"RAKITNA 208","soldLandAreaM2":1469,"soldUsableAreaM2":44.2}},{"type":"Feature","id":549810,"geometry":{"type":"Point","coordinates":[14.39386263800799,45.99969286611189]},"properties":{"id":549810,"contractDate":"2021-06-09","contractYear":2021,"priceEur":93000,"mainCategory":"STAVBNO ZEMLJIŠČE","analyticalUnit":"STAVBNO_ZEMLJISCE_CISTO","analyticalPriceEurM2":100.9771986970684,"quality":"C","marketability":"Drug posel","settlement":null,"address":null,"soldLandAreaM2":921,"soldUsableAreaM2":null}},{"type":"Feature","id":549878,"geometry":{"type":"Point","coordinates":[14.435254151134572,45.882150925555955]},"properties":{"id":549878,"contractDate":"2021-06-28","contractYear":2021,"priceEur":107000,"mainCategory":"HIŠA S PRIPADAJOČIM ZEMLJIŠČEM","analyticalUnit":"HISA_CELI_POSEL","analyticalPriceEurM2":null,"quality":"B","marketability":"Tržen posel – neustrezni podatki","settlement":"RAKITNA","address":"RAKITNA 306","soldLandAreaM2":467,"soldUsableAreaM2":20.3}},{"type":"Feature","id":550181,"geometry":{"type":"Point","coordinates":[14.421638543389136,45.97499095981294]},"properties":{"id":550181,"contractDate":"2021-07-02","contractYear":2021,"priceEur":108000,"mainCategory":"MEŠANO/DRUGO ZEMLJIŠČE","analyticalUnit":"NI_NEPOSREDNO_RAZDELJIV","analyticalPriceEurM2":null,"quality":"B","marketability":"Tržen posel – neustrezni podatki","settlement":null,"address":null,"soldLandAreaM2":797,"soldUsableAreaM2":null}},{"type":"Feature","id":550375,"geometry":{"type":"Point","coordinates":[14.43026628411297,45.88815237799341]},"properties":{"id":550375,"contractDate":"2021-06-10","contractYear":2021,"priceEur":35000,"mainCategory":"STAVBNO ZEMLJIŠČE","analyticalUnit":"STAVBNO_ZEMLJISCE_CISTO","analyticalPriceEurM2":37.634408602150536,"quality":"B","marketability":"Tržen posel – neustrezni podatki","settlement":null,"address":null,"soldLandAreaM2":930,"soldUsableAreaM2":null}},{"type":"Feature","id":550920,"geometry":{"type":"Point","coordinates":[14.399955198902143,45.963291347539936]},"properties":{"id":550920,"contractDate":"2021-07-08","contractYear":2021,"priceEur":62000,"mainCategory":"STAVBNO ZEMLJIŠČE","analyticalUnit":"STAVBNO_ZEMLJISCE_CISTO","analyticalPriceEurM2":75.15151515151516,"quality":"B","marketability":"Tržen posel – neustrezni podatki","settlement":null,"address":null,"soldLandAreaM2":825,"soldUsableAreaM2":null}},{"type":"Feature","id":550925,"geometry":{"type":"Point","coordinates":[14.39462110896778,45.98721077308748]},"properties":{"id":550925,"contractDate":"2021-06-29","contractYear":2021,"priceEur":169000,"mainCategory":"STANOVANJE Z DODATKI/ZEMLJIŠČEM","analyticalUnit":"NI_NEPOSREDNO_RAZDELJIV","analyticalPriceEurM2":null,"quality":"B","marketability":"Tržen posel – neustrezni podatki","settlement":"NOTRANJE GORICE","address":"CESTA NA LOG 44 A","soldLandAreaM2":332,"soldUsableAreaM2":80.2}},{"type":"Feature","id":551024,"geometry":{"type":"Point","coordinates":[14.43391226908417,45.88396043267411]},"properties":{"id":551024,"contractDate":"2021-07-12","contractYear":2021,"priceEur":250000,"mainCategory":"HIŠA S PRIPADAJOČIM ZEMLJIŠČEM","analyticalUnit":"HISA_CELI_POSEL","analyticalPriceEurM2":null,"quality":"B","marketability":"Tržen posel – neustrezni podatki","settlement":"RAKITNA","address":"RAKITNA 302","soldLandAreaM2":2096,"soldUsableAreaM2":105}},{"type":"Feature","id":551036,"geometry":{"type":"Point","coordinates":[14.432115484196675,45.890069213372634]},"properties":{"id":551036,"contractDate":"2021-07-05","contractYear":2021,"priceEur":57000,"mainCategory":"STAVBNO ZEMLJIŠČE","analyticalUnit":"NI_NEPOSREDNO_RAZDELJIV","analyticalPriceEurM2":null,"quality":"B","marketability":"Tržen posel – neustrezni podatki","settlement":null,"address":null,"soldLandAreaM2":1165.25,"soldUsableAreaM2":null}},{"type":"Feature","id":551230,"geometry":{"type":"Point","coordinates":[14.407621689117853,45.95277845170985]},"properties":{"id":551230,"contractDate":"2021-07-13","contractYear":2021,"priceEur":40000,"mainCategory":"STAVBNO ZEMLJIŠČE","analyticalUnit":"STAVBNO_ZEMLJISCE_CISTO","analyticalPriceEurM2":89.28571428571429,"quality":"B","marketability":"Tržen posel – neustrezni podatki","settlement":null,"address":null,"soldLandAreaM2":448,"soldUsableAreaM2":null}},{"type":"Feature","id":551244,"geometry":{"type":"Point","coordinates":[14.43472472019225,45.88363628090836]},"properties":{"id":551244,"contractDate":"2021-06-07","contractYear":2021,"priceEur":3600,"mainCategory":"MEŠANO/DRUGO ZEMLJIŠČE","analyticalUnit":"NI_NEPOSREDNO_RAZDELJIV","analyticalPriceEurM2":null,"quality":"B","marketability":"Tržen posel","settlement":null,"address":null,"soldLandAreaM2":200,"soldUsableAreaM2":null}},{"type":"Feature","id":551246,"geometry":{"type":"Point","coordinates":[14.402558337558201,45.99034258482611]},"properties":{"id":551246,"contractDate":"2021-07-05","contractYear":2021,"priceEur":25000,"mainCategory":"STANOVANJE Z DODATKI/ZEMLJIŠČEM","analyticalUnit":"NI_NEPOSREDNO_RAZDELJIV","analyticalPriceEurM2":null,"quality":"C","marketability":"Neopredeljen posel","settlement":"NOTRANJE GORICE","address":"PODPEŠKA CESTA 374","soldLandAreaM2":26.5,"soldUsableAreaM2":22.3}},{"type":"Feature","id":551374,"geometry":{"type":"Point","coordinates":[14.422171593904665,45.9601045453187]},"properties":{"id":551374,"contractDate":"2021-07-08","contractYear":2021,"priceEur":222000,"mainCategory":"HIŠA S PRIPADAJOČIM ZEMLJIŠČEM","analyticalUnit":"NI_NEPOSREDNO_RAZDELJIV","analyticalPriceEurM2":null,"quality":"B","marketability":"Tržen posel – neustrezni podatki","settlement":"PRESERJE","address":"PRESERJE 46","soldLandAreaM2":16034,"soldUsableAreaM2":191.8}},{"type":"Feature","id":551556,"geometry":{"type":"Point","coordinates":[14.427739446796265,46.00909048611532]},"properties":{"id":551556,"contractDate":"2021-07-12","contractYear":2021,"priceEur":120000,"mainCategory":"HIŠA S PRIPADAJOČIM ZEMLJIŠČEM","analyticalUnit":"NI_NEPOSREDNO_RAZDELJIV","analyticalPriceEurM2":null,"quality":"C","marketability":"Drug posel","settlement":"VNANJE GORICE","address":"POD GORICAMI 56","soldLandAreaM2":2456.25,"soldUsableAreaM2":143.39999999999998}},{"type":"Feature","id":551557,"geometry":{"type":"Point","coordinates":[14.446422138981516,45.89133279920232]},"properties":{"id":551557,"contractDate":"2016-06-09","contractYear":2016,"priceEur":17,"mainCategory":"KMETIJSKO ZEMLJIŠČE","analyticalUnit":"KMETIJSKO_ZEMLJISCE_CISTO","analyticalPriceEurM2":0.3035714285714285,"quality":"C","marketability":"Neopredeljen posel","settlement":null,"address":null,"soldLandAreaM2":56,"soldUsableAreaM2":null}},{"type":"Feature","id":551647,"geometry":{"type":"Point","coordinates":[14.43847962577233,45.885270626282384]},"properties":{"id":551647,"contractDate":"2021-07-16","contractYear":2021,"priceEur":150000,"mainCategory":"HIŠA S PRIPADAJOČIM ZEMLJIŠČEM","analyticalUnit":"HISA_CELI_POSEL","analyticalPriceEurM2":null,"quality":"B","marketability":"Tržen posel – neustrezni podatki","settlement":"RAKITNA","address":"RAKITNA 177","soldLandAreaM2":892,"soldUsableAreaM2":153}},{"type":"Feature","id":553470,"geometry":{"type":"Point","coordinates":[14.383326886845362,45.99627951807599]},"properties":{"id":553470,"contractDate":"2021-07-20","contractYear":2021,"priceEur":22500,"mainCategory":"HIŠA S PRIPADAJOČIM ZEMLJIŠČEM","analyticalUnit":"NI_NEPOSREDNO_RAZDELJIV","analyticalPriceEurM2":null,"quality":"C","marketability":"Drug posel","settlement":"PODPLEŠIVICA","address":"PODPLEŠIVICA 13","soldLandAreaM2":6525.2,"soldUsableAreaM2":20.14}},{"type":"Feature","id":553574,"geometry":{"type":"Point","coordinates":[14.424294359239612,46.02111268025634]},"properties":{"id":553574,"contractDate":"2021-07-21","contractYear":2021,"priceEur":75000,"mainCategory":"STAVBNO ZEMLJIŠČE","analyticalUnit":"STAVBNO_ZEMLJISCE_CISTO","analyticalPriceEurM2":96.64948453608248,"quality":"B","marketability":"Tržen posel – neustrezni podatki","settlement":null,"address":null,"soldLandAreaM2":776,"soldUsableAreaM2":null}},{"type":"Feature","id":553576,"geometry":{"type":"Point","coordinates":[14.43018469161491,45.8869836472627]},"properties":{"id":553576,"contractDate":"2021-07-26","contractYear":2021,"priceEur":82000,"mainCategory":"HIŠA S PRIPADAJOČIM ZEMLJIŠČEM","analyticalUnit":"HISA_CELI_POSEL","analyticalPriceEurM2":null,"quality":"B","marketability":"Tržen posel – neustrezni podatki","settlement":"RAKITNA","address":"RAKITNA 291","soldLandAreaM2":586,"soldUsableAreaM2":45.7}},{"type":"Feature","id":554244,"geometry":{"type":"Point","coordinates":[14.438342813704518,45.886624128406815]},"properties":{"id":554244,"contractDate":"2021-07-27","contractYear":2021,"priceEur":20000,"mainCategory":"STAVBNO ZEMLJIŠČE","analyticalUnit":"STAVBNO_ZEMLJISCE_CISTO","analyticalPriceEurM2":49.01960784313726,"quality":"B","marketability":"Tržen posel – neustrezni podatki","settlement":null,"address":null,"soldLandAreaM2":408,"soldUsableAreaM2":null}},{"type":"Feature","id":554851,"geometry":{"type":"Point","coordinates":[14.40717624594113,45.95263487740014]},"properties":{"id":554851,"contractDate":"2021-08-11","contractYear":2021,"priceEur":70805,"mainCategory":"STAVBNO ZEMLJIŠČE","analyticalUnit":"STAVBNO_ZEMLJISCE_CISTO","analyticalPriceEurM2":85,"quality":"B","marketability":"Tržen posel – neustrezni podatki","settlement":null,"address":null,"soldLandAreaM2":833,"soldUsableAreaM2":null}},{"type":"Feature","id":554857,"geometry":{"type":"Point","coordinates":[14.40813717656996,45.99175971426427]},"properties":{"id":554857,"contractDate":"2021-07-01","contractYear":2021,"priceEur":32851.5,"mainCategory":"KMETIJSKO ZEMLJIŠČE","analyticalUnit":"KMETIJSKO_ZEMLJISCE_CISTO","analyticalPriceEurM2":5.5,"quality":"A","marketability":"Tržen posel","settlement":null,"address":null,"soldLandAreaM2":5973,"soldUsableAreaM2":null}},{"type":"Feature","id":555392,"geometry":{"type":"Point","coordinates":[14.474709983291069,45.88847194923865]},"properties":{"id":555392,"contractDate":"2021-07-07","contractYear":2021,"priceEur":4470,"mainCategory":"GOZDNO ZEMLJIŠČE","analyticalUnit":"GOZDNO_ZEMLJISCE_CISTO","analyticalPriceEurM2":0.4,"quality":"A","marketability":"Tržen posel","settlement":null,"address":null,"soldLandAreaM2":11175,"soldUsableAreaM2":null}},{"type":"Feature","id":556816,"geometry":{"type":"Point","coordinates":[14.417428097155655,46.01869859883751]},"properties":{"id":556816,"contractDate":"2021-08-11","contractYear":2021,"priceEur":170000,"mainCategory":"MEŠANO/DRUGO ZEMLJIŠČE","analyticalUnit":"NI_NEPOSREDNO_RAZDELJIV","analyticalPriceEurM2":null,"quality":"B","marketability":"Tržen posel – neustrezni podatki","settlement":null,"address":null,"soldLandAreaM2":4714,"soldUsableAreaM2":null}},{"type":"Feature","id":556972,"geometry":{"type":"Point","coordinates":[14.412963771251075,46.023793177963384]},"properties":{"id":556972,"contractDate":"2021-08-19","contractYear":2021,"priceEur":85000,"mainCategory":"STANOVANJE Z DODATKI/ZEMLJIŠČEM","analyticalUnit":"NI_NEPOSREDNO_RAZDELJIV","analyticalPriceEurM2":null,"quality":"B","marketability":"Tržen posel – neustrezni podatki","settlement":"BREZOVICA PRI LJUBLJANI","address":"MALOVAŠKA ULICA 1","soldLandAreaM2":51.255,"soldUsableAreaM2":38}},{"type":"Feature","id":557487,"geometry":{"type":"Point","coordinates":[14.413231859277923,45.96186252720933]},"properties":{"id":557487,"contractDate":"2021-06-23","contractYear":2021,"priceEur":1546,"mainCategory":"GOZDNO ZEMLJIŠČE","analyticalUnit":"GOZDNO_ZEMLJISCE_CISTO","analyticalPriceEurM2":0.4427262313860252,"quality":"A","marketability":"Tržen posel","settlement":null,"address":null,"soldLandAreaM2":3492,"soldUsableAreaM2":null}},{"type":"Feature","id":557625,"geometry":{"type":"Point","coordinates":[14.436211154037613,45.93971555596414]},"properties":{"id":557625,"contractDate":"2021-04-15","contractYear":2021,"priceEur":7699,"mainCategory":"KMETIJSKO ZEMLJIŠČE","analyticalUnit":"KMETIJSKO_ZEMLJISCE_CISTO","analyticalPriceEurM2":2.4996753246753247,"quality":"A","marketability":"Tržen posel","settlement":null,"address":null,"soldLandAreaM2":3080,"soldUsableAreaM2":null}},{"type":"Feature","id":557626,"geometry":{"type":"Point","coordinates":[14.438601286898704,45.93757546473748]},"properties":{"id":557626,"contractDate":"2021-04-15","contractYear":2021,"priceEur":5637,"mainCategory":"KMETIJSKO ZEMLJIŠČE","analyticalUnit":"KMETIJSKO_ZEMLJISCE_CISTO","analyticalPriceEurM2":2.9684044233807265,"quality":"A","marketability":"Tržen posel","settlement":null,"address":null,"soldLandAreaM2":1899,"soldUsableAreaM2":null}},{"type":"Feature","id":557627,"geometry":{"type":"Point","coordinates":[14.43421415984988,45.9400337443642]},"properties":{"id":557627,"contractDate":"2021-04-15","contractYear":2021,"priceEur":1852,"mainCategory":"KMETIJSKO ZEMLJIŠČE","analyticalUnit":"KMETIJSKO_ZEMLJISCE_CISTO","analyticalPriceEurM2":2.499325236167341,"quality":"A","marketability":"Tržen posel","settlement":null,"address":null,"soldLandAreaM2":741,"soldUsableAreaM2":null}},{"type":"Feature","id":557727,"geometry":{"type":"Point","coordinates":[14.406478846769158,45.995280630138495]},"properties":{"id":557727,"contractDate":"2021-08-05","contractYear":2021,"priceEur":145000,"mainCategory":"STANOVANJE","analyticalUnit":"STANOVANJE_CISTO","analyticalPriceEurM2":null,"quality":"C","marketability":"Drug posel","settlement":"NOTRANJE GORICE","address":"MAVSARJEVA CESTA 1 B","soldLandAreaM2":null,"soldUsableAreaM2":0}},{"type":"Feature","id":557841,"geometry":{"type":"Point","coordinates":[14.379362420403965,45.98911276508266]},"properties":{"id":557841,"contractDate":"2021-08-31","contractYear":2021,"priceEur":18001,"mainCategory":"KMETIJSKO ZEMLJIŠČE","analyticalUnit":"KMETIJSKO_ZEMLJISCE_CISTO","analyticalPriceEurM2":1,"quality":"A","marketability":"Tržen posel","settlement":null,"address":null,"soldLandAreaM2":18001,"soldUsableAreaM2":null}},{"type":"Feature","id":558386,"geometry":{"type":"Point","coordinates":[14.409528507095878,45.956933664564126]},"properties":{"id":558386,"contractDate":"2021-09-08","contractYear":2021,"priceEur":81456.4,"mainCategory":"MEŠANO/DRUGO ZEMLJIŠČE","analyticalUnit":"NI_NEPOSREDNO_RAZDELJIV","analyticalPriceEurM2":null,"quality":"B","marketability":"Tržen posel – neustrezni podatki","settlement":null,"address":null,"soldLandAreaM2":1540,"soldUsableAreaM2":null}},{"type":"Feature","id":558471,"geometry":{"type":"Point","coordinates":[14.40894232519435,45.95685865248533]},"properties":{"id":558471,"contractDate":"2021-09-08","contractYear":2021,"priceEur":2393.6,"mainCategory":"STAVBNO ZEMLJIŠČE","analyticalUnit":"STAVBNO_ZEMLJISCE_CISTO","analyticalPriceEurM2":74.8,"quality":"C","marketability":"Neopredeljen posel","settlement":null,"address":null,"soldLandAreaM2":32,"soldUsableAreaM2":null}},{"type":"Feature","id":558857,"geometry":{"type":"Point","coordinates":[14.407166896850242,45.99492471452658]},"properties":{"id":558857,"contractDate":"2021-09-09","contractYear":2021,"priceEur":30000,"mainCategory":"STANOVANJE Z DODATKI/ZEMLJIŠČEM","analyticalUnit":"NI_NEPOSREDNO_RAZDELJIV","analyticalPriceEurM2":null,"quality":"C","marketability":"Drug posel","settlement":"NOTRANJE GORICE","address":"GMAJNA 6","soldLandAreaM2":115.16666666666666,"soldUsableAreaM2":24.416666666666664}},{"type":"Feature","id":559543,"geometry":{"type":"Point","coordinates":[14.414854141799337,45.95859738401654]},"properties":{"id":559543,"contractDate":"2021-08-13","contractYear":2021,"priceEur":51500,"mainCategory":"MEŠANI POSEL – STAVBA IN ZEMLJIŠČE","analyticalUnit":"NI_NEPOSREDNO_RAZDELJIV","analyticalPriceEurM2":null,"quality":"B","marketability":"Tržen posel – neustrezni podatki","settlement":null,"address":null,"soldLandAreaM2":18401,"soldUsableAreaM2":36.9}},{"type":"Feature","id":559584,"geometry":{"type":"Point","coordinates":[14.429557748841932,45.88667702222086]},"properties":{"id":559584,"contractDate":"2021-09-17","contractYear":2021,"priceEur":153000,"mainCategory":"HIŠA S PRIPADAJOČIM ZEMLJIŠČEM","analyticalUnit":"HISA_CELI_POSEL","analyticalPriceEurM2":null,"quality":"B","marketability":"Tržen posel – neustrezni podatki","settlement":"RAKITNA","address":"RAKITNA 256","soldLandAreaM2":1083,"soldUsableAreaM2":112.6}},{"type":"Feature","id":581784,"geometry":{"type":"Point","coordinates":[14.429247573680229,45.88821213268989]},"properties":{"id":581784,"contractDate":"2021-09-22","contractYear":2021,"priceEur":64125,"mainCategory":"STAVBNO ZEMLJIŠČE","analyticalUnit":"NI_NEPOSREDNO_RAZDELJIV","analyticalPriceEurM2":null,"quality":"B","marketability":"Tržen posel – neustrezni podatki","settlement":null,"address":null,"soldLandAreaM2":855.5,"soldUsableAreaM2":null}},{"type":"Feature","id":581860,"geometry":{"type":"Point","coordinates":[14.40062932007848,45.986307042699025]},"properties":{"id":581860,"contractDate":"2021-09-20","contractYear":2021,"priceEur":25000,"mainCategory":"HIŠA S PRIPADAJOČIM ZEMLJIŠČEM","analyticalUnit":"NI_NEPOSREDNO_RAZDELJIV","analyticalPriceEurM2":null,"quality":"C","marketability":"Drug posel","settlement":"NOTRANJE GORICE","address":"PODPEŠKA CESTA 403","soldLandAreaM2":419.6666666666666,"soldUsableAreaM2":56}},{"type":"Feature","id":581861,"geometry":{"type":"Point","coordinates":[14.40411704406055,45.96154570218698]},"properties":{"id":581861,"contractDate":"2021-09-13","contractYear":2021,"priceEur":9000,"mainCategory":"KMETIJSKO ZEMLJIŠČE","analyticalUnit":"KMETIJSKO_ZEMLJISCE_CISTO","analyticalPriceEurM2":0.918929957116602,"quality":"A","marketability":"Tržen posel","settlement":null,"address":null,"soldLandAreaM2":9794,"soldUsableAreaM2":null}},{"type":"Feature","id":582242,"geometry":{"type":"Point","coordinates":[14.438860220627287,45.88159156906325]},"properties":{"id":582242,"contractDate":"2021-09-27","contractYear":2021,"priceEur":25500,"mainCategory":"STAVBNO ZEMLJIŠČE","analyticalUnit":"STAVBNO_ZEMLJISCE_CISTO","analyticalPriceEurM2":57.04697986577181,"quality":"B","marketability":"Tržen posel – neustrezni podatki","settlement":null,"address":null,"soldLandAreaM2":447,"soldUsableAreaM2":null}},{"type":"Feature","id":582463,"geometry":{"type":"Point","coordinates":[14.411834587628674,46.0075909313937]},"properties":{"id":582463,"contractDate":"2021-09-27","contractYear":2021,"priceEur":5000,"mainCategory":"POSLOVNA/DRUGA STAVBA","analyticalUnit":"NI_NEPOSREDNO_RAZDELJIV","analyticalPriceEurM2":null,"quality":"C","marketability":"Drug posel","settlement":"VNANJE GORICE","address":"ZA TRGOVINO 7","soldLandAreaM2":null,"soldUsableAreaM2":18.7}},{"type":"Feature","id":582466,"geometry":{"type":"Point","coordinates":[14.441030852764484,45.896356358354254]},"properties":{"id":582466,"contractDate":"2021-08-23","contractYear":2021,"priceEur":27000,"mainCategory":"KMETIJSKO ZEMLJIŠČE","analyticalUnit":"KMETIJSKO_ZEMLJISCE_CISTO","analyticalPriceEurM2":1.2603276851981515,"quality":"B","marketability":"Tržen posel – neustrezni podatki","settlement":null,"address":null,"soldLandAreaM2":21423,"soldUsableAreaM2":null}},{"type":"Feature","id":582481,"geometry":{"type":"Point","coordinates":[14.39979835842526,45.98653995048911]},"properties":{"id":582481,"contractDate":"2021-09-13","contractYear":2021,"priceEur":55000,"mainCategory":"HIŠA S PRIPADAJOČIM ZEMLJIŠČEM","analyticalUnit":"NI_NEPOSREDNO_RAZDELJIV","analyticalPriceEurM2":null,"quality":"B","marketability":"Tržen posel – neustrezni podatki","settlement":"NOTRANJE GORICE","address":"PODPEŠKA CESTA 398","soldLandAreaM2":333,"soldUsableAreaM2":149}},{"type":"Feature","id":582784,"geometry":{"type":"Point","coordinates":[14.47748443782005,45.88620731785]},"properties":{"id":582784,"contractDate":"2021-08-28","contractYear":2021,"priceEur":3640,"mainCategory":"GOZDNO ZEMLJIŠČE","analyticalUnit":"GOZDNO_ZEMLJISCE_CISTO","analyticalPriceEurM2":0.4,"quality":"A","marketability":"Tržen posel","settlement":null,"address":null,"soldLandAreaM2":9100,"soldUsableAreaM2":null}},{"type":"Feature","id":582807,"geometry":{"type":"Point","coordinates":[14.432260225674074,46.011267150310445]},"properties":{"id":582807,"contractDate":"2021-09-30","contractYear":2021,"priceEur":222000,"mainCategory":"STANOVANJE Z DODATKI/ZEMLJIŠČEM","analyticalUnit":"NI_NEPOSREDNO_RAZDELJIV","analyticalPriceEurM2":null,"quality":"B","marketability":"Tržen posel – neustrezni podatki","settlement":"VNANJE GORICE","address":"NOVA POT 127 E","soldLandAreaM2":74.58333333333333,"soldUsableAreaM2":74.8}},{"type":"Feature","id":583029,"geometry":{"type":"Point","coordinates":[14.408860363126736,45.99295031768745]},"properties":{"id":583029,"contractDate":"2021-10-07","contractYear":2021,"priceEur":200000,"mainCategory":"HIŠA S PRIPADAJOČIM ZEMLJIŠČEM","analyticalUnit":"HISA_CELI_POSEL","analyticalPriceEurM2":null,"quality":"B","marketability":"Tržen posel – neustrezni podatki","settlement":"NOTRANJE GORICE","address":"VRSTNA ULICA 33","soldLandAreaM2":179,"soldUsableAreaM2":108}},{"type":"Feature","id":583431,"geometry":{"type":"Point","coordinates":[14.41988213139196,46.00351392908966]},"properties":{"id":583431,"contractDate":"2021-09-07","contractYear":2021,"priceEur":31580,"mainCategory":"STAVBNO ZEMLJIŠČE","analyticalUnit":"STAVBNO_ZEMLJISCE_CISTO","analyticalPriceEurM2":106.32996632996633,"quality":"B","marketability":"Tržen posel – neustrezni podatki","settlement":null,"address":null,"soldLandAreaM2":297,"soldUsableAreaM2":null}},{"type":"Feature","id":583536,"geometry":{"type":"Point","coordinates":[14.426844078535215,46.02644893845701]},"properties":{"id":583536,"contractDate":"2021-10-12","contractYear":2021,"priceEur":192500,"mainCategory":"STANOVANJE Z DODATKI/ZEMLJIŠČEM","analyticalUnit":"NI_NEPOSREDNO_RAZDELJIV","analyticalPriceEurM2":null,"quality":"B","marketability":"Tržen posel – neustrezni podatki","settlement":"BREZOVICA PRI LJUBLJANI","address":"KAPALNIŠKA POT 7","soldLandAreaM2":64.79304444444445,"soldUsableAreaM2":76}},{"type":"Feature","id":584116,"geometry":{"type":"Point","coordinates":[14.43365067577777,45.88865877412352]},"properties":{"id":584116,"contractDate":"2021-10-19","contractYear":2021,"priceEur":92430,"mainCategory":"STAVBNO ZEMLJIŠČE","analyticalUnit":"STAVBNO_ZEMLJISCE_CISTO","analyticalPriceEurM2":45,"quality":"B","marketability":"Tržen posel – neustrezni podatki","settlement":null,"address":null,"soldLandAreaM2":2054,"soldUsableAreaM2":null}},{"type":"Feature","id":584235,"geometry":{"type":"Point","coordinates":[14.417225914776974,46.00129481985935]},"properties":{"id":584235,"contractDate":"2021-09-27","contractYear":2021,"priceEur":2690,"mainCategory":"KMETIJSKO ZEMLJIŠČE","analyticalUnit":"KMETIJSKO_ZEMLJISCE_CISTO","analyticalPriceEurM2":16.604938271604937,"quality":"B","marketability":"Tržen posel – neustrezni podatki","settlement":null,"address":null,"soldLandAreaM2":162,"soldUsableAreaM2":null}},{"type":"Feature","id":623017,"geometry":{"type":"Point","coordinates":[14.422138580614636,45.953649574059334]},"properties":{"id":623017,"contractDate":"2021-06-11","contractYear":2021,"priceEur":247660,"mainCategory":"MEŠANO/DRUGO ZEMLJIŠČE","analyticalUnit":"NI_NEPOSREDNO_RAZDELJIV","analyticalPriceEurM2":null,"quality":"C","marketability":"Neopredeljen posel","settlement":null,"address":null,"soldLandAreaM2":1102.456,"soldUsableAreaM2":null}},{"type":"Feature","id":628648,"geometry":{"type":"Point","coordinates":[14.407804775669456,45.95279487671942]},"properties":{"id":628648,"contractDate":"2021-10-22","contractYear":2021,"priceEur":85000,"mainCategory":"STAVBNO ZEMLJIŠČE","analyticalUnit":"NI_NEPOSREDNO_RAZDELJIV","analyticalPriceEurM2":null,"quality":"B","marketability":"Tržen posel – neustrezni podatki","settlement":null,"address":null,"soldLandAreaM2":867.5,"soldUsableAreaM2":null}},{"type":"Feature","id":628866,"geometry":{"type":"Point","coordinates":[14.419819138731603,45.977148802969445]},"properties":{"id":628866,"contractDate":"2021-10-25","contractYear":2021,"priceEur":3000.01,"mainCategory":"STAVBNO ZEMLJIŠČE","analyticalUnit":"STAVBNO_ZEMLJISCE_CISTO","analyticalPriceEurM2":63.830000000000005,"quality":"B","marketability":"Tržen posel – neustrezni podatki","settlement":null,"address":null,"soldLandAreaM2":47,"soldUsableAreaM2":null}},{"type":"Feature","id":629059,"geometry":{"type":"Point","coordinates":[14.397432220188346,45.9884705933971]},"properties":{"id":629059,"contractDate":"2021-11-02","contractYear":2021,"priceEur":113000,"mainCategory":"STAVBNO ZEMLJIŠČE","analyticalUnit":"STAVBNO_ZEMLJISCE_CISTO","analyticalPriceEurM2":65.96614127262113,"quality":"B","marketability":"Tržen posel – neustrezni podatki","settlement":null,"address":null,"soldLandAreaM2":1713,"soldUsableAreaM2":null}},{"type":"Feature","id":629203,"geometry":{"type":"Point","coordinates":[14.419717982030797,46.027328756932874]},"properties":{"id":629203,"contractDate":"2021-10-30","contractYear":2021,"priceEur":40640,"mainCategory":"STAVBNO ZEMLJIŠČE","analyticalUnit":"STAVBNO_ZEMLJISCE_CISTO","analyticalPriceEurM2":77.8544061302682,"quality":"B","marketability":"Tržen posel – neustrezni podatki","settlement":null,"address":null,"soldLandAreaM2":522,"soldUsableAreaM2":null}},{"type":"Feature","id":629314,"geometry":{"type":"Point","coordinates":[14.448110306527864,45.957612647440016]},"properties":{"id":629314,"contractDate":"2021-04-10","contractYear":2021,"priceEur":4437,"mainCategory":"GOZDNO ZEMLJIŠČE","analyticalUnit":"GOZDNO_ZEMLJISCE_CISTO","analyticalPriceEurM2":0.5082474226804123,"quality":"B","marketability":"Tržen posel – neustrezni podatki","settlement":null,"address":null,"soldLandAreaM2":8730,"soldUsableAreaM2":null}},{"type":"Feature","id":629567,"geometry":{"type":"Point","coordinates":[14.428528771856131,45.96725481502909]},"properties":{"id":629567,"contractDate":"2021-07-15","contractYear":2021,"priceEur":1295,"mainCategory":"GOZDNO ZEMLJIŠČE","analyticalUnit":"NI_NEPOSREDNO_RAZDELJIV","analyticalPriceEurM2":null,"quality":"C","marketability":"Drug posel","settlement":null,"address":null,"soldLandAreaM2":1438.6666666666663,"soldUsableAreaM2":null}},{"type":"Feature","id":629589,"geometry":{"type":"Point","coordinates":[14.426897429676034,45.889406925516795]},"properties":{"id":629589,"contractDate":"2021-08-02","contractYear":2021,"priceEur":1000,"mainCategory":"GOZDNO ZEMLJIŠČE","analyticalUnit":"GOZDNO_ZEMLJISCE_CISTO","analyticalPriceEurM2":0.8787346221441125,"quality":"B","marketability":"Tržen posel – neustrezni podatki","settlement":null,"address":null,"soldLandAreaM2":1138,"soldUsableAreaM2":null}},{"type":"Feature","id":629738,"geometry":{"type":"Point","coordinates":[14.397136476687372,45.98581521270543]},"properties":{"id":629738,"contractDate":"2021-11-08","contractYear":2021,"priceEur":182700,"mainCategory":"STANOVANJE","analyticalUnit":"STANOVANJE_CISTO","analyticalPriceEurM2":2258.343634116193,"quality":"B","marketability":"Tržen posel – neustrezni podatki","settlement":"NOTRANJE GORICE","address":"PODKLIN 14","soldLandAreaM2":null,"soldUsableAreaM2":80.9}},{"type":"Feature","id":629745,"geometry":{"type":"Point","coordinates":[14.401434227772917,45.999790042957976]},"properties":{"id":629745,"contractDate":"2021-11-08","contractYear":2021,"priceEur":220300,"mainCategory":"STAVBNO ZEMLJIŠČE","analyticalUnit":"STAVBNO_ZEMLJISCE_CISTO","analyticalPriceEurM2":100,"quality":"B","marketability":"Tržen posel – neustrezni podatki","settlement":null,"address":null,"soldLandAreaM2":2203,"soldUsableAreaM2":null}},{"type":"Feature","id":630133,"geometry":{"type":"Point","coordinates":[14.429247573680229,45.88821213268989]},"properties":{"id":630133,"contractDate":"2021-11-09","contractYear":2021,"priceEur":64125,"mainCategory":"STAVBNO ZEMLJIŠČE","analyticalUnit":"NI_NEPOSREDNO_RAZDELJIV","analyticalPriceEurM2":null,"quality":"B","marketability":"Tržen posel – neustrezni podatki","settlement":null,"address":null,"soldLandAreaM2":855.5,"soldUsableAreaM2":null}},{"type":"Feature","id":630190,"geometry":{"type":"Point","coordinates":[14.40621132537329,45.99559775791973]},"properties":{"id":630190,"contractDate":"2021-11-02","contractYear":2021,"priceEur":13476.04,"mainCategory":"STAVBNO ZEMLJIŠČE","analyticalUnit":"STAVBNO_ZEMLJISCE_CISTO","analyticalPriceEurM2":24.681391941391944,"quality":"C","marketability":"Neopredeljen posel","settlement":null,"address":null,"soldLandAreaM2":546,"soldUsableAreaM2":null}},{"type":"Feature","id":630191,"geometry":{"type":"Point","coordinates":[14.402107994640641,45.98727861978835]},"properties":{"id":630191,"contractDate":"2021-11-02","contractYear":2021,"priceEur":948.08,"mainCategory":"STAVBNO ZEMLJIŠČE","analyticalUnit":"STAVBNO_ZEMLJISCE_CISTO","analyticalPriceEurM2":2.935232198142415,"quality":"C","marketability":"Neopredeljen posel","settlement":null,"address":null,"soldLandAreaM2":323,"soldUsableAreaM2":null}},{"type":"Feature","id":630345,"geometry":{"type":"Point","coordinates":[14.40480203731205,46.00246769987563]},"properties":{"id":630345,"contractDate":"2021-09-08","contractYear":2021,"priceEur":20195,"mainCategory":"KMETIJSKO ZEMLJIŠČE","analyticalUnit":"KMETIJSKO_ZEMLJISCE_CISTO","analyticalPriceEurM2":5,"quality":"A","marketability":"Tržen posel","settlement":null,"address":null,"soldLandAreaM2":4039,"soldUsableAreaM2":null}},{"type":"Feature","id":630351,"geometry":{"type":"Point","coordinates":[14.412456263488576,46.019327410072265]},"properties":{"id":630351,"contractDate":"2021-11-04","contractYear":2021,"priceEur":112160,"mainCategory":"STAVBNO ZEMLJIŠČE","analyticalUnit":"STAVBNO_ZEMLJISCE_CISTO","analyticalPriceEurM2":160,"quality":"C","marketability":"Neopredeljen posel","settlement":null,"address":null,"soldLandAreaM2":701,"soldUsableAreaM2":null}},{"type":"Feature","id":630674,"geometry":{"type":"Point","coordinates":[14.412901521954467,46.00887421812045]},"properties":{"id":630674,"contractDate":"2021-11-11","contractYear":2021,"priceEur":135000,"mainCategory":"HIŠA S PRIPADAJOČIM ZEMLJIŠČEM","analyticalUnit":"HISA_CELI_POSEL","analyticalPriceEurM2":null,"quality":"B","marketability":"Tržen posel – neustrezni podatki","settlement":"VNANJE GORICE","address":"PODPEŠKA CESTA 145","soldLandAreaM2":64.43,"soldUsableAreaM2":71.3}},{"type":"Feature","id":630678,"geometry":{"type":"Point","coordinates":[14.428993468152363,45.88846670761455]},"properties":{"id":630678,"contractDate":"2021-11-15","contractYear":2021,"priceEur":15000,"mainCategory":"HIŠA S PRIPADAJOČIM ZEMLJIŠČEM","analyticalUnit":"HISA_CELI_POSEL","analyticalPriceEurM2":null,"quality":"C","marketability":"Neopredeljen posel","settlement":"RAKITNA","address":"RAKITNA 25 L","soldLandAreaM2":127.5,"soldUsableAreaM2":8.3}},{"type":"Feature","id":630682,"geometry":{"type":"Point","coordinates":[14.412901521954467,46.00887421812045]},"properties":{"id":630682,"contractDate":"2021-11-11","contractYear":2021,"priceEur":50000,"mainCategory":"STANOVANJE Z DODATKI/ZEMLJIŠČEM","analyticalUnit":"NI_NEPOSREDNO_RAZDELJIV","analyticalPriceEurM2":null,"quality":"B","marketability":"Tržen posel – neustrezni podatki","settlement":"VNANJE GORICE","address":"PODPEŠKA CESTA 145","soldLandAreaM2":45.48,"soldUsableAreaM2":51.2}},{"type":"Feature","id":632190,"geometry":{"type":"Point","coordinates":[14.412901521954467,46.00887421812045]},"properties":{"id":632190,"contractDate":"2021-11-11","contractYear":2021,"priceEur":105000,"mainCategory":"STANOVANJE Z DODATKI/ZEMLJIŠČEM","analyticalUnit":"NI_NEPOSREDNO_RAZDELJIV","analyticalPriceEurM2":null,"quality":"B","marketability":"Tržen posel – neustrezni podatki","settlement":"VNANJE GORICE","address":"PODPEŠKA CESTA 145","soldLandAreaM2":64.43,"soldUsableAreaM2":70.7}},{"type":"Feature","id":632227,"geometry":{"type":"Point","coordinates":[14.460672327258507,46.00802852273801]},"properties":{"id":632227,"contractDate":"2021-09-15","contractYear":2021,"priceEur":8500,"mainCategory":"KMETIJSKO ZEMLJIŠČE","analyticalUnit":"KMETIJSKO_ZEMLJISCE_CISTO","analyticalPriceEurM2":1.3771872974724562,"quality":"B","marketability":"Tržen posel – neustrezni podatki","settlement":null,"address":null,"soldLandAreaM2":6172,"soldUsableAreaM2":null}},{"type":"Feature","id":632261,"geometry":{"type":"Point","coordinates":[14.412933980387306,46.008837179590074]},"properties":{"id":632261,"contractDate":"2021-11-11","contractYear":2021,"priceEur":90000,"mainCategory":"STANOVANJE Z DODATKI/ZEMLJIŠČEM","analyticalUnit":"NI_NEPOSREDNO_RAZDELJIV","analyticalPriceEurM2":null,"quality":"B","marketability":"Tržen posel – neustrezni podatki","settlement":"VNANJE GORICE","address":"PODPEŠKA CESTA 145","soldLandAreaM2":122.43,"soldUsableAreaM2":77.4}},{"type":"Feature","id":632262,"geometry":{"type":"Point","coordinates":[14.379633189350889,46.003488099060924]},"properties":{"id":632262,"contractDate":"2021-11-12","contractYear":2021,"priceEur":85000,"mainCategory":"MEŠANO/DRUGO ZEMLJIŠČE","analyticalUnit":"NI_NEPOSREDNO_RAZDELJIV","analyticalPriceEurM2":null,"quality":"B","marketability":"Tržen posel – neustrezni podatki","settlement":null,"address":null,"soldLandAreaM2":1058,"soldUsableAreaM2":null}},{"type":"Feature","id":632500,"geometry":{"type":"Point","coordinates":[14.434724484269111,45.88571739000945]},"properties":{"id":632500,"contractDate":"2021-11-22","contractYear":2021,"priceEur":60000,"mainCategory":"STAVBNO ZEMLJIŠČE","analyticalUnit":"STAVBNO_ZEMLJISCE_CISTO","analyticalPriceEurM2":85.71428571428571,"quality":"B","marketability":"Tržen posel – neustrezni podatki","settlement":null,"address":null,"soldLandAreaM2":700,"soldUsableAreaM2":null}},{"type":"Feature","id":632637,"geometry":{"type":"Point","coordinates":[14.434552042402458,45.88228107137396]},"properties":{"id":632637,"contractDate":"2021-11-30","contractYear":2021,"priceEur":22500,"mainCategory":"STAVBNO ZEMLJIŠČE","analyticalUnit":"STAVBNO_ZEMLJISCE_CISTO","analyticalPriceEurM2":22.5,"quality":"B","marketability":"Tržen posel – neustrezni podatki","settlement":null,"address":null,"soldLandAreaM2":1000,"soldUsableAreaM2":null}},{"type":"Feature","id":632844,"geometry":{"type":"Point","coordinates":[14.421016152811461,46.02332528153131]},"properties":{"id":632844,"contractDate":"2021-11-30","contractYear":2021,"priceEur":43600,"mainCategory":"STAVBNO ZEMLJIŠČE","analyticalUnit":"STAVBNO_ZEMLJISCE_CISTO","analyticalPriceEurM2":200,"quality":"B","marketability":"Tržen posel – neustrezni podatki","settlement":null,"address":null,"soldLandAreaM2":218,"soldUsableAreaM2":null}},{"type":"Feature","id":632855,"geometry":{"type":"Point","coordinates":[14.393587659286537,45.99961452235426]},"properties":{"id":632855,"contractDate":"2021-11-18","contractYear":2021,"priceEur":55000,"mainCategory":"STANOVANJE","analyticalUnit":"STANOVANJE_CISTO","analyticalPriceEurM2":2148.4375,"quality":"B","marketability":"Tržen posel – neustrezni podatki","settlement":"PLEŠIVICA","address":"PLEŠIVICA 64","soldLandAreaM2":null,"soldUsableAreaM2":25.6}},{"type":"Feature","id":633373,"geometry":{"type":"Point","coordinates":[14.415393563541596,46.01485364348395]},"properties":{"id":633373,"contractDate":"2021-12-10","contractYear":2021,"priceEur":260,"mainCategory":"STAVBNO ZEMLJIŠČE","analyticalUnit":"STAVBNO_ZEMLJISCE_CISTO","analyticalPriceEurM2":20,"quality":"B","marketability":"Tržen posel – neustrezni podatki","settlement":null,"address":null,"soldLandAreaM2":13,"soldUsableAreaM2":null}},{"type":"Feature","id":633610,"geometry":{"type":"Point","coordinates":[14.440879523925194,45.8831014977622]},"properties":{"id":633610,"contractDate":"2021-12-24","contractYear":2021,"priceEur":260000,"mainCategory":"HIŠA S PRIPADAJOČIM ZEMLJIŠČEM","analyticalUnit":"HISA_CELI_POSEL","analyticalPriceEurM2":null,"quality":"B","marketability":"Tržen posel – neustrezni podatki","settlement":"RAKITNA","address":"RAKITNA 414","soldLandAreaM2":718,"soldUsableAreaM2":115.2}},{"type":"Feature","id":633737,"geometry":{"type":"Point","coordinates":[14.399653437618152,45.96245342474462]},"properties":{"id":633737,"contractDate":"2021-11-24","contractYear":2021,"priceEur":8297.8,"mainCategory":"HIŠA S PRIPADAJOČIM ZEMLJIŠČEM","analyticalUnit":"NI_NEPOSREDNO_RAZDELJIV","analyticalPriceEurM2":null,"quality":"C","marketability":"Drug posel","settlement":"KAMNIK POD KRIMOM","address":"KAMNIK POD KRIMOM 14","soldLandAreaM2":55.375,"soldUsableAreaM2":18.8875}},{"type":"Feature","id":633761,"geometry":{"type":"Point","coordinates":[14.422605266257248,46.00386780060148]},"properties":{"id":633761,"contractDate":"2021-11-30","contractYear":2021,"priceEur":100000,"mainCategory":"HIŠA S PRIPADAJOČIM ZEMLJIŠČEM","analyticalUnit":"HISA_CELI_POSEL","analyticalPriceEurM2":null,"quality":"C","marketability":"Neopredeljen posel","settlement":"VNANJE GORICE","address":"POŽARNICE 116","soldLandAreaM2":239,"soldUsableAreaM2":69.35000000000001}},{"type":"Feature","id":633775,"geometry":{"type":"Point","coordinates":[14.40062932007848,45.986307042699025]},"properties":{"id":633775,"contractDate":"2021-09-15","contractYear":2021,"priceEur":35515,"mainCategory":"HIŠA S PRIPADAJOČIM ZEMLJIŠČEM","analyticalUnit":"NI_NEPOSREDNO_RAZDELJIV","analyticalPriceEurM2":null,"quality":"C","marketability":"Drug posel","settlement":"NOTRANJE GORICE","address":"PODPEŠKA CESTA 403","soldLandAreaM2":419.6666666666666,"soldUsableAreaM2":56}},{"type":"Feature","id":633849,"geometry":{"type":"Point","coordinates":[14.406566866621946,45.99405092597293]},"properties":{"id":633849,"contractDate":"2021-10-26","contractYear":2021,"priceEur":85000,"mainCategory":"HIŠA S PRIPADAJOČIM ZEMLJIŠČEM","analyticalUnit":"NI_NEPOSREDNO_RAZDELJIV","analyticalPriceEurM2":null,"quality":"C","marketability":"Drug posel","settlement":"NOTRANJE GORICE","address":"MAVSARJEVA CESTA 13","soldLandAreaM2":818,"soldUsableAreaM2":163}},{"type":"Feature","id":633901,"geometry":{"type":"Point","coordinates":[14.412910800228003,46.008892276071094]},"properties":{"id":633901,"contractDate":"2021-11-11","contractYear":2021,"priceEur":60000,"mainCategory":"STANOVANJE Z DODATKI/ZEMLJIŠČEM","analyticalUnit":"NI_NEPOSREDNO_RAZDELJIV","analyticalPriceEurM2":null,"quality":"B","marketability":"Tržen posel – neustrezni podatki","settlement":"VNANJE GORICE","address":"PODPEŠKA CESTA 145","soldLandAreaM2":56.69,"soldUsableAreaM2":51.8}},{"type":"Feature","id":634899,"geometry":{"type":"Point","coordinates":[14.402932513058705,46.0002572558965]},"properties":{"id":634899,"contractDate":"2021-11-17","contractYear":2021,"priceEur":153000,"mainCategory":"PRIPADAJOČE ZEMLJIŠČE","analyticalUnit":"NI_NEPOSREDNO_RAZDELJIV","analyticalPriceEurM2":null,"quality":"C","marketability":"V preverjanju","settlement":null,"address":null,"soldLandAreaM2":335,"soldUsableAreaM2":null}},{"type":"Feature","id":634956,"geometry":{"type":"Point","coordinates":[14.424557106801322,45.986763123330874]},"properties":{"id":634956,"contractDate":"2021-09-07","contractYear":2021,"priceEur":14856.6,"mainCategory":"KMETIJSKO ZEMLJIŠČE","analyticalUnit":"KMETIJSKO_ZEMLJISCE_CISTO","analyticalPriceEurM2":1.1,"quality":"A","marketability":"Tržen posel","settlement":null,"address":null,"soldLandAreaM2":13506,"soldUsableAreaM2":null}},{"type":"Feature","id":635113,"geometry":{"type":"Point","coordinates":[14.407427913880962,45.99315598667738]},"properties":{"id":635113,"contractDate":"2021-11-18","contractYear":2021,"priceEur":265000,"mainCategory":"PRIPADAJOČE ZEMLJIŠČE","analyticalUnit":"NI_NEPOSREDNO_RAZDELJIV","analyticalPriceEurM2":null,"quality":"C","marketability":"V preverjanju","settlement":null,"address":null,"soldLandAreaM2":226,"soldUsableAreaM2":null}},{"type":"Feature","id":636747,"geometry":{"type":"Point","coordinates":[14.404869985749206,46.000056096440495]},"properties":{"id":636747,"contractDate":"2021-09-17","contractYear":2021,"priceEur":64500,"mainCategory":"HIŠA S PRIPADAJOČIM ZEMLJIŠČEM","analyticalUnit":"HISA_CELI_POSEL","analyticalPriceEurM2":null,"quality":"C","marketability":"Drug posel","settlement":"ŽABNICA","address":"ŽABNICA 27 J","soldLandAreaM2":227,"soldUsableAreaM2":67.6}},{"type":"Feature","id":636856,"geometry":{"type":"Point","coordinates":[14.440052761629685,45.89211858834273]},"properties":{"id":636856,"contractDate":"2021-12-15","contractYear":2021,"priceEur":80000,"mainCategory":"MEŠANO/DRUGO ZEMLJIŠČE","analyticalUnit":"NI_NEPOSREDNO_RAZDELJIV","analyticalPriceEurM2":null,"quality":"B","marketability":"Tržen posel – neustrezni podatki","settlement":null,"address":null,"soldLandAreaM2":1257,"soldUsableAreaM2":null}},{"type":"Feature","id":637151,"geometry":{"type":"Point","coordinates":[14.424737084632724,45.98575869604711]},"properties":{"id":637151,"contractDate":"2021-09-07","contractYear":2021,"priceEur":20518,"mainCategory":"KMETIJSKO ZEMLJIŠČE","analyticalUnit":"KMETIJSKO_ZEMLJISCE_CISTO","analyticalPriceEurM2":1,"quality":"A","marketability":"Tržen posel","settlement":null,"address":null,"soldLandAreaM2":20518,"soldUsableAreaM2":null}},{"type":"Feature","id":637190,"geometry":{"type":"Point","coordinates":[14.403473637005842,45.999376916248316]},"properties":{"id":637190,"contractDate":"2021-12-24","contractYear":2021,"priceEur":65000,"mainCategory":"STAVBNO ZEMLJIŠČE","analyticalUnit":"STAVBNO_ZEMLJISCE_CISTO","analyticalPriceEurM2":123.33965844402276,"quality":"B","marketability":"Tržen posel – neustrezni podatki","settlement":null,"address":null,"soldLandAreaM2":527,"soldUsableAreaM2":null}},{"type":"Feature","id":637214,"geometry":{"type":"Point","coordinates":[14.396820063279305,45.96478187064623]},"properties":{"id":637214,"contractDate":"2021-11-17","contractYear":2021,"priceEur":64000,"mainCategory":"HIŠA S PRIPADAJOČIM ZEMLJIŠČEM","analyticalUnit":"HISA_CELI_POSEL","analyticalPriceEurM2":null,"quality":"C","marketability":"Drug posel","settlement":"KAMNIK POD KRIMOM","address":"KAMNIK POD KRIMOM 3 E","soldLandAreaM2":187.5,"soldUsableAreaM2":70.55}},{"type":"Feature","id":637328,"geometry":{"type":"Point","coordinates":[14.412403989110002,46.019531657443345]},"properties":{"id":637328,"contractDate":"2021-12-23","contractYear":2021,"priceEur":112000,"mainCategory":"STAVBNO ZEMLJIŠČE","analyticalUnit":"STAVBNO_ZEMLJISCE_CISTO","analyticalPriceEurM2":160,"quality":"C","marketability":"Neopredeljen posel","settlement":null,"address":null,"soldLandAreaM2":700,"soldUsableAreaM2":null}},{"type":"Feature","id":637574,"geometry":{"type":"Point","coordinates":[14.420979676460105,46.02346644939323]},"properties":{"id":637574,"contractDate":"2021-12-28","contractYear":2021,"priceEur":120000,"mainCategory":"STAVBNO ZEMLJIŠČE","analyticalUnit":"STAVBNO_ZEMLJISCE_CISTO","analyticalPriceEurM2":200,"quality":"B","marketability":"Tržen posel – neustrezni podatki","settlement":null,"address":null,"soldLandAreaM2":600,"soldUsableAreaM2":null}},{"type":"Feature","id":638229,"geometry":{"type":"Point","coordinates":[14.41740725266926,46.02432295357937]},"properties":{"id":638229,"contractDate":"2022-01-06","contractYear":2022,"priceEur":285000,"mainCategory":"STANOVANJE","analyticalUnit":"STANOVANJE_CISTO","analyticalPriceEurM2":2872.983870967742,"quality":"B","marketability":"Tržen posel – neustrezni podatki","settlement":"BREZOVICA PRI LJUBLJANI","address":"TRŽAŠKA CESTA 402","soldLandAreaM2":null,"soldUsableAreaM2":99.2}},{"type":"Feature","id":638331,"geometry":{"type":"Point","coordinates":[14.425150198350622,46.006967483737654]},"properties":{"id":638331,"contractDate":"2021-12-13","contractYear":2021,"priceEur":193500,"mainCategory":"STAVBNO ZEMLJIŠČE","analyticalUnit":"STAVBNO_ZEMLJISCE_CISTO","analyticalPriceEurM2":206.2899786780384,"quality":"B","marketability":"Tržen posel – neustrezni podatki","settlement":null,"address":null,"soldLandAreaM2":938,"soldUsableAreaM2":null}},{"type":"Feature","id":638401,"geometry":{"type":"Point","coordinates":[14.399434777797042,45.95716696807893]},"properties":{"id":638401,"contractDate":"2022-01-06","contractYear":2022,"priceEur":56000,"mainCategory":"STAVBNO ZEMLJIŠČE","analyticalUnit":"STAVBNO_ZEMLJISCE_CISTO","analyticalPriceEurM2":80,"quality":"B","marketability":"Tržen posel – neustrezni podatki","settlement":null,"address":null,"soldLandAreaM2":700,"soldUsableAreaM2":null}},{"type":"Feature","id":638566,"geometry":{"type":"Point","coordinates":[14.397136476687372,45.98581521270543]},"properties":{"id":638566,"contractDate":"2021-12-29","contractYear":2021,"priceEur":225000,"mainCategory":"STANOVANJE","analyticalUnit":"STANOVANJE_CISTO","analyticalPriceEurM2":2288.9114954221773,"quality":"B","marketability":"Tržen posel – neustrezni podatki","settlement":"NOTRANJE GORICE","address":"PODKLIN 14","soldLandAreaM2":null,"soldUsableAreaM2":98.3}},{"type":"Feature","id":638671,"geometry":{"type":"Point","coordinates":[14.413760049981782,46.02436179850639]},"properties":{"id":638671,"contractDate":"2021-12-23","contractYear":2021,"priceEur":1975,"mainCategory":"MEŠANO/DRUGO ZEMLJIŠČE","analyticalUnit":"NI_NEPOSREDNO_RAZDELJIV","analyticalPriceEurM2":null,"quality":"C","marketability":"Neopredeljen posel","settlement":null,"address":null,"soldLandAreaM2":39.5,"soldUsableAreaM2":null}},{"type":"Feature","id":638680,"geometry":{"type":"Point","coordinates":[14.414012695551126,46.02451438916223]},"properties":{"id":638680,"contractDate":"2021-12-23","contractYear":2021,"priceEur":612.5,"mainCategory":"MEŠANO/DRUGO ZEMLJIŠČE","analyticalUnit":"NI_NEPOSREDNO_RAZDELJIV","analyticalPriceEurM2":null,"quality":"C","marketability":"Neopredeljen posel","settlement":null,"address":null,"soldLandAreaM2":24,"soldUsableAreaM2":null}},{"type":"Feature","id":638736,"geometry":{"type":"Point","coordinates":[14.413403501695997,45.95472425333772]},"properties":{"id":638736,"contractDate":"2022-01-04","contractYear":2022,"priceEur":30000,"mainCategory":"HIŠA S PRIPADAJOČIM ZEMLJIŠČEM","analyticalUnit":"HISA_CELI_POSEL","analyticalPriceEurM2":null,"quality":"C","marketability":"Drug posel","settlement":"KAMNIK POD KRIMOM","address":"KAMNIK POD KRIMOM 82 B","soldLandAreaM2":276,"soldUsableAreaM2":19.5}},{"type":"Feature","id":638970,"geometry":{"type":"Point","coordinates":[14.423650809926931,45.98334825463694]},"properties":{"id":638970,"contractDate":"2021-12-14","contractYear":2021,"priceEur":9138.6,"mainCategory":"GOZDNO ZEMLJIŠČE","analyticalUnit":"GOZDNO_ZEMLJISCE_CISTO","analyticalPriceEurM2":0.9,"quality":"B","marketability":"Tržen posel – neustrezni podatki","settlement":null,"address":null,"soldLandAreaM2":10154,"soldUsableAreaM2":null}},{"type":"Feature","id":639121,"geometry":{"type":"Point","coordinates":[14.411547847141984,46.01470978475518]},"properties":{"id":639121,"contractDate":"2022-01-19","contractYear":2022,"priceEur":205000,"mainCategory":"HIŠA S PRIPADAJOČIM ZEMLJIŠČEM","analyticalUnit":"HISA_CELI_POSEL","analyticalPriceEurM2":null,"quality":"C","marketability":"Neopredeljen posel","settlement":"VNANJE GORICE","address":"NA LAZIH 21 E","soldLandAreaM2":145,"soldUsableAreaM2":74.7}},{"type":"Feature","id":639324,"geometry":{"type":"Point","coordinates":[14.419894293721416,46.019864491614726]},"properties":{"id":639324,"contractDate":"2022-01-19","contractYear":2022,"priceEur":275000,"mainCategory":"STANOVANJE Z DODATKI/ZEMLJIŠČEM","analyticalUnit":"NI_NEPOSREDNO_RAZDELJIV","analyticalPriceEurM2":null,"quality":"B","marketability":"Tržen posel – neustrezni podatki","settlement":"BREZOVICA PRI LJUBLJANI","address":"PODSVETIJA 26 A","soldLandAreaM2":156.34017094017094,"soldUsableAreaM2":61.2}},{"type":"Feature","id":640225,"geometry":{"type":"Point","coordinates":[14.401307124112872,45.988411193940905]},"properties":{"id":640225,"contractDate":"2021-11-18","contractYear":2021,"priceEur":197100,"mainCategory":"PRIPADAJOČE ZEMLJIŠČE","analyticalUnit":"NI_NEPOSREDNO_RAZDELJIV","analyticalPriceEurM2":null,"quality":"C","marketability":"V preverjanju","settlement":null,"address":null,"soldLandAreaM2":264,"soldUsableAreaM2":null}},{"type":"Feature","id":640504,"geometry":{"type":"Point","coordinates":[14.385347289231234,45.98866028534633]},"properties":{"id":640504,"contractDate":"2022-01-10","contractYear":2022,"priceEur":16735.5,"mainCategory":"KMETIJSKO ZEMLJIŠČE","analyticalUnit":"KMETIJSKO_ZEMLJISCE_CISTO","analyticalPriceEurM2":1.5,"quality":"C","marketability":"V preverjanju","settlement":null,"address":null,"soldLandAreaM2":11157,"soldUsableAreaM2":null}},{"type":"Feature","id":640550,"geometry":{"type":"Point","coordinates":[14.398327238217247,45.96100029148763]},"properties":{"id":640550,"contractDate":"2022-01-17","contractYear":2022,"priceEur":96000,"mainCategory":"MEŠANI POSEL – STAVBA IN ZEMLJIŠČE","analyticalUnit":"NI_NEPOSREDNO_RAZDELJIV","analyticalPriceEurM2":null,"quality":"C","marketability":"V preverjanju","settlement":null,"address":null,"soldLandAreaM2":1993,"soldUsableAreaM2":20}},{"type":"Feature","id":640991,"geometry":{"type":"Point","coordinates":[14.39375358318932,46.00004977973747]},"properties":{"id":640991,"contractDate":"2021-12-14","contractYear":2021,"priceEur":3609.6,"mainCategory":"GOZDNO ZEMLJIŠČE","analyticalUnit":"GOZDNO_ZEMLJISCE_CISTO","analyticalPriceEurM2":0.6,"quality":"C","marketability":"V preverjanju","settlement":null,"address":null,"soldLandAreaM2":6016,"soldUsableAreaM2":null}},{"type":"Feature","id":641685,"geometry":{"type":"Point","coordinates":[14.372746609531914,45.9582445902617]},"properties":{"id":641685,"contractDate":"2022-02-02","contractYear":2022,"priceEur":4399,"mainCategory":"KMETIJSKO ZEMLJIŠČE","analyticalUnit":"KMETIJSKO_ZEMLJISCE_CISTO","analyticalPriceEurM2":1,"quality":"C","marketability":"V preverjanju","settlement":null,"address":null,"soldLandAreaM2":4399,"soldUsableAreaM2":null}},{"type":"Feature","id":641922,"geometry":{"type":"Point","coordinates":[14.402566391199917,45.99034589608322]},"properties":{"id":641922,"contractDate":"2022-02-03","contractYear":2022,"priceEur":91000,"mainCategory":"STANOVANJE","analyticalUnit":"STANOVANJE_CISTO","analyticalPriceEurM2":940.0826446280992,"quality":"C","marketability":"V preverjanju","settlement":"NOTRANJE GORICE","address":"PODPEŠKA CESTA 374","soldLandAreaM2":null,"soldUsableAreaM2":96.8}},{"type":"Feature","id":642456,"geometry":{"type":"Point","coordinates":[14.413950283136536,46.02458411562586]},"properties":{"id":642456,"contractDate":"2022-02-07","contractYear":2022,"priceEur":71236.96,"mainCategory":"STAVBNO ZEMLJIŠČE","analyticalUnit":"STAVBNO_ZEMLJISCE_CISTO","analyticalPriceEurM2":129.7576684881603,"quality":"C","marketability":"V preverjanju","settlement":null,"address":null,"soldLandAreaM2":549,"soldUsableAreaM2":null}},{"type":"Feature","id":642477,"geometry":{"type":"Point","coordinates":[14.4230405717852,45.97568854497049]},"properties":{"id":642477,"contractDate":"2022-01-26","contractYear":2022,"priceEur":55000,"mainCategory":"STAVBNO ZEMLJIŠČE","analyticalUnit":"STAVBNO_ZEMLJISCE_CISTO","analyticalPriceEurM2":51.83788878416589,"quality":"C","marketability":"V preverjanju","settlement":null,"address":null,"soldLandAreaM2":1061,"soldUsableAreaM2":null}},{"type":"Feature","id":642568,"geometry":{"type":"Point","coordinates":[14.398222951237736,45.985505705045775]},"properties":{"id":642568,"contractDate":"2022-02-14","contractYear":2022,"priceEur":204000,"mainCategory":"HIŠA S PRIPADAJOČIM ZEMLJIŠČEM","analyticalUnit":"HISA_CELI_POSEL","analyticalPriceEurM2":null,"quality":"C","marketability":"V preverjanju","settlement":"NOTRANJE GORICE","address":"PODKLIN 9 A","soldLandAreaM2":312,"soldUsableAreaM2":119.7}},{"type":"Feature","id":642954,"geometry":{"type":"Point","coordinates":[14.392178092614209,45.99053441500361]},"properties":{"id":642954,"contractDate":"2022-01-12","contractYear":2022,"priceEur":1954,"mainCategory":"KMETIJSKO ZEMLJIŠČE","analyticalUnit":"NI_NEPOSREDNO_RAZDELJIV","analyticalPriceEurM2":null,"quality":"C","marketability":"V preverjanju","settlement":null,"address":null,"soldLandAreaM2":976.7333333333332,"soldUsableAreaM2":null}},{"type":"Feature","id":644288,"geometry":{"type":"Point","coordinates":[14.398806606781687,45.960826413981465]},"properties":{"id":644288,"contractDate":"2022-02-04","contractYear":2022,"priceEur":102000,"mainCategory":"KMETIJSKO ZEMLJIŠČE","analyticalUnit":"KMETIJSKO_ZEMLJISCE_CISTO","analyticalPriceEurM2":54.4290288153682,"quality":"B","marketability":"Tržen posel – neustrezni podatki","settlement":null,"address":null,"soldLandAreaM2":1874,"soldUsableAreaM2":null}},{"type":"Feature","id":644296,"geometry":{"type":"Point","coordinates":[14.436158321337642,45.96995009553309]},"properties":{"id":644296,"contractDate":"2022-02-03","contractYear":2022,"priceEur":132307,"mainCategory":"HIŠA S PRIPADAJOČIM ZEMLJIŠČEM","analyticalUnit":"NI_NEPOSREDNO_RAZDELJIV","analyticalPriceEurM2":null,"quality":"B","marketability":"Tržen posel – neustrezni podatki","settlement":"JEZERO","address":"JEZERO 51","soldLandAreaM2":919,"soldUsableAreaM2":310.8}},{"type":"Feature","id":644573,"geometry":{"type":"Point","coordinates":[14.423018461397117,46.004155142982434]},"properties":{"id":644573,"contractDate":"2021-12-10","contractYear":2021,"priceEur":135000,"mainCategory":"MEŠANO/DRUGO ZEMLJIŠČE","analyticalUnit":"NI_NEPOSREDNO_RAZDELJIV","analyticalPriceEurM2":null,"quality":"B","marketability":"Tržen posel – neustrezni podatki","settlement":null,"address":null,"soldLandAreaM2":651,"soldUsableAreaM2":null}},{"type":"Feature","id":645810,"geometry":{"type":"Point","coordinates":[14.40624180758635,45.99329381572115]},"properties":{"id":645810,"contractDate":"2022-02-28","contractYear":2022,"priceEur":150000,"mainCategory":"STANOVANJE Z DODATKI/ZEMLJIŠČEM","analyticalUnit":"NI_NEPOSREDNO_RAZDELJIV","analyticalPriceEurM2":null,"quality":"B","marketability":"Tržen posel – neustrezni podatki","settlement":"NOTRANJE GORICE","address":"MAVSARJEVA CESTA 28","soldLandAreaM2":166,"soldUsableAreaM2":124.2}},{"type":"Feature","id":646018,"geometry":{"type":"Point","coordinates":[14.395925933038678,45.99933785572178]},"properties":{"id":646018,"contractDate":"2022-01-25","contractYear":2022,"priceEur":3656.01,"mainCategory":"GOZDNO ZEMLJIŠČE","analyticalUnit":"GOZDNO_ZEMLJISCE_CISTO","analyticalPriceEurM2":0.6999827685238369,"quality":"A","marketability":"Tržen posel","settlement":null,"address":null,"soldLandAreaM2":5223,"soldUsableAreaM2":null}},{"type":"Feature","id":646028,"geometry":{"type":"Point","coordinates":[14.4397652728167,45.971414830400185]},"properties":{"id":646028,"contractDate":"2022-03-03","contractYear":2022,"priceEur":355000,"mainCategory":"HIŠA S PRIPADAJOČIM ZEMLJIŠČEM","analyticalUnit":"HISA_CELI_POSEL","analyticalPriceEurM2":null,"quality":"B","marketability":"Tržen posel – neustrezni podatki","settlement":"JEZERO","address":"JEZERO 143","soldLandAreaM2":1298,"soldUsableAreaM2":212.7}},{"type":"Feature","id":646222,"geometry":{"type":"Point","coordinates":[14.402068885064958,45.991874554447485]},"properties":{"id":646222,"contractDate":"2021-12-24","contractYear":2021,"priceEur":360000,"mainCategory":"HIŠA S PRIPADAJOČIM ZEMLJIŠČEM","analyticalUnit":"NI_NEPOSREDNO_RAZDELJIV","analyticalPriceEurM2":null,"quality":"B","marketability":"Tržen posel – neustrezni podatki","settlement":"NOTRANJE GORICE","address":"V KOLNIK 11","soldLandAreaM2":4748,"soldUsableAreaM2":189.8}},{"type":"Feature","id":646241,"geometry":{"type":"Point","coordinates":[14.380426599267818,46.0030871186567]},"properties":{"id":646241,"contractDate":"2022-03-08","contractYear":2022,"priceEur":97000,"mainCategory":"STAVBNO ZEMLJIŠČE","analyticalUnit":"STAVBNO_ZEMLJISCE_CISTO","analyticalPriceEurM2":110.35267349260523,"quality":"B","marketability":"Tržen posel – neustrezni podatki","settlement":null,"address":null,"soldLandAreaM2":879,"soldUsableAreaM2":null}},{"type":"Feature","id":646355,"geometry":{"type":"Point","coordinates":[14.40062932007848,45.986307042699025]},"properties":{"id":646355,"contractDate":"2022-03-09","contractYear":2022,"priceEur":35000,"mainCategory":"HIŠA S PRIPADAJOČIM ZEMLJIŠČEM","analyticalUnit":"NI_NEPOSREDNO_RAZDELJIV","analyticalPriceEurM2":null,"quality":"C","marketability":"Drug posel","settlement":"NOTRANJE GORICE","address":"PODPEŠKA CESTA 403","soldLandAreaM2":419.6666666666666,"soldUsableAreaM2":56}},{"type":"Feature","id":646464,"geometry":{"type":"Point","coordinates":[14.4351550598899,45.883913472926665]},"properties":{"id":646464,"contractDate":"2022-03-07","contractYear":2022,"priceEur":140000,"mainCategory":"HIŠA S PRIPADAJOČIM ZEMLJIŠČEM","analyticalUnit":"HISA_CELI_POSEL","analyticalPriceEurM2":null,"quality":"B","marketability":"Tržen posel – neustrezni podatki","settlement":"RAKITNA","address":"RAKITNA 347 B","soldLandAreaM2":618,"soldUsableAreaM2":42}},{"type":"Feature","id":646813,"geometry":{"type":"Point","coordinates":[14.424728662807768,46.00863172692212]},"properties":{"id":646813,"contractDate":"2022-03-15","contractYear":2022,"priceEur":445000,"mainCategory":"HIŠA S PRIPADAJOČIM ZEMLJIŠČEM","analyticalUnit":"HISA_CELI_POSEL","analyticalPriceEurM2":null,"quality":"B","marketability":"Tržen posel – neustrezni podatki","settlement":"VNANJE GORICE","address":"POD GORICAMI 47 C","soldLandAreaM2":482,"soldUsableAreaM2":100.7}},{"type":"Feature","id":647011,"geometry":{"type":"Point","coordinates":[14.445050878893284,45.86461594200262]},"properties":{"id":647011,"contractDate":"2022-03-14","contractYear":2022,"priceEur":7838.88,"mainCategory":"GOZDNO ZEMLJIŠČE","analyticalUnit":"GOZDNO_ZEMLJISCE_CISTO","analyticalPriceEurM2":0.3188221417822426,"quality":"A","marketability":"Tržen posel","settlement":null,"address":null,"soldLandAreaM2":24587,"soldUsableAreaM2":null}},{"type":"Feature","id":647151,"geometry":{"type":"Point","coordinates":[14.395982507294077,45.98678122908996]},"properties":{"id":647151,"contractDate":"2022-03-18","contractYear":2022,"priceEur":218000,"mainCategory":"STANOVANJE Z DODATKI/ZEMLJIŠČEM","analyticalUnit":"NI_NEPOSREDNO_RAZDELJIV","analyticalPriceEurM2":null,"quality":"B","marketability":"Tržen posel – neustrezni podatki","settlement":"NOTRANJE GORICE","address":"CESTA NA LOG 33","soldLandAreaM2":206.3333333333333,"soldUsableAreaM2":104.3}},{"type":"Feature","id":647310,"geometry":{"type":"Point","coordinates":[14.412292927040639,46.005870554328645]},"properties":{"id":647310,"contractDate":"2022-03-07","contractYear":2022,"priceEur":330000,"mainCategory":"HIŠA S PRIPADAJOČIM ZEMLJIŠČEM","analyticalUnit":"HISA_CELI_POSEL","analyticalPriceEurM2":null,"quality":"B","marketability":"Tržen posel – neustrezni podatki","settlement":"VNANJE GORICE","address":"ULICA BRATOV POTOČNIKOV 9","soldLandAreaM2":587,"soldUsableAreaM2":128.3}},{"type":"Feature","id":647661,"geometry":{"type":"Point","coordinates":[14.425635687304073,45.97214496121373]},"properties":{"id":647661,"contractDate":"2022-03-23","contractYear":2022,"priceEur":190000,"mainCategory":"STANOVANJE","analyticalUnit":"STANOVANJE_CISTO","analyticalPriceEurM2":2823.179791976226,"quality":"B","marketability":"Tržen posel – neustrezni podatki","settlement":"JEZERO","address":"JEZERO 28 K","soldLandAreaM2":null,"soldUsableAreaM2":67.3}},{"type":"Feature","id":647970,"geometry":{"type":"Point","coordinates":[14.40287203154522,45.9880860622182]},"properties":{"id":647970,"contractDate":"2022-03-17","contractYear":2022,"priceEur":12331.76,"mainCategory":"MEŠANO/DRUGO ZEMLJIŠČE","analyticalUnit":"NI_NEPOSREDNO_RAZDELJIV","analyticalPriceEurM2":null,"quality":"B","marketability":"Tržen posel – neustrezni podatki","settlement":null,"address":null,"soldLandAreaM2":133,"soldUsableAreaM2":null}},{"type":"Feature","id":648527,"geometry":{"type":"Point","coordinates":[14.432087276225772,46.01085117840881]},"properties":{"id":648527,"contractDate":"2022-03-08","contractYear":2022,"priceEur":445,"mainCategory":"PRIPADAJOČE ZEMLJIŠČE","analyticalUnit":"NI_NEPOSREDNO_RAZDELJIV","analyticalPriceEurM2":null,"quality":"C","marketability":"Drug posel","settlement":null,"address":null,"soldLandAreaM2":49.44444444444444,"soldUsableAreaM2":null}},{"type":"Feature","id":648552,"geometry":{"type":"Point","coordinates":[14.439544879207514,45.92592781019998]},"properties":{"id":648552,"contractDate":"2021-12-27","contractYear":2021,"priceEur":8673,"mainCategory":"GOZDNO ZEMLJIŠČE","analyticalUnit":"GOZDNO_ZEMLJISCE_CISTO","analyticalPriceEurM2":0.6,"quality":"A","marketability":"Tržen posel","settlement":null,"address":null,"soldLandAreaM2":14455,"soldUsableAreaM2":null}},{"type":"Feature","id":648625,"geometry":{"type":"Point","coordinates":[14.436833607881812,45.93485596741735]},"properties":{"id":648625,"contractDate":"2021-12-27","contractYear":2021,"priceEur":5888,"mainCategory":"GOZDNO ZEMLJIŠČE","analyticalUnit":"GOZDNO_ZEMLJISCE_CISTO","analyticalPriceEurM2":0.5998981151299032,"quality":"A","marketability":"Tržen posel","settlement":null,"address":null,"soldLandAreaM2":9815,"soldUsableAreaM2":null}},{"type":"Feature","id":648775,"geometry":{"type":"Point","coordinates":[14.429664879594041,45.888789168850145]},"properties":{"id":648775,"contractDate":"2022-03-25","contractYear":2022,"priceEur":235000,"mainCategory":"MEŠANO/DRUGO ZEMLJIŠČE","analyticalUnit":"NI_NEPOSREDNO_RAZDELJIV","analyticalPriceEurM2":null,"quality":"B","marketability":"Tržen posel – neustrezni podatki","settlement":null,"address":null,"soldLandAreaM2":512,"soldUsableAreaM2":null}},{"type":"Feature","id":648783,"geometry":{"type":"Point","coordinates":[14.439779679664564,45.892653970246066]},"properties":{"id":648783,"contractDate":"2022-03-18","contractYear":2022,"priceEur":5000,"mainCategory":"STAVBNO ZEMLJIŠČE","analyticalUnit":"STAVBNO_ZEMLJISCE_CISTO","analyticalPriceEurM2":22.12389380530973,"quality":"B","marketability":"Tržen posel – neustrezni podatki","settlement":null,"address":null,"soldLandAreaM2":226,"soldUsableAreaM2":null}},{"type":"Feature","id":648984,"geometry":{"type":"Point","coordinates":[14.437112911172548,45.88332275308611]},"properties":{"id":648984,"contractDate":"2022-03-24","contractYear":2022,"priceEur":32583.33,"mainCategory":"STAVBNO ZEMLJIŠČE","analyticalUnit":"STAVBNO_ZEMLJISCE_CISTO","analyticalPriceEurM2":65.16666000000001,"quality":"B","marketability":"Tržen posel – neustrezni podatki","settlement":null,"address":null,"soldLandAreaM2":500,"soldUsableAreaM2":null}},{"type":"Feature","id":649043,"geometry":{"type":"Point","coordinates":[14.441534312145741,45.89112613492432]},"properties":{"id":649043,"contractDate":"2022-03-16","contractYear":2022,"priceEur":25000,"mainCategory":"HIŠA S PRIPADAJOČIM ZEMLJIŠČEM","analyticalUnit":"NI_NEPOSREDNO_RAZDELJIV","analyticalPriceEurM2":null,"quality":"C","marketability":"Drug posel","settlement":"RAKITNA","address":"RAKITNA 68","soldLandAreaM2":405,"soldUsableAreaM2":54.266666666666666}},{"type":"Feature","id":649057,"geometry":{"type":"Point","coordinates":[14.437301049636533,45.88342108132875]},"properties":{"id":649057,"contractDate":"2022-03-24","contractYear":2022,"priceEur":42416.67,"mainCategory":"STAVBNO ZEMLJIŠČE","analyticalUnit":"STAVBNO_ZEMLJISCE_CISTO","analyticalPriceEurM2":83.3333398821218,"quality":"B","marketability":"Tržen posel – neustrezni podatki","settlement":null,"address":null,"soldLandAreaM2":509,"soldUsableAreaM2":null}},{"type":"Feature","id":649413,"geometry":{"type":"Point","coordinates":[14.39986105750456,45.954127839789756]},"properties":{"id":649413,"contractDate":"2022-03-03","contractYear":2022,"priceEur":3000,"mainCategory":"MEŠANO/DRUGO ZEMLJIŠČE","analyticalUnit":"NI_NEPOSREDNO_RAZDELJIV","analyticalPriceEurM2":null,"quality":"C","marketability":"Drug posel","settlement":null,"address":null,"soldLandAreaM2":4006,"soldUsableAreaM2":null}},{"type":"Feature","id":651006,"geometry":{"type":"Point","coordinates":[14.411871284307693,46.01548295195605]},"properties":{"id":651006,"contractDate":"2022-04-14","contractYear":2022,"priceEur":80000,"mainCategory":"STANOVANJE Z DODATKI/ZEMLJIŠČEM","analyticalUnit":"NI_NEPOSREDNO_RAZDELJIV","analyticalPriceEurM2":null,"quality":"B","marketability":"Tržen posel – neustrezni podatki","settlement":"BREZOVICA PRI LJUBLJANI","address":"NA LAZIH 16","soldLandAreaM2":18.29128,"soldUsableAreaM2":31}},{"type":"Feature","id":651444,"geometry":{"type":"Point","coordinates":[14.438252984028917,45.882887784052166]},"properties":{"id":651444,"contractDate":"2022-03-21","contractYear":2022,"priceEur":941.5,"mainCategory":"STAVBNO ZEMLJIŠČE","analyticalUnit":"NI_NEPOSREDNO_RAZDELJIV","analyticalPriceEurM2":null,"quality":"C","marketability":"Neopredeljen posel","settlement":null,"address":null,"soldLandAreaM2":192.5,"soldUsableAreaM2":null}},{"type":"Feature","id":652980,"geometry":{"type":"Point","coordinates":[14.419591159114482,46.02750559093551]},"properties":{"id":652980,"contractDate":"2022-04-22","contractYear":2022,"priceEur":30700,"mainCategory":"PRIPADAJOČE ZEMLJIŠČE","analyticalUnit":"NI_NEPOSREDNO_RAZDELJIV","analyticalPriceEurM2":null,"quality":"B","marketability":"Tržen posel – neustrezni podatki","settlement":null,"address":null,"soldLandAreaM2":424,"soldUsableAreaM2":null}},{"type":"Feature","id":653512,"geometry":{"type":"Point","coordinates":[14.396820063279305,45.96478187064623]},"properties":{"id":653512,"contractDate":"2022-04-21","contractYear":2022,"priceEur":70000,"mainCategory":"HIŠA S PRIPADAJOČIM ZEMLJIŠČEM","analyticalUnit":"HISA_CELI_POSEL","analyticalPriceEurM2":null,"quality":"C","marketability":"Drug posel","settlement":"KAMNIK POD KRIMOM","address":"KAMNIK POD KRIMOM 3 E","soldLandAreaM2":187.5,"soldUsableAreaM2":70.55}},{"type":"Feature","id":653566,"geometry":{"type":"Point","coordinates":[14.416455252174693,46.016398744649216]},"properties":{"id":653566,"contractDate":"2022-04-25","contractYear":2022,"priceEur":66272.5,"mainCategory":"STAVBNO ZEMLJIŠČE","analyticalUnit":"STAVBNO_ZEMLJISCE_CISTO","analyticalPriceEurM2":282.01063829787233,"quality":"C","marketability":"Drug posel","settlement":null,"address":null,"soldLandAreaM2":235,"soldUsableAreaM2":null}},{"type":"Feature","id":653572,"geometry":{"type":"Point","coordinates":[14.416634055448961,46.016416932918695]},"properties":{"id":653572,"contractDate":"2022-04-25","contractYear":2022,"priceEur":66272.5,"mainCategory":"STAVBNO ZEMLJIŠČE","analyticalUnit":"STAVBNO_ZEMLJISCE_CISTO","analyticalPriceEurM2":216.5767973856209,"quality":"B","marketability":"Tržen posel – neustrezni podatki","settlement":null,"address":null,"soldLandAreaM2":306,"soldUsableAreaM2":null}},{"type":"Feature","id":653867,"geometry":{"type":"Point","coordinates":[14.416324420474758,46.02016772408738]},"properties":{"id":653867,"contractDate":"2022-05-09","contractYear":2022,"priceEur":195000,"mainCategory":"STAVBNO ZEMLJIŠČE","analyticalUnit":"STAVBNO_ZEMLJISCE_CISTO","analyticalPriceEurM2":184.31001890359167,"quality":"B","marketability":"Tržen posel – neustrezni podatki","settlement":null,"address":null,"soldLandAreaM2":1058,"soldUsableAreaM2":null}},{"type":"Feature","id":653868,"geometry":{"type":"Point","coordinates":[14.43686816959687,45.88501914272496]},"properties":{"id":653868,"contractDate":"2022-05-06","contractYear":2022,"priceEur":217000,"mainCategory":"HIŠA S PRIPADAJOČIM ZEMLJIŠČEM","analyticalUnit":"HISA_CELI_POSEL","analyticalPriceEurM2":null,"quality":"B","marketability":"Tržen posel – neustrezni podatki","settlement":"RAKITNA","address":"RAKITNA 188","soldLandAreaM2":1654.571428571429,"soldUsableAreaM2":62.2}},{"type":"Feature","id":654055,"geometry":{"type":"Point","coordinates":[14.422608365466074,45.9551180838466]},"properties":{"id":654055,"contractDate":"2022-04-28","contractYear":2022,"priceEur":810000,"mainCategory":"HIŠA S PRIPADAJOČIM ZEMLJIŠČEM","analyticalUnit":"HISA_CELI_POSEL","analyticalPriceEurM2":null,"quality":"B","marketability":"Tržen posel – neustrezni podatki","settlement":"PRESERJE","address":"PRESERJE 42 F","soldLandAreaM2":2362,"soldUsableAreaM2":214}},{"type":"Feature","id":654068,"geometry":{"type":"Point","coordinates":[14.436679552526739,45.88439183546383]},"properties":{"id":654068,"contractDate":"2022-05-06","contractYear":2022,"priceEur":146000,"mainCategory":"HIŠA S PRIPADAJOČIM ZEMLJIŠČEM","analyticalUnit":"HISA_CELI_POSEL","analyticalPriceEurM2":null,"quality":"B","marketability":"Tržen posel – neustrezni podatki","settlement":"RAKITNA","address":"RAKITNA 187","soldLandAreaM2":2044,"soldUsableAreaM2":85.1}},{"type":"Feature","id":654147,"geometry":{"type":"Point","coordinates":[14.440257991947785,45.89004794365632]},"properties":{"id":654147,"contractDate":"2022-03-10","contractYear":2022,"priceEur":70000,"mainCategory":"MEŠANO/DRUGO ZEMLJIŠČE","analyticalUnit":"NI_NEPOSREDNO_RAZDELJIV","analyticalPriceEurM2":null,"quality":"C","marketability":"Neopredeljen posel","settlement":null,"address":null,"soldLandAreaM2":6648,"soldUsableAreaM2":null}},{"type":"Feature","id":654803,"geometry":{"type":"Point","coordinates":[14.39595068101934,45.98674646479001]},"properties":{"id":654803,"contractDate":"2022-05-16","contractYear":2022,"priceEur":320000,"mainCategory":"STANOVANJE Z DODATKI/ZEMLJIŠČEM","analyticalUnit":"NI_NEPOSREDNO_RAZDELJIV","analyticalPriceEurM2":null,"quality":"B","marketability":"Tržen posel – neustrezni podatki","settlement":"NOTRANJE GORICE","address":"CESTA NA LOG 33","soldLandAreaM2":585.6666666666666,"soldUsableAreaM2":129.8}},{"type":"Feature","id":656460,"geometry":{"type":"Point","coordinates":[14.412680711264414,46.00528270678792]},"properties":{"id":656460,"contractDate":"2022-04-19","contractYear":2022,"priceEur":250000,"mainCategory":"STANOVANJE Z DODATKI/ZEMLJIŠČEM","analyticalUnit":"NI_NEPOSREDNO_RAZDELJIV","analyticalPriceEurM2":null,"quality":"C","marketability":"Neopredeljen posel","settlement":"VNANJE GORICE","address":"PODOLGA NJIVA 4","soldLandAreaM2":167.25,"soldUsableAreaM2":141.6}},{"type":"Feature","id":657177,"geometry":{"type":"Point","coordinates":[14.414146189741025,46.02417167930458]},"properties":{"id":657177,"contractDate":"2022-05-17","contractYear":2022,"priceEur":494.4,"mainCategory":"MEŠANO/DRUGO ZEMLJIŠČE","analyticalUnit":"NI_NEPOSREDNO_RAZDELJIV","analyticalPriceEurM2":null,"quality":"B","marketability":"Tržen posel – neustrezni podatki","settlement":null,"address":null,"soldLandAreaM2":4,"soldUsableAreaM2":null}},{"type":"Feature","id":657333,"geometry":{"type":"Point","coordinates":[14.418494127523347,46.00367920271528]},"properties":{"id":657333,"contractDate":"2022-05-25","contractYear":2022,"priceEur":37129.25,"mainCategory":"HIŠA S PRIPADAJOČIM ZEMLJIŠČEM","analyticalUnit":"NI_NEPOSREDNO_RAZDELJIV","analyticalPriceEurM2":null,"quality":"C","marketability":"Drug posel","settlement":"VNANJE GORICE","address":"POŽARNICE 56","soldLandAreaM2":250.25,"soldUsableAreaM2":51.2}},{"type":"Feature","id":657401,"geometry":{"type":"Point","coordinates":[14.412901521954467,46.00887421812045]},"properties":{"id":657401,"contractDate":"2022-05-25","contractYear":2022,"priceEur":140000,"mainCategory":"STANOVANJE Z DODATKI/ZEMLJIŠČEM","analyticalUnit":"NI_NEPOSREDNO_RAZDELJIV","analyticalPriceEurM2":null,"quality":"B","marketability":"Tržen posel – neustrezni podatki","settlement":"VNANJE GORICE","address":"PODPEŠKA CESTA 145","soldLandAreaM2":68.22,"soldUsableAreaM2":52.1}},{"type":"Feature","id":657538,"geometry":{"type":"Point","coordinates":[14.426287737580948,46.00935921813183]},"properties":{"id":657538,"contractDate":"2022-05-20","contractYear":2022,"priceEur":119600,"mainCategory":"STAVBNO ZEMLJIŠČE","analyticalUnit":"NI_NEPOSREDNO_RAZDELJIV","analyticalPriceEurM2":null,"quality":"B","marketability":"Tržen posel – neustrezni podatki","settlement":null,"address":null,"soldLandAreaM2":874.5,"soldUsableAreaM2":null}},{"type":"Feature","id":658111,"geometry":{"type":"Point","coordinates":[14.400942533777847,45.991983160259146]},"properties":{"id":658111,"contractDate":"2022-02-15","contractYear":2022,"priceEur":10000,"mainCategory":"GOZDNO ZEMLJIŠČE","analyticalUnit":"GOZDNO_ZEMLJISCE_CISTO","analyticalPriceEurM2":4.370629370629371,"quality":"A","marketability":"Tržen posel","settlement":null,"address":null,"soldLandAreaM2":2288,"soldUsableAreaM2":null}},{"type":"Feature","id":658267,"geometry":{"type":"Point","coordinates":[14.415802359322772,46.01562017297206]},"properties":{"id":658267,"contractDate":"2022-05-26","contractYear":2022,"priceEur":200000,"mainCategory":"MEŠANI DELI STAVBE","analyticalUnit":"NI_NEPOSREDNO_RAZDELJIV","analyticalPriceEurM2":null,"quality":"B","marketability":"Tržen posel – neustrezni podatki","settlement":"BREZOVICA PRI LJUBLJANI","address":"PODPEŠKA CESTA 77","soldLandAreaM2":null,"soldUsableAreaM2":90.2}},{"type":"Feature","id":658532,"geometry":{"type":"Point","coordinates":[14.394128839645118,45.96568378183522]},"properties":{"id":658532,"contractDate":"2022-05-12","contractYear":2022,"priceEur":239.4,"mainCategory":"KMETIJSKO ZEMLJIŠČE","analyticalUnit":"NI_NEPOSREDNO_RAZDELJIV","analyticalPriceEurM2":null,"quality":"C","marketability":"Drug posel","settlement":null,"address":null,"soldLandAreaM2":1510.375,"soldUsableAreaM2":null}},{"type":"Feature","id":658729,"geometry":{"type":"Point","coordinates":[14.432608353214668,45.889663115175125]},"properties":{"id":658729,"contractDate":"2022-05-20","contractYear":2022,"priceEur":9540,"mainCategory":"STAVBNO ZEMLJIŠČE","analyticalUnit":"STAVBNO_ZEMLJISCE_CISTO","analyticalPriceEurM2":60,"quality":"B","marketability":"Tržen posel – neustrezni podatki","settlement":null,"address":null,"soldLandAreaM2":159,"soldUsableAreaM2":null}},{"type":"Feature","id":658741,"geometry":{"type":"Point","coordinates":[14.398476262992821,45.99326239160764]},"properties":{"id":658741,"contractDate":"2022-05-16","contractYear":2022,"priceEur":40000,"mainCategory":"MEŠANO/DRUGO ZEMLJIŠČE","analyticalUnit":"NI_NEPOSREDNO_RAZDELJIV","analyticalPriceEurM2":null,"quality":"C","marketability":"Drug posel","settlement":null,"address":null,"soldLandAreaM2":10398,"soldUsableAreaM2":null}},{"type":"Feature","id":658748,"geometry":{"type":"Point","coordinates":[14.454523388600999,45.88322664855042]},"properties":{"id":658748,"contractDate":"2022-06-07","contractYear":2022,"priceEur":8912,"mainCategory":"GOZDNO ZEMLJIŠČE","analyticalUnit":"GOZDNO_ZEMLJISCE_CISTO","analyticalPriceEurM2":0.5415324785805432,"quality":"B","marketability":"Tržen posel – neustrezni podatki","settlement":null,"address":null,"soldLandAreaM2":16457,"soldUsableAreaM2":null}},{"type":"Feature","id":658750,"geometry":{"type":"Point","coordinates":[14.447350727895145,45.88690538615715]},"properties":{"id":658750,"contractDate":"2022-06-07","contractYear":2022,"priceEur":140000,"mainCategory":"HIŠA S PRIPADAJOČIM ZEMLJIŠČEM","analyticalUnit":"NI_NEPOSREDNO_RAZDELJIV","analyticalPriceEurM2":null,"quality":"C","marketability":"Drug posel","settlement":"RAKITNA","address":"RAKITNA 102","soldLandAreaM2":3500,"soldUsableAreaM2":109}},{"type":"Feature","id":658774,"geometry":{"type":"Point","coordinates":[14.450087956208513,45.88494426696654]},"properties":{"id":658774,"contractDate":"2022-06-07","contractYear":2022,"priceEur":13493,"mainCategory":"KMETIJSKO ZEMLJIŠČE","analyticalUnit":"KMETIJSKO_ZEMLJISCE_CISTO","analyticalPriceEurM2":0.4506228500818221,"quality":"C","marketability":"Drug posel","settlement":null,"address":null,"soldLandAreaM2":29943,"soldUsableAreaM2":null}},{"type":"Feature","id":658902,"geometry":{"type":"Point","coordinates":[14.413111636940691,45.96650338163551]},"properties":{"id":658902,"contractDate":"2022-06-13","contractYear":2022,"priceEur":147000,"mainCategory":"MEŠANI POSEL – STAVBA IN ZEMLJIŠČE","analyticalUnit":"NI_NEPOSREDNO_RAZDELJIV","analyticalPriceEurM2":null,"quality":"C","marketability":"Neopredeljen posel","settlement":null,"address":null,"soldLandAreaM2":291,"soldUsableAreaM2":120}},{"type":"Feature","id":658975,"geometry":{"type":"Point","coordinates":[14.415430751479379,46.01497665143893]},"properties":{"id":658975,"contractDate":"2022-06-10","contractYear":2022,"priceEur":170000,"mainCategory":"HIŠA S PRIPADAJOČIM ZEMLJIŠČEM","analyticalUnit":"HISA_CELI_POSEL","analyticalPriceEurM2":null,"quality":"C","marketability":"Drug posel","settlement":"BREZOVICA PRI LJUBLJANI","address":"PODPEŠKA CESTA 89 B","soldLandAreaM2":250,"soldUsableAreaM2":129}},{"type":"Feature","id":658998,"geometry":{"type":"Point","coordinates":[14.41949925466092,46.02005408815103]},"properties":{"id":658998,"contractDate":"2022-06-13","contractYear":2022,"priceEur":286000,"mainCategory":"STANOVANJE Z DODATKI/ZEMLJIŠČEM","analyticalUnit":"NI_NEPOSREDNO_RAZDELJIV","analyticalPriceEurM2":null,"quality":"B","marketability":"Tržen posel – neustrezni podatki","settlement":"BREZOVICA PRI LJUBLJANI","address":"PODSVETIJA 24 F","soldLandAreaM2":102.69239766081871,"soldUsableAreaM2":70.7}},{"type":"Feature","id":659065,"geometry":{"type":"Point","coordinates":[14.437567822780608,45.88438961755505]},"properties":{"id":659065,"contractDate":"2022-06-14","contractYear":2022,"priceEur":125000,"mainCategory":"HIŠA S PRIPADAJOČIM ZEMLJIŠČEM","analyticalUnit":"HISA_CELI_POSEL","analyticalPriceEurM2":null,"quality":"C","marketability":"Neopredeljen posel","settlement":"RAKITNA","address":"RAKITNA 191","soldLandAreaM2":748,"soldUsableAreaM2":49.5}},{"type":"Feature","id":659201,"geometry":{"type":"Point","coordinates":[14.399527245043556,45.95695483767228]},"properties":{"id":659201,"contractDate":"2022-06-14","contractYear":2022,"priceEur":90000,"mainCategory":"MEŠANO/DRUGO ZEMLJIŠČE","analyticalUnit":"NI_NEPOSREDNO_RAZDELJIV","analyticalPriceEurM2":null,"quality":"B","marketability":"Tržen posel – neustrezni podatki","settlement":null,"address":null,"soldLandAreaM2":907,"soldUsableAreaM2":null}},{"type":"Feature","id":659391,"geometry":{"type":"Point","coordinates":[14.405172912839209,45.998433640587166]},"properties":{"id":659391,"contractDate":"2022-06-07","contractYear":2022,"priceEur":360000,"mainCategory":"HIŠA S PRIPADAJOČIM ZEMLJIŠČEM","analyticalUnit":"HISA_CELI_POSEL","analyticalPriceEurM2":null,"quality":"B","marketability":"Tržen posel – neustrezni podatki","settlement":"ŽABNICA","address":"ŽABNICA 15 B","soldLandAreaM2":299,"soldUsableAreaM2":107.5}},{"type":"Feature","id":659453,"geometry":{"type":"Point","coordinates":[14.396820063279305,45.96478187064623]},"properties":{"id":659453,"contractDate":"2022-02-21","contractYear":2022,"priceEur":150000,"mainCategory":"HIŠA S PRIPADAJOČIM ZEMLJIŠČEM","analyticalUnit":"HISA_CELI_POSEL","analyticalPriceEurM2":null,"quality":"C","marketability":"Drug posel","settlement":"KAMNIK POD KRIMOM","address":"KAMNIK POD KRIMOM 3 E","soldLandAreaM2":187.5,"soldUsableAreaM2":70.55}},{"type":"Feature","id":661187,"geometry":{"type":"Point","coordinates":[14.45022066833222,45.92552233584746]},"properties":{"id":661187,"contractDate":"2022-04-16","contractYear":2022,"priceEur":18597,"mainCategory":"GOZDNO ZEMLJIŠČE","analyticalUnit":"GOZDNO_ZEMLJISCE_CISTO","analyticalPriceEurM2":0.5499467707594038,"quality":"A","marketability":"Tržen posel","settlement":null,"address":null,"soldLandAreaM2":33816,"soldUsableAreaM2":null}},{"type":"Feature","id":661204,"geometry":{"type":"Point","coordinates":[14.407166896850242,45.99492471452658]},"properties":{"id":661204,"contractDate":"2022-06-20","contractYear":2022,"priceEur":30000,"mainCategory":"HIŠA S PRIPADAJOČIM ZEMLJIŠČEM","analyticalUnit":"HISA_CELI_POSEL","analyticalPriceEurM2":null,"quality":"C","marketability":"Drug posel","settlement":"NOTRANJE GORICE","address":"GMAJNA 6","soldLandAreaM2":115.16666666666666,"soldUsableAreaM2":24.416666666666664}},{"type":"Feature","id":661284,"geometry":{"type":"Point","coordinates":[14.437192449332022,45.96799213325543]},"properties":{"id":661284,"contractDate":"2022-06-24","contractYear":2022,"priceEur":50000,"mainCategory":"HIŠA S PRIPADAJOČIM ZEMLJIŠČEM","analyticalUnit":"HISA_CELI_POSEL","analyticalPriceEurM2":null,"quality":"C","marketability":"Drug posel","settlement":"JEZERO","address":"JEZERO 117 B","soldLandAreaM2":710,"soldUsableAreaM2":25}},{"type":"Feature","id":661296,"geometry":{"type":"Point","coordinates":[14.456292980593876,45.898310314574516]},"properties":{"id":661296,"contractDate":"2022-06-23","contractYear":2022,"priceEur":10500,"mainCategory":"GOZDNO ZEMLJIŠČE","analyticalUnit":"GOZDNO_ZEMLJISCE_CISTO","analyticalPriceEurM2":1.264907842428623,"quality":"A","marketability":"Tržen posel","settlement":null,"address":null,"soldLandAreaM2":8301,"soldUsableAreaM2":null}},{"type":"Feature","id":661333,"geometry":{"type":"Point","coordinates":[14.420111189471758,45.973822756627015]},"properties":{"id":661333,"contractDate":"2022-06-23","contractYear":2022,"priceEur":52000,"mainCategory":"POSLOVNA/DRUGA STAVBA","analyticalUnit":"NI_NEPOSREDNO_RAZDELJIV","analyticalPriceEurM2":null,"quality":"B","marketability":"Tržen posel – neustrezni podatki","settlement":"PODPEČ","address":"PODPEČ 48","soldLandAreaM2":null,"soldUsableAreaM2":38.1}},{"type":"Feature","id":661334,"geometry":{"type":"Point","coordinates":[14.420111189471758,45.973822756627015]},"properties":{"id":661334,"contractDate":"2022-06-23","contractYear":2022,"priceEur":49000,"mainCategory":"POSLOVNA/DRUGA STAVBA","analyticalUnit":"NI_NEPOSREDNO_RAZDELJIV","analyticalPriceEurM2":null,"quality":"B","marketability":"Tržen posel – neustrezni podatki","settlement":"PODPEČ","address":"PODPEČ 48","soldLandAreaM2":null,"soldUsableAreaM2":35.4}},{"type":"Feature","id":661451,"geometry":{"type":"Point","coordinates":[14.410160883154958,45.960874244449855]},"properties":{"id":661451,"contractDate":"2022-06-22","contractYear":2022,"priceEur":6370,"mainCategory":"MEŠANI POSEL – STAVBA IN ZEMLJIŠČE","analyticalUnit":"NI_NEPOSREDNO_RAZDELJIV","analyticalPriceEurM2":null,"quality":"C","marketability":"Neopredeljen posel","settlement":null,"address":null,"soldLandAreaM2":91,"soldUsableAreaM2":56.6}},{"type":"Feature","id":662172,"geometry":{"type":"Point","coordinates":[14.410182273475533,45.96065786967316]},"properties":{"id":662172,"contractDate":"2022-06-22","contractYear":2022,"priceEur":7490,"mainCategory":"PRIPADAJOČE ZEMLJIŠČE","analyticalUnit":"NI_NEPOSREDNO_RAZDELJIV","analyticalPriceEurM2":null,"quality":"B","marketability":"Tržen posel – neustrezni podatki","settlement":null,"address":null,"soldLandAreaM2":107,"soldUsableAreaM2":null}},{"type":"Feature","id":662372,"geometry":{"type":"Point","coordinates":[14.435239441659574,45.887156242932534]},"properties":{"id":662372,"contractDate":"2022-07-07","contractYear":2022,"priceEur":222500,"mainCategory":"HIŠA S PRIPADAJOČIM ZEMLJIŠČEM","analyticalUnit":"NI_NEPOSREDNO_RAZDELJIV","analyticalPriceEurM2":null,"quality":"B","marketability":"Tržen posel – neustrezni podatki","settlement":"RAKITNA","address":"RAKITNA 295","soldLandAreaM2":950,"soldUsableAreaM2":104.1}},{"type":"Feature","id":662398,"geometry":{"type":"Point","coordinates":[14.431655101900567,45.891009942103935]},"properties":{"id":662398,"contractDate":"2022-07-06","contractYear":2022,"priceEur":129000,"mainCategory":"MEŠANO/DRUGO ZEMLJIŠČE","analyticalUnit":"NI_NEPOSREDNO_RAZDELJIV","analyticalPriceEurM2":null,"quality":"B","marketability":"Tržen posel – neustrezni podatki","settlement":null,"address":null,"soldLandAreaM2":1200.9,"soldUsableAreaM2":null}},{"type":"Feature","id":662906,"geometry":{"type":"Point","coordinates":[14.443856192003757,45.88297340807403]},"properties":{"id":662906,"contractDate":"2022-07-14","contractYear":2022,"priceEur":16000,"mainCategory":"STAVBNO ZEMLJIŠČE","analyticalUnit":"STAVBNO_ZEMLJISCE_CISTO","analyticalPriceEurM2":38.27751196172249,"quality":"B","marketability":"Tržen posel – neustrezni podatki","settlement":null,"address":null,"soldLandAreaM2":418,"soldUsableAreaM2":null}},{"type":"Feature","id":663421,"geometry":{"type":"Point","coordinates":[14.439297912454732,45.89572391442254]},"properties":{"id":663421,"contractDate":"2022-06-13","contractYear":2022,"priceEur":363.75,"mainCategory":"KMETIJSKO ZEMLJIŠČE","analyticalUnit":"NI_NEPOSREDNO_RAZDELJIV","analyticalPriceEurM2":null,"quality":"C","marketability":"Drug posel","settlement":null,"address":null,"soldLandAreaM2":242.5,"soldUsableAreaM2":null}},{"type":"Feature","id":664317,"geometry":{"type":"Point","coordinates":[14.424910919811598,46.007591841412214]},"properties":{"id":664317,"contractDate":"2022-07-12","contractYear":2022,"priceEur":100000,"mainCategory":"HIŠA S PRIPADAJOČIM ZEMLJIŠČEM","analyticalUnit":"HISA_CELI_POSEL","analyticalPriceEurM2":null,"quality":"C","marketability":"Neopredeljen posel","settlement":"VNANJE GORICE","address":"POD GORICAMI 35","soldLandAreaM2":460,"soldUsableAreaM2":47.2}},{"type":"Feature","id":664416,"geometry":{"type":"Point","coordinates":[14.438402427146038,45.96900710365965]},"properties":{"id":664416,"contractDate":"2022-07-18","contractYear":2022,"priceEur":310000,"mainCategory":"HIŠA S PRIPADAJOČIM ZEMLJIŠČEM","analyticalUnit":"NI_NEPOSREDNO_RAZDELJIV","analyticalPriceEurM2":null,"quality":"B","marketability":"Tržen posel – neustrezni podatki","settlement":"JEZERO","address":"JEZERO 130","soldLandAreaM2":2816,"soldUsableAreaM2":163}},{"type":"Feature","id":664443,"geometry":{"type":"Point","coordinates":[14.418872154898542,46.00681432519886]},"properties":{"id":664443,"contractDate":"2022-07-14","contractYear":2022,"priceEur":240000,"mainCategory":"STANOVANJE Z DODATKI/ZEMLJIŠČEM","analyticalUnit":"NI_NEPOSREDNO_RAZDELJIV","analyticalPriceEurM2":null,"quality":"B","marketability":"Tržen posel – neustrezni podatki","settlement":"VNANJE GORICE","address":"VNANJE GORICE 67","soldLandAreaM2":450,"soldUsableAreaM2":105.8}},{"type":"Feature","id":664448,"geometry":{"type":"Point","coordinates":[14.443148393136411,45.89069505281797]},"properties":{"id":664448,"contractDate":"2022-07-19","contractYear":2022,"priceEur":10000,"mainCategory":"STAVBNO ZEMLJIŠČE","analyticalUnit":"STAVBNO_ZEMLJISCE_CISTO","analyticalPriceEurM2":19.607843137254903,"quality":"B","marketability":"Tržen posel – neustrezni podatki","settlement":null,"address":null,"soldLandAreaM2":510,"soldUsableAreaM2":null}},{"type":"Feature","id":664659,"geometry":{"type":"Point","coordinates":[14.438543173532333,45.969435786142306]},"properties":{"id":664659,"contractDate":"2022-07-23","contractYear":2022,"priceEur":175000,"mainCategory":"MEŠANO/DRUGO ZEMLJIŠČE","analyticalUnit":"NI_NEPOSREDNO_RAZDELJIV","analyticalPriceEurM2":null,"quality":"B","marketability":"Tržen posel – neustrezni podatki","settlement":null,"address":null,"soldLandAreaM2":979.7777777777778,"soldUsableAreaM2":null}},{"type":"Feature","id":664829,"geometry":{"type":"Point","coordinates":[14.417505747232527,46.00504822347293]},"properties":{"id":664829,"contractDate":"2022-06-29","contractYear":2022,"priceEur":66400,"mainCategory":"HIŠA S PRIPADAJOČIM ZEMLJIŠČEM","analyticalUnit":"NI_NEPOSREDNO_RAZDELJIV","analyticalPriceEurM2":null,"quality":"B","marketability":"Tržen posel – neustrezni podatki","settlement":"VNANJE GORICE","address":"NA GULČ 20","soldLandAreaM2":774,"soldUsableAreaM2":109.3}},{"type":"Feature","id":665087,"geometry":{"type":"Point","coordinates":[14.38056337666566,46.00308300134696]},"properties":{"id":665087,"contractDate":"2022-07-14","contractYear":2022,"priceEur":27000,"mainCategory":"KMETIJSKO ZEMLJIŠČE","analyticalUnit":"KMETIJSKO_ZEMLJISCE_CISTO","analyticalPriceEurM2":111.11111111111111,"quality":"B","marketability":"Tržen posel – neustrezni podatki","settlement":null,"address":null,"soldLandAreaM2":243,"soldUsableAreaM2":null}},{"type":"Feature","id":665232,"geometry":{"type":"Point","coordinates":[14.415049708255703,46.00173592435252]},"properties":{"id":665232,"contractDate":"2022-07-12","contractYear":2022,"priceEur":125910,"mainCategory":"KMETIJSKO ZEMLJIŠČE","analyticalUnit":"KMETIJSKO_ZEMLJISCE_CISTO","analyticalPriceEurM2":90,"quality":"A","marketability":"Tržen posel","settlement":null,"address":null,"soldLandAreaM2":1399,"soldUsableAreaM2":null}},{"type":"Feature","id":665239,"geometry":{"type":"Point","coordinates":[14.424503341384163,46.02319690780092]},"properties":{"id":665239,"contractDate":"2022-08-02","contractYear":2022,"priceEur":110000,"mainCategory":"MEŠANI POSEL – STAVBA IN ZEMLJIŠČE","analyticalUnit":"NI_NEPOSREDNO_RAZDELJIV","analyticalPriceEurM2":null,"quality":"B","marketability":"Tržen posel – neustrezni podatki","settlement":null,"address":null,"soldLandAreaM2":711,"soldUsableAreaM2":58}},{"type":"Feature","id":665606,"geometry":{"type":"Point","coordinates":[14.436059929516254,45.88317049155207]},"properties":{"id":665606,"contractDate":"2022-08-08","contractYear":2022,"priceEur":84000,"mainCategory":"STAVBNO ZEMLJIŠČE","analyticalUnit":"STAVBNO_ZEMLJISCE_CISTO","analyticalPriceEurM2":106.73443456162644,"quality":"B","marketability":"Tržen posel – neustrezni podatki","settlement":null,"address":null,"soldLandAreaM2":787,"soldUsableAreaM2":null}},{"type":"Feature","id":665731,"geometry":{"type":"Point","coordinates":[14.404544106647279,46.02368971934019]},"properties":{"id":665731,"contractDate":"2022-07-27","contractYear":2022,"priceEur":5180,"mainCategory":"PRIPADAJOČE ZEMLJIŠČE","analyticalUnit":"NI_NEPOSREDNO_RAZDELJIV","analyticalPriceEurM2":null,"quality":"B","marketability":"Tržen posel – neustrezni podatki","settlement":null,"address":null,"soldLandAreaM2":74,"soldUsableAreaM2":null}},{"type":"Feature","id":665748,"geometry":{"type":"Point","coordinates":[14.407319421409591,46.000493169993845]},"properties":{"id":665748,"contractDate":"2022-08-10","contractYear":2022,"priceEur":329000,"mainCategory":"HIŠA S PRIPADAJOČIM ZEMLJIŠČEM","analyticalUnit":"HISA_CELI_POSEL","analyticalPriceEurM2":null,"quality":"B","marketability":"Tržen posel – neustrezni podatki","settlement":"ŽABNICA","address":"ŽABNICA 62 D","soldLandAreaM2":179.44444444444446,"soldUsableAreaM2":120.3}},{"type":"Feature","id":666085,"geometry":{"type":"Point","coordinates":[14.425314402599511,45.97206727045027]},"properties":{"id":666085,"contractDate":"2022-08-16","contractYear":2022,"priceEur":122000,"mainCategory":"STAVBNO ZEMLJIŠČE","analyticalUnit":"STAVBNO_ZEMLJISCE_CISTO","analyticalPriceEurM2":127.08333333333331,"quality":"B","marketability":"Tržen posel – neustrezni podatki","settlement":null,"address":null,"soldLandAreaM2":960,"soldUsableAreaM2":null}},{"type":"Feature","id":666246,"geometry":{"type":"Point","coordinates":[14.428840925305408,45.97158304290212]},"properties":{"id":666246,"contractDate":"2022-08-10","contractYear":2022,"priceEur":150000,"mainCategory":"HIŠA S PRIPADAJOČIM ZEMLJIŠČEM","analyticalUnit":"HISA_CELI_POSEL","analyticalPriceEurM2":null,"quality":"C","marketability":"Drug posel","settlement":"JEZERO","address":"JEZERO 35","soldLandAreaM2":798,"soldUsableAreaM2":191.5}},{"type":"Feature","id":666386,"geometry":{"type":"Point","coordinates":[14.394973162988352,45.993608275423284]},"properties":{"id":666386,"contractDate":"2022-08-03","contractYear":2022,"priceEur":21204,"mainCategory":"KMETIJSKO ZEMLJIŠČE","analyticalUnit":"KMETIJSKO_ZEMLJISCE_CISTO","analyticalPriceEurM2":2,"quality":"A","marketability":"Tržen posel","settlement":null,"address":null,"soldLandAreaM2":10602,"soldUsableAreaM2":null}},{"type":"Feature","id":666666,"geometry":{"type":"Point","coordinates":[14.381991429454942,45.94286730121062]},"properties":{"id":666666,"contractDate":"2022-08-18","contractYear":2022,"priceEur":4126.65,"mainCategory":"GOZDNO ZEMLJIŠČE","analyticalUnit":"NI_NEPOSREDNO_RAZDELJIV","analyticalPriceEurM2":null,"quality":"C","marketability":"Drug posel","settlement":null,"address":null,"soldLandAreaM2":6877.75,"soldUsableAreaM2":null}},{"type":"Feature","id":668076,"geometry":{"type":"Point","coordinates":[14.422862934414022,45.97263567323073]},"properties":{"id":668076,"contractDate":"2022-02-03","contractYear":2022,"priceEur":5300,"mainCategory":"STAVBNO ZEMLJIŠČE","analyticalUnit":"NI_NEPOSREDNO_RAZDELJIV","analyticalPriceEurM2":null,"quality":"C","marketability":"Drug posel","settlement":null,"address":null,"soldLandAreaM2":90.33333333333331,"soldUsableAreaM2":null}},{"type":"Feature","id":668081,"geometry":{"type":"Point","coordinates":[14.420207223202732,46.02690781203941]},"properties":{"id":668081,"contractDate":"2022-06-20","contractYear":2022,"priceEur":3300,"mainCategory":"MEŠANO/DRUGO ZEMLJIŠČE","analyticalUnit":"NI_NEPOSREDNO_RAZDELJIV","analyticalPriceEurM2":null,"quality":"B","marketability":"Tržen posel – neustrezni podatki","settlement":null,"address":null,"soldLandAreaM2":619,"soldUsableAreaM2":null}},{"type":"Feature","id":668114,"geometry":{"type":"Point","coordinates":[14.475104731960114,45.8828128645846]},"properties":{"id":668114,"contractDate":"2022-07-07","contractYear":2022,"priceEur":13106.25,"mainCategory":"GOZDNO ZEMLJIŠČE","analyticalUnit":"GOZDNO_ZEMLJISCE_CISTO","analyticalPriceEurM2":0.45,"quality":"A","marketability":"Tržen posel","settlement":null,"address":null,"soldLandAreaM2":29125,"soldUsableAreaM2":null}},{"type":"Feature","id":668638,"geometry":{"type":"Point","coordinates":[14.419799251027829,46.02007102744722]},"properties":{"id":668638,"contractDate":"2022-08-24","contractYear":2022,"priceEur":257000,"mainCategory":"STANOVANJE Z DODATKI/ZEMLJIŠČEM","analyticalUnit":"NI_NEPOSREDNO_RAZDELJIV","analyticalPriceEurM2":null,"quality":"B","marketability":"Tržen posel – neustrezni podatki","settlement":"BREZOVICA PRI LJUBLJANI","address":"PODSVETIJA 24 A","soldLandAreaM2":96.69239766081871,"soldUsableAreaM2":70.7}},{"type":"Feature","id":669247,"geometry":{"type":"Point","coordinates":[14.399424295793269,45.98755070432691]},"properties":{"id":669247,"contractDate":"2022-09-01","contractYear":2022,"priceEur":100000,"mainCategory":"HIŠA S PRIPADAJOČIM ZEMLJIŠČEM","analyticalUnit":"NI_NEPOSREDNO_RAZDELJIV","analyticalPriceEurM2":null,"quality":"B","marketability":"Tržen posel – neustrezni podatki","settlement":"NOTRANJE GORICE","address":"NA PESKE 1","soldLandAreaM2":592,"soldUsableAreaM2":158.7}},{"type":"Feature","id":669369,"geometry":{"type":"Point","coordinates":[14.407201663356117,46.000490249845875]},"properties":{"id":669369,"contractDate":"2022-08-31","contractYear":2022,"priceEur":117500,"mainCategory":"HIŠA S PRIPADAJOČIM ZEMLJIŠČEM","analyticalUnit":"HISA_CELI_POSEL","analyticalPriceEurM2":null,"quality":"C","marketability":"Drug posel","settlement":"ŽABNICA","address":"ŽABNICA 62 C","soldLandAreaM2":108.77222222222224,"soldUsableAreaM2":52.785}},{"type":"Feature","id":669375,"geometry":{"type":"Point","coordinates":[14.426377450089014,45.89429508615049]},"properties":{"id":669375,"contractDate":"2022-09-01","contractYear":2022,"priceEur":6615,"mainCategory":"KMETIJSKO ZEMLJIŠČE","analyticalUnit":"KMETIJSKO_ZEMLJISCE_CISTO","analyticalPriceEurM2":5,"quality":"B","marketability":"Tržen posel – neustrezni podatki","settlement":null,"address":null,"soldLandAreaM2":1323,"soldUsableAreaM2":null}},{"type":"Feature","id":669426,"geometry":{"type":"Point","coordinates":[14.437018011416061,45.891148503705196]},"properties":{"id":669426,"contractDate":"2022-09-06","contractYear":2022,"priceEur":90000,"mainCategory":"HIŠA S PRIPADAJOČIM ZEMLJIŠČEM","analyticalUnit":"NI_NEPOSREDNO_RAZDELJIV","analyticalPriceEurM2":null,"quality":"B","marketability":"Tržen posel – neustrezni podatki","settlement":"RAKITNA","address":"RAKITNA 40","soldLandAreaM2":571,"soldUsableAreaM2":113.1}},{"type":"Feature","id":669562,"geometry":{"type":"Point","coordinates":[14.365888222974256,45.957259009413036]},"properties":{"id":669562,"contractDate":"2022-09-06","contractYear":2022,"priceEur":7506.5,"mainCategory":"MEŠANO/DRUGO ZEMLJIŠČE","analyticalUnit":"NI_NEPOSREDNO_RAZDELJIV","analyticalPriceEurM2":null,"quality":"C","marketability":"Drug posel","settlement":null,"address":null,"soldLandAreaM2":15013,"soldUsableAreaM2":null}},{"type":"Feature","id":669563,"geometry":{"type":"Point","coordinates":[14.413912274024014,46.01007757733374]},"properties":{"id":669563,"contractDate":"2022-09-06","contractYear":2022,"priceEur":163600,"mainCategory":"STANOVANJE","analyticalUnit":"STANOVANJE_CISTO","analyticalPriceEurM2":2127.438231469441,"quality":"B","marketability":"Tržen posel – neustrezni podatki","settlement":"VNANJE GORICE","address":"VNANJE GORICE 11","soldLandAreaM2":null,"soldUsableAreaM2":76.9}},{"type":"Feature","id":669852,"geometry":{"type":"Point","coordinates":[14.423513802467658,46.02136431685407]},"properties":{"id":669852,"contractDate":"2022-09-08","contractYear":2022,"priceEur":320000,"mainCategory":"HIŠA S PRIPADAJOČIM ZEMLJIŠČEM","analyticalUnit":"HISA_CELI_POSEL","analyticalPriceEurM2":null,"quality":"B","marketability":"Tržen posel – neustrezni podatki","settlement":"BREZOVICA PRI LJUBLJANI","address":"ULICA JOŽETA KOPITARJA 19 A","soldLandAreaM2":1495,"soldUsableAreaM2":170.5}},{"type":"Feature","id":670054,"geometry":{"type":"Point","coordinates":[14.432388853991897,45.88996691658945]},"properties":{"id":670054,"contractDate":"2022-09-08","contractYear":2022,"priceEur":3300,"mainCategory":"STAVBNO ZEMLJIŠČE","analyticalUnit":"STAVBNO_ZEMLJISCE_CISTO","analyticalPriceEurM2":50,"quality":"B","marketability":"Tržen posel – neustrezni podatki","settlement":null,"address":null,"soldLandAreaM2":66,"soldUsableAreaM2":null}},{"type":"Feature","id":670056,"geometry":{"type":"Point","coordinates":[14.427159240217495,45.99861515098236]},"properties":{"id":670056,"contractDate":"2022-08-25","contractYear":2022,"priceEur":4000,"mainCategory":"KMETIJSKO ZEMLJIŠČE","analyticalUnit":"KMETIJSKO_ZEMLJISCE_CISTO","analyticalPriceEurM2":5,"quality":"A","marketability":"Tržen posel","settlement":null,"address":null,"soldLandAreaM2":800,"soldUsableAreaM2":null}},{"type":"Feature","id":670057,"geometry":{"type":"Point","coordinates":[14.370851744067537,45.967052795002864]},"properties":{"id":670057,"contractDate":"2022-09-12","contractYear":2022,"priceEur":25000,"mainCategory":"KMETIJSKO ZEMLJIŠČE","analyticalUnit":"KMETIJSKO_ZEMLJISCE_CISTO","analyticalPriceEurM2":4.806767929244376,"quality":"A","marketability":"Tržen posel","settlement":null,"address":null,"soldLandAreaM2":5201,"soldUsableAreaM2":null}},{"type":"Feature","id":670064,"geometry":{"type":"Point","coordinates":[14.441285268250043,45.88106880008591]},"properties":{"id":670064,"contractDate":"2022-09-09","contractYear":2022,"priceEur":332000,"mainCategory":"HIŠA S PRIPADAJOČIM ZEMLJIŠČEM","analyticalUnit":"HISA_CELI_POSEL","analyticalPriceEurM2":null,"quality":"B","marketability":"Tržen posel – neustrezni podatki","settlement":"RAKITNA","address":"RAKITNA 467","soldLandAreaM2":618,"soldUsableAreaM2":95}},{"type":"Feature","id":670505,"geometry":{"type":"Point","coordinates":[14.425885690868613,46.02348301140996]},"properties":{"id":670505,"contractDate":"2022-09-19","contractYear":2022,"priceEur":155000,"mainCategory":"STAVBNO ZEMLJIŠČE","analyticalUnit":"STAVBNO_ZEMLJISCE_CISTO","analyticalPriceEurM2":310,"quality":"B","marketability":"Tržen posel – neustrezni podatki","settlement":null,"address":null,"soldLandAreaM2":500,"soldUsableAreaM2":null}},{"type":"Feature","id":671758,"geometry":{"type":"Point","coordinates":[14.383018545364576,45.98738018869937]},"properties":{"id":671758,"contractDate":"2022-08-18","contractYear":2022,"priceEur":25537,"mainCategory":"KMETIJSKO ZEMLJIŠČE","analyticalUnit":"KMETIJSKO_ZEMLJISCE_CISTO","analyticalPriceEurM2":1,"quality":"A","marketability":"Tržen posel","settlement":null,"address":null,"soldLandAreaM2":25537,"soldUsableAreaM2":null}},{"type":"Feature","id":671761,"geometry":{"type":"Point","coordinates":[14.381881907163942,45.95246613138085]},"properties":{"id":671761,"contractDate":"2022-07-27","contractYear":2022,"priceEur":75000,"mainCategory":"STAVBNO ZEMLJIŠČE","analyticalUnit":"STAVBNO_ZEMLJISCE_CISTO","analyticalPriceEurM2":75,"quality":"B","marketability":"Tržen posel – neustrezni podatki","settlement":null,"address":null,"soldLandAreaM2":1000,"soldUsableAreaM2":null}},{"type":"Feature","id":672360,"geometry":{"type":"Point","coordinates":[14.41686995067179,45.969236374964574]},"properties":{"id":672360,"contractDate":"2022-09-29","contractYear":2022,"priceEur":420000,"mainCategory":"HIŠA S PRIPADAJOČIM ZEMLJIŠČEM","analyticalUnit":"HISA_CELI_POSEL","analyticalPriceEurM2":null,"quality":"B","marketability":"Tržen posel – neustrezni podatki","settlement":"PODPEČ","address":"PODPEČ 14 B","soldLandAreaM2":635,"soldUsableAreaM2":122}},{"type":"Feature","id":672903,"geometry":{"type":"Point","coordinates":[14.446196490213687,45.97426193214742]},"properties":{"id":672903,"contractDate":"2022-09-29","contractYear":2022,"priceEur":5.23,"mainCategory":"PRIPADAJOČE ZEMLJIŠČE","analyticalUnit":"NI_NEPOSREDNO_RAZDELJIV","analyticalPriceEurM2":null,"quality":"C","marketability":"Drug posel","settlement":null,"address":null,"soldLandAreaM2":5.625,"soldUsableAreaM2":null}},{"type":"Feature","id":673177,"geometry":{"type":"Point","coordinates":[14.431843944623278,45.94964705293687]},"properties":{"id":673177,"contractDate":"2022-09-22","contractYear":2022,"priceEur":23154.45,"mainCategory":"GOZDNO ZEMLJIŠČE","analyticalUnit":"GOZDNO_ZEMLJISCE_CISTO","analyticalPriceEurM2":0.55,"quality":"A","marketability":"Tržen posel","settlement":null,"address":null,"soldLandAreaM2":42099,"soldUsableAreaM2":null}},{"type":"Feature","id":673271,"geometry":{"type":"Point","coordinates":[14.408369594319197,45.99466149681208]},"properties":{"id":673271,"contractDate":"2022-10-10","contractYear":2022,"priceEur":200000,"mainCategory":"STANOVANJE Z DODATKI/ZEMLJIŠČEM","analyticalUnit":"NI_NEPOSREDNO_RAZDELJIV","analyticalPriceEurM2":null,"quality":"B","marketability":"Tržen posel – neustrezni podatki","settlement":"NOTRANJE GORICE","address":"GMAJNA 19","soldLandAreaM2":464,"soldUsableAreaM2":106.9}},{"type":"Feature","id":673336,"geometry":{"type":"Point","coordinates":[14.412479567511664,46.00813932638798]},"properties":{"id":673336,"contractDate":"2022-09-26","contractYear":2022,"priceEur":1398.84,"mainCategory":"MEŠANO/DRUGO ZEMLJIŠČE","analyticalUnit":"NI_NEPOSREDNO_RAZDELJIV","analyticalPriceEurM2":null,"quality":"C","marketability":"Drug posel","settlement":null,"address":null,"soldLandAreaM2":19.625,"soldUsableAreaM2":null}},{"type":"Feature","id":673338,"geometry":{"type":"Point","coordinates":[14.417298297091879,46.01777689461466]},"properties":{"id":673338,"contractDate":"2022-10-10","contractYear":2022,"priceEur":73000,"mainCategory":"STAVBNO ZEMLJIŠČE","analyticalUnit":"STAVBNO_ZEMLJISCE_CISTO","analyticalPriceEurM2":221.2121212121212,"quality":"B","marketability":"Tržen posel – neustrezni podatki","settlement":null,"address":null,"soldLandAreaM2":330,"soldUsableAreaM2":null}},{"type":"Feature","id":673420,"geometry":{"type":"Point","coordinates":[14.435190700475433,45.889108167578435]},"properties":{"id":673420,"contractDate":"2022-10-12","contractYear":2022,"priceEur":182000,"mainCategory":"HIŠA S PRIPADAJOČIM ZEMLJIŠČEM","analyticalUnit":"HISA_CELI_POSEL","analyticalPriceEurM2":null,"quality":"B","marketability":"Tržen posel – neustrezni podatki","settlement":"RAKITNA","address":"RAKITNA 164","soldLandAreaM2":692,"soldUsableAreaM2":94.5}},{"type":"Feature","id":673427,"geometry":{"type":"Point","coordinates":[14.428377542578533,45.892009883300005]},"properties":{"id":673427,"contractDate":"2022-10-11","contractYear":2022,"priceEur":49599,"mainCategory":"STAVBNO ZEMLJIŠČE","analyticalUnit":"NI_NEPOSREDNO_RAZDELJIV","analyticalPriceEurM2":null,"quality":"B","marketability":"Tržen posel – neustrezni podatki","settlement":null,"address":null,"soldLandAreaM2":549.5,"soldUsableAreaM2":null}},{"type":"Feature","id":673754,"geometry":{"type":"Point","coordinates":[14.407412473113244,46.02932795949827]},"properties":{"id":673754,"contractDate":"2022-09-02","contractYear":2022,"priceEur":15000,"mainCategory":"GOZDNO ZEMLJIŠČE","analyticalUnit":"GOZDNO_ZEMLJISCE_CISTO","analyticalPriceEurM2":1.682935038707506,"quality":"A","marketability":"Tržen posel","settlement":null,"address":null,"soldLandAreaM2":8913,"soldUsableAreaM2":null}},{"type":"Feature","id":673933,"geometry":{"type":"Point","coordinates":[14.405967387469516,46.00043858278082]},"properties":{"id":673933,"contractDate":"2022-10-18","contractYear":2022,"priceEur":260000,"mainCategory":"HIŠA S PRIPADAJOČIM ZEMLJIŠČEM","analyticalUnit":"HISA_CELI_POSEL","analyticalPriceEurM2":null,"quality":"B","marketability":"Tržen posel – neustrezni podatki","settlement":"ŽABNICA","address":"ŽABNICA 58","soldLandAreaM2":180,"soldUsableAreaM2":80.9}},{"type":"Feature","id":674123,"geometry":{"type":"Point","coordinates":[14.454698842143696,45.914172956422114]},"properties":{"id":674123,"contractDate":"2022-09-30","contractYear":2022,"priceEur":28280.1,"mainCategory":"GOZDNO ZEMLJIŠČE","analyticalUnit":"GOZDNO_ZEMLJISCE_CISTO","analyticalPriceEurM2":0.6999851488824533,"quality":"A","marketability":"Tržen posel","settlement":null,"address":null,"soldLandAreaM2":40401,"soldUsableAreaM2":null}},{"type":"Feature","id":674177,"geometry":{"type":"Point","coordinates":[14.442668882098191,45.883697888098716]},"properties":{"id":674177,"contractDate":"2022-10-19","contractYear":2022,"priceEur":210000,"mainCategory":"HIŠA S PRIPADAJOČIM ZEMLJIŠČEM","analyticalUnit":"HISA_CELI_POSEL","analyticalPriceEurM2":null,"quality":"B","marketability":"Tržen posel – neustrezni podatki","settlement":"RAKITNA","address":"RAKITNA 438","soldLandAreaM2":706,"soldUsableAreaM2":99.4}},{"type":"Feature","id":675703,"geometry":{"type":"Point","coordinates":[14.40506788647692,45.958075465526335]},"properties":{"id":675703,"contractDate":"2022-10-19","contractYear":2022,"priceEur":77000,"mainCategory":"STAVBNO ZEMLJIŠČE","analyticalUnit":"STAVBNO_ZEMLJISCE_CISTO","analyticalPriceEurM2":140,"quality":"B","marketability":"Tržen posel – neustrezni podatki","settlement":null,"address":null,"soldLandAreaM2":550,"soldUsableAreaM2":null}},{"type":"Feature","id":675925,"geometry":{"type":"Point","coordinates":[14.381392438375945,45.94970603603145]},"properties":{"id":675925,"contractDate":"2022-10-18","contractYear":2022,"priceEur":54225,"mainCategory":"STAVBNO ZEMLJIŠČE","analyticalUnit":"STAVBNO_ZEMLJISCE_CISTO","analyticalPriceEurM2":75,"quality":"B","marketability":"Tržen posel – neustrezni podatki","settlement":null,"address":null,"soldLandAreaM2":723,"soldUsableAreaM2":null}},{"type":"Feature","id":676104,"geometry":{"type":"Point","coordinates":[14.418545347654362,45.95760604988952]},"properties":{"id":676104,"contractDate":"2022-10-26","contractYear":2022,"priceEur":26000,"mainCategory":"STAVBNO ZEMLJIŠČE","analyticalUnit":"STAVBNO_ZEMLJISCE_CISTO","analyticalPriceEurM2":52.525252525252526,"quality":"B","marketability":"Tržen posel – neustrezni podatki","settlement":null,"address":null,"soldLandAreaM2":495,"soldUsableAreaM2":null}},{"type":"Feature","id":677432,"geometry":{"type":"Point","coordinates":[14.400667912100934,45.990361509188084]},"properties":{"id":677432,"contractDate":"2022-11-10","contractYear":2022,"priceEur":55050,"mainCategory":"MEŠANO/DRUGO ZEMLJIŠČE","analyticalUnit":"NI_NEPOSREDNO_RAZDELJIV","analyticalPriceEurM2":null,"quality":"B","marketability":"Tržen posel – neustrezni podatki","settlement":null,"address":null,"soldLandAreaM2":615,"soldUsableAreaM2":null}},{"type":"Feature","id":677595,"geometry":{"type":"Point","coordinates":[14.411738000938033,45.995652702313535]},"properties":{"id":677595,"contractDate":"2022-10-27","contractYear":2022,"priceEur":79500,"mainCategory":"KMETIJSKO ZEMLJIŠČE","analyticalUnit":"KMETIJSKO_ZEMLJISCE_CISTO","analyticalPriceEurM2":19.840279510856003,"quality":"C","marketability":"Drug posel","settlement":null,"address":null,"soldLandAreaM2":4007,"soldUsableAreaM2":null}},{"type":"Feature","id":677792,"geometry":{"type":"Point","coordinates":[14.396469592612648,45.96480079216642]},"properties":{"id":677792,"contractDate":"2022-11-10","contractYear":2022,"priceEur":122000,"mainCategory":"STANOVANJE Z DODATKI/ZEMLJIŠČEM","analyticalUnit":"NI_NEPOSREDNO_RAZDELJIV","analyticalPriceEurM2":null,"quality":"C","marketability":"Drug posel","settlement":"KAMNIK POD KRIMOM","address":"KAMNIK POD KRIMOM 2 A","soldLandAreaM2":141.96,"soldUsableAreaM2":64}},{"type":"Feature","id":677931,"geometry":{"type":"Point","coordinates":[14.439271662585337,45.88187801062951]},"properties":{"id":677931,"contractDate":"2022-11-12","contractYear":2022,"priceEur":250000,"mainCategory":"HIŠA S PRIPADAJOČIM ZEMLJIŠČEM","analyticalUnit":"HISA_CELI_POSEL","analyticalPriceEurM2":null,"quality":"B","marketability":"Tržen posel – neustrezni podatki","settlement":"RAKITNA","address":"RAKITNA 376","soldLandAreaM2":1065,"soldUsableAreaM2":100.4}},{"type":"Feature","id":679076,"geometry":{"type":"Point","coordinates":[14.400554870195432,45.99065711978898]},"properties":{"id":679076,"contractDate":"2022-11-10","contractYear":2022,"priceEur":55050,"mainCategory":"GOZDNO ZEMLJIŠČE","analyticalUnit":"GOZDNO_ZEMLJISCE_CISTO","analyticalPriceEurM2":58.00842992623814,"quality":"B","marketability":"Tržen posel – neustrezni podatki","settlement":null,"address":null,"soldLandAreaM2":949,"soldUsableAreaM2":null}},{"type":"Feature","id":679346,"geometry":{"type":"Point","coordinates":[14.373809360541337,45.95845336227853]},"properties":{"id":679346,"contractDate":"2022-11-24","contractYear":2022,"priceEur":4741,"mainCategory":"KMETIJSKO ZEMLJIŠČE","analyticalUnit":"KMETIJSKO_ZEMLJISCE_CISTO","analyticalPriceEurM2":1,"quality":"A","marketability":"Tržen posel","settlement":null,"address":null,"soldLandAreaM2":4741,"soldUsableAreaM2":null}},{"type":"Feature","id":679551,"geometry":{"type":"Point","coordinates":[14.409538787657125,46.02360487213156]},"properties":{"id":679551,"contractDate":"2022-11-23","contractYear":2022,"priceEur":70000,"mainCategory":"STAVBNO ZEMLJIŠČE","analyticalUnit":"STAVBNO_ZEMLJISCE_CISTO","analyticalPriceEurM2":140.8450704225352,"quality":"C","marketability":"Neopredeljen posel","settlement":null,"address":null,"soldLandAreaM2":497,"soldUsableAreaM2":null}},{"type":"Feature","id":680915,"geometry":{"type":"Point","coordinates":[14.420381731121775,45.97626594701947]},"properties":{"id":680915,"contractDate":"2022-12-12","contractYear":2022,"priceEur":320000,"mainCategory":"HIŠA S PRIPADAJOČIM ZEMLJIŠČEM","analyticalUnit":"HISA_CELI_POSEL","analyticalPriceEurM2":null,"quality":"B","marketability":"Tržen posel – neustrezni podatki","settlement":"JEZERO","address":"JEZERO 205","soldLandAreaM2":293.7,"soldUsableAreaM2":96}},{"type":"Feature","id":682562,"geometry":{"type":"Point","coordinates":[14.428288039166846,45.89140625109513]},"properties":{"id":682562,"contractDate":"2022-10-21","contractYear":2022,"priceEur":1500,"mainCategory":"STAVBNO ZEMLJIŠČE","analyticalUnit":"STAVBNO_ZEMLJISCE_CISTO","analyticalPriceEurM2":4.109589041095891,"quality":"C","marketability":"Drug posel","settlement":null,"address":null,"soldLandAreaM2":365,"soldUsableAreaM2":null}},{"type":"Feature","id":682640,"geometry":{"type":"Point","coordinates":[14.422471036304078,45.8771607114458]},"properties":{"id":682640,"contractDate":"2022-11-05","contractYear":2022,"priceEur":8417.6,"mainCategory":"GOZDNO ZEMLJIŠČE","analyticalUnit":"GOZDNO_ZEMLJISCE_CISTO","analyticalPriceEurM2":0.8,"quality":"A","marketability":"Tržen posel","settlement":null,"address":null,"soldLandAreaM2":10522,"soldUsableAreaM2":null}},{"type":"Feature","id":682974,"geometry":{"type":"Point","coordinates":[14.426572838830117,46.010442473148224]},"properties":{"id":682974,"contractDate":"2022-10-26","contractYear":2022,"priceEur":375000,"mainCategory":"HIŠA S PRIPADAJOČIM ZEMLJIŠČEM","analyticalUnit":"NI_NEPOSREDNO_RAZDELJIV","analyticalPriceEurM2":null,"quality":"B","marketability":"Tržen posel – neustrezni podatki","settlement":"VNANJE GORICE","address":"NOVA POT 112","soldLandAreaM2":1480,"soldUsableAreaM2":173.9}},{"type":"Feature","id":683033,"geometry":{"type":"Point","coordinates":[14.398535217060893,45.987361298766146]},"properties":{"id":683033,"contractDate":"2022-12-27","contractYear":2022,"priceEur":75000,"mainCategory":"MEŠANI POSEL – STAVBA IN ZEMLJIŠČE","analyticalUnit":"NI_NEPOSREDNO_RAZDELJIV","analyticalPriceEurM2":null,"quality":"B","marketability":"Tržen posel – neustrezni podatki","settlement":null,"address":null,"soldLandAreaM2":566,"soldUsableAreaM2":50}},{"type":"Feature","id":683381,"geometry":{"type":"Point","coordinates":[14.410229116200064,45.96248077960387]},"properties":{"id":683381,"contractDate":"2022-12-28","contractYear":2022,"priceEur":10000,"mainCategory":"STAVBNO ZEMLJIŠČE","analyticalUnit":"STAVBNO_ZEMLJISCE_CISTO","analyticalPriceEurM2":135.13513513513513,"quality":"B","marketability":"Tržen posel – neustrezni podatki","settlement":null,"address":null,"soldLandAreaM2":74,"soldUsableAreaM2":null}},{"type":"Feature","id":683382,"geometry":{"type":"Point","coordinates":[14.417641121716562,46.02957947389961]},"properties":{"id":683382,"contractDate":"2022-12-29","contractYear":2022,"priceEur":3600,"mainCategory":"MEŠANO/DRUGO ZEMLJIŠČE","analyticalUnit":"NI_NEPOSREDNO_RAZDELJIV","analyticalPriceEurM2":null,"quality":"B","marketability":"Tržen posel – neustrezni podatki","settlement":null,"address":null,"soldLandAreaM2":36,"soldUsableAreaM2":null}},{"type":"Feature","id":683512,"geometry":{"type":"Point","coordinates":[14.394011490883473,45.98690216091312]},"properties":{"id":683512,"contractDate":"2022-12-24","contractYear":2022,"priceEur":260000,"mainCategory":"HIŠA S PRIPADAJOČIM ZEMLJIŠČEM","analyticalUnit":"NI_NEPOSREDNO_RAZDELJIV","analyticalPriceEurM2":null,"quality":"B","marketability":"Tržen posel – neustrezni podatki","settlement":"NOTRANJE GORICE","address":"CESTA NA LOG 47","soldLandAreaM2":573,"soldUsableAreaM2":154.6}},{"type":"Feature","id":684106,"geometry":{"type":"Point","coordinates":[14.379608673205766,46.00378701807463]},"properties":{"id":684106,"contractDate":"2023-01-12","contractYear":2023,"priceEur":226500,"mainCategory":"HIŠA S PRIPADAJOČIM ZEMLJIŠČEM","analyticalUnit":"HISA_CELI_POSEL","analyticalPriceEurM2":null,"quality":"C","marketability":"Drug posel","settlement":"PODPLEŠIVICA","address":"PODPLEŠIVICA 83","soldLandAreaM2":1411,"soldUsableAreaM2":158}},{"type":"Feature","id":684666,"geometry":{"type":"Point","coordinates":[14.407008364730176,45.999167693166896]},"properties":{"id":684666,"contractDate":"2023-01-09","contractYear":2023,"priceEur":332000,"mainCategory":"STANOVANJE Z DODATKI/ZEMLJIŠČEM","analyticalUnit":"NI_NEPOSREDNO_RAZDELJIV","analyticalPriceEurM2":null,"quality":"B","marketability":"Tržen posel – neustrezni podatki","settlement":"ŽABNICA","address":"ŽABNICA 75","soldLandAreaM2":610,"soldUsableAreaM2":125.9}},{"type":"Feature","id":686109,"geometry":{"type":"Point","coordinates":[14.422728944682424,45.953282975911655]},"properties":{"id":686109,"contractDate":"2023-03-09","contractYear":2023,"priceEur":270000,"mainCategory":"STANOVANJE","analyticalUnit":"NI_NEPOSREDNO_RAZDELJIV","analyticalPriceEurM2":null,"quality":"B","marketability":"Tržen posel – neustrezni podatki","settlement":"PRESERJE","address":"PRESERJE 54 T","soldLandAreaM2":null,"soldUsableAreaM2":60.5}},{"type":"Feature","id":688850,"geometry":{"type":"Point","coordinates":[14.421313064951546,45.95449734697691]},"properties":{"id":688850,"contractDate":"2022-12-23","contractYear":2022,"priceEur":230000,"mainCategory":"HIŠA S PRIPADAJOČIM ZEMLJIŠČEM","analyticalUnit":"HISA_CELI_POSEL","analyticalPriceEurM2":null,"quality":"B","marketability":"Tržen posel – neustrezni podatki","settlement":"PRESERJE","address":"PRESERJE 54 P","soldLandAreaM2":156,"soldUsableAreaM2":98.5}},{"type":"Feature","id":688906,"geometry":{"type":"Point","coordinates":[14.39792526688987,45.98807922857417]},"properties":{"id":688906,"contractDate":"2022-11-22","contractYear":2022,"priceEur":22700,"mainCategory":"HIŠA S PRIPADAJOČIM ZEMLJIŠČEM","analyticalUnit":"NI_NEPOSREDNO_RAZDELJIV","analyticalPriceEurM2":null,"quality":"C","marketability":"Drug posel","settlement":"NOTRANJE GORICE","address":"V KOSOV LAZ 18","soldLandAreaM2":128,"soldUsableAreaM2":140.2}},{"type":"Feature","id":689129,"geometry":{"type":"Point","coordinates":[14.428042020204336,45.89249342726035]},"properties":{"id":689129,"contractDate":"2023-01-23","contractYear":2023,"priceEur":2500,"mainCategory":"STAVBNO ZEMLJIŠČE","analyticalUnit":"STAVBNO_ZEMLJISCE_CISTO","analyticalPriceEurM2":92.5925925925926,"quality":"C","marketability":"Drug posel","settlement":null,"address":null,"soldLandAreaM2":27,"soldUsableAreaM2":null}},{"type":"Feature","id":689131,"geometry":{"type":"Point","coordinates":[14.41275276855044,46.01940923782713]},"properties":{"id":689131,"contractDate":"2023-01-24","contractYear":2023,"priceEur":130334,"mainCategory":"STAVBNO ZEMLJIŠČE","analyticalUnit":"NI_NEPOSREDNO_RAZDELJIV","analyticalPriceEurM2":null,"quality":"C","marketability":"Neopredeljen posel","settlement":null,"address":null,"soldLandAreaM2":651.6666666666666,"soldUsableAreaM2":null}},{"type":"Feature","id":689132,"geometry":{"type":"Point","coordinates":[14.412677045536356,46.01956143351496]},"properties":{"id":689132,"contractDate":"2023-01-24","contractYear":2023,"priceEur":149066.67,"mainCategory":"STAVBNO ZEMLJIŠČE","analyticalUnit":"NI_NEPOSREDNO_RAZDELJIV","analyticalPriceEurM2":null,"quality":"C","marketability":"Neopredeljen posel","settlement":null,"address":null,"soldLandAreaM2":745.3333333333334,"soldUsableAreaM2":null}},{"type":"Feature","id":689302,"geometry":{"type":"Point","coordinates":[14.443542964851192,45.8906410534176]},"properties":{"id":689302,"contractDate":"2023-01-25","contractYear":2023,"priceEur":95000,"mainCategory":"HIŠA S PRIPADAJOČIM ZEMLJIŠČEM","analyticalUnit":"HISA_CELI_POSEL","analyticalPriceEurM2":null,"quality":"B","marketability":"Tržen posel – neustrezni podatki","settlement":"RAKITNA","address":"RAKITNA 93","soldLandAreaM2":664,"soldUsableAreaM2":80}},{"type":"Feature","id":689413,"geometry":{"type":"Point","coordinates":[14.3816352377936,45.95038092088855]},"properties":{"id":689413,"contractDate":"2023-01-26","contractYear":2023,"priceEur":83520,"mainCategory":"STAVBNO ZEMLJIŠČE","analyticalUnit":"STAVBNO_ZEMLJISCE_CISTO","analyticalPriceEurM2":80,"quality":"B","marketability":"Tržen posel – neustrezni podatki","settlement":null,"address":null,"soldLandAreaM2":1044,"soldUsableAreaM2":null}},{"type":"Feature","id":689834,"geometry":{"type":"Point","coordinates":[14.417401271347826,45.95773230970946]},"properties":{"id":689834,"contractDate":"2023-01-31","contractYear":2023,"priceEur":3000,"mainCategory":"STAVBNO ZEMLJIŠČE","analyticalUnit":"STAVBNO_ZEMLJISCE_CISTO","analyticalPriceEurM2":21.73913043478261,"quality":"B","marketability":"Tržen posel – neustrezni podatki","settlement":null,"address":null,"soldLandAreaM2":138,"soldUsableAreaM2":null}},{"type":"Feature","id":690243,"geometry":{"type":"Point","coordinates":[14.402411185034438,45.99105792542227]},"properties":{"id":690243,"contractDate":"2023-02-06","contractYear":2023,"priceEur":177000,"mainCategory":"HIŠA S PRIPADAJOČIM ZEMLJIŠČEM","analyticalUnit":"HISA_CELI_POSEL","analyticalPriceEurM2":null,"quality":"B","marketability":"Tržen posel – neustrezni podatki","settlement":"NOTRANJE GORICE","address":"PODPEŠKA CESTA 362","soldLandAreaM2":323,"soldUsableAreaM2":96.1}},{"type":"Feature","id":690387,"geometry":{"type":"Point","coordinates":[14.406625451453266,45.99468118696735]},"properties":{"id":690387,"contractDate":"2023-02-13","contractYear":2023,"priceEur":250000,"mainCategory":"HIŠA S PRIPADAJOČIM ZEMLJIŠČEM","analyticalUnit":"NI_NEPOSREDNO_RAZDELJIV","analyticalPriceEurM2":null,"quality":"C","marketability":"Drug posel","settlement":"NOTRANJE GORICE","address":"MAVSARJEVA CESTA 7","soldLandAreaM2":429,"soldUsableAreaM2":236.3}},{"type":"Feature","id":733447,"geometry":{"type":"Point","coordinates":[14.415602016593617,46.00907714431625]},"properties":{"id":733447,"contractDate":"2023-02-18","contractYear":2023,"priceEur":2600,"mainCategory":"MEŠANO/DRUGO ZEMLJIŠČE","analyticalUnit":"NI_NEPOSREDNO_RAZDELJIV","analyticalPriceEurM2":null,"quality":"B","marketability":"Tržen posel – neustrezni podatki","settlement":null,"address":null,"soldLandAreaM2":55,"soldUsableAreaM2":null}},{"type":"Feature","id":733513,"geometry":{"type":"Point","coordinates":[14.37888683946413,45.95154552960937]},"properties":{"id":733513,"contractDate":"2022-11-18","contractYear":2022,"priceEur":8600,"mainCategory":"KMETIJSKO ZEMLJIŠČE","analyticalUnit":"KMETIJSKO_ZEMLJISCE_CISTO","analyticalPriceEurM2":33.07692307692308,"quality":"B","marketability":"Tržen posel – neustrezni podatki","settlement":null,"address":null,"soldLandAreaM2":260,"soldUsableAreaM2":null}},{"type":"Feature","id":733554,"geometry":{"type":"Point","coordinates":[14.453207804690313,45.93982441875982]},"properties":{"id":733554,"contractDate":"2023-02-21","contractYear":2023,"priceEur":8080.6,"mainCategory":"GOZDNO ZEMLJIŠČE","analyticalUnit":"GOZDNO_ZEMLJISCE_CISTO","analyticalPriceEurM2":0.55,"quality":"B","marketability":"Tržen posel – neustrezni podatki","settlement":null,"address":null,"soldLandAreaM2":14692,"soldUsableAreaM2":null}},{"type":"Feature","id":734016,"geometry":{"type":"Point","coordinates":[14.41078713039487,45.95495841103777]},"properties":{"id":734016,"contractDate":"2023-02-22","contractYear":2023,"priceEur":5076,"mainCategory":"KMETIJSKO ZEMLJIŠČE","analyticalUnit":"KMETIJSKO_ZEMLJISCE_CISTO","analyticalPriceEurM2":4,"quality":"C","marketability":"Neopredeljen posel","settlement":null,"address":null,"soldLandAreaM2":1269,"soldUsableAreaM2":null}},{"type":"Feature","id":734041,"geometry":{"type":"Point","coordinates":[14.435298439351484,45.88654721905042]},"properties":{"id":734041,"contractDate":"2023-02-27","contractYear":2023,"priceEur":60000,"mainCategory":"STAVBNO ZEMLJIŠČE","analyticalUnit":"STAVBNO_ZEMLJISCE_CISTO","analyticalPriceEurM2":63.09148264984227,"quality":"B","marketability":"Tržen posel – neustrezni podatki","settlement":null,"address":null,"soldLandAreaM2":951,"soldUsableAreaM2":null}},{"type":"Feature","id":734155,"geometry":{"type":"Point","coordinates":[14.432504456947335,46.01129317536856]},"properties":{"id":734155,"contractDate":"2023-02-24","contractYear":2023,"priceEur":170000,"mainCategory":"STANOVANJE Z DODATKI/ZEMLJIŠČEM","analyticalUnit":"NI_NEPOSREDNO_RAZDELJIV","analyticalPriceEurM2":null,"quality":"B","marketability":"Tržen posel – neustrezni podatki","settlement":"VNANJE GORICE","address":"NOVA POT 127 F","soldLandAreaM2":24,"soldUsableAreaM2":69.1}},{"type":"Feature","id":734560,"geometry":{"type":"Point","coordinates":[14.437249489093077,45.96802111683919]},"properties":{"id":734560,"contractDate":"2023-02-03","contractYear":2023,"priceEur":50000,"mainCategory":"HIŠA S PRIPADAJOČIM ZEMLJIŠČEM","analyticalUnit":"HISA_CELI_POSEL","analyticalPriceEurM2":null,"quality":"B","marketability":"Tržen posel – neustrezni podatki","settlement":"JEZERO","address":"JEZERO 117 B","soldLandAreaM2":710,"soldUsableAreaM2":25}},{"type":"Feature","id":734972,"geometry":{"type":"Point","coordinates":[14.422809889489274,45.975378534153464]},"properties":{"id":734972,"contractDate":"2023-03-07","contractYear":2023,"priceEur":1800,"mainCategory":"STAVBNO ZEMLJIŠČE","analyticalUnit":"STAVBNO_ZEMLJISCE_CISTO","analyticalPriceEurM2":50,"quality":"C","marketability":"Drug posel","settlement":null,"address":null,"soldLandAreaM2":36,"soldUsableAreaM2":null}},{"type":"Feature","id":735587,"geometry":{"type":"Point","coordinates":[14.377582711578397,45.992634734057944]},"properties":{"id":735587,"contractDate":"2023-03-03","contractYear":2023,"priceEur":89895.12,"mainCategory":"KMETIJSKO ZEMLJIŠČE","analyticalUnit":"NI_NEPOSREDNO_RAZDELJIV","analyticalPriceEurM2":null,"quality":"C","marketability":"Drug posel","settlement":null,"address":null,"soldLandAreaM2":2044,"soldUsableAreaM2":null}},{"type":"Feature","id":735838,"geometry":{"type":"Point","coordinates":[14.401830599625209,46.00619781935724]},"properties":{"id":735838,"contractDate":"2023-03-03","contractYear":2023,"priceEur":91874.22,"mainCategory":"KMETIJSKO ZEMLJIŠČE","analyticalUnit":"KMETIJSKO_ZEMLJISCE_CISTO","analyticalPriceEurM2":43.98,"quality":"C","marketability":"Neopredeljen posel","settlement":null,"address":null,"soldLandAreaM2":2089,"soldUsableAreaM2":null}},{"type":"Feature","id":735905,"geometry":{"type":"Point","coordinates":[14.431777557736176,45.89018423535691]},"properties":{"id":735905,"contractDate":"2023-03-16","contractYear":2023,"priceEur":1600,"mainCategory":"STAVBNO ZEMLJIŠČE","analyticalUnit":"STAVBNO_ZEMLJISCE_CISTO","analyticalPriceEurM2":50,"quality":"B","marketability":"Tržen posel – neustrezni podatki","settlement":null,"address":null,"soldLandAreaM2":32,"soldUsableAreaM2":null}},{"type":"Feature","id":736844,"geometry":{"type":"Point","coordinates":[14.444144991503542,45.89078052555815]},"properties":{"id":736844,"contractDate":"2023-01-26","contractYear":2023,"priceEur":5600,"mainCategory":"KMETIJSKO ZEMLJIŠČE","analyticalUnit":"KMETIJSKO_ZEMLJISCE_CISTO","analyticalPriceEurM2":80,"quality":"B","marketability":"Tržen posel – neustrezni podatki","settlement":null,"address":null,"soldLandAreaM2":70,"soldUsableAreaM2":null}},{"type":"Feature","id":736913,"geometry":{"type":"Point","coordinates":[14.410331349809683,45.96263413341131]},"properties":{"id":736913,"contractDate":"2023-02-28","contractYear":2023,"priceEur":103400,"mainCategory":"HIŠA S PRIPADAJOČIM ZEMLJIŠČEM","analyticalUnit":"HISA_CELI_POSEL","analyticalPriceEurM2":null,"quality":"C","marketability":"Neopredeljen posel","settlement":"KAMNIK POD KRIMOM","address":"KAMNIK POD KRIMOM 113","soldLandAreaM2":683,"soldUsableAreaM2":33}},{"type":"Feature","id":736944,"geometry":{"type":"Point","coordinates":[14.416013454856463,45.97475753615304]},"properties":{"id":736944,"contractDate":"2023-03-14","contractYear":2023,"priceEur":100000,"mainCategory":"STANOVANJE","analyticalUnit":"STANOVANJE_CISTO","analyticalPriceEurM2":1712.3287671232877,"quality":"A","marketability":"Tržen posel","settlement":"PODPEČ","address":"PODPEČ 63","soldLandAreaM2":null,"soldUsableAreaM2":58.4}},{"type":"Feature","id":737054,"geometry":{"type":"Point","coordinates":[14.41497968798736,46.00915655878073]},"properties":{"id":737054,"contractDate":"2023-03-21","contractYear":2023,"priceEur":30000,"mainCategory":"STAVBNO ZEMLJIŠČE","analyticalUnit":"STAVBNO_ZEMLJISCE_CISTO","analyticalPriceEurM2":100,"quality":"B","marketability":"Tržen posel – neustrezni podatki","settlement":null,"address":null,"soldLandAreaM2":300,"soldUsableAreaM2":null}},{"type":"Feature","id":737297,"geometry":{"type":"Point","coordinates":[14.424083961862552,45.983410452832025]},"properties":{"id":737297,"contractDate":"2023-03-21","contractYear":2023,"priceEur":9760,"mainCategory":"KMETIJSKO ZEMLJIŠČE","analyticalUnit":"KMETIJSKO_ZEMLJISCE_CISTO","analyticalPriceEurM2":1.909980430528376,"quality":"C","marketability":"Drug posel","settlement":null,"address":null,"soldLandAreaM2":5110,"soldUsableAreaM2":null}},{"type":"Feature","id":737502,"geometry":{"type":"Point","coordinates":[14.422273767038018,46.026309678064315]},"properties":{"id":737502,"contractDate":"2023-03-27","contractYear":2023,"priceEur":210000,"mainCategory":"HIŠA S PRIPADAJOČIM ZEMLJIŠČEM","analyticalUnit":"HISA_CELI_POSEL","analyticalPriceEurM2":null,"quality":"C","marketability":"Neopredeljen posel","settlement":"BREZOVICA PRI LJUBLJANI","address":"REMŠKARJEVA CESTA 18","soldLandAreaM2":438,"soldUsableAreaM2":149}},{"type":"Feature","id":737585,"geometry":{"type":"Point","coordinates":[14.413131911805145,46.02232496194892]},"properties":{"id":737585,"contractDate":"2023-03-31","contractYear":2023,"priceEur":115000,"mainCategory":"HIŠA S PRIPADAJOČIM ZEMLJIŠČEM","analyticalUnit":"HISA_CELI_POSEL","analyticalPriceEurM2":null,"quality":"C","marketability":"Drug posel","settlement":"BREZOVICA PRI LJUBLJANI","address":"MALOVAŠKA ULICA 24","soldLandAreaM2":603.5,"soldUsableAreaM2":120.5}},{"type":"Feature","id":737595,"geometry":{"type":"Point","coordinates":[14.413721892201645,46.02440362166566]},"properties":{"id":737595,"contractDate":"2023-03-29","contractYear":2023,"priceEur":2854.72,"mainCategory":"MEŠANO/DRUGO ZEMLJIŠČE","analyticalUnit":"NI_NEPOSREDNO_RAZDELJIV","analyticalPriceEurM2":null,"quality":"B","marketability":"Tržen posel – neustrezni podatki","settlement":null,"address":null,"soldLandAreaM2":22,"soldUsableAreaM2":null}},{"type":"Feature","id":737801,"geometry":{"type":"Point","coordinates":[14.413859604364044,46.02446245264925]},"properties":{"id":737801,"contractDate":"2023-03-29","contractYear":2023,"priceEur":908.32,"mainCategory":"MEŠANO/DRUGO ZEMLJIŠČE","analyticalUnit":"NI_NEPOSREDNO_RAZDELJIV","analyticalPriceEurM2":null,"quality":"B","marketability":"Tržen posel – neustrezni podatki","settlement":null,"address":null,"soldLandAreaM2":7,"soldUsableAreaM2":null}},{"type":"Feature","id":738414,"geometry":{"type":"Point","coordinates":[14.435707204277819,45.96894930344985]},"properties":{"id":738414,"contractDate":"2023-02-27","contractYear":2023,"priceEur":11900,"mainCategory":"KMETIJSKO ZEMLJIŠČE","analyticalUnit":"KMETIJSKO_ZEMLJISCE_CISTO","analyticalPriceEurM2":42.34875444839858,"quality":"B","marketability":"Tržen posel – neustrezni podatki","settlement":null,"address":null,"soldLandAreaM2":281,"soldUsableAreaM2":null}},{"type":"Feature","id":738415,"geometry":{"type":"Point","coordinates":[14.407938425769844,45.956468443077384]},"properties":{"id":738415,"contractDate":"2023-04-07","contractYear":2023,"priceEur":14000,"mainCategory":"STAVBNO ZEMLJIŠČE","analyticalUnit":"NI_NEPOSREDNO_RAZDELJIV","analyticalPriceEurM2":null,"quality":"C","marketability":"Drug posel","settlement":null,"address":null,"soldLandAreaM2":188.5,"soldUsableAreaM2":null}},{"type":"Feature","id":738529,"geometry":{"type":"Point","coordinates":[14.444456959086908,45.910213542132446]},"properties":{"id":738529,"contractDate":"2023-03-28","contractYear":2023,"priceEur":36237,"mainCategory":"GOZDNO ZEMLJIŠČE","analyticalUnit":"NI_NEPOSREDNO_RAZDELJIV","analyticalPriceEurM2":null,"quality":"C","marketability":"Drug posel","settlement":null,"address":null,"soldLandAreaM2":30197.5,"soldUsableAreaM2":null}},{"type":"Feature","id":738668,"geometry":{"type":"Point","coordinates":[14.426202896279753,46.0252072439418]},"properties":{"id":738668,"contractDate":"2023-04-19","contractYear":2023,"priceEur":276850,"mainCategory":"HIŠA S PRIPADAJOČIM ZEMLJIŠČEM","analyticalUnit":"HISA_CELI_POSEL","analyticalPriceEurM2":null,"quality":"B","marketability":"Tržen posel – neustrezni podatki","settlement":"BREZOVICA PRI LJUBLJANI","address":"TRŽAŠKA CESTA 473","soldLandAreaM2":705,"soldUsableAreaM2":73.9}},{"type":"Feature","id":739836,"geometry":{"type":"Point","coordinates":[14.396941496713556,45.96229473252358]},"properties":{"id":739836,"contractDate":"2023-04-19","contractYear":2023,"priceEur":4138,"mainCategory":"KMETIJSKO ZEMLJIŠČE","analyticalUnit":"KMETIJSKO_ZEMLJISCE_CISTO","analyticalPriceEurM2":1.2246226694288251,"quality":"B","marketability":"Tržen posel – neustrezni podatki","settlement":null,"address":null,"soldLandAreaM2":3379,"soldUsableAreaM2":null}},{"type":"Feature","id":739946,"geometry":{"type":"Point","coordinates":[14.413512062380308,46.00333691472341]},"properties":{"id":739946,"contractDate":"2023-04-20","contractYear":2023,"priceEur":105000,"mainCategory":"STANOVANJE","analyticalUnit":"STANOVANJE_CISTO","analyticalPriceEurM2":3079.1788856304984,"quality":"A","marketability":"Tržen posel","settlement":"VNANJE GORICE","address":"PODPEŠKA CESTA 192","soldLandAreaM2":null,"soldUsableAreaM2":34.1}},{"type":"Feature","id":740803,"geometry":{"type":"Point","coordinates":[14.417791208003768,45.955557296780576]},"properties":{"id":740803,"contractDate":"2023-05-16","contractYear":2023,"priceEur":2550,"mainCategory":"STAVBNO ZEMLJIŠČE","analyticalUnit":"STAVBNO_ZEMLJISCE_CISTO","analyticalPriceEurM2":75,"quality":"B","marketability":"Tržen posel – neustrezni podatki","settlement":null,"address":null,"soldLandAreaM2":34,"soldUsableAreaM2":null}},{"type":"Feature","id":741139,"geometry":{"type":"Point","coordinates":[14.424093446185788,45.95363546333426]},"properties":{"id":741139,"contractDate":"2023-03-21","contractYear":2023,"priceEur":20000,"mainCategory":"GOZDNO ZEMLJIŠČE","analyticalUnit":"GOZDNO_ZEMLJISCE_CISTO","analyticalPriceEurM2":6.449532408900355,"quality":"B","marketability":"Tržen posel – neustrezni podatki","settlement":null,"address":null,"soldLandAreaM2":3101,"soldUsableAreaM2":null}},{"type":"Feature","id":741215,"geometry":{"type":"Point","coordinates":[14.401472337618053,46.001907121828715]},"properties":{"id":741215,"contractDate":"2023-04-05","contractYear":2023,"priceEur":10030,"mainCategory":"KMETIJSKO ZEMLJIŠČE","analyticalUnit":"KMETIJSKO_ZEMLJISCE_CISTO","analyticalPriceEurM2":8.5,"quality":"B","marketability":"Tržen posel – neustrezni podatki","settlement":null,"address":null,"soldLandAreaM2":1180,"soldUsableAreaM2":null}},{"type":"Feature","id":741335,"geometry":{"type":"Point","coordinates":[14.42236868615044,45.95529124862125]},"properties":{"id":741335,"contractDate":"2023-05-08","contractYear":2023,"priceEur":50000,"mainCategory":"STAVBNO ZEMLJIŠČE","analyticalUnit":"STAVBNO_ZEMLJISCE_CISTO","analyticalPriceEurM2":50.55611729019211,"quality":"A","marketability":"Tržen posel","settlement":null,"address":null,"soldLandAreaM2":989,"soldUsableAreaM2":null}},{"type":"Feature","id":741394,"geometry":{"type":"Point","coordinates":[14.413048940659058,46.01523221360428]},"properties":{"id":741394,"contractDate":"2023-05-11","contractYear":2023,"priceEur":820000,"mainCategory":"HIŠA S PRIPADAJOČIM ZEMLJIŠČEM","analyticalUnit":"HISA_CELI_POSEL","analyticalPriceEurM2":null,"quality":"B","marketability":"Tržen posel – neustrezni podatki","settlement":"BREZOVICA PRI LJUBLJANI","address":"NA LAZIH 6","soldLandAreaM2":819,"soldUsableAreaM2":191.8}},{"type":"Feature","id":743453,"geometry":{"type":"Point","coordinates":[14.424659590010348,46.02399927765082]},"properties":{"id":743453,"contractDate":"2023-05-18","contractYear":2023,"priceEur":133256.17,"mainCategory":"STAVBNO ZEMLJIŠČE","analyticalUnit":"STAVBNO_ZEMLJISCE_CISTO","analyticalPriceEurM2":126.42900379506642,"quality":"C","marketability":"Neopredeljen posel","settlement":null,"address":null,"soldLandAreaM2":1054,"soldUsableAreaM2":null}},{"type":"Feature","id":744061,"geometry":{"type":"Point","coordinates":[14.437353016335834,45.88393342683356]},"properties":{"id":744061,"contractDate":"2023-05-15","contractYear":2023,"priceEur":123000,"mainCategory":"HIŠA S PRIPADAJOČIM ZEMLJIŠČEM","analyticalUnit":"HISA_CELI_POSEL","analyticalPriceEurM2":null,"quality":"C","marketability":"Drug posel","settlement":"RAKITNA","address":"RAKITNA 336","soldLandAreaM2":1114.5,"soldUsableAreaM2":77.4}},{"type":"Feature","id":745065,"geometry":{"type":"Point","coordinates":[14.42508575537525,46.02343706134639]},"properties":{"id":745065,"contractDate":"2023-07-18","contractYear":2023,"priceEur":12265.88,"mainCategory":"PRIPADAJOČE ZEMLJIŠČE","analyticalUnit":"NI_NEPOSREDNO_RAZDELJIV","analyticalPriceEurM2":null,"quality":"C","marketability":"Neopredeljen posel","settlement":null,"address":null,"soldLandAreaM2":185,"soldUsableAreaM2":null}},{"type":"Feature","id":745276,"geometry":{"type":"Point","coordinates":[14.413000374221156,46.008898119766386]},"properties":{"id":745276,"contractDate":"2023-06-01","contractYear":2023,"priceEur":400,"mainCategory":"PRIPADAJOČE ZEMLJIŠČE","analyticalUnit":"NI_NEPOSREDNO_RAZDELJIV","analyticalPriceEurM2":null,"quality":"C","marketability":"Drug posel","settlement":null,"address":null,"soldLandAreaM2":14.4,"soldUsableAreaM2":null}},{"type":"Feature","id":745443,"geometry":{"type":"Point","coordinates":[14.420929346646416,45.95616367226486]},"properties":{"id":745443,"contractDate":"2023-06-15","contractYear":2023,"priceEur":160000,"mainCategory":"STAVBNO ZEMLJIŠČE","analyticalUnit":"STAVBNO_ZEMLJISCE_CISTO","analyticalPriceEurM2":216.50879566982408,"quality":"B","marketability":"Tržen posel – neustrezni podatki","settlement":null,"address":null,"soldLandAreaM2":739,"soldUsableAreaM2":null}},{"type":"Feature","id":745561,"geometry":{"type":"Point","coordinates":[14.413040557076858,46.008865304785154]},"properties":{"id":745561,"contractDate":"2023-06-27","contractYear":2023,"priceEur":760,"mainCategory":"STAVBNO ZEMLJIŠČE","analyticalUnit":"STAVBNO_ZEMLJISCE_CISTO","analyticalPriceEurM2":20,"quality":"A","marketability":"Tržen posel","settlement":null,"address":null,"soldLandAreaM2":38,"soldUsableAreaM2":null}},{"type":"Feature","id":746199,"geometry":{"type":"Point","coordinates":[14.418961963814526,46.00602668970049]},"properties":{"id":746199,"contractDate":"2023-07-10","contractYear":2023,"priceEur":60000,"mainCategory":"HIŠA S PRIPADAJOČIM ZEMLJIŠČEM","analyticalUnit":"HISA_CELI_POSEL","analyticalPriceEurM2":null,"quality":"C","marketability":"Drug posel","settlement":"VNANJE GORICE","address":"VNANJE GORICE 64","soldLandAreaM2":189,"soldUsableAreaM2":59.4}},{"type":"Feature","id":746410,"geometry":{"type":"Point","coordinates":[14.393227436155705,45.98279523651299]},"properties":{"id":746410,"contractDate":"2023-07-10","contractYear":2023,"priceEur":7533.04,"mainCategory":"KMETIJSKO ZEMLJIŠČE","analyticalUnit":"KMETIJSKO_ZEMLJISCE_CISTO","analyticalPriceEurM2":1.36,"quality":"B","marketability":"Tržen posel – neustrezni podatki","settlement":null,"address":null,"soldLandAreaM2":5539,"soldUsableAreaM2":null}},{"type":"Feature","id":746535,"geometry":{"type":"Point","coordinates":[14.415971873104482,46.01658185174045]},"properties":{"id":746535,"contractDate":"2023-07-18","contractYear":2023,"priceEur":167250,"mainCategory":"STAVBNO ZEMLJIŠČE","analyticalUnit":"STAVBNO_ZEMLJISCE_CISTO","analyticalPriceEurM2":313.2022471910112,"quality":"B","marketability":"Tržen posel – neustrezni podatki","settlement":null,"address":null,"soldLandAreaM2":534,"soldUsableAreaM2":null}},{"type":"Feature","id":747061,"geometry":{"type":"Point","coordinates":[14.438468294786766,45.89017367053951]},"properties":{"id":747061,"contractDate":"2023-05-24","contractYear":2023,"priceEur":2650,"mainCategory":"PRIPADAJOČE ZEMLJIŠČE","analyticalUnit":"NI_NEPOSREDNO_RAZDELJIV","analyticalPriceEurM2":null,"quality":"B","marketability":"Tržen posel – neustrezni podatki","settlement":null,"address":null,"soldLandAreaM2":53,"soldUsableAreaM2":null}},{"type":"Feature","id":747259,"geometry":{"type":"Point","coordinates":[14.414744197219179,46.023475537912425]},"properties":{"id":747259,"contractDate":"2023-06-06","contractYear":2023,"priceEur":400,"mainCategory":"MEŠANO/DRUGO ZEMLJIŠČE","analyticalUnit":"NI_NEPOSREDNO_RAZDELJIV","analyticalPriceEurM2":null,"quality":"C","marketability":"Drug posel","settlement":null,"address":null,"soldLandAreaM2":12,"soldUsableAreaM2":null}},{"type":"Feature","id":747761,"geometry":{"type":"Point","coordinates":[14.43387254868549,45.88828712331695]},"properties":{"id":747761,"contractDate":"2023-06-19","contractYear":2023,"priceEur":264000,"mainCategory":"HIŠA S PRIPADAJOČIM ZEMLJIŠČEM","analyticalUnit":"HISA_CELI_POSEL","analyticalPriceEurM2":null,"quality":"B","marketability":"Tržen posel – neustrezni podatki","settlement":"RAKITNA","address":"RAKITNA 239","soldLandAreaM2":1454,"soldUsableAreaM2":42.6}},{"type":"Feature","id":747798,"geometry":{"type":"Point","coordinates":[14.433370821512794,45.882529229229654]},"properties":{"id":747798,"contractDate":"2023-06-26","contractYear":2023,"priceEur":80000,"mainCategory":"STAVBNO ZEMLJIŠČE","analyticalUnit":"STAVBNO_ZEMLJISCE_CISTO","analyticalPriceEurM2":65.3061224489796,"quality":"B","marketability":"Tržen posel – neustrezni podatki","settlement":null,"address":null,"soldLandAreaM2":1225,"soldUsableAreaM2":null}},{"type":"Feature","id":747954,"geometry":{"type":"Point","coordinates":[14.406322317837382,45.993210263215744]},"properties":{"id":747954,"contractDate":"2023-06-01","contractYear":2023,"priceEur":70000,"mainCategory":"STANOVANJE Z DODATKI/ZEMLJIŠČEM","analyticalUnit":"NI_NEPOSREDNO_RAZDELJIV","analyticalPriceEurM2":null,"quality":"C","marketability":"Neopredeljen posel","settlement":"NOTRANJE GORICE","address":"MAVSARJEVA CESTA 28","soldLandAreaM2":209,"soldUsableAreaM2":49}},{"type":"Feature","id":748293,"geometry":{"type":"Point","coordinates":[14.431874635794475,45.89119430457706]},"properties":{"id":748293,"contractDate":"2023-06-09","contractYear":2023,"priceEur":120000,"mainCategory":"MEŠANO/DRUGO ZEMLJIŠČE","analyticalUnit":"NI_NEPOSREDNO_RAZDELJIV","analyticalPriceEurM2":null,"quality":"B","marketability":"Tržen posel – neustrezni podatki","settlement":null,"address":null,"soldLandAreaM2":1457.8,"soldUsableAreaM2":null}},{"type":"Feature","id":748740,"geometry":{"type":"Point","coordinates":[14.421178893114009,45.95603482933346]},"properties":{"id":748740,"contractDate":"2023-06-20","contractYear":2023,"priceEur":137500,"mainCategory":"STAVBNO ZEMLJIŠČE","analyticalUnit":"STAVBNO_ZEMLJISCE_CISTO","analyticalPriceEurM2":148.00861141011842,"quality":"B","marketability":"Tržen posel – neustrezni podatki","settlement":null,"address":null,"soldLandAreaM2":929,"soldUsableAreaM2":null}},{"type":"Feature","id":748745,"geometry":{"type":"Point","coordinates":[14.410740944878441,45.965808210951145]},"properties":{"id":748745,"contractDate":"2023-06-28","contractYear":2023,"priceEur":45000,"mainCategory":"MEŠANI POSEL – STAVBA IN ZEMLJIŠČE","analyticalUnit":"NI_NEPOSREDNO_RAZDELJIV","analyticalPriceEurM2":null,"quality":"B","marketability":"Tržen posel – neustrezni podatki","settlement":null,"address":null,"soldLandAreaM2":932,"soldUsableAreaM2":12.2}},{"type":"Feature","id":748869,"geometry":{"type":"Point","coordinates":[14.405389785203718,46.0240177067772]},"properties":{"id":748869,"contractDate":"2023-06-22","contractYear":2023,"priceEur":15000,"mainCategory":"MEŠANO/DRUGO ZEMLJIŠČE","analyticalUnit":"NI_NEPOSREDNO_RAZDELJIV","analyticalPriceEurM2":null,"quality":"C","marketability":"Drug posel","settlement":null,"address":null,"soldLandAreaM2":184.8571428571429,"soldUsableAreaM2":null}},{"type":"Feature","id":748936,"geometry":{"type":"Point","coordinates":[14.41318066401597,46.00866956066131]},"properties":{"id":748936,"contractDate":"2023-06-27","contractYear":2023,"priceEur":12500,"mainCategory":"PRIPADAJOČE ZEMLJIŠČE","analyticalUnit":"NI_NEPOSREDNO_RAZDELJIV","analyticalPriceEurM2":null,"quality":"B","marketability":"Tržen posel – neustrezni podatki","settlement":null,"address":null,"soldLandAreaM2":91,"soldUsableAreaM2":null}},{"type":"Feature","id":749160,"geometry":{"type":"Point","coordinates":[14.407053733936321,45.95518078000435]},"properties":{"id":749160,"contractDate":"2023-07-10","contractYear":2023,"priceEur":114000,"mainCategory":"MEŠANO/DRUGO ZEMLJIŠČE","analyticalUnit":"NI_NEPOSREDNO_RAZDELJIV","analyticalPriceEurM2":null,"quality":"B","marketability":"Tržen posel – neustrezni podatki","settlement":null,"address":null,"soldLandAreaM2":3923,"soldUsableAreaM2":null}},{"type":"Feature","id":749177,"geometry":{"type":"Point","coordinates":[14.389721583114444,45.990854327577736]},"properties":{"id":749177,"contractDate":"2022-12-12","contractYear":2022,"priceEur":10000,"mainCategory":"GOZDNO ZEMLJIŠČE","analyticalUnit":"GOZDNO_ZEMLJISCE_CISTO","analyticalPriceEurM2":8.658008658008658,"quality":"B","marketability":"Tržen posel – neustrezni podatki","settlement":null,"address":null,"soldLandAreaM2":1155,"soldUsableAreaM2":null}},{"type":"Feature","id":750221,"geometry":{"type":"Point","coordinates":[14.420111189471758,45.973822756627015]},"properties":{"id":750221,"contractDate":"2023-07-19","contractYear":2023,"priceEur":220000,"mainCategory":"STANOVANJE","analyticalUnit":"STANOVANJE_CISTO","analyticalPriceEurM2":2827.763496143959,"quality":"A","marketability":"Tržen posel","settlement":"PODPEČ","address":"PODPEČ 48","soldLandAreaM2":null,"soldUsableAreaM2":77.8}},{"type":"Feature","id":750472,"geometry":{"type":"Point","coordinates":[14.400098207599328,45.99518154217691]},"properties":{"id":750472,"contractDate":"2023-07-14","contractYear":2023,"priceEur":75000,"mainCategory":"STAVBNO ZEMLJIŠČE","analyticalUnit":"STAVBNO_ZEMLJISCE_CISTO","analyticalPriceEurM2":166.66666666666666,"quality":"B","marketability":"Tržen posel – neustrezni podatki","settlement":null,"address":null,"soldLandAreaM2":450,"soldUsableAreaM2":null}},{"type":"Feature","id":750691,"geometry":{"type":"Point","coordinates":[14.388199547695663,45.95470016405617]},"properties":{"id":750691,"contractDate":"2023-07-10","contractYear":2023,"priceEur":1290,"mainCategory":"KMETIJSKO ZEMLJIŠČE","analyticalUnit":"KMETIJSKO_ZEMLJISCE_CISTO","analyticalPriceEurM2":1,"quality":"B","marketability":"Tržen posel – neustrezni podatki","settlement":null,"address":null,"soldLandAreaM2":1290,"soldUsableAreaM2":null}},{"type":"Feature","id":751166,"geometry":{"type":"Point","coordinates":[14.419767734217414,45.977121863824294]},"properties":{"id":751166,"contractDate":"2023-08-09","contractYear":2023,"priceEur":2400,"mainCategory":"PRIPADAJOČE ZEMLJIŠČE","analyticalUnit":"NI_NEPOSREDNO_RAZDELJIV","analyticalPriceEurM2":null,"quality":"B","marketability":"Tržen posel – neustrezni podatki","settlement":null,"address":null,"soldLandAreaM2":40,"soldUsableAreaM2":null}},{"type":"Feature","id":751574,"geometry":{"type":"Point","coordinates":[14.406862032514203,45.99110895990193]},"properties":{"id":751574,"contractDate":"2023-08-16","contractYear":2023,"priceEur":58000,"mainCategory":"MEŠANI POSEL – STAVBA IN ZEMLJIŠČE","analyticalUnit":"NI_NEPOSREDNO_RAZDELJIV","analyticalPriceEurM2":null,"quality":"B","marketability":"Tržen posel – neustrezni podatki","settlement":null,"address":null,"soldLandAreaM2":312,"soldUsableAreaM2":16}},{"type":"Feature","id":751665,"geometry":{"type":"Point","coordinates":[14.40000166091134,45.96329001688577]},"properties":{"id":751665,"contractDate":"2023-08-17","contractYear":2023,"priceEur":328000,"mainCategory":"HIŠA S PRIPADAJOČIM ZEMLJIŠČEM","analyticalUnit":"HISA_CELI_POSEL","analyticalPriceEurM2":null,"quality":"B","marketability":"Tržen posel – neustrezni podatki","settlement":"KAMNIK POD KRIMOM","address":"KAMNIK POD KRIMOM 12 E","soldLandAreaM2":825,"soldUsableAreaM2":141.3}},{"type":"Feature","id":751855,"geometry":{"type":"Point","coordinates":[14.414525287537355,46.01472476146212]},"properties":{"id":751855,"contractDate":"2023-08-21","contractYear":2023,"priceEur":550000,"mainCategory":"HIŠA S PRIPADAJOČIM ZEMLJIŠČEM","analyticalUnit":"HISA_CELI_POSEL","analyticalPriceEurM2":null,"quality":"B","marketability":"Tržen posel – neustrezni podatki","settlement":"BREZOVICA PRI LJUBLJANI","address":"PODPEŠKA CESTA 91","soldLandAreaM2":1827,"soldUsableAreaM2":152}},{"type":"Feature","id":752308,"geometry":{"type":"Point","coordinates":[14.384075283280055,45.99990547377924]},"properties":{"id":752308,"contractDate":"2023-08-28","contractYear":2023,"priceEur":10920,"mainCategory":"PRIPADAJOČE ZEMLJIŠČE","analyticalUnit":"NI_NEPOSREDNO_RAZDELJIV","analyticalPriceEurM2":null,"quality":"B","marketability":"Tržen posel – neustrezni podatki","settlement":null,"address":null,"soldLandAreaM2":156,"soldUsableAreaM2":null}},{"type":"Feature","id":753889,"geometry":{"type":"Point","coordinates":[14.44008934382285,45.93743326758843]},"properties":{"id":753889,"contractDate":"2023-07-12","contractYear":2023,"priceEur":15573.2,"mainCategory":"MEŠANO/DRUGO ZEMLJIŠČE","analyticalUnit":"NI_NEPOSREDNO_RAZDELJIV","analyticalPriceEurM2":null,"quality":"C","marketability":"Drug posel","settlement":null,"address":null,"soldLandAreaM2":9356,"soldUsableAreaM2":null}},{"type":"Feature","id":753890,"geometry":{"type":"Point","coordinates":[14.395875280956092,46.00178544635843]},"properties":{"id":753890,"contractDate":"2023-06-15","contractYear":2023,"priceEur":500,"mainCategory":"PRIPADAJOČE ZEMLJIŠČE","analyticalUnit":"NI_NEPOSREDNO_RAZDELJIV","analyticalPriceEurM2":null,"quality":"B","marketability":"Tržen posel – neustrezni podatki","settlement":null,"address":null,"soldLandAreaM2":4,"soldUsableAreaM2":null}},{"type":"Feature","id":754098,"geometry":{"type":"Point","coordinates":[14.434454323590979,45.88354428972134]},"properties":{"id":754098,"contractDate":"2023-08-22","contractYear":2023,"priceEur":33000,"mainCategory":"MEŠANO/DRUGO ZEMLJIŠČE","analyticalUnit":"NI_NEPOSREDNO_RAZDELJIV","analyticalPriceEurM2":null,"quality":"B","marketability":"Tržen posel – neustrezni podatki","settlement":null,"address":null,"soldLandAreaM2":1118,"soldUsableAreaM2":null}},{"type":"Feature","id":754633,"geometry":{"type":"Point","coordinates":[14.390258045903922,45.997072062060084]},"properties":{"id":754633,"contractDate":"2023-08-16","contractYear":2023,"priceEur":14500,"mainCategory":"HIŠA S PRIPADAJOČIM ZEMLJIŠČEM","analyticalUnit":"NI_NEPOSREDNO_RAZDELJIV","analyticalPriceEurM2":null,"quality":"C","marketability":"Drug posel","settlement":"PLEŠIVICA","address":"PLEŠIVICA 54","soldLandAreaM2":6525.75,"soldUsableAreaM2":16.491666666666667}},{"type":"Feature","id":754715,"geometry":{"type":"Point","coordinates":[14.401207779013928,45.98850267472699]},"properties":{"id":754715,"contractDate":"2023-09-01","contractYear":2023,"priceEur":436275,"mainCategory":"HIŠA S PRIPADAJOČIM ZEMLJIŠČEM","analyticalUnit":"HISA_CELI_POSEL","analyticalPriceEurM2":null,"quality":"B","marketability":"Tržen posel – neustrezni podatki","settlement":"NOTRANJE GORICE","address":"PODOVNICE 46","soldLandAreaM2":273,"soldUsableAreaM2":117}},{"type":"Feature","id":756029,"geometry":{"type":"Point","coordinates":[14.411158219339447,45.95591309334055]},"properties":{"id":756029,"contractDate":"2023-09-15","contractYear":2023,"priceEur":19800,"mainCategory":"KMETIJSKO ZEMLJIŠČE","analyticalUnit":"KMETIJSKO_ZEMLJISCE_CISTO","analyticalPriceEurM2":3.001364256480218,"quality":"C","marketability":"Neopredeljen posel","settlement":null,"address":null,"soldLandAreaM2":6597,"soldUsableAreaM2":null}},{"type":"Feature","id":756275,"geometry":{"type":"Point","coordinates":[14.37963497878666,46.00377465412774]},"properties":{"id":756275,"contractDate":"2023-09-26","contractYear":2023,"priceEur":300000,"mainCategory":"HIŠA S PRIPADAJOČIM ZEMLJIŠČEM","analyticalUnit":"HISA_CELI_POSEL","analyticalPriceEurM2":null,"quality":"B","marketability":"Tržen posel – neustrezni podatki","settlement":"PODPLEŠIVICA","address":"PODPLEŠIVICA 83","soldLandAreaM2":1411,"soldUsableAreaM2":158}},{"type":"Feature","id":756330,"geometry":{"type":"Point","coordinates":[14.422201703357459,45.95566048107208]},"properties":{"id":756330,"contractDate":"2023-09-27","contractYear":2023,"priceEur":350000,"mainCategory":"HIŠA S PRIPADAJOČIM ZEMLJIŠČEM","analyticalUnit":"HISA_CELI_POSEL","analyticalPriceEurM2":null,"quality":"A","marketability":"Tržen posel","settlement":"PRESERJE","address":"PRESERJE 42 D","soldLandAreaM2":961,"soldUsableAreaM2":123.6}},{"type":"Feature","id":757583,"geometry":{"type":"Point","coordinates":[14.41223336895962,45.94426862689176]},"properties":{"id":757583,"contractDate":"2023-09-22","contractYear":2023,"priceEur":20454,"mainCategory":"GOZDNO ZEMLJIŠČE","analyticalUnit":"GOZDNO_ZEMLJISCE_CISTO","analyticalPriceEurM2":1,"quality":"B","marketability":"Tržen posel – neustrezni podatki","settlement":null,"address":null,"soldLandAreaM2":20454,"soldUsableAreaM2":null}},{"type":"Feature","id":757794,"geometry":{"type":"Point","coordinates":[14.461364715591284,45.923051732837926]},"properties":{"id":757794,"contractDate":"2023-09-08","contractYear":2023,"priceEur":6000,"mainCategory":"GOZDNO ZEMLJIŠČE","analyticalUnit":"GOZDNO_ZEMLJISCE_CISTO","analyticalPriceEurM2":0.8445945945945946,"quality":"B","marketability":"Tržen posel – neustrezni podatki","settlement":null,"address":null,"soldLandAreaM2":7104,"soldUsableAreaM2":null}},{"type":"Feature","id":757896,"geometry":{"type":"Point","coordinates":[14.427470080482118,45.89421837065438]},"properties":{"id":757896,"contractDate":"2023-09-29","contractYear":2023,"priceEur":148170,"mainCategory":"STAVBNO ZEMLJIŠČE","analyticalUnit":"STAVBNO_ZEMLJISCE_CISTO","analyticalPriceEurM2":110,"quality":"B","marketability":"Tržen posel – neustrezni podatki","settlement":null,"address":null,"soldLandAreaM2":1347,"soldUsableAreaM2":null}},{"type":"Feature","id":758068,"geometry":{"type":"Point","coordinates":[14.428035778184068,45.88530592696513]},"properties":{"id":758068,"contractDate":"2023-10-04","contractYear":2023,"priceEur":45000,"mainCategory":"STAVBNO ZEMLJIŠČE","analyticalUnit":"NI_NEPOSREDNO_RAZDELJIV","analyticalPriceEurM2":null,"quality":"C","marketability":"Drug posel","settlement":null,"address":null,"soldLandAreaM2":244.5,"soldUsableAreaM2":null}},{"type":"Feature","id":758385,"geometry":{"type":"Point","coordinates":[14.439319682571817,45.89001364073965]},"properties":{"id":758385,"contractDate":"2023-08-09","contractYear":2023,"priceEur":21680,"mainCategory":"KMETIJSKO ZEMLJIŠČE","analyticalUnit":"KMETIJSKO_ZEMLJISCE_CISTO","analyticalPriceEurM2":10.463320463320464,"quality":"B","marketability":"Tržen posel – neustrezni podatki","settlement":null,"address":null,"soldLandAreaM2":2072,"soldUsableAreaM2":null}},{"type":"Feature","id":758816,"geometry":{"type":"Point","coordinates":[14.402122480868318,45.99167568034414]},"properties":{"id":758816,"contractDate":"2023-10-12","contractYear":2023,"priceEur":125000,"mainCategory":"STAVBNO ZEMLJIŠČE","analyticalUnit":"STAVBNO_ZEMLJISCE_CISTO","analyticalPriceEurM2":170.9986320109439,"quality":"B","marketability":"Tržen posel – neustrezni podatki","settlement":null,"address":null,"soldLandAreaM2":731,"soldUsableAreaM2":null}},{"type":"Feature","id":758869,"geometry":{"type":"Point","coordinates":[14.39291672215113,45.999954580995436]},"properties":{"id":758869,"contractDate":"2023-09-22","contractYear":2023,"priceEur":23000,"mainCategory":"KMETIJSKO ZEMLJIŠČE","analyticalUnit":"KMETIJSKO_ZEMLJISCE_CISTO","analyticalPriceEurM2":16.642547033285094,"quality":"B","marketability":"Tržen posel – neustrezni podatki","settlement":null,"address":null,"soldLandAreaM2":1382,"soldUsableAreaM2":null}},{"type":"Feature","id":758908,"geometry":{"type":"Point","coordinates":[14.43966397448506,45.97058754975118]},"properties":{"id":758908,"contractDate":"2023-10-10","contractYear":2023,"priceEur":113300,"mainCategory":"STAVBNO ZEMLJIŠČE","analyticalUnit":"STAVBNO_ZEMLJISCE_CISTO","analyticalPriceEurM2":109.04716073147256,"quality":"B","marketability":"Tržen posel – neustrezni podatki","settlement":null,"address":null,"soldLandAreaM2":1039,"soldUsableAreaM2":null}},{"type":"Feature","id":790187,"geometry":{"type":"Point","coordinates":[14.459858342223303,45.94492627748895]},"properties":{"id":790187,"contractDate":"2023-10-12","contractYear":2023,"priceEur":3987.9,"mainCategory":"GOZDNO ZEMLJIŠČE","analyticalUnit":"GOZDNO_ZEMLJISCE_CISTO","analyticalPriceEurM2":0.7000000000000001,"quality":"B","marketability":"Tržen posel – neustrezni podatki","settlement":null,"address":null,"soldLandAreaM2":5697,"soldUsableAreaM2":null}},{"type":"Feature","id":790270,"geometry":{"type":"Point","coordinates":[14.417257923806194,46.02320585725509]},"properties":{"id":790270,"contractDate":"2023-10-18","contractYear":2023,"priceEur":77400,"mainCategory":"STAVBNO ZEMLJIŠČE","analyticalUnit":"STAVBNO_ZEMLJISCE_CISTO","analyticalPriceEurM2":266.8965517241379,"quality":"A","marketability":"Tržen posel","settlement":null,"address":null,"soldLandAreaM2":290,"soldUsableAreaM2":null}},{"type":"Feature","id":790821,"geometry":{"type":"Point","coordinates":[14.420252485503251,45.97619490695396]},"properties":{"id":790821,"contractDate":"2023-10-18","contractYear":2023,"priceEur":390000,"mainCategory":"HIŠA S PRIPADAJOČIM ZEMLJIŠČEM","analyticalUnit":"HISA_CELI_POSEL","analyticalPriceEurM2":null,"quality":"B","marketability":"Tržen posel – neustrezni podatki","settlement":"JEZERO","address":"JEZERO 204","soldLandAreaM2":290.7,"soldUsableAreaM2":96}},{"type":"Feature","id":791051,"geometry":{"type":"Point","coordinates":[14.418068614910409,45.972403513808324]},"properties":{"id":791051,"contractDate":"2023-11-02","contractYear":2023,"priceEur":1040,"mainCategory":"MEŠANI POSEL – STAVBA IN ZEMLJIŠČE","analyticalUnit":"NI_NEPOSREDNO_RAZDELJIV","analyticalPriceEurM2":null,"quality":"B","marketability":"Tržen posel – neustrezni podatki","settlement":null,"address":null,"soldLandAreaM2":52,"soldUsableAreaM2":20.3}},{"type":"Feature","id":791590,"geometry":{"type":"Point","coordinates":[14.426873974214892,46.022388686993786]},"properties":{"id":791590,"contractDate":"2023-11-08","contractYear":2023,"priceEur":260000,"mainCategory":"HIŠA S PRIPADAJOČIM ZEMLJIŠČEM","analyticalUnit":"HISA_CELI_POSEL","analyticalPriceEurM2":null,"quality":"B","marketability":"Tržen posel – neustrezni podatki","settlement":"BREZOVICA PRI LJUBLJANI","address":"ZALOŽNIKOVA ULICA 10","soldLandAreaM2":129,"soldUsableAreaM2":208.9}},{"type":"Feature","id":791672,"geometry":{"type":"Point","coordinates":[14.397242882553053,45.985578774991026]},"properties":{"id":791672,"contractDate":"2023-11-06","contractYear":2023,"priceEur":600,"mainCategory":"STAVBNO ZEMLJIŠČE","analyticalUnit":"STAVBNO_ZEMLJISCE_CISTO","analyticalPriceEurM2":5,"quality":"A","marketability":"Tržen posel","settlement":null,"address":null,"soldLandAreaM2":120,"soldUsableAreaM2":null}},{"type":"Feature","id":791698,"geometry":{"type":"Point","coordinates":[14.432181682313042,46.01129177837131]},"properties":{"id":791698,"contractDate":"2023-11-14","contractYear":2023,"priceEur":275000,"mainCategory":"STANOVANJE Z DODATKI/ZEMLJIŠČEM","analyticalUnit":"NI_NEPOSREDNO_RAZDELJIV","analyticalPriceEurM2":null,"quality":"B","marketability":"Tržen posel – neustrezni podatki","settlement":"VNANJE GORICE","address":"NOVA POT 127 B","soldLandAreaM2":67.72222222222223,"soldUsableAreaM2":69.1}},{"type":"Feature","id":791912,"geometry":{"type":"Point","coordinates":[14.42115366964146,45.95573570705584]},"properties":{"id":791912,"contractDate":"2023-11-16","contractYear":2023,"priceEur":340000,"mainCategory":"HIŠA S PRIPADAJOČIM ZEMLJIŠČEM","analyticalUnit":"HISA_CELI_POSEL","analyticalPriceEurM2":null,"quality":"C","marketability":"Drug posel","settlement":"PRESERJE","address":"PRESERJE 39 B","soldLandAreaM2":4035,"soldUsableAreaM2":156}},{"type":"Feature","id":792233,"geometry":{"type":"Point","coordinates":[14.39848908186485,45.98888569020772]},"properties":{"id":792233,"contractDate":"2023-11-09","contractYear":2023,"priceEur":2000,"mainCategory":"KMETIJSKO ZEMLJIŠČE","analyticalUnit":"KMETIJSKO_ZEMLJISCE_CISTO","analyticalPriceEurM2":5.865102639296188,"quality":"B","marketability":"Tržen posel – neustrezni podatki","settlement":null,"address":null,"soldLandAreaM2":341,"soldUsableAreaM2":null}},{"type":"Feature","id":808859,"geometry":{"type":"Point","coordinates":[14.405384601737117,46.018963233026184]},"properties":{"id":808859,"contractDate":"2023-12-06","contractYear":2023,"priceEur":286875,"mainCategory":"STAVBNO ZEMLJIŠČE","analyticalUnit":"STAVBNO_ZEMLJISCE_CISTO","analyticalPriceEurM2":135,"quality":"C","marketability":"Neopredeljen posel","settlement":null,"address":null,"soldLandAreaM2":2125,"soldUsableAreaM2":null}},{"type":"Feature","id":809467,"geometry":{"type":"Point","coordinates":[14.413276608891787,46.00865088827387]},"properties":{"id":809467,"contractDate":"2023-11-30","contractYear":2023,"priceEur":9000,"mainCategory":"STAVBNO ZEMLJIŠČE","analyticalUnit":"STAVBNO_ZEMLJISCE_CISTO","analyticalPriceEurM2":150,"quality":"A","marketability":"Tržen posel","settlement":null,"address":null,"soldLandAreaM2":60,"soldUsableAreaM2":null}},{"type":"Feature","id":809789,"geometry":{"type":"Point","coordinates":[14.437114012032575,45.8834433745714]},"properties":{"id":809789,"contractDate":"2023-06-22","contractYear":2023,"priceEur":1500,"mainCategory":"STAVBNO ZEMLJIŠČE","analyticalUnit":"STAVBNO_ZEMLJISCE_CISTO","analyticalPriceEurM2":100,"quality":"A","marketability":"Tržen posel","settlement":null,"address":null,"soldLandAreaM2":15,"soldUsableAreaM2":null}},{"type":"Feature","id":809851,"geometry":{"type":"Point","coordinates":[14.41400565377644,46.02445960253033]},"properties":{"id":809851,"contractDate":"2023-12-11","contractYear":2023,"priceEur":200000,"mainCategory":"STANOVANJE Z DODATKI/ZEMLJIŠČEM","analyticalUnit":"NI_NEPOSREDNO_RAZDELJIV","analyticalPriceEurM2":null,"quality":"B","marketability":"Tržen posel – neustrezni podatki","settlement":"BREZOVICA PRI LJUBLJANI","address":"TRŽAŠKA CESTA 438","soldLandAreaM2":26,"soldUsableAreaM2":77.8}},{"type":"Feature","id":809893,"geometry":{"type":"Point","coordinates":[14.438107064170827,45.886524892994245]},"properties":{"id":809893,"contractDate":"2023-12-11","contractYear":2023,"priceEur":1440,"mainCategory":"STAVBNO ZEMLJIŠČE","analyticalUnit":"STAVBNO_ZEMLJISCE_CISTO","analyticalPriceEurM2":80,"quality":"A","marketability":"Tržen posel","settlement":null,"address":null,"soldLandAreaM2":18,"soldUsableAreaM2":null}},{"type":"Feature","id":809970,"geometry":{"type":"Point","coordinates":[14.432013403983401,45.89072946170701]},"properties":{"id":809970,"contractDate":"2023-12-07","contractYear":2023,"priceEur":290000,"mainCategory":"HIŠA S PRIPADAJOČIM ZEMLJIŠČEM","analyticalUnit":"HISA_CELI_POSEL","analyticalPriceEurM2":null,"quality":"B","marketability":"Tržen posel – neustrezni podatki","settlement":"RAKITNA","address":"RAKITNA 110 E","soldLandAreaM2":636,"soldUsableAreaM2":82.7}},{"type":"Feature","id":810077,"geometry":{"type":"Point","coordinates":[14.439424293541723,45.95890792674907]},"properties":{"id":810077,"contractDate":"2023-12-01","contractYear":2023,"priceEur":6228,"mainCategory":"GOZDNO ZEMLJIŠČE","analyticalUnit":"NI_NEPOSREDNO_RAZDELJIV","analyticalPriceEurM2":null,"quality":"C","marketability":"Drug posel","settlement":null,"address":null,"soldLandAreaM2":7785,"soldUsableAreaM2":null}},{"type":"Feature","id":810126,"geometry":{"type":"Point","coordinates":[14.405894228448453,45.95268787467899]},"properties":{"id":810126,"contractDate":"2023-12-15","contractYear":2023,"priceEur":20000,"mainCategory":"STAVBNO ZEMLJIŠČE","analyticalUnit":"STAVBNO_ZEMLJISCE_CISTO","analyticalPriceEurM2":71.17437722419929,"quality":"B","marketability":"Tržen posel – neustrezni podatki","settlement":null,"address":null,"soldLandAreaM2":281,"soldUsableAreaM2":null}},{"type":"Feature","id":811322,"geometry":{"type":"Point","coordinates":[14.41349898073095,46.00869215916597]},"properties":{"id":811322,"contractDate":"2023-12-19","contractYear":2023,"priceEur":27900,"mainCategory":"KMETIJSKO ZEMLJIŠČE","analyticalUnit":"KMETIJSKO_ZEMLJISCE_CISTO","analyticalPriceEurM2":150,"quality":"C","marketability":"Neopredeljen posel","settlement":null,"address":null,"soldLandAreaM2":186,"soldUsableAreaM2":null}},{"type":"Feature","id":811501,"geometry":{"type":"Point","coordinates":[14.392337450109325,45.97968738430836]},"properties":{"id":811501,"contractDate":"2023-12-15","contractYear":2023,"priceEur":15418.5,"mainCategory":"KMETIJSKO ZEMLJIŠČE","analyticalUnit":"KMETIJSKO_ZEMLJISCE_CISTO","analyticalPriceEurM2":1.5,"quality":"B","marketability":"Tržen posel – neustrezni podatki","settlement":null,"address":null,"soldLandAreaM2":10279,"soldUsableAreaM2":null}},{"type":"Feature","id":811527,"geometry":{"type":"Point","coordinates":[14.420672257380028,45.95692956050049]},"properties":{"id":811527,"contractDate":"2023-12-20","contractYear":2023,"priceEur":229000,"mainCategory":"HIŠA S PRIPADAJOČIM ZEMLJIŠČEM","analyticalUnit":"HISA_CELI_POSEL","analyticalPriceEurM2":null,"quality":"C","marketability":"Drug posel","settlement":"PRESERJE","address":"PRESERJE 37 E","soldLandAreaM2":356,"soldUsableAreaM2":72.4}},{"type":"Feature","id":811572,"geometry":{"type":"Point","coordinates":[14.420672257380028,45.95692956050049]},"properties":{"id":811572,"contractDate":"2023-12-20","contractYear":2023,"priceEur":300400,"mainCategory":"HIŠA S PRIPADAJOČIM ZEMLJIŠČEM","analyticalUnit":"HISA_CELI_POSEL","analyticalPriceEurM2":null,"quality":"B","marketability":"Tržen posel – neustrezni podatki","settlement":"PRESERJE","address":"PRESERJE 37 E","soldLandAreaM2":534,"soldUsableAreaM2":108.6}},{"type":"Feature","id":811766,"geometry":{"type":"Point","coordinates":[14.42620268679222,46.025676918620725]},"properties":{"id":811766,"contractDate":"2023-12-29","contractYear":2023,"priceEur":189700,"mainCategory":"STAVBNO ZEMLJIŠČE","analyticalUnit":"NI_NEPOSREDNO_RAZDELJIV","analyticalPriceEurM2":null,"quality":"B","marketability":"Tržen posel – neustrezni podatki","settlement":null,"address":null,"soldLandAreaM2":677.5,"soldUsableAreaM2":null}},{"type":"Feature","id":811768,"geometry":{"type":"Point","coordinates":[14.438721523451248,45.88701048923028]},"properties":{"id":811768,"contractDate":"2023-12-18","contractYear":2023,"priceEur":80000,"mainCategory":"HIŠA S PRIPADAJOČIM ZEMLJIŠČEM","analyticalUnit":"NI_NEPOSREDNO_RAZDELJIV","analyticalPriceEurM2":null,"quality":"C","marketability":"Neopredeljen posel","settlement":"RAKITNA","address":"RAKITNA 206","soldLandAreaM2":1800,"soldUsableAreaM2":29.3}},{"type":"Feature","id":811859,"geometry":{"type":"Point","coordinates":[14.398242384446423,45.96472266585232]},"properties":{"id":811859,"contractDate":"2023-12-22","contractYear":2023,"priceEur":115000,"mainCategory":"STAVBNO ZEMLJIŠČE","analyticalUnit":"NI_NEPOSREDNO_RAZDELJIV","analyticalPriceEurM2":null,"quality":"B","marketability":"Tržen posel – neustrezni podatki","settlement":null,"address":null,"soldLandAreaM2":918.875,"soldUsableAreaM2":null}},{"type":"Feature","id":811909,"geometry":{"type":"Point","coordinates":[14.419545965205414,46.0198812860075]},"properties":{"id":811909,"contractDate":"2024-01-04","contractYear":2024,"priceEur":289000,"mainCategory":"STANOVANJE Z DODATKI/ZEMLJIŠČEM","analyticalUnit":"NI_NEPOSREDNO_RAZDELJIV","analyticalPriceEurM2":null,"quality":"B","marketability":"Tržen posel – neustrezni podatki","settlement":"BREZOVICA PRI LJUBLJANI","address":"PODSVETIJA 26 F","soldLandAreaM2":107.67350427350428,"soldUsableAreaM2":70.7}},{"type":"Feature","id":812088,"geometry":{"type":"Point","coordinates":[14.4260016490645,45.97188271731863]},"properties":{"id":812088,"contractDate":"2024-01-10","contractYear":2024,"priceEur":55000,"mainCategory":"STAVBNO ZEMLJIŠČE","analyticalUnit":"STAVBNO_ZEMLJISCE_CISTO","analyticalPriceEurM2":105.97302504816956,"quality":"B","marketability":"Tržen posel – neustrezni podatki","settlement":null,"address":null,"soldLandAreaM2":519,"soldUsableAreaM2":null}},{"type":"Feature","id":812343,"geometry":{"type":"Point","coordinates":[14.419728033482873,46.00394816834431]},"properties":{"id":812343,"contractDate":"2024-01-10","contractYear":2024,"priceEur":212500,"mainCategory":"MEŠANI POSEL – STAVBA IN ZEMLJIŠČE","analyticalUnit":"NI_NEPOSREDNO_RAZDELJIV","analyticalPriceEurM2":null,"quality":"B","marketability":"Tržen posel – neustrezni podatki","settlement":null,"address":null,"soldLandAreaM2":1120,"soldUsableAreaM2":54.13333333333333}},{"type":"Feature","id":812439,"geometry":{"type":"Point","coordinates":[14.420635599027092,45.95636211293777]},"properties":{"id":812439,"contractDate":"2024-01-15","contractYear":2024,"priceEur":110000,"mainCategory":"STAVBNO ZEMLJIŠČE","analyticalUnit":"STAVBNO_ZEMLJISCE_CISTO","analyticalPriceEurM2":124.29378531073446,"quality":"B","marketability":"Tržen posel – neustrezni podatki","settlement":null,"address":null,"soldLandAreaM2":885,"soldUsableAreaM2":null}},{"type":"Feature","id":812594,"geometry":{"type":"Point","coordinates":[14.382599999499257,45.95036607224458]},"properties":{"id":812594,"contractDate":"2024-01-16","contractYear":2024,"priceEur":27300,"mainCategory":"STAVBNO ZEMLJIŠČE","analyticalUnit":"STAVBNO_ZEMLJISCE_CISTO","analyticalPriceEurM2":56.875,"quality":"B","marketability":"Tržen posel – neustrezni podatki","settlement":null,"address":null,"soldLandAreaM2":480,"soldUsableAreaM2":null}},{"type":"Feature","id":813037,"geometry":{"type":"Point","coordinates":[14.383386735743551,45.94918954654945]},"properties":{"id":813037,"contractDate":"2024-01-25","contractYear":2024,"priceEur":18000,"mainCategory":"GOZDNO ZEMLJIŠČE","analyticalUnit":"GOZDNO_ZEMLJISCE_CISTO","analyticalPriceEurM2":2.55500354861604,"quality":"B","marketability":"Tržen posel – neustrezni podatki","settlement":null,"address":null,"soldLandAreaM2":7045,"soldUsableAreaM2":null}},{"type":"Feature","id":814203,"geometry":{"type":"Point","coordinates":[14.416030557748387,46.02112213088396]},"properties":{"id":814203,"contractDate":"2023-12-12","contractYear":2023,"priceEur":3695,"mainCategory":"STAVBNO ZEMLJIŠČE","analyticalUnit":"STAVBNO_ZEMLJISCE_CISTO","analyticalPriceEurM2":49.93243243243244,"quality":"C","marketability":"Drug posel","settlement":null,"address":null,"soldLandAreaM2":74,"soldUsableAreaM2":null}},{"type":"Feature","id":814401,"geometry":{"type":"Point","coordinates":[14.424294572974599,46.0268905341123]},"properties":{"id":814401,"contractDate":"2024-01-20","contractYear":2024,"priceEur":490000,"mainCategory":"HIŠA S PRIPADAJOČIM ZEMLJIŠČEM","analyticalUnit":"HISA_CELI_POSEL","analyticalPriceEurM2":null,"quality":"B","marketability":"Tržen posel – neustrezni podatki","settlement":"BREZOVICA PRI LJUBLJANI","address":"NA BREZNO 38","soldLandAreaM2":783,"soldUsableAreaM2":218.7}},{"type":"Feature","id":814554,"geometry":{"type":"Point","coordinates":[14.421985437959853,45.93701402356119]},"properties":{"id":814554,"contractDate":"2023-12-05","contractYear":2023,"priceEur":9359,"mainCategory":"GOZDNO ZEMLJIŠČE","analyticalUnit":"GOZDNO_ZEMLJISCE_CISTO","analyticalPriceEurM2":0.7,"quality":"B","marketability":"Tržen posel – neustrezni podatki","settlement":null,"address":null,"soldLandAreaM2":13370,"soldUsableAreaM2":null}},{"type":"Feature","id":814798,"geometry":{"type":"Point","coordinates":[14.4067058025029,46.02424081886354]},"properties":{"id":814798,"contractDate":"2024-01-28","contractYear":2024,"priceEur":105000,"mainCategory":"STANOVANJE","analyticalUnit":"STANOVANJE_CISTO","analyticalPriceEurM2":1595.744680851064,"quality":"C","marketability":"Drug posel","settlement":"BREZOVICA PRI LJUBLJANI","address":"STAROVAŠKA CESTA 15","soldLandAreaM2":null,"soldUsableAreaM2":65.8}},{"type":"Feature","id":814834,"geometry":{"type":"Point","coordinates":[14.419564872961319,46.02616658495855]},"properties":{"id":814834,"contractDate":"2024-01-25","contractYear":2024,"priceEur":190000,"mainCategory":"HIŠA S PRIPADAJOČIM ZEMLJIŠČEM","analyticalUnit":"NI_NEPOSREDNO_RAZDELJIV","analyticalPriceEurM2":null,"quality":"B","marketability":"Tržen posel – neustrezni podatki","settlement":"BREZOVICA PRI LJUBLJANI","address":"BORŠTNARJEVA POT 1","soldLandAreaM2":1692,"soldUsableAreaM2":77.8}},{"type":"Feature","id":815246,"geometry":{"type":"Point","coordinates":[14.392332245776137,45.99988487407879]},"properties":{"id":815246,"contractDate":"2023-11-22","contractYear":2023,"priceEur":15000,"mainCategory":"MEŠANO/DRUGO ZEMLJIŠČE","analyticalUnit":"NI_NEPOSREDNO_RAZDELJIV","analyticalPriceEurM2":null,"quality":"B","marketability":"Tržen posel – neustrezni podatki","settlement":null,"address":null,"soldLandAreaM2":5086,"soldUsableAreaM2":null}},{"type":"Feature","id":815248,"geometry":{"type":"Point","coordinates":[14.39184250941101,45.99979626940172]},"properties":{"id":815248,"contractDate":"2023-11-22","contractYear":2023,"priceEur":27000,"mainCategory":"MEŠANO/DRUGO ZEMLJIŠČE","analyticalUnit":"NI_NEPOSREDNO_RAZDELJIV","analyticalPriceEurM2":null,"quality":"B","marketability":"Tržen posel – neustrezni podatki","settlement":null,"address":null,"soldLandAreaM2":1409,"soldUsableAreaM2":null}},{"type":"Feature","id":815249,"geometry":{"type":"Point","coordinates":[14.39237101425469,45.999681031244016]},"properties":{"id":815249,"contractDate":"2023-11-22","contractYear":2023,"priceEur":135,"mainCategory":"KMETIJSKO ZEMLJIŠČE","analyticalUnit":"KMETIJSKO_ZEMLJISCE_CISTO","analyticalPriceEurM2":15,"quality":"B","marketability":"Tržen posel – neustrezni podatki","settlement":null,"address":null,"soldLandAreaM2":9,"soldUsableAreaM2":null}},{"type":"Feature","id":815250,"geometry":{"type":"Point","coordinates":[14.391979105104594,45.999530545448245]},"properties":{"id":815250,"contractDate":"2023-10-12","contractYear":2023,"priceEur":13000,"mainCategory":"KMETIJSKO ZEMLJIŠČE","analyticalUnit":"KMETIJSKO_ZEMLJISCE_CISTO","analyticalPriceEurM2":14.623172103487065,"quality":"B","marketability":"Tržen posel – neustrezni podatki","settlement":null,"address":null,"soldLandAreaM2":889,"soldUsableAreaM2":null}},{"type":"Feature","id":815575,"geometry":{"type":"Point","coordinates":[14.41320465579547,46.01950828337306]},"properties":{"id":815575,"contractDate":"2024-01-12","contractYear":2024,"priceEur":209817.5,"mainCategory":"STAVBNO ZEMLJIŠČE","analyticalUnit":"NI_NEPOSREDNO_RAZDELJIV","analyticalPriceEurM2":null,"quality":"C","marketability":"Neopredeljen posel","settlement":null,"address":null,"soldLandAreaM2":912.25,"soldUsableAreaM2":null}},{"type":"Feature","id":817109,"geometry":{"type":"Point","coordinates":[14.426967809092416,46.02649514681948]},"properties":{"id":817109,"contractDate":"2024-02-22","contractYear":2024,"priceEur":240000,"mainCategory":"STANOVANJE Z DODATKI/ZEMLJIŠČEM","analyticalUnit":"NI_NEPOSREDNO_RAZDELJIV","analyticalPriceEurM2":null,"quality":"B","marketability":"Tržen posel – neustrezni podatki","settlement":"BREZOVICA PRI LJUBLJANI","address":"KAPALNIŠKA POT 5 a","soldLandAreaM2":45.44444444444444,"soldUsableAreaM2":66.3}},{"type":"Feature","id":817416,"geometry":{"type":"Point","coordinates":[14.440499189173165,45.881203250741976]},"properties":{"id":817416,"contractDate":"2024-02-09","contractYear":2024,"priceEur":300000,"mainCategory":"HIŠA S PRIPADAJOČIM ZEMLJIŠČEM","analyticalUnit":"HISA_CELI_POSEL","analyticalPriceEurM2":null,"quality":"B","marketability":"Tržen posel – neustrezni podatki","settlement":"RAKITNA","address":"463","soldLandAreaM2":943,"soldUsableAreaM2":122.2}},{"type":"Feature","id":817536,"geometry":{"type":"Point","coordinates":[14.396511234915241,45.96483096161776]},"properties":{"id":817536,"contractDate":"2024-02-28","contractYear":2024,"priceEur":49700,"mainCategory":"STANOVANJE Z DODATKI/ZEMLJIŠČEM","analyticalUnit":"NI_NEPOSREDNO_RAZDELJIV","analyticalPriceEurM2":null,"quality":"C","marketability":"Drug posel","settlement":"KAMNIK POD KRIMOM","address":"2 a","soldLandAreaM2":68.796,"soldUsableAreaM2":32.300000000000004}},{"type":"Feature","id":817589,"geometry":{"type":"Point","coordinates":[14.420512984525061,45.976027003970415]},"properties":{"id":817589,"contractDate":"2024-02-28","contractYear":2024,"priceEur":397000,"mainCategory":"HIŠA S PRIPADAJOČIM ZEMLJIŠČEM","analyticalUnit":"HISA_CELI_POSEL","analyticalPriceEurM2":null,"quality":"B","marketability":"Tržen posel – neustrezni podatki","settlement":"JEZERO","address":"197","soldLandAreaM2":234.83333333333331,"soldUsableAreaM2":115.2}},{"type":"Feature","id":817678,"geometry":{"type":"Point","coordinates":[14.396825069199537,45.96478030747129]},"properties":{"id":817678,"contractDate":"2024-02-28","contractYear":2024,"priceEur":250000,"mainCategory":"HIŠA S PRIPADAJOČIM ZEMLJIŠČEM","analyticalUnit":"HISA_CELI_POSEL","analyticalPriceEurM2":null,"quality":"C","marketability":"Neopredeljen posel","settlement":"KAMNIK POD KRIMOM","address":"3 e","soldLandAreaM2":375,"soldUsableAreaM2":141.1}},{"type":"Feature","id":817699,"geometry":{"type":"Point","coordinates":[14.440780598179703,45.89110941700586]},"properties":{"id":817699,"contractDate":"2024-03-05","contractYear":2024,"priceEur":12000,"mainCategory":"MEŠANI POSEL – STAVBA IN ZEMLJIŠČE","analyticalUnit":"NI_NEPOSREDNO_RAZDELJIV","analyticalPriceEurM2":null,"quality":"C","marketability":"V preverjanju","settlement":"RAKITNA","address":"61","soldLandAreaM2":615,"soldUsableAreaM2":34}},{"type":"Feature","id":818000,"geometry":{"type":"Point","coordinates":[14.420608819675781,46.0219387228713]},"properties":{"id":818000,"contractDate":"2024-02-29","contractYear":2024,"priceEur":477000,"mainCategory":"HIŠA S PRIPADAJOČIM ZEMLJIŠČEM","analyticalUnit":"HISA_CELI_POSEL","analyticalPriceEurM2":null,"quality":"B","marketability":"Tržen posel – neustrezni podatki","settlement":"BREZOVICA PRI LJUBLJANI","address":"CESTA NA POSTAJO 29 g","soldLandAreaM2":396.9333333333333,"soldUsableAreaM2":88.9}},{"type":"Feature","id":818119,"geometry":{"type":"Point","coordinates":[14.42625755302361,46.02305780662849]},"properties":{"id":818119,"contractDate":"2024-03-08","contractYear":2024,"priceEur":120000,"mainCategory":"MEŠANI POSEL – STAVBA IN ZEMLJIŠČE","analyticalUnit":"NI_NEPOSREDNO_RAZDELJIV","analyticalPriceEurM2":null,"quality":"C","marketability":"Neopredeljen posel","settlement":null,"address":null,"soldLandAreaM2":559,"soldUsableAreaM2":126.1}},{"type":"Feature","id":818398,"geometry":{"type":"Point","coordinates":[14.419924006584102,45.9769462033348]},"properties":{"id":818398,"contractDate":"2024-03-12","contractYear":2024,"priceEur":83000,"mainCategory":"STAVBNO ZEMLJIŠČE","analyticalUnit":"NI_NEPOSREDNO_RAZDELJIV","analyticalPriceEurM2":null,"quality":"B","marketability":"Tržen posel – neustrezni podatki","settlement":null,"address":null,"soldLandAreaM2":721,"soldUsableAreaM2":null}},{"type":"Feature","id":818638,"geometry":{"type":"Point","coordinates":[14.428499093217296,45.89293777738089]},"properties":{"id":818638,"contractDate":"2024-03-13","contractYear":2024,"priceEur":315000,"mainCategory":"HIŠA S PRIPADAJOČIM ZEMLJIŠČEM","analyticalUnit":"NI_NEPOSREDNO_RAZDELJIV","analyticalPriceEurM2":null,"quality":"C","marketability":"V preverjanju","settlement":"RAKITNA","address":"18","soldLandAreaM2":3137,"soldUsableAreaM2":423}},{"type":"Feature","id":819615,"geometry":{"type":"Point","coordinates":[14.4067058025029,46.02424081886354]},"properties":{"id":819615,"contractDate":"2024-03-19","contractYear":2024,"priceEur":105000,"mainCategory":"MEŠANI DELI STAVBE","analyticalUnit":"NI_NEPOSREDNO_RAZDELJIV","analyticalPriceEurM2":null,"quality":"C","marketability":"Neopredeljen posel","settlement":"BREZOVICA PRI LJUBLJANI","address":"STAROVAŠKA CESTA 15","soldLandAreaM2":null,"soldUsableAreaM2":54.5}},{"type":"Feature","id":819854,"geometry":{"type":"Point","coordinates":[14.430780765440948,45.8876420204148]},"properties":{"id":819854,"contractDate":"2024-03-28","contractYear":2024,"priceEur":120000,"mainCategory":"HIŠA S PRIPADAJOČIM ZEMLJIŠČEM","analyticalUnit":"HISA_CELI_POSEL","analyticalPriceEurM2":null,"quality":"B","marketability":"Tržen posel – neustrezni podatki","settlement":"RAKITNA","address":"262","soldLandAreaM2":318,"soldUsableAreaM2":34.4}},{"type":"Feature","id":819988,"geometry":{"type":"Point","coordinates":[14.4283996997401,45.885348778104685]},"properties":{"id":819988,"contractDate":"2024-03-21","contractYear":2024,"priceEur":39000,"mainCategory":"STAVBNO ZEMLJIŠČE","analyticalUnit":"STAVBNO_ZEMLJISCE_CISTO","analyticalPriceEurM2":71.8232044198895,"quality":"B","marketability":"Tržen posel – neustrezni podatki","settlement":null,"address":null,"soldLandAreaM2":543,"soldUsableAreaM2":null}},{"type":"Feature","id":819996,"geometry":{"type":"Point","coordinates":[14.403230625162244,46.0001188093567]},"properties":{"id":819996,"contractDate":"2024-03-27","contractYear":2024,"priceEur":235000,"mainCategory":"STAVBNO ZEMLJIŠČE","analyticalUnit":"STAVBNO_ZEMLJISCE_CISTO","analyticalPriceEurM2":773.0263157894736,"quality":"C","marketability":"Neopredeljen posel","settlement":null,"address":null,"soldLandAreaM2":304,"soldUsableAreaM2":null}},{"type":"Feature","id":820157,"geometry":{"type":"Point","coordinates":[14.432013403983401,45.89072946170701]},"properties":{"id":820157,"contractDate":"2024-04-03","contractYear":2024,"priceEur":96666.67,"mainCategory":"HIŠA S PRIPADAJOČIM ZEMLJIŠČEM","analyticalUnit":"HISA_CELI_POSEL","analyticalPriceEurM2":null,"quality":"C","marketability":"Drug posel","settlement":"RAKITNA","address":"110 e","soldLandAreaM2":212,"soldUsableAreaM2":27.566666666666663}},{"type":"Feature","id":820416,"geometry":{"type":"Point","coordinates":[14.378742651430246,45.951970248832666]},"properties":{"id":820416,"contractDate":"2024-04-04","contractYear":2024,"priceEur":87300,"mainCategory":"MEŠANI POSEL – STAVBA IN ZEMLJIŠČE","analyticalUnit":"NI_NEPOSREDNO_RAZDELJIV","analyticalPriceEurM2":null,"quality":"B","marketability":"Tržen posel – neustrezni podatki","settlement":null,"address":null,"soldLandAreaM2":544,"soldUsableAreaM2":40.9}},{"type":"Feature","id":820855,"geometry":{"type":"Point","coordinates":[14.430302376007113,45.88745144665892]},"properties":{"id":820855,"contractDate":"2024-04-15","contractYear":2024,"priceEur":203000,"mainCategory":"HIŠA S PRIPADAJOČIM ZEMLJIŠČEM","analyticalUnit":"HISA_CELI_POSEL","analyticalPriceEurM2":null,"quality":"B","marketability":"Tržen posel – neustrezni podatki","settlement":"RAKITNA","address":"259 a","soldLandAreaM2":200,"soldUsableAreaM2":83.9}},{"type":"Feature","id":822499,"geometry":{"type":"Point","coordinates":[14.412203981494992,46.01127520810827]},"properties":{"id":822499,"contractDate":"2024-05-03","contractYear":2024,"priceEur":44000,"mainCategory":"MEŠANO/DRUGO ZEMLJIŠČE","analyticalUnit":"NI_NEPOSREDNO_RAZDELJIV","analyticalPriceEurM2":null,"quality":"B","marketability":"Tržen posel – neustrezni podatki","settlement":null,"address":null,"soldLandAreaM2":414,"soldUsableAreaM2":null}},{"type":"Feature","id":822563,"geometry":{"type":"Point","coordinates":[14.436073150319679,45.882538683332534]},"properties":{"id":822563,"contractDate":"2024-04-27","contractYear":2024,"priceEur":250000,"mainCategory":"HIŠA S PRIPADAJOČIM ZEMLJIŠČEM","analyticalUnit":"HISA_CELI_POSEL","analyticalPriceEurM2":null,"quality":"C","marketability":"Drug posel","settlement":"RAKITNA","address":"324","soldLandAreaM2":1441,"soldUsableAreaM2":119.8}},{"type":"Feature","id":822781,"geometry":{"type":"Point","coordinates":[14.382162706462612,45.94934561460049]},"properties":{"id":822781,"contractDate":"2024-04-15","contractYear":2024,"priceEur":430000,"mainCategory":"HIŠA S PRIPADAJOČIM ZEMLJIŠČEM","analyticalUnit":"NI_NEPOSREDNO_RAZDELJIV","analyticalPriceEurM2":null,"quality":"B","marketability":"Tržen posel – neustrezni podatki","settlement":"GORIČICA POD KRIMOM","address":"9 g","soldLandAreaM2":894,"soldUsableAreaM2":185.9}},{"type":"Feature","id":822851,"geometry":{"type":"Point","coordinates":[14.446636852238466,45.88883739113621]},"properties":{"id":822851,"contractDate":"2023-07-25","contractYear":2023,"priceEur":9990,"mainCategory":"KMETIJSKO ZEMLJIŠČE","analyticalUnit":"KMETIJSKO_ZEMLJISCE_CISTO","analyticalPriceEurM2":10,"quality":"B","marketability":"Tržen posel – neustrezni podatki","settlement":null,"address":null,"soldLandAreaM2":999,"soldUsableAreaM2":null}},{"type":"Feature","id":823314,"geometry":{"type":"Point","coordinates":[14.437483623828484,45.8914741426947]},"properties":{"id":823314,"contractDate":"2024-04-08","contractYear":2024,"priceEur":4600,"mainCategory":"PRIPADAJOČE ZEMLJIŠČE","analyticalUnit":"NI_NEPOSREDNO_RAZDELJIV","analyticalPriceEurM2":null,"quality":"B","marketability":"Tržen posel – neustrezni podatki","settlement":null,"address":null,"soldLandAreaM2":230,"soldUsableAreaM2":null}},{"type":"Feature","id":823628,"geometry":{"type":"Point","coordinates":[14.399818026860357,45.96552763943675]},"properties":{"id":823628,"contractDate":"2024-05-21","contractYear":2024,"priceEur":49000,"mainCategory":"MEŠANI DELI STAVBE","analyticalUnit":"NI_NEPOSREDNO_RAZDELJIV","analyticalPriceEurM2":null,"quality":"C","marketability":"Drug posel","settlement":"KAMNIK POD KRIMOM","address":"109","soldLandAreaM2":null,"soldUsableAreaM2":58.4}},{"type":"Feature","id":823772,"geometry":{"type":"Point","coordinates":[14.435545089182478,45.96960187133218]},"properties":{"id":823772,"contractDate":"2024-02-16","contractYear":2024,"priceEur":70000,"mainCategory":"MEŠANI POSEL – STAVBA IN ZEMLJIŠČE","analyticalUnit":"NI_NEPOSREDNO_RAZDELJIV","analyticalPriceEurM2":null,"quality":"B","marketability":"Tržen posel – neustrezni podatki","settlement":"JEZERO","address":"60","soldLandAreaM2":674,"soldUsableAreaM2":0}},{"type":"Feature","id":824027,"geometry":{"type":"Point","coordinates":[14.416068825200846,46.02170132365564]},"properties":{"id":824027,"contractDate":"2019-10-10","contractYear":2019,"priceEur":73932,"mainCategory":"POSLOVNA/DRUGA STAVBA","analyticalUnit":"NI_NEPOSREDNO_RAZDELJIV","analyticalPriceEurM2":null,"quality":"B","marketability":"Tržen posel – neustrezni podatki","settlement":"BREZOVICA PRI LJUBLJANI","address":"PODPEŠKA CESTA 14","soldLandAreaM2":null,"soldUsableAreaM2":30.3}},{"type":"Feature","id":824028,"geometry":{"type":"Point","coordinates":[14.416068825200846,46.02170132365564]},"properties":{"id":824028,"contractDate":"2023-05-13","contractYear":2023,"priceEur":360580,"mainCategory":"POSLOVNA/DRUGA STAVBA","analyticalUnit":"NI_NEPOSREDNO_RAZDELJIV","analyticalPriceEurM2":null,"quality":"B","marketability":"Tržen posel","settlement":"BREZOVICA PRI LJUBLJANI","address":"PODPEŠKA CESTA 14","soldLandAreaM2":null,"soldUsableAreaM2":136.9}},{"type":"Feature","id":824031,"geometry":{"type":"Point","coordinates":[14.416068825200846,46.02170132365564]},"properties":{"id":824031,"contractDate":"2020-01-06","contractYear":2020,"priceEur":137908.8,"mainCategory":"POSLOVNA/DRUGA STAVBA","analyticalUnit":"NI_NEPOSREDNO_RAZDELJIV","analyticalPriceEurM2":null,"quality":"B","marketability":"Tržen posel – neustrezni podatki","settlement":"BREZOVICA PRI LJUBLJANI","address":"PODPEŠKA CESTA 14","soldLandAreaM2":null,"soldUsableAreaM2":62.8}},{"type":"Feature","id":824032,"geometry":{"type":"Point","coordinates":[14.416068825200846,46.02170132365564]},"properties":{"id":824032,"contractDate":"2020-01-06","contractYear":2020,"priceEur":73017,"mainCategory":"POSLOVNA/DRUGA STAVBA","analyticalUnit":"NI_NEPOSREDNO_RAZDELJIV","analyticalPriceEurM2":null,"quality":"B","marketability":"Tržen posel","settlement":"BREZOVICA PRI LJUBLJANI","address":"PODPEŠKA CESTA 14","soldLandAreaM2":null,"soldUsableAreaM2":28.5}},{"type":"Feature","id":824034,"geometry":{"type":"Point","coordinates":[14.416068825200846,46.02170132365564]},"properties":{"id":824034,"contractDate":"2020-01-06","contractYear":2020,"priceEur":126819,"mainCategory":"POSLOVNA/DRUGA STAVBA","analyticalUnit":"NI_NEPOSREDNO_RAZDELJIV","analyticalPriceEurM2":null,"quality":"B","marketability":"Tržen posel – neustrezni podatki","settlement":"BREZOVICA PRI LJUBLJANI","address":"PODPEŠKA CESTA 14","soldLandAreaM2":null,"soldUsableAreaM2":49.5}},{"type":"Feature","id":824035,"geometry":{"type":"Point","coordinates":[14.416068825200846,46.02170132365564]},"properties":{"id":824035,"contractDate":"2020-01-06","contractYear":2020,"priceEur":104383.2,"mainCategory":"POSLOVNA/DRUGA STAVBA","analyticalUnit":"NI_NEPOSREDNO_RAZDELJIV","analyticalPriceEurM2":null,"quality":"B","marketability":"Tržen posel – neustrezni podatki","settlement":"BREZOVICA PRI LJUBLJANI","address":"PODPEŠKA CESTA 14","soldLandAreaM2":null,"soldUsableAreaM2":55.2}},{"type":"Feature","id":824036,"geometry":{"type":"Point","coordinates":[14.416068825200846,46.02170132365564]},"properties":{"id":824036,"contractDate":"2021-05-28","contractYear":2021,"priceEur":1645954.46,"mainCategory":"MEŠANI DELI STAVBE","analyticalUnit":"NI_NEPOSREDNO_RAZDELJIV","analyticalPriceEurM2":null,"quality":"B","marketability":"Tržen posel – neustrezni podatki","settlement":"BREZOVICA PRI LJUBLJANI","address":"PODPEŠKA CESTA 14","soldLandAreaM2":null,"soldUsableAreaM2":648.3}},{"type":"Feature","id":824038,"geometry":{"type":"Point","coordinates":[14.416068825200846,46.02170132365564]},"properties":{"id":824038,"contractDate":"2019-12-26","contractYear":2019,"priceEur":1256724.93,"mainCategory":"MEŠANI DELI STAVBE","analyticalUnit":"NI_NEPOSREDNO_RAZDELJIV","analyticalPriceEurM2":null,"quality":"B","marketability":"Tržen posel","settlement":"BREZOVICA PRI LJUBLJANI","address":"PODPEŠKA CESTA 14","soldLandAreaM2":null,"soldUsableAreaM2":711.5}},{"type":"Feature","id":824039,"geometry":{"type":"Point","coordinates":[14.416068825200846,46.02170132365564]},"properties":{"id":824039,"contractDate":"2020-01-06","contractYear":2020,"priceEur":68954.4,"mainCategory":"POSLOVNA/DRUGA STAVBA","analyticalUnit":"NI_NEPOSREDNO_RAZDELJIV","analyticalPriceEurM2":null,"quality":"B","marketability":"Tržen posel","settlement":"BREZOVICA PRI LJUBLJANI","address":"PODPEŠKA CESTA 14","soldLandAreaM2":null,"soldUsableAreaM2":31.4}},{"type":"Feature","id":824040,"geometry":{"type":"Point","coordinates":[14.416068825200846,46.02170132365564]},"properties":{"id":824040,"contractDate":"2020-06-23","contractYear":2020,"priceEur":144222.3,"mainCategory":"POSLOVNA/DRUGA STAVBA","analyticalUnit":"NI_NEPOSREDNO_RAZDELJIV","analyticalPriceEurM2":null,"quality":"B","marketability":"Tržen posel – neustrezni podatki","settlement":"BREZOVICA PRI LJUBLJANI","address":"PODPEŠKA CESTA 14","soldLandAreaM2":null,"soldUsableAreaM2":63.9}},{"type":"Feature","id":824041,"geometry":{"type":"Point","coordinates":[14.416068825200846,46.02170132365564]},"properties":{"id":824041,"contractDate":"2020-01-08","contractYear":2020,"priceEur":194455.8,"mainCategory":"POSLOVNA/DRUGA STAVBA","analyticalUnit":"NI_NEPOSREDNO_RAZDELJIV","analyticalPriceEurM2":null,"quality":"B","marketability":"Tržen posel – neustrezni podatki","settlement":"BREZOVICA PRI LJUBLJANI","address":"PODPEŠKA CESTA 14","soldLandAreaM2":null,"soldUsableAreaM2":75.9}},{"type":"Feature","id":824042,"geometry":{"type":"Point","coordinates":[14.416068825200846,46.02170132365564]},"properties":{"id":824042,"contractDate":"2020-07-29","contractYear":2020,"priceEur":390038.88,"mainCategory":"POSLOVNA/DRUGA STAVBA","analyticalUnit":"NI_NEPOSREDNO_RAZDELJIV","analyticalPriceEurM2":null,"quality":"B","marketability":"Tržen posel – neustrezni podatki","settlement":"BREZOVICA PRI LJUBLJANI","address":"PODPEŠKA CESTA 14","soldLandAreaM2":null,"soldUsableAreaM2":190.3}},{"type":"Feature","id":824043,"geometry":{"type":"Point","coordinates":[14.416068825200846,46.02170132365564]},"properties":{"id":824043,"contractDate":"2020-06-23","contractYear":2020,"priceEur":89785.9,"mainCategory":"POSLOVNA/DRUGA STAVBA","analyticalUnit":"NI_NEPOSREDNO_RAZDELJIV","analyticalPriceEurM2":null,"quality":"B","marketability":"Tržen posel – neustrezni podatki","settlement":"BREZOVICA PRI LJUBLJANI","address":"PODPEŠKA CESTA 14","soldLandAreaM2":null,"soldUsableAreaM2":35.9}},{"type":"Feature","id":824057,"geometry":{"type":"Point","coordinates":[14.424365761751625,46.02430053809522]},"properties":{"id":824057,"contractDate":"2023-09-04","contractYear":2023,"priceEur":272005.1,"mainCategory":"POSLOVNA/DRUGA STAVBA","analyticalUnit":"NI_NEPOSREDNO_RAZDELJIV","analyticalPriceEurM2":null,"quality":"B","marketability":"Tržen posel","settlement":null,"address":null,"soldLandAreaM2":null,"soldUsableAreaM2":103.7}},{"type":"Feature","id":824058,"geometry":{"type":"Point","coordinates":[14.424365761751625,46.02430053809522]},"properties":{"id":824058,"contractDate":"2023-09-07","contractYear":2023,"priceEur":137372,"mainCategory":"POSLOVNA/DRUGA STAVBA","analyticalUnit":"NI_NEPOSREDNO_RAZDELJIV","analyticalPriceEurM2":null,"quality":"B","marketability":"Tržen posel – neustrezni podatki","settlement":null,"address":null,"soldLandAreaM2":null,"soldUsableAreaM2":56.3}},{"type":"Feature","id":824059,"geometry":{"type":"Point","coordinates":[14.424365761751625,46.02430053809522]},"properties":{"id":824059,"contractDate":"2023-11-10","contractYear":2023,"priceEur":308977.2,"mainCategory":"POSLOVNA/DRUGA STAVBA","analyticalUnit":"NI_NEPOSREDNO_RAZDELJIV","analyticalPriceEurM2":null,"quality":"B","marketability":"Tržen posel","settlement":null,"address":null,"soldLandAreaM2":null,"soldUsableAreaM2":120.6}},{"type":"Feature","id":824060,"geometry":{"type":"Point","coordinates":[14.424365761751625,46.02430053809522]},"properties":{"id":824060,"contractDate":"2024-02-27","contractYear":2024,"priceEur":522338.12,"mainCategory":"POSLOVNA/DRUGA STAVBA","analyticalUnit":"NI_NEPOSREDNO_RAZDELJIV","analyticalPriceEurM2":null,"quality":"B","marketability":"Tržen posel","settlement":null,"address":null,"soldLandAreaM2":null,"soldUsableAreaM2":187}},{"type":"Feature","id":824061,"geometry":{"type":"Point","coordinates":[14.424365761751625,46.02430053809522]},"properties":{"id":824061,"contractDate":"2023-05-18","contractYear":2023,"priceEur":1265140,"mainCategory":"POSLOVNA/DRUGA STAVBA","analyticalUnit":"NI_NEPOSREDNO_RAZDELJIV","analyticalPriceEurM2":null,"quality":"C","marketability":"Drug posel","settlement":"BREZOVICA PRI LJUBLJANI","address":"TRŽAŠKA CESTA 495","soldLandAreaM2":null,"soldUsableAreaM2":488.7}},{"type":"Feature","id":824062,"geometry":{"type":"Point","coordinates":[14.424365761751625,46.02430053809522]},"properties":{"id":824062,"contractDate":"2023-09-25","contractYear":2023,"priceEur":546456.3,"mainCategory":"POSLOVNA/DRUGA STAVBA","analyticalUnit":"NI_NEPOSREDNO_RAZDELJIV","analyticalPriceEurM2":null,"quality":"B","marketability":"Tržen posel","settlement":"BREZOVICA PRI LJUBLJANI","address":"TRŽAŠKA CESTA 495","soldLandAreaM2":null,"soldUsableAreaM2":229.7}},{"type":"Feature","id":824063,"geometry":{"type":"Point","coordinates":[14.424365761751625,46.02430053809522]},"properties":{"id":824063,"contractDate":"2023-11-03","contractYear":2023,"priceEur":98756.56,"mainCategory":"POSLOVNA/DRUGA STAVBA","analyticalUnit":"NI_NEPOSREDNO_RAZDELJIV","analyticalPriceEurM2":null,"quality":"B","marketability":"Tržen posel","settlement":"BREZOVICA PRI LJUBLJANI","address":"TRŽAŠKA CESTA 495","soldLandAreaM2":null,"soldUsableAreaM2":34.3}},{"type":"Feature","id":824064,"geometry":{"type":"Point","coordinates":[14.424365761751625,46.02430053809522]},"properties":{"id":824064,"contractDate":"2023-09-04","contractYear":2023,"priceEur":97999.94,"mainCategory":"POSLOVNA/DRUGA STAVBA","analyticalUnit":"NI_NEPOSREDNO_RAZDELJIV","analyticalPriceEurM2":null,"quality":"B","marketability":"Tržen posel","settlement":"BREZOVICA PRI LJUBLJANI","address":"TRŽAŠKA CESTA 495","soldLandAreaM2":null,"soldUsableAreaM2":31}},{"type":"Feature","id":824066,"geometry":{"type":"Point","coordinates":[14.424365761751625,46.02430053809522]},"properties":{"id":824066,"contractDate":"2023-09-04","contractYear":2023,"priceEur":93116.5,"mainCategory":"POSLOVNA/DRUGA STAVBA","analyticalUnit":"NI_NEPOSREDNO_RAZDELJIV","analyticalPriceEurM2":null,"quality":"B","marketability":"Tržen posel","settlement":"BREZOVICA PRI LJUBLJANI","address":"TRŽAŠKA CESTA 495","soldLandAreaM2":null,"soldUsableAreaM2":35.5}},{"type":"Feature","id":824067,"geometry":{"type":"Point","coordinates":[14.424365761751625,46.02430053809522]},"properties":{"id":824067,"contractDate":"2023-11-07","contractYear":2023,"priceEur":180829.62,"mainCategory":"POSLOVNA/DRUGA STAVBA","analyticalUnit":"NI_NEPOSREDNO_RAZDELJIV","analyticalPriceEurM2":null,"quality":"B","marketability":"Tržen posel","settlement":"BREZOVICA PRI LJUBLJANI","address":"TRŽAŠKA CESTA 495","soldLandAreaM2":null,"soldUsableAreaM2":76.6}},{"type":"Feature","id":824068,"geometry":{"type":"Point","coordinates":[14.424365761751625,46.02430053809522]},"properties":{"id":824068,"contractDate":"2023-09-20","contractYear":2023,"priceEur":183610,"mainCategory":"POSLOVNA/DRUGA STAVBA","analyticalUnit":"NI_NEPOSREDNO_RAZDELJIV","analyticalPriceEurM2":null,"quality":"B","marketability":"Tržen posel","settlement":"BREZOVICA PRI LJUBLJANI","address":"TRŽAŠKA CESTA 495","soldLandAreaM2":null,"soldUsableAreaM2":70}},{"type":"Feature","id":825271,"geometry":{"type":"Point","coordinates":[14.415946269739628,45.95474051631829]},"properties":{"id":825271,"contractDate":"2024-05-27","contractYear":2024,"priceEur":156000,"mainCategory":"STANOVANJE","analyticalUnit":"STANOVANJE_CISTO","analyticalPriceEurM2":3083.00395256917,"quality":"A","marketability":"Tržen posel","settlement":"PRESERJE","address":"51","soldLandAreaM2":null,"soldUsableAreaM2":50.6}},{"type":"Feature","id":825649,"geometry":{"type":"Point","coordinates":[14.404104940949592,46.02563865467106]},"properties":{"id":825649,"contractDate":"2024-05-29","contractYear":2024,"priceEur":4960,"mainCategory":"STAVBNO ZEMLJIŠČE","analyticalUnit":"STAVBNO_ZEMLJISCE_CISTO","analyticalPriceEurM2":40,"quality":"B","marketability":"Tržen posel – neustrezni podatki","settlement":null,"address":null,"soldLandAreaM2":124,"soldUsableAreaM2":null}},{"type":"Feature","id":825665,"geometry":{"type":"Point","coordinates":[14.415409440733866,46.001424526563426]},"properties":{"id":825665,"contractDate":"2024-06-04","contractYear":2024,"priceEur":777000,"mainCategory":"HIŠA S PRIPADAJOČIM ZEMLJIŠČEM","analyticalUnit":"HISA_CELI_POSEL","analyticalPriceEurM2":null,"quality":"B","marketability":"Tržen posel – neustrezni podatki","settlement":"VNANJE GORICE","address":"POŽARNICE 20 j","soldLandAreaM2":1620,"soldUsableAreaM2":212.2}},{"type":"Feature","id":825754,"geometry":{"type":"Point","coordinates":[14.423589770881588,46.026305570627116]},"properties":{"id":825754,"contractDate":"2024-05-31","contractYear":2024,"priceEur":95000,"mainCategory":"STAVBNO ZEMLJIŠČE","analyticalUnit":"NI_NEPOSREDNO_RAZDELJIV","analyticalPriceEurM2":null,"quality":"B","marketability":"Tržen posel – neustrezni podatki","settlement":null,"address":null,"soldLandAreaM2":572.5,"soldUsableAreaM2":null}},{"type":"Feature","id":826173,"geometry":{"type":"Point","coordinates":[14.40664819615315,45.99511377048212]},"properties":{"id":826173,"contractDate":"2024-05-29","contractYear":2024,"priceEur":140000,"mainCategory":"HIŠA S PRIPADAJOČIM ZEMLJIŠČEM","analyticalUnit":"HISA_CELI_POSEL","analyticalPriceEurM2":null,"quality":"A","marketability":"Tržen posel","settlement":"NOTRANJE GORICE","address":"MAVSARJEVA CESTA 1","soldLandAreaM2":680,"soldUsableAreaM2":382.9}},{"type":"Feature","id":827568,"geometry":{"type":"Point","coordinates":[14.403271553417307,45.96638833050877]},"properties":{"id":827568,"contractDate":"2024-07-23","contractYear":2024,"priceEur":19983.6,"mainCategory":"STAVBNO ZEMLJIŠČE","analyticalUnit":"STAVBNO_ZEMLJISCE_CISTO","analyticalPriceEurM2":36.6,"quality":"B","marketability":"Tržen posel – neustrezni podatki","settlement":null,"address":null,"soldLandAreaM2":546,"soldUsableAreaM2":null}},{"type":"Feature","id":827782,"geometry":{"type":"Point","coordinates":[14.42828021533727,45.89147387562562]},"properties":{"id":827782,"contractDate":"2024-05-30","contractYear":2024,"priceEur":20356.05,"mainCategory":"STAVBNO ZEMLJIŠČE","analyticalUnit":"STAVBNO_ZEMLJISCE_CISTO","analyticalPriceEurM2":55.77,"quality":"B","marketability":"Tržen posel – neustrezni podatki","settlement":null,"address":null,"soldLandAreaM2":365,"soldUsableAreaM2":null}},{"type":"Feature","id":828159,"geometry":{"type":"Point","coordinates":[14.413940406935199,46.02438197840302]},"properties":{"id":828159,"contractDate":"2024-06-07","contractYear":2024,"priceEur":162487.76,"mainCategory":"STANOVANJE","analyticalUnit":"STANOVANJE_CISTO","analyticalPriceEurM2":2777.5685470085477,"quality":"C","marketability":"Neopredeljen posel","settlement":"BREZOVICA PRI LJUBLJANI","address":"TRŽAŠKA CESTA 438","soldLandAreaM2":null,"soldUsableAreaM2":58.5}},{"type":"Feature","id":828266,"geometry":{"type":"Point","coordinates":[14.439591872291812,45.892804257825695]},"properties":{"id":828266,"contractDate":"2024-03-29","contractYear":2024,"priceEur":86066,"mainCategory":"HIŠA S PRIPADAJOČIM ZEMLJIŠČEM","analyticalUnit":"HISA_CELI_POSEL","analyticalPriceEurM2":null,"quality":"C","marketability":"Drug posel","settlement":"RAKITNA","address":"73","soldLandAreaM2":580,"soldUsableAreaM2":126.53333333333332}},{"type":"Feature","id":828873,"geometry":{"type":"Point","coordinates":[14.397258247432296,45.95679110115396]},"properties":{"id":828873,"contractDate":"2024-05-09","contractYear":2024,"priceEur":248000,"mainCategory":"HIŠA S PRIPADAJOČIM ZEMLJIŠČEM","analyticalUnit":"HISA_CELI_POSEL","analyticalPriceEurM2":null,"quality":"B","marketability":"Tržen posel – neustrezni podatki","settlement":"KAMNIK POD KRIMOM","address":"166","soldLandAreaM2":683,"soldUsableAreaM2":65.5}},{"type":"Feature","id":829029,"geometry":{"type":"Point","coordinates":[14.446658258021188,45.89089880782868]},"properties":{"id":829029,"contractDate":"2024-07-04","contractYear":2024,"priceEur":1000,"mainCategory":"MEŠANO/DRUGO ZEMLJIŠČE","analyticalUnit":"NI_NEPOSREDNO_RAZDELJIV","analyticalPriceEurM2":null,"quality":"B","marketability":"Tržen posel – neustrezni podatki","settlement":null,"address":null,"soldLandAreaM2":11,"soldUsableAreaM2":null}},{"type":"Feature","id":829092,"geometry":{"type":"Point","coordinates":[14.407525503712522,45.99409980838413]},"properties":{"id":829092,"contractDate":"2024-07-09","contractYear":2024,"priceEur":189000,"mainCategory":"STANOVANJE","analyticalUnit":"STANOVANJE_CISTO","analyticalPriceEurM2":2560.9756097560976,"quality":"A","marketability":"Tržen posel","settlement":"NOTRANJE GORICE","address":"GMAJNA 26","soldLandAreaM2":null,"soldUsableAreaM2":73.8}},{"type":"Feature","id":829427,"geometry":{"type":"Point","coordinates":[14.399307486624023,45.98689463337969]},"properties":{"id":829427,"contractDate":"2024-07-09","contractYear":2024,"priceEur":500000,"mainCategory":"HIŠA S PRIPADAJOČIM ZEMLJIŠČEM","analyticalUnit":"NI_NEPOSREDNO_RAZDELJIV","analyticalPriceEurM2":null,"quality":"C","marketability":"Drug posel","settlement":"NOTRANJE GORICE","address":"CESTA NA LOG 5","soldLandAreaM2":1744,"soldUsableAreaM2":785.9}},{"type":"Feature","id":829444,"geometry":{"type":"Point","coordinates":[14.432671184977178,46.011043073913285]},"properties":{"id":829444,"contractDate":"2024-07-05","contractYear":2024,"priceEur":304507.69,"mainCategory":"STANOVANJE Z DODATKI/ZEMLJIŠČEM","analyticalUnit":"NI_NEPOSREDNO_RAZDELJIV","analyticalPriceEurM2":null,"quality":"C","marketability":"Drug posel","settlement":null,"address":null,"soldLandAreaM2":19.875,"soldUsableAreaM2":137.5}},{"type":"Feature","id":829474,"geometry":{"type":"Point","coordinates":[14.408968379996342,45.99936191591884]},"properties":{"id":829474,"contractDate":"2024-07-16","contractYear":2024,"priceEur":400000,"mainCategory":"HIŠA S PRIPADAJOČIM ZEMLJIŠČEM","analyticalUnit":"HISA_CELI_POSEL","analyticalPriceEurM2":null,"quality":"B","marketability":"Tržen posel – neustrezni podatki","settlement":"NOTRANJE GORICE","address":"PODPEŠKA CESTA 236 f","soldLandAreaM2":224,"soldUsableAreaM2":108}},{"type":"Feature","id":830375,"geometry":{"type":"Point","coordinates":[14.390080887779726,45.962638206640726]},"properties":{"id":830375,"contractDate":"2024-06-19","contractYear":2024,"priceEur":70510,"mainCategory":"GOZDNO ZEMLJIŠČE","analyticalUnit":"GOZDNO_ZEMLJISCE_CISTO","analyticalPriceEurM2":110,"quality":"B","marketability":"Tržen posel – neustrezni podatki","settlement":null,"address":null,"soldLandAreaM2":641,"soldUsableAreaM2":null}},{"type":"Feature","id":830463,"geometry":{"type":"Point","coordinates":[14.431469765426508,45.891784677994934]},"properties":{"id":830463,"contractDate":"2024-07-05","contractYear":2024,"priceEur":61000,"mainCategory":"STAVBNO ZEMLJIŠČE","analyticalUnit":"STAVBNO_ZEMLJISCE_CISTO","analyticalPriceEurM2":100.66006600660066,"quality":"C","marketability":"Neopredeljen posel","settlement":null,"address":null,"soldLandAreaM2":606,"soldUsableAreaM2":null}},{"type":"Feature","id":830651,"geometry":{"type":"Point","coordinates":[14.379323414812601,45.96346440282561]},"properties":{"id":830651,"contractDate":"2024-03-21","contractYear":2024,"priceEur":717,"mainCategory":"KMETIJSKO ZEMLJIŠČE","analyticalUnit":"KMETIJSKO_ZEMLJISCE_CISTO","analyticalPriceEurM2":1.5,"quality":"B","marketability":"Tržen posel – neustrezni podatki","settlement":null,"address":null,"soldLandAreaM2":478,"soldUsableAreaM2":null}},{"type":"Feature","id":830838,"geometry":{"type":"Point","coordinates":[14.434779264378783,45.88866872606037]},"properties":{"id":830838,"contractDate":"2024-07-24","contractYear":2024,"priceEur":131000,"mainCategory":"HIŠA S PRIPADAJOČIM ZEMLJIŠČEM","analyticalUnit":"HISA_CELI_POSEL","analyticalPriceEurM2":null,"quality":"B","marketability":"Tržen posel – neustrezni podatki","settlement":"RAKITNA","address":"225","soldLandAreaM2":634,"soldUsableAreaM2":37.4}},{"type":"Feature","id":830970,"geometry":{"type":"Point","coordinates":[14.413969287814622,46.02444798908664]},"properties":{"id":830970,"contractDate":"2024-07-25","contractYear":2024,"priceEur":200000,"mainCategory":"STANOVANJE Z DODATKI/ZEMLJIŠČEM","analyticalUnit":"NI_NEPOSREDNO_RAZDELJIV","analyticalPriceEurM2":null,"quality":"B","marketability":"Tržen posel – neustrezni podatki","settlement":"BREZOVICA PRI LJUBLJANI","address":"TRŽAŠKA CESTA 438","soldLandAreaM2":23,"soldUsableAreaM2":54.4}},{"type":"Feature","id":831265,"geometry":{"type":"Point","coordinates":[14.423497525697986,45.87223632975518]},"properties":{"id":831265,"contractDate":"2024-07-03","contractYear":2024,"priceEur":10000,"mainCategory":"GOZDNO ZEMLJIŠČE","analyticalUnit":"GOZDNO_ZEMLJISCE_CISTO","analyticalPriceEurM2":0.6616819956328989,"quality":"B","marketability":"Tržen posel – neustrezni podatki","settlement":null,"address":null,"soldLandAreaM2":15113,"soldUsableAreaM2":null}},{"type":"Feature","id":831350,"geometry":{"type":"Point","coordinates":[14.385125863395219,45.95188636181159]},"properties":{"id":831350,"contractDate":"2024-08-05","contractYear":2024,"priceEur":6100,"mainCategory":"GOZDNO ZEMLJIŠČE","analyticalUnit":"GOZDNO_ZEMLJISCE_CISTO","analyticalPriceEurM2":1.7784256559766765,"quality":"B","marketability":"Tržen posel – neustrezni podatki","settlement":null,"address":null,"soldLandAreaM2":3430,"soldUsableAreaM2":null}},{"type":"Feature","id":831553,"geometry":{"type":"Point","coordinates":[14.426212262712419,46.02520081267981]},"properties":{"id":831553,"contractDate":"2024-08-08","contractYear":2024,"priceEur":529000,"mainCategory":"HIŠA S PRIPADAJOČIM ZEMLJIŠČEM","analyticalUnit":"HISA_CELI_POSEL","analyticalPriceEurM2":null,"quality":"B","marketability":"Tržen posel – neustrezni podatki","settlement":"BREZOVICA PRI LJUBLJANI","address":"TRŽAŠKA CESTA 473","soldLandAreaM2":710,"soldUsableAreaM2":119.2}},{"type":"Feature","id":831804,"geometry":{"type":"Point","coordinates":[14.444427816156256,45.89326255700902]},"properties":{"id":831804,"contractDate":"2024-08-16","contractYear":2024,"priceEur":85680,"mainCategory":"STAVBNO ZEMLJIŠČE","analyticalUnit":"STAVBNO_ZEMLJISCE_CISTO","analyticalPriceEurM2":119.4979079497908,"quality":"B","marketability":"Tržen posel – neustrezni podatki","settlement":null,"address":null,"soldLandAreaM2":717,"soldUsableAreaM2":null}},{"type":"Feature","id":831808,"geometry":{"type":"Point","coordinates":[14.404895247156327,45.99852520667644]},"properties":{"id":831808,"contractDate":"2024-08-09","contractYear":2024,"priceEur":500000,"mainCategory":"HIŠA S PRIPADAJOČIM ZEMLJIŠČEM","analyticalUnit":"NI_NEPOSREDNO_RAZDELJIV","analyticalPriceEurM2":null,"quality":"C","marketability":"Neopredeljen posel","settlement":"ŽABNICA","address":"18","soldLandAreaM2":2077,"soldUsableAreaM2":1289.8}},{"type":"Feature","id":833872,"geometry":{"type":"Point","coordinates":[14.416908871500691,46.0016772227489]},"properties":{"id":833872,"contractDate":"2024-07-01","contractYear":2024,"priceEur":1000,"mainCategory":"MEŠANO/DRUGO ZEMLJIŠČE","analyticalUnit":"NI_NEPOSREDNO_RAZDELJIV","analyticalPriceEurM2":null,"quality":"C","marketability":"Drug posel","settlement":null,"address":null,"soldLandAreaM2":5.091666666666667,"soldUsableAreaM2":null}},{"type":"Feature","id":834134,"geometry":{"type":"Point","coordinates":[14.407525503712522,45.99409980838413]},"properties":{"id":834134,"contractDate":"2024-08-29","contractYear":2024,"priceEur":166000,"mainCategory":"STANOVANJE","analyticalUnit":"STANOVANJE_CISTO","analyticalPriceEurM2":2249.3224932249323,"quality":"A","marketability":"Tržen posel","settlement":"NOTRANJE GORICE","address":"GMAJNA 26","soldLandAreaM2":null,"soldUsableAreaM2":73.8}},{"type":"Feature","id":834187,"geometry":{"type":"Point","coordinates":[14.399307486624023,45.98689463337969]},"properties":{"id":834187,"contractDate":"2024-07-09","contractYear":2024,"priceEur":500000,"mainCategory":"HIŠA S PRIPADAJOČIM ZEMLJIŠČEM","analyticalUnit":"HISA_CELI_POSEL","analyticalPriceEurM2":null,"quality":"C","marketability":"Neopredeljen posel","settlement":"NOTRANJE GORICE","address":"CESTA NA LOG 5","soldLandAreaM2":1744,"soldUsableAreaM2":785.9}},{"type":"Feature","id":834748,"geometry":{"type":"Point","coordinates":[14.40679533367771,46.01475850168244]},"properties":{"id":834748,"contractDate":"2024-09-09","contractYear":2024,"priceEur":345000,"mainCategory":"HIŠA S PRIPADAJOČIM ZEMLJIŠČEM","analyticalUnit":"NI_NEPOSREDNO_RAZDELJIV","analyticalPriceEurM2":null,"quality":"B","marketability":"Tržen posel – neustrezni podatki","settlement":"BREZOVICA PRI LJUBLJANI","address":"ZA GRABNOM 70","soldLandAreaM2":717,"soldUsableAreaM2":166.5}},{"type":"Feature","id":834768,"geometry":{"type":"Point","coordinates":[14.38018257860348,45.95012268912276]},"properties":{"id":834768,"contractDate":"2024-09-09","contractYear":2024,"priceEur":10000,"mainCategory":"STAVBNO ZEMLJIŠČE","analyticalUnit":"STAVBNO_ZEMLJISCE_CISTO","analyticalPriceEurM2":49.50495049504951,"quality":"B","marketability":"Tržen posel – neustrezni podatki","settlement":null,"address":null,"soldLandAreaM2":202,"soldUsableAreaM2":null}},{"type":"Feature","id":834805,"geometry":{"type":"Point","coordinates":[14.409028679343113,45.954338925001316]},"properties":{"id":834805,"contractDate":"2024-09-02","contractYear":2024,"priceEur":131120,"mainCategory":"STAVBNO ZEMLJIŠČE","analyticalUnit":"NI_NEPOSREDNO_RAZDELJIV","analyticalPriceEurM2":null,"quality":"B","marketability":"Tržen posel – neustrezni podatki","settlement":null,"address":null,"soldLandAreaM2":1508,"soldUsableAreaM2":null}},{"type":"Feature","id":834809,"geometry":{"type":"Point","coordinates":[14.408767994366572,45.95438207040334]},"properties":{"id":834809,"contractDate":"2024-09-02","contractYear":2024,"priceEur":38760,"mainCategory":"STAVBNO ZEMLJIŠČE","analyticalUnit":"NI_NEPOSREDNO_RAZDELJIV","analyticalPriceEurM2":null,"quality":"B","marketability":"Tržen posel – neustrezni podatki","settlement":null,"address":null,"soldLandAreaM2":458,"soldUsableAreaM2":null}},{"type":"Feature","id":834903,"geometry":{"type":"Point","coordinates":[14.446951253712427,45.88878438635766]},"properties":{"id":834903,"contractDate":"2024-08-28","contractYear":2024,"priceEur":12000,"mainCategory":"KMETIJSKO ZEMLJIŠČE","analyticalUnit":"KMETIJSKO_ZEMLJISCE_CISTO","analyticalPriceEurM2":12.012012012012011,"quality":"B","marketability":"Tržen posel – neustrezni podatki","settlement":null,"address":null,"soldLandAreaM2":999,"soldUsableAreaM2":null}},{"type":"Feature","id":882886,"geometry":{"type":"Point","coordinates":[14.444562214475289,45.8928103047979]},"properties":{"id":882886,"contractDate":"2024-09-19","contractYear":2024,"priceEur":77000,"mainCategory":"STAVBNO ZEMLJIŠČE","analyticalUnit":"STAVBNO_ZEMLJISCE_CISTO","analyticalPriceEurM2":110.15736766809728,"quality":"B","marketability":"Tržen posel – neustrezni podatki","settlement":null,"address":null,"soldLandAreaM2":699,"soldUsableAreaM2":null}},{"type":"Feature","id":882918,"geometry":{"type":"Point","coordinates":[14.425886203651203,46.0069057704839]},"properties":{"id":882918,"contractDate":"2024-09-25","contractYear":2024,"priceEur":164750,"mainCategory":"HIŠA S PRIPADAJOČIM ZEMLJIŠČEM","analyticalUnit":"HISA_CELI_POSEL","analyticalPriceEurM2":null,"quality":"C","marketability":"Drug posel","settlement":"VNANJE GORICE","address":"POD GORICAMI 28 a","soldLandAreaM2":193.86666666666667,"soldUsableAreaM2":75.12}},{"type":"Feature","id":882978,"geometry":{"type":"Point","coordinates":[14.409209359779377,45.95614930274232]},"properties":{"id":882978,"contractDate":"2024-09-25","contractYear":2024,"priceEur":10010,"mainCategory":"HIŠA S PRIPADAJOČIM ZEMLJIŠČEM","analyticalUnit":"HISA_CELI_POSEL","analyticalPriceEurM2":null,"quality":"C","marketability":"Drug posel","settlement":"KAMNIK POD KRIMOM","address":"48","soldLandAreaM2":77.05000000000001,"soldUsableAreaM2":61.506}},{"type":"Feature","id":883060,"geometry":{"type":"Point","coordinates":[14.415557927425679,45.95434627485085]},"properties":{"id":883060,"contractDate":"2024-09-30","contractYear":2024,"priceEur":240000,"mainCategory":"HIŠA S PRIPADAJOČIM ZEMLJIŠČEM","analyticalUnit":"HISA_CELI_POSEL","analyticalPriceEurM2":null,"quality":"B","marketability":"Tržen posel – neustrezni podatki","settlement":"PRESERJE","address":"56","soldLandAreaM2":656,"soldUsableAreaM2":46.5}},{"type":"Feature","id":883394,"geometry":{"type":"Point","coordinates":[14.407525503712522,45.99409980838413]},"properties":{"id":883394,"contractDate":"2024-10-03","contractYear":2024,"priceEur":202000,"mainCategory":"STANOVANJE","analyticalUnit":"STANOVANJE_CISTO","analyticalPriceEurM2":3019.4319880418534,"quality":"A","marketability":"Tržen posel","settlement":"NOTRANJE GORICE","address":"GMAJNA 26","soldLandAreaM2":null,"soldUsableAreaM2":66.9}},{"type":"Feature","id":883522,"geometry":{"type":"Point","coordinates":[14.408020807515687,45.99341207382586]},"properties":{"id":883522,"contractDate":"2024-05-21","contractYear":2024,"priceEur":1700,"mainCategory":"STAVBNO ZEMLJIŠČE","analyticalUnit":"STAVBNO_ZEMLJISCE_CISTO","analyticalPriceEurM2":100,"quality":"A","marketability":"Tržen posel","settlement":null,"address":null,"soldLandAreaM2":17,"soldUsableAreaM2":null}},{"type":"Feature","id":883673,"geometry":{"type":"Point","coordinates":[14.432385271470816,46.01126542561056]},"properties":{"id":883673,"contractDate":"2024-10-08","contractYear":2024,"priceEur":3000,"mainCategory":"STAVBNO ZEMLJIŠČE","analyticalUnit":"STAVBNO_ZEMLJISCE_CISTO","analyticalPriceEurM2":51.72413793103448,"quality":"C","marketability":"Drug posel","settlement":null,"address":null,"soldLandAreaM2":58,"soldUsableAreaM2":null}},{"type":"Feature","id":883911,"geometry":{"type":"Point","coordinates":[14.419829140220495,45.97436634579131]},"properties":{"id":883911,"contractDate":"2024-10-14","contractYear":2024,"priceEur":440000,"mainCategory":"HIŠA S PRIPADAJOČIM ZEMLJIŠČEM","analyticalUnit":"HISA_CELI_POSEL","analyticalPriceEurM2":null,"quality":"B","marketability":"Tržen posel – neustrezni podatki","settlement":"PODPEČ","address":"47 b","soldLandAreaM2":332,"soldUsableAreaM2":104.5}},{"type":"Feature","id":884058,"geometry":{"type":"Point","coordinates":[14.419722483639223,46.01986449346981]},"properties":{"id":884058,"contractDate":"2024-10-10","contractYear":2024,"priceEur":320000,"mainCategory":"STANOVANJE Z DODATKI/ZEMLJIŠČEM","analyticalUnit":"NI_NEPOSREDNO_RAZDELJIV","analyticalPriceEurM2":null,"quality":"B","marketability":"Tržen posel – neustrezni podatki","settlement":"BREZOVICA PRI LJUBLJANI","address":"PODSVETIJA 26 c","soldLandAreaM2":153.0068376068376,"soldUsableAreaM2":61.2}},{"type":"Feature","id":884218,"geometry":{"type":"Point","coordinates":[14.423567346151525,46.024691419569045]},"properties":{"id":884218,"contractDate":"2024-10-02","contractYear":2024,"priceEur":24556.17,"mainCategory":"MEŠANO/DRUGO ZEMLJIŠČE","analyticalUnit":"NI_NEPOSREDNO_RAZDELJIV","analyticalPriceEurM2":null,"quality":"B","marketability":"Tržen posel – neustrezni podatki","settlement":null,"address":null,"soldLandAreaM2":201,"soldUsableAreaM2":null}},{"type":"Feature","id":885852,"geometry":{"type":"Point","coordinates":[14.412942333814406,46.02379163272926]},"properties":{"id":885852,"contractDate":"2024-10-28","contractYear":2024,"priceEur":125000,"mainCategory":"HIŠA S PRIPADAJOČIM ZEMLJIŠČEM","analyticalUnit":"HISA_CELI_POSEL","analyticalPriceEurM2":null,"quality":"C","marketability":"Drug posel","settlement":"BREZOVICA PRI LJUBLJANI","address":"MALOVAŠKA ULICA 1","soldLandAreaM2":57.285,"soldUsableAreaM2":57.096900000000005}},{"type":"Feature","id":885979,"geometry":{"type":"Point","coordinates":[14.412441345431542,46.00544419896225]},"properties":{"id":885979,"contractDate":"2024-10-30","contractYear":2024,"priceEur":420000,"mainCategory":"HIŠA S PRIPADAJOČIM ZEMLJIŠČEM","analyticalUnit":"HISA_CELI_POSEL","analyticalPriceEurM2":null,"quality":"B","marketability":"Tržen posel – neustrezni podatki","settlement":"VNANJE GORICE","address":"POT H GOZDU 5","soldLandAreaM2":320,"soldUsableAreaM2":110.4}},{"type":"Feature","id":886025,"geometry":{"type":"Point","coordinates":[14.47666302930803,45.886705188181494]},"properties":{"id":886025,"contractDate":"2024-08-30","contractYear":2024,"priceEur":5215.5,"mainCategory":"GOZDNO ZEMLJIŠČE","analyticalUnit":"GOZDNO_ZEMLJISCE_CISTO","analyticalPriceEurM2":0.61,"quality":"B","marketability":"Tržen posel – neustrezni podatki","settlement":null,"address":null,"soldLandAreaM2":8550,"soldUsableAreaM2":null}},{"type":"Feature","id":886500,"geometry":{"type":"Point","coordinates":[14.399424022981748,45.98753216767221]},"properties":{"id":886500,"contractDate":"2023-07-10","contractYear":2023,"priceEur":100000,"mainCategory":"HIŠA S PRIPADAJOČIM ZEMLJIŠČEM","analyticalUnit":"HISA_CELI_POSEL","analyticalPriceEurM2":null,"quality":"B","marketability":"Tržen posel – neustrezni podatki","settlement":"NOTRANJE GORICE","address":"NA PESKE 1","soldLandAreaM2":592,"soldUsableAreaM2":158.7}},{"type":"Feature","id":886800,"geometry":{"type":"Point","coordinates":[14.47958163343858,45.88162376164896]},"properties":{"id":886800,"contractDate":"2024-11-12","contractYear":2024,"priceEur":8326.5,"mainCategory":"GOZDNO ZEMLJIŠČE","analyticalUnit":"GOZDNO_ZEMLJISCE_CISTO","analyticalPriceEurM2":0.61,"quality":"B","marketability":"Tržen posel – neustrezni podatki","settlement":null,"address":null,"soldLandAreaM2":13650,"soldUsableAreaM2":null}},{"type":"Feature","id":886830,"geometry":{"type":"Point","coordinates":[14.39721218796272,45.98790127459716]},"properties":{"id":886830,"contractDate":"2024-11-18","contractYear":2024,"priceEur":79000,"mainCategory":"STAVBNO ZEMLJIŠČE","analyticalUnit":"STAVBNO_ZEMLJISCE_CISTO","analyticalPriceEurM2":157.68463073852294,"quality":"B","marketability":"Tržen posel – neustrezni podatki","settlement":null,"address":null,"soldLandAreaM2":501,"soldUsableAreaM2":null}},{"type":"Feature","id":886941,"geometry":{"type":"Point","coordinates":[14.416908871500691,46.0016772227489]},"properties":{"id":886941,"contractDate":"2024-11-19","contractYear":2024,"priceEur":500,"mainCategory":"MEŠANO/DRUGO ZEMLJIŠČE","analyticalUnit":"NI_NEPOSREDNO_RAZDELJIV","analyticalPriceEurM2":null,"quality":"C","marketability":"Drug posel","settlement":null,"address":null,"soldLandAreaM2":5.091666666666667,"soldUsableAreaM2":null}},{"type":"Feature","id":886942,"geometry":{"type":"Point","coordinates":[14.416908871500691,46.0016772227489]},"properties":{"id":886942,"contractDate":"2024-11-19","contractYear":2024,"priceEur":500,"mainCategory":"MEŠANO/DRUGO ZEMLJIŠČE","analyticalUnit":"NI_NEPOSREDNO_RAZDELJIV","analyticalPriceEurM2":null,"quality":"C","marketability":"Drug posel","settlement":null,"address":null,"soldLandAreaM2":5.091666666666667,"soldUsableAreaM2":null}},{"type":"Feature","id":886946,"geometry":{"type":"Point","coordinates":[14.437332658441731,45.9701972918782]},"properties":{"id":886946,"contractDate":"2024-11-19","contractYear":2024,"priceEur":4510,"mainCategory":"STAVBNO ZEMLJIŠČE","analyticalUnit":"STAVBNO_ZEMLJISCE_CISTO","analyticalPriceEurM2":110,"quality":"B","marketability":"Tržen posel – neustrezni podatki","settlement":null,"address":null,"soldLandAreaM2":41,"soldUsableAreaM2":null}},{"type":"Feature","id":887066,"geometry":{"type":"Point","coordinates":[14.440388635147766,45.88485556317055]},"properties":{"id":887066,"contractDate":"2024-11-25","contractYear":2024,"priceEur":760,"mainCategory":"MEŠANO/DRUGO ZEMLJIŠČE","analyticalUnit":"NI_NEPOSREDNO_RAZDELJIV","analyticalPriceEurM2":null,"quality":"B","marketability":"Tržen posel – neustrezni podatki","settlement":null,"address":null,"soldLandAreaM2":76,"soldUsableAreaM2":null}},{"type":"Feature","id":889444,"geometry":{"type":"Point","coordinates":[14.379980787596299,45.94990155474683]},"properties":{"id":889444,"contractDate":"2024-02-06","contractYear":2024,"priceEur":135000,"mainCategory":"HIŠA S PRIPADAJOČIM ZEMLJIŠČEM","analyticalUnit":"HISA_CELI_POSEL","analyticalPriceEurM2":null,"quality":"C","marketability":"Drug posel","settlement":"GORIČICA POD KRIMOM","address":"6","soldLandAreaM2":247,"soldUsableAreaM2":60.5}},{"type":"Feature","id":892680,"geometry":{"type":"Point","coordinates":[14.41831032606013,46.00958965541865]},"properties":{"id":892680,"contractDate":"2024-11-19","contractYear":2024,"priceEur":241947,"mainCategory":"HIŠA S PRIPADAJOČIM ZEMLJIŠČEM","analyticalUnit":"HISA_CELI_POSEL","analyticalPriceEurM2":null,"quality":"B","marketability":"Tržen posel – neustrezni podatki","settlement":"VNANJE GORICE","address":"NOVA POT 28","soldLandAreaM2":841,"soldUsableAreaM2":86.9}},{"type":"Feature","id":892741,"geometry":{"type":"Point","coordinates":[14.441106399779539,45.88141227288112]},"properties":{"id":892741,"contractDate":"2024-11-21","contractYear":2024,"priceEur":235000,"mainCategory":"HIŠA S PRIPADAJOČIM ZEMLJIŠČEM","analyticalUnit":"HISA_CELI_POSEL","analyticalPriceEurM2":null,"quality":"B","marketability":"Tržen posel – neustrezni podatki","settlement":"RAKITNA","address":"460","soldLandAreaM2":1340,"soldUsableAreaM2":47.8}},{"type":"Feature","id":892786,"geometry":{"type":"Point","coordinates":[14.409908439809989,45.997633014034086]},"properties":{"id":892786,"contractDate":"2024-11-22","contractYear":2024,"priceEur":140000,"mainCategory":"STAVBNO ZEMLJIŠČE","analyticalUnit":"STAVBNO_ZEMLJISCE_CISTO","analyticalPriceEurM2":238.90784982935156,"quality":"A","marketability":"Tržen posel","settlement":null,"address":null,"soldLandAreaM2":586,"soldUsableAreaM2":null}},{"type":"Feature","id":893126,"geometry":{"type":"Point","coordinates":[14.416506591878147,45.94998924577131]},"properties":{"id":893126,"contractDate":"2024-10-14","contractYear":2024,"priceEur":10000,"mainCategory":"KMETIJSKO ZEMLJIŠČE","analyticalUnit":"KMETIJSKO_ZEMLJISCE_CISTO","analyticalPriceEurM2":2.4372410431391667,"quality":"B","marketability":"Tržen posel – neustrezni podatki","settlement":null,"address":null,"soldLandAreaM2":4103,"soldUsableAreaM2":null}},{"type":"Feature","id":893236,"geometry":{"type":"Point","coordinates":[14.401418778336943,45.96080296544276]},"properties":{"id":893236,"contractDate":"2024-11-25","contractYear":2024,"priceEur":419.5,"mainCategory":"STAVBNO ZEMLJIŠČE","analyticalUnit":"NI_NEPOSREDNO_RAZDELJIV","analyticalPriceEurM2":null,"quality":"C","marketability":"Drug posel","settlement":null,"address":null,"soldLandAreaM2":10.4875,"soldUsableAreaM2":null}},{"type":"Feature","id":893774,"geometry":{"type":"Point","coordinates":[14.440010227010355,45.97085854823352]},"properties":{"id":893774,"contractDate":"2024-12-06","contractYear":2024,"priceEur":100000,"mainCategory":"STAVBNO ZEMLJIŠČE","analyticalUnit":"STAVBNO_ZEMLJISCE_CISTO","analyticalPriceEurM2":59.594755661501786,"quality":"B","marketability":"Tržen posel – neustrezni podatki","settlement":null,"address":null,"soldLandAreaM2":1678,"soldUsableAreaM2":null}},{"type":"Feature","id":893777,"geometry":{"type":"Point","coordinates":[14.432663407698122,45.972343148845354]},"properties":{"id":893777,"contractDate":"2024-12-05","contractYear":2024,"priceEur":345000,"mainCategory":"HIŠA S PRIPADAJOČIM ZEMLJIŠČEM","analyticalUnit":"HISA_CELI_POSEL","analyticalPriceEurM2":null,"quality":"B","marketability":"Tržen posel – neustrezni podatki","settlement":"JEZERO","address":"45 h","soldLandAreaM2":675,"soldUsableAreaM2":103.8}},{"type":"Feature","id":893890,"geometry":{"type":"Point","coordinates":[14.40834668407727,45.99466718170407]},"properties":{"id":893890,"contractDate":"2024-12-07","contractYear":2024,"priceEur":200000,"mainCategory":"HIŠA S PRIPADAJOČIM ZEMLJIŠČEM","analyticalUnit":"HISA_CELI_POSEL","analyticalPriceEurM2":null,"quality":"C","marketability":"Drug posel","settlement":"NOTRANJE GORICE","address":"GMAJNA 19","soldLandAreaM2":464,"soldUsableAreaM2":113.2}},{"type":"Feature","id":894081,"geometry":{"type":"Point","coordinates":[14.407672563607266,45.95249528678315]},"properties":{"id":894081,"contractDate":"2024-12-10","contractYear":2024,"priceEur":60210,"mainCategory":"STAVBNO ZEMLJIŠČE","analyticalUnit":"STAVBNO_ZEMLJISCE_CISTO","analyticalPriceEurM2":90,"quality":"B","marketability":"Tržen posel – neustrezni podatki","settlement":null,"address":null,"soldLandAreaM2":669,"soldUsableAreaM2":null}},{"type":"Feature","id":894228,"geometry":{"type":"Point","coordinates":[14.423618961466829,46.027231572676286]},"properties":{"id":894228,"contractDate":"2024-12-12","contractYear":2024,"priceEur":230000,"mainCategory":"HIŠA S PRIPADAJOČIM ZEMLJIŠČEM","analyticalUnit":"HISA_CELI_POSEL","analyticalPriceEurM2":null,"quality":"C","marketability":"Drug posel","settlement":"BREZOVICA PRI LJUBLJANI","address":"NA BREZNO 33","soldLandAreaM2":390.5,"soldUsableAreaM2":78.75}},{"type":"Feature","id":894466,"geometry":{"type":"Point","coordinates":[14.379203183244929,45.96474506977307]},"properties":{"id":894466,"contractDate":"2024-09-06","contractYear":2024,"priceEur":25833,"mainCategory":"KMETIJSKO ZEMLJIŠČE","analyticalUnit":"KMETIJSKO_ZEMLJISCE_CISTO","analyticalPriceEurM2":3,"quality":"B","marketability":"Tržen posel – neustrezni podatki","settlement":null,"address":null,"soldLandAreaM2":8611,"soldUsableAreaM2":null}},{"type":"Feature","id":895183,"geometry":{"type":"Point","coordinates":[14.396000810328655,45.986000327017976]},"properties":{"id":895183,"contractDate":"2024-09-18","contractYear":2024,"priceEur":9000,"mainCategory":"KMETIJSKO ZEMLJIŠČE","analyticalUnit":"KMETIJSKO_ZEMLJISCE_CISTO","analyticalPriceEurM2":10.61320754716981,"quality":"C","marketability":"Drug posel","settlement":null,"address":null,"soldLandAreaM2":848,"soldUsableAreaM2":null}},{"type":"Feature","id":895838,"geometry":{"type":"Point","coordinates":[14.377281233073816,46.00176608288857]},"properties":{"id":895838,"contractDate":"2024-12-10","contractYear":2024,"priceEur":8410,"mainCategory":"KMETIJSKO ZEMLJIŠČE","analyticalUnit":"KMETIJSKO_ZEMLJISCE_CISTO","analyticalPriceEurM2":2,"quality":"B","marketability":"Tržen posel – neustrezni podatki","settlement":null,"address":null,"soldLandAreaM2":4205,"soldUsableAreaM2":null}},{"type":"Feature","id":896329,"geometry":{"type":"Point","coordinates":[14.419342046090708,46.02725342703045]},"properties":{"id":896329,"contractDate":"2025-01-07","contractYear":2025,"priceEur":10065,"mainCategory":"STAVBNO ZEMLJIŠČE","analyticalUnit":"STAVBNO_ZEMLJISCE_CISTO","analyticalPriceEurM2":61,"quality":"A","marketability":"Tržen posel","settlement":null,"address":null,"soldLandAreaM2":165,"soldUsableAreaM2":null}},{"type":"Feature","id":896337,"geometry":{"type":"Point","coordinates":[14.421727393666336,46.00568859146443]},"properties":{"id":896337,"contractDate":"2024-12-24","contractYear":2024,"priceEur":285000,"mainCategory":"HIŠA S PRIPADAJOČIM ZEMLJIŠČEM","analyticalUnit":"HISA_CELI_POSEL","analyticalPriceEurM2":null,"quality":"B","marketability":"Tržen posel – neustrezni podatki","settlement":"VNANJE GORICE","address":"POD GORICAMI 9","soldLandAreaM2":291,"soldUsableAreaM2":54}},{"type":"Feature","id":896425,"geometry":{"type":"Point","coordinates":[14.378838433556682,45.952045000827816]},"properties":{"id":896425,"contractDate":"2024-10-23","contractYear":2024,"priceEur":2700,"mainCategory":"KMETIJSKO ZEMLJIŠČE","analyticalUnit":"KMETIJSKO_ZEMLJISCE_CISTO","analyticalPriceEurM2":100,"quality":"B","marketability":"Tržen posel – neustrezni podatki","settlement":null,"address":null,"soldLandAreaM2":27,"soldUsableAreaM2":null}},{"type":"Feature","id":896487,"geometry":{"type":"Point","coordinates":[14.416312334648845,46.017020399146006]},"properties":{"id":896487,"contractDate":"2025-01-07","contractYear":2025,"priceEur":400000,"mainCategory":"HIŠA S PRIPADAJOČIM ZEMLJIŠČEM","analyticalUnit":"HISA_CELI_POSEL","analyticalPriceEurM2":null,"quality":"B","marketability":"Tržen posel – neustrezni podatki","settlement":"BREZOVICA PRI LJUBLJANI","address":"DEBEVČEVA POT 16","soldLandAreaM2":739,"soldUsableAreaM2":255.2}},{"type":"Feature","id":897164,"geometry":{"type":"Point","coordinates":[14.436999246597882,45.96875615176723]},"properties":{"id":897164,"contractDate":"2024-10-28","contractYear":2024,"priceEur":662,"mainCategory":"KMETIJSKO ZEMLJIŠČE","analyticalUnit":"NI_NEPOSREDNO_RAZDELJIV","analyticalPriceEurM2":null,"quality":"C","marketability":"Drug posel","settlement":null,"address":null,"soldLandAreaM2":131.66666666666666,"soldUsableAreaM2":null}},{"type":"Feature","id":897252,"geometry":{"type":"Point","coordinates":[14.40927553314764,45.95597382919911]},"properties":{"id":897252,"contractDate":"2025-01-14","contractYear":2025,"priceEur":110600,"mainCategory":"HIŠA S PRIPADAJOČIM ZEMLJIŠČEM","analyticalUnit":"NI_NEPOSREDNO_RAZDELJIV","analyticalPriceEurM2":null,"quality":"B","marketability":"Tržen posel – neustrezni podatki","settlement":"KAMNIK POD KRIMOM","address":"49","soldLandAreaM2":1106,"soldUsableAreaM2":569}},{"type":"Feature","id":897429,"geometry":{"type":"Point","coordinates":[14.407566544396033,45.95230011621527]},"properties":{"id":897429,"contractDate":"2024-12-12","contractYear":2024,"priceEur":14000,"mainCategory":"KMETIJSKO ZEMLJIŠČE","analyticalUnit":"KMETIJSKO_ZEMLJISCE_CISTO","analyticalPriceEurM2":11.874469889737066,"quality":"C","marketability":"Drug posel","settlement":null,"address":null,"soldLandAreaM2":1179,"soldUsableAreaM2":null}},{"type":"Feature","id":897459,"geometry":{"type":"Point","coordinates":[14.416272238097385,46.01661505792086]},"properties":{"id":897459,"contractDate":"2025-01-22","contractYear":2025,"priceEur":181025,"mainCategory":"STAVBNO ZEMLJIŠČE","analyticalUnit":"STAVBNO_ZEMLJISCE_CISTO","analyticalPriceEurM2":325,"quality":"B","marketability":"Tržen posel – neustrezni podatki","settlement":null,"address":null,"soldLandAreaM2":557,"soldUsableAreaM2":null}},{"type":"Feature","id":898361,"geometry":{"type":"Point","coordinates":[14.402848560987039,45.96523102450142]},"properties":{"id":898361,"contractDate":"2024-12-02","contractYear":2024,"priceEur":8000,"mainCategory":"PRIPADAJOČE ZEMLJIŠČE","analyticalUnit":"NI_NEPOSREDNO_RAZDELJIV","analyticalPriceEurM2":null,"quality":"B","marketability":"Tržen posel – neustrezni podatki","settlement":null,"address":null,"soldLandAreaM2":294,"soldUsableAreaM2":null}},{"type":"Feature","id":898582,"geometry":{"type":"Point","coordinates":[14.40509943034917,45.958069331329575]},"properties":{"id":898582,"contractDate":"2025-01-16","contractYear":2025,"priceEur":85000,"mainCategory":"STAVBNO ZEMLJIŠČE","analyticalUnit":"STAVBNO_ZEMLJISCE_CISTO","analyticalPriceEurM2":154.54545454545453,"quality":"B","marketability":"Tržen posel – neustrezni podatki","settlement":null,"address":null,"soldLandAreaM2":550,"soldUsableAreaM2":null}},{"type":"Feature","id":898722,"geometry":{"type":"Point","coordinates":[14.417109514093596,46.0166800202814]},"properties":{"id":898722,"contractDate":"2024-01-21","contractYear":2024,"priceEur":181950,"mainCategory":"MEŠANO/DRUGO ZEMLJIŠČE","analyticalUnit":"NI_NEPOSREDNO_RAZDELJIV","analyticalPriceEurM2":null,"quality":"B","marketability":"Tržen posel – neustrezni podatki","settlement":null,"address":null,"soldLandAreaM2":1295,"soldUsableAreaM2":null}},{"type":"Feature","id":898728,"geometry":{"type":"Point","coordinates":[14.416596405825773,46.01665063422741]},"properties":{"id":898728,"contractDate":"2025-01-22","contractYear":2025,"priceEur":179840,"mainCategory":"STAVBNO ZEMLJIŠČE","analyticalUnit":"STAVBNO_ZEMLJISCE_CISTO","analyticalPriceEurM2":320,"quality":"B","marketability":"Tržen posel – neustrezni podatki","settlement":null,"address":null,"soldLandAreaM2":562,"soldUsableAreaM2":null}},{"type":"Feature","id":898798,"geometry":{"type":"Point","coordinates":[14.406241955675135,45.95388817997881]},"properties":{"id":898798,"contractDate":"2025-01-06","contractYear":2025,"priceEur":2800,"mainCategory":"KMETIJSKO ZEMLJIŠČE","analyticalUnit":"KMETIJSKO_ZEMLJISCE_CISTO","analyticalPriceEurM2":20,"quality":"B","marketability":"Tržen posel – neustrezni podatki","settlement":null,"address":null,"soldLandAreaM2":140,"soldUsableAreaM2":null}},{"type":"Feature","id":898879,"geometry":{"type":"Point","coordinates":[14.425375617207234,46.02489950785524]},"properties":{"id":898879,"contractDate":"2025-01-23","contractYear":2025,"priceEur":400000,"mainCategory":"STAVBNO ZEMLJIŠČE","analyticalUnit":"STAVBNO_ZEMLJISCE_CISTO","analyticalPriceEurM2":288.6002886002886,"quality":"A","marketability":"Tržen posel","settlement":null,"address":null,"soldLandAreaM2":1386,"soldUsableAreaM2":null}},{"type":"Feature","id":898987,"geometry":{"type":"Point","coordinates":[14.406223337115511,45.994921285695646]},"properties":{"id":898987,"contractDate":"2025-01-30","contractYear":2025,"priceEur":24454,"mainCategory":"STANOVANJE","analyticalUnit":"STANOVANJE_CISTO","analyticalPriceEurM2":1336.2841530054643,"quality":"C","marketability":"Drug posel","settlement":"NOTRANJE GORICE","address":"PODPEŠKA CESTA 299","soldLandAreaM2":null,"soldUsableAreaM2":18.3}},{"type":"Feature","id":899147,"geometry":{"type":"Point","coordinates":[14.380441364196342,46.00360348422826]},"properties":{"id":899147,"contractDate":"2024-09-23","contractYear":2024,"priceEur":117000,"mainCategory":"KMETIJSKO ZEMLJIŠČE","analyticalUnit":"KMETIJSKO_ZEMLJISCE_CISTO","analyticalPriceEurM2":80.13698630136986,"quality":"B","marketability":"Tržen posel – neustrezni podatki","settlement":null,"address":null,"soldLandAreaM2":1460,"soldUsableAreaM2":null}},{"type":"Feature","id":899399,"geometry":{"type":"Point","coordinates":[14.435131573263849,45.882112101340134]},"properties":{"id":899399,"contractDate":"2025-02-02","contractYear":2025,"priceEur":115000,"mainCategory":"HIŠA S PRIPADAJOČIM ZEMLJIŠČEM","analyticalUnit":"HISA_CELI_POSEL","analyticalPriceEurM2":null,"quality":"B","marketability":"Tržen posel – neustrezni podatki","settlement":"RAKITNA","address":"306","soldLandAreaM2":467,"soldUsableAreaM2":103.4}},{"type":"Feature","id":899847,"geometry":{"type":"Point","coordinates":[14.409602037881749,45.95465932853751]},"properties":{"id":899847,"contractDate":"2025-02-10","contractYear":2025,"priceEur":210000,"mainCategory":"HIŠA S PRIPADAJOČIM ZEMLJIŠČEM","analyticalUnit":"NI_NEPOSREDNO_RAZDELJIV","analyticalPriceEurM2":null,"quality":"B","marketability":"Tržen posel – neustrezni podatki","settlement":"KAMNIK POD KRIMOM","address":"78","soldLandAreaM2":571,"soldUsableAreaM2":147}},{"type":"Feature","id":899977,"geometry":{"type":"Point","coordinates":[14.432413822372274,46.01104328067542]},"properties":{"id":899977,"contractDate":"2025-01-22","contractYear":2025,"priceEur":6300,"mainCategory":"MEŠANO/DRUGO ZEMLJIŠČE","analyticalUnit":"NI_NEPOSREDNO_RAZDELJIV","analyticalPriceEurM2":null,"quality":"B","marketability":"Tržen posel – neustrezni podatki","settlement":null,"address":null,"soldLandAreaM2":12,"soldUsableAreaM2":null}},{"type":"Feature","id":900520,"geometry":{"type":"Point","coordinates":[14.419853816080341,46.020067120542905]},"properties":{"id":900520,"contractDate":"2025-02-17","contractYear":2025,"priceEur":325000,"mainCategory":"STANOVANJE Z DODATKI/ZEMLJIŠČEM","analyticalUnit":"NI_NEPOSREDNO_RAZDELJIV","analyticalPriceEurM2":null,"quality":"B","marketability":"Tržen posel – neustrezni podatki","settlement":"BREZOVICA PRI LJUBLJANI","address":"PODSVETIJA 24","soldLandAreaM2":102.02573099415204,"soldUsableAreaM2":70.7}},{"type":"Feature","id":900659,"geometry":{"type":"Point","coordinates":[14.408629453310095,46.00036532727317]},"properties":{"id":900659,"contractDate":"2025-02-11","contractYear":2025,"priceEur":326000,"mainCategory":"HIŠA S PRIPADAJOČIM ZEMLJIŠČEM","analyticalUnit":"HISA_CELI_POSEL","analyticalPriceEurM2":null,"quality":"B","marketability":"Tržen posel – neustrezni podatki","settlement":"NOTRANJE GORICE","address":"PODPEŠKA CESTA 244 e","soldLandAreaM2":494.25,"soldUsableAreaM2":111.275}},{"type":"Feature","id":901532,"geometry":{"type":"Point","coordinates":[14.40211113405802,46.0037570544432]},"properties":{"id":901532,"contractDate":"2025-01-22","contractYear":2025,"priceEur":5196,"mainCategory":"KMETIJSKO ZEMLJIŠČE","analyticalUnit":"KMETIJSKO_ZEMLJISCE_CISTO","analyticalPriceEurM2":2,"quality":"C","marketability":"V preverjanju","settlement":null,"address":null,"soldLandAreaM2":2598,"soldUsableAreaM2":null}},{"type":"Feature","id":901692,"geometry":{"type":"Point","coordinates":[14.408577614869195,45.956301740747065]},"properties":{"id":901692,"contractDate":"2025-01-27","contractYear":2025,"priceEur":2700,"mainCategory":"STAVBNO ZEMLJIŠČE","analyticalUnit":"NI_NEPOSREDNO_RAZDELJIV","analyticalPriceEurM2":null,"quality":"C","marketability":"V preverjanju","settlement":null,"address":null,"soldLandAreaM2":21.785,"soldUsableAreaM2":null}},{"type":"Feature","id":903113,"geometry":{"type":"Point","coordinates":[14.398652108840462,45.98736015185211]},"properties":{"id":903113,"contractDate":"2025-02-20","contractYear":2025,"priceEur":85000,"mainCategory":"MEŠANI POSEL – STAVBA IN ZEMLJIŠČE","analyticalUnit":"NI_NEPOSREDNO_RAZDELJIV","analyticalPriceEurM2":null,"quality":"C","marketability":"V preverjanju","settlement":null,"address":null,"soldLandAreaM2":523,"soldUsableAreaM2":50}},{"type":"Feature","id":903642,"geometry":{"type":"Point","coordinates":[14.414516001025918,46.00394911599984]},"properties":{"id":903642,"contractDate":"2025-03-14","contractYear":2025,"priceEur":285000,"mainCategory":"HIŠA S PRIPADAJOČIM ZEMLJIŠČEM","analyticalUnit":"HISA_CELI_POSEL","analyticalPriceEurM2":null,"quality":"C","marketability":"V preverjanju","settlement":"VNANJE GORICE","address":"POD SUPOTOM 21","soldLandAreaM2":479,"soldUsableAreaM2":139.4}},{"type":"Feature","id":904453,"geometry":{"type":"Point","coordinates":[14.431038046223515,45.97205429509221]},"properties":{"id":904453,"contractDate":"2025-02-25","contractYear":2025,"priceEur":335,"mainCategory":"KMETIJSKO ZEMLJIŠČE","analyticalUnit":"KMETIJSKO_ZEMLJISCE_CISTO","analyticalPriceEurM2":5,"quality":"C","marketability":"V preverjanju","settlement":null,"address":null,"soldLandAreaM2":67,"soldUsableAreaM2":null}},{"type":"Feature","id":905313,"geometry":{"type":"Point","coordinates":[14.426958715878637,46.02648262453064]},"properties":{"id":905313,"contractDate":"2025-03-13","contractYear":2025,"priceEur":265000,"mainCategory":"STANOVANJE Z DODATKI/ZEMLJIŠČEM","analyticalUnit":"NI_NEPOSREDNO_RAZDELJIV","analyticalPriceEurM2":null,"quality":"C","marketability":"V preverjanju","settlement":"BREZOVICA PRI LJUBLJANI","address":"KAPALNIŠKA POT 5 a","soldLandAreaM2":47.53328444444444,"soldUsableAreaM2":61.9}},{"type":"Feature","id":905323,"geometry":{"type":"Point","coordinates":[14.41007563325633,45.99735288013909]},"properties":{"id":905323,"contractDate":"2025-03-28","contractYear":2025,"priceEur":110000,"mainCategory":"STAVBNO ZEMLJIŠČE","analyticalUnit":"STAVBNO_ZEMLJISCE_CISTO","analyticalPriceEurM2":229.16666666666663,"quality":"C","marketability":"V preverjanju","settlement":null,"address":null,"soldLandAreaM2":480,"soldUsableAreaM2":null}},{"type":"Feature","id":905918,"geometry":{"type":"Point","coordinates":[14.417985971786655,46.00965571136246]},"properties":{"id":905918,"contractDate":"2025-02-28","contractYear":2025,"priceEur":125000,"mainCategory":"STAVBNO ZEMLJIŠČE","analyticalUnit":"STAVBNO_ZEMLJISCE_CISTO","analyticalPriceEurM2":115.42012927054478,"quality":"C","marketability":"V preverjanju","settlement":null,"address":null,"soldLandAreaM2":1083,"soldUsableAreaM2":null}},{"type":"Feature","id":906138,"geometry":{"type":"Point","coordinates":[14.413353512611186,46.00852872911117]},"properties":{"id":906138,"contractDate":"2025-03-03","contractYear":2025,"priceEur":115000,"mainCategory":"STANOVANJE Z DODATKI/ZEMLJIŠČEM","analyticalUnit":"NI_NEPOSREDNO_RAZDELJIV","analyticalPriceEurM2":null,"quality":"C","marketability":"V preverjanju","settlement":"VNANJE GORICE","address":"PODPEŠKA CESTA 143","soldLandAreaM2":96.33333333333331,"soldUsableAreaM2":50.3}},{"type":"Feature","id":906354,"geometry":{"type":"Point","coordinates":[14.414938745408456,45.96704285033386]},"properties":{"id":906354,"contractDate":"2025-04-07","contractYear":2025,"priceEur":380000,"mainCategory":"HIŠA S PRIPADAJOČIM ZEMLJIŠČEM","analyticalUnit":"HISA_CELI_POSEL","analyticalPriceEurM2":null,"quality":"C","marketability":"V preverjanju","settlement":"PODPEČ","address":"91","soldLandAreaM2":910,"soldUsableAreaM2":123.8}},{"type":"Feature","id":906644,"geometry":{"type":"Point","coordinates":[14.398507597136332,45.96126307461485]},"properties":{"id":906644,"contractDate":"2025-04-02","contractYear":2025,"priceEur":8580,"mainCategory":"PRIPADAJOČE ZEMLJIŠČE","analyticalUnit":"NI_NEPOSREDNO_RAZDELJIV","analyticalPriceEurM2":null,"quality":"C","marketability":"V preverjanju","settlement":null,"address":null,"soldLandAreaM2":143,"soldUsableAreaM2":null}},{"type":"Feature","id":906687,"geometry":{"type":"Point","coordinates":[14.46556421955801,45.917553020272905]},"properties":{"id":906687,"contractDate":"2025-03-13","contractYear":2025,"priceEur":40000,"mainCategory":"GOZDNO ZEMLJIŠČE","analyticalUnit":"GOZDNO_ZEMLJISCE_CISTO","analyticalPriceEurM2":0.8031644680039355,"quality":"C","marketability":"V preverjanju","settlement":null,"address":null,"soldLandAreaM2":49803,"soldUsableAreaM2":null}},{"type":"Feature","id":906689,"geometry":{"type":"Point","coordinates":[14.428331223044491,45.893323979191386]},"properties":{"id":906689,"contractDate":"2025-04-09","contractYear":2025,"priceEur":36200,"mainCategory":"MEŠANI POSEL – STAVBA IN ZEMLJIŠČE","analyticalUnit":"NI_NEPOSREDNO_RAZDELJIV","analyticalPriceEurM2":null,"quality":"C","marketability":"V preverjanju","settlement":null,"address":null,"soldLandAreaM2":228,"soldUsableAreaM2":181.6}},{"type":"Feature","id":907810,"geometry":{"type":"Point","coordinates":[14.4135600746868,46.00878829760497]},"properties":{"id":907810,"contractDate":"2024-02-14","contractYear":2024,"priceEur":29400,"mainCategory":"GOZDNO ZEMLJIŠČE","analyticalUnit":"NI_NEPOSREDNO_RAZDELJIV","analyticalPriceEurM2":null,"quality":"C","marketability":"V preverjanju","settlement":null,"address":null,"soldLandAreaM2":195.61,"soldUsableAreaM2":null}},{"type":"Feature","id":908394,"geometry":{"type":"Point","coordinates":[14.46606436923035,45.91609222803032]},"properties":{"id":908394,"contractDate":"2025-04-29","contractYear":2025,"priceEur":27710,"mainCategory":"GOZDNO ZEMLJIŠČE","analyticalUnit":"GOZDNO_ZEMLJISCE_CISTO","analyticalPriceEurM2":1.0000360893572486,"quality":"C","marketability":"V preverjanju","settlement":null,"address":null,"soldLandAreaM2":27709,"soldUsableAreaM2":null}},{"type":"Feature","id":908653,"geometry":{"type":"Point","coordinates":[14.416828756947682,46.02047250645804]},"properties":{"id":908653,"contractDate":"2025-04-24","contractYear":2025,"priceEur":320400,"mainCategory":"STAVBNO ZEMLJIŠČE","analyticalUnit":"STAVBNO_ZEMLJISCE_CISTO","analyticalPriceEurM2":300,"quality":"C","marketability":"V preverjanju","settlement":null,"address":null,"soldLandAreaM2":1068,"soldUsableAreaM2":null}},{"type":"Feature","id":908658,"geometry":{"type":"Point","coordinates":[14.430407721745933,45.88627766422256]},"properties":{"id":908658,"contractDate":"2025-04-16","contractYear":2025,"priceEur":3770,"mainCategory":"STAVBNO ZEMLJIŠČE","analyticalUnit":"STAVBNO_ZEMLJISCE_CISTO","analyticalPriceEurM2":65,"quality":"C","marketability":"V preverjanju","settlement":null,"address":null,"soldLandAreaM2":58,"soldUsableAreaM2":null}},{"type":"Feature","id":908722,"geometry":{"type":"Point","coordinates":[14.430472672133241,45.88642762198677]},"properties":{"id":908722,"contractDate":"2025-04-17","contractYear":2025,"priceEur":3770,"mainCategory":"PRIPADAJOČE ZEMLJIŠČE","analyticalUnit":"NI_NEPOSREDNO_RAZDELJIV","analyticalPriceEurM2":null,"quality":"C","marketability":"V preverjanju","settlement":null,"address":null,"soldLandAreaM2":58,"soldUsableAreaM2":null}},{"type":"Feature","id":909970,"geometry":{"type":"Point","coordinates":[14.40769836911979,45.95331205486122]},"properties":{"id":909970,"contractDate":"2025-05-20","contractYear":2025,"priceEur":145000,"mainCategory":"STANOVANJE Z DODATKI/ZEMLJIŠČEM","analyticalUnit":"NI_NEPOSREDNO_RAZDELJIV","analyticalPriceEurM2":null,"quality":"C","marketability":"V preverjanju","settlement":null,"address":null,"soldLandAreaM2":291,"soldUsableAreaM2":124.7}},{"type":"Feature","id":955819,"geometry":{"type":"Point","coordinates":[14.442517226389143,45.893751776446145]},"properties":{"id":955819,"contractDate":"2025-05-21","contractYear":2025,"priceEur":181500,"mainCategory":"STAVBNO ZEMLJIŠČE","analyticalUnit":"STAVBNO_ZEMLJISCE_CISTO","analyticalPriceEurM2":48.27127659574468,"quality":"C","marketability":"V preverjanju","settlement":null,"address":null,"soldLandAreaM2":3760,"soldUsableAreaM2":null}},{"type":"Feature","id":956094,"geometry":{"type":"Point","coordinates":[14.410488024569842,45.998971618194744]},"properties":{"id":956094,"contractDate":"2025-05-27","contractYear":2025,"priceEur":470000,"mainCategory":"HIŠA S PRIPADAJOČIM ZEMLJIŠČEM","analyticalUnit":"HISA_CELI_POSEL","analyticalPriceEurM2":null,"quality":"C","marketability":"V preverjanju","settlement":"NOTRANJE GORICE","address":"OB DROBTINKI 1 b","soldLandAreaM2":409,"soldUsableAreaM2":146.3}},{"type":"Feature","id":956722,"geometry":{"type":"Point","coordinates":[14.443542964851192,45.8906410534176]},"properties":{"id":956722,"contractDate":"2025-06-05","contractYear":2025,"priceEur":160000,"mainCategory":"HIŠA S PRIPADAJOČIM ZEMLJIŠČEM","analyticalUnit":"HISA_CELI_POSEL","analyticalPriceEurM2":null,"quality":"C","marketability":"V preverjanju","settlement":"RAKITNA","address":"93","soldLandAreaM2":664,"soldUsableAreaM2":80}},{"type":"Feature","id":956776,"geometry":{"type":"Point","coordinates":[14.428232162906927,45.89213419578168]},"properties":{"id":956776,"contractDate":"2025-05-28","contractYear":2025,"priceEur":39060,"mainCategory":"STAVBNO ZEMLJIŠČE","analyticalUnit":"STAVBNO_ZEMLJISCE_CISTO","analyticalPriceEurM2":140,"quality":"C","marketability":"V preverjanju","settlement":null,"address":null,"soldLandAreaM2":279,"soldUsableAreaM2":null}},{"type":"Feature","id":957712,"geometry":{"type":"Point","coordinates":[14.413052153820445,46.02365554088225]},"properties":{"id":957712,"contractDate":"2025-06-19","contractYear":2025,"priceEur":50000,"mainCategory":"MEŠANI POSEL – STAVBA IN ZEMLJIŠČE","analyticalUnit":"NI_NEPOSREDNO_RAZDELJIV","analyticalPriceEurM2":null,"quality":"C","marketability":"V preverjanju","settlement":null,"address":null,"soldLandAreaM2":208,"soldUsableAreaM2":99}},{"type":"Feature","id":957845,"geometry":{"type":"Point","coordinates":[14.4283996997401,45.885348778104685]},"properties":{"id":957845,"contractDate":"2025-06-18","contractYear":2025,"priceEur":42700,"mainCategory":"STAVBNO ZEMLJIŠČE","analyticalUnit":"STAVBNO_ZEMLJISCE_CISTO","analyticalPriceEurM2":78.63720073664825,"quality":"C","marketability":"V preverjanju","settlement":null,"address":null,"soldLandAreaM2":543,"soldUsableAreaM2":null}},{"type":"Feature","id":958721,"geometry":{"type":"Point","coordinates":[14.440010227010355,45.97085854823352]},"properties":{"id":958721,"contractDate":"2025-05-21","contractYear":2025,"priceEur":50000,"mainCategory":"STAVBNO ZEMLJIŠČE","analyticalUnit":"STAVBNO_ZEMLJISCE_CISTO","analyticalPriceEurM2":29.797377830750893,"quality":"C","marketability":"V preverjanju","settlement":null,"address":null,"soldLandAreaM2":1678,"soldUsableAreaM2":null}},{"type":"Feature","id":959528,"geometry":{"type":"Point","coordinates":[14.417703778408915,46.009570933245875]},"properties":{"id":959528,"contractDate":"2025-06-09","contractYear":2025,"priceEur":111800,"mainCategory":"HIŠA S PRIPADAJOČIM ZEMLJIŠČEM","analyticalUnit":"NI_NEPOSREDNO_RAZDELJIV","analyticalPriceEurM2":null,"quality":"C","marketability":"V preverjanju","settlement":"VNANJE GORICE","address":"NOVA POT 24","soldLandAreaM2":1059,"soldUsableAreaM2":165.8}},{"type":"Feature","id":959991,"geometry":{"type":"Point","coordinates":[14.41149641666482,45.96621466154245]},"properties":{"id":959991,"contractDate":"2025-05-17","contractYear":2025,"priceEur":14000,"mainCategory":"HIŠA S PRIPADAJOČIM ZEMLJIŠČEM","analyticalUnit":"HISA_CELI_POSEL","analyticalPriceEurM2":null,"quality":"C","marketability":"V preverjanju","settlement":"PODPEČ","address":"83","soldLandAreaM2":176.33333333333331,"soldUsableAreaM2":14.666666666666666}},{"type":"Feature","id":960588,"geometry":{"type":"Point","coordinates":[14.443914607230203,45.88793555898229]},"properties":{"id":960588,"contractDate":"2025-07-09","contractYear":2025,"priceEur":159768,"mainCategory":"MEŠANO/DRUGO ZEMLJIŠČE","analyticalUnit":"NI_NEPOSREDNO_RAZDELJIV","analyticalPriceEurM2":null,"quality":"C","marketability":"V preverjanju","settlement":null,"address":null,"soldLandAreaM2":3049,"soldUsableAreaM2":null}},{"type":"Feature","id":960659,"geometry":{"type":"Point","coordinates":[14.410092047119022,45.960880907364185]},"properties":{"id":960659,"contractDate":"2025-06-18","contractYear":2025,"priceEur":8112,"mainCategory":"MEŠANI POSEL – STAVBA IN ZEMLJIŠČE","analyticalUnit":"NI_NEPOSREDNO_RAZDELJIV","analyticalPriceEurM2":null,"quality":"C","marketability":"V preverjanju","settlement":null,"address":null,"soldLandAreaM2":78,"soldUsableAreaM2":56.6}},{"type":"Feature","id":960788,"geometry":{"type":"Point","coordinates":[14.391970977437524,45.99460700956739]},"properties":{"id":960788,"contractDate":"2025-07-07","contractYear":2025,"priceEur":6500,"mainCategory":"GOZDNO ZEMLJIŠČE","analyticalUnit":"GOZDNO_ZEMLJISCE_CISTO","analyticalPriceEurM2":0.8462439786486134,"quality":"C","marketability":"V preverjanju","settlement":null,"address":null,"soldLandAreaM2":7681,"soldUsableAreaM2":null}},{"type":"Feature","id":960790,"geometry":{"type":"Point","coordinates":[14.40543915827603,45.998651329827325]},"properties":{"id":960790,"contractDate":"2025-07-15","contractYear":2025,"priceEur":14210,"mainCategory":"STAVBNO ZEMLJIŠČE","analyticalUnit":"STAVBNO_ZEMLJISCE_CISTO","analyticalPriceEurM2":70,"quality":"C","marketability":"V preverjanju","settlement":null,"address":null,"soldLandAreaM2":203,"soldUsableAreaM2":null}},{"type":"Feature","id":960791,"geometry":{"type":"Point","coordinates":[14.405559544364218,45.99862145398752]},"properties":{"id":960791,"contractDate":"2025-07-15","contractYear":2025,"priceEur":4900,"mainCategory":"PRIPADAJOČE ZEMLJIŠČE","analyticalUnit":"NI_NEPOSREDNO_RAZDELJIV","analyticalPriceEurM2":null,"quality":"C","marketability":"V preverjanju","settlement":null,"address":null,"soldLandAreaM2":70,"soldUsableAreaM2":null}},{"type":"Feature","id":960829,"geometry":{"type":"Point","coordinates":[14.42667260722597,46.021914716891416]},"properties":{"id":960829,"contractDate":"2025-07-15","contractYear":2025,"priceEur":6020,"mainCategory":"PRIPADAJOČE ZEMLJIŠČE","analyticalUnit":"NI_NEPOSREDNO_RAZDELJIV","analyticalPriceEurM2":null,"quality":"C","marketability":"V preverjanju","settlement":null,"address":null,"soldLandAreaM2":86,"soldUsableAreaM2":null}},{"type":"Feature","id":961021,"geometry":{"type":"Point","coordinates":[14.416301759698108,46.00999164181251]},"properties":{"id":961021,"contractDate":"2025-07-15","contractYear":2025,"priceEur":140000,"mainCategory":"STAVBNO ZEMLJIŠČE","analyticalUnit":"STAVBNO_ZEMLJISCE_CISTO","analyticalPriceEurM2":280,"quality":"C","marketability":"V preverjanju","settlement":null,"address":null,"soldLandAreaM2":500,"soldUsableAreaM2":null}},{"type":"Feature","id":961111,"geometry":{"type":"Point","coordinates":[14.413384763988114,46.01522098120852]},"properties":{"id":961111,"contractDate":"2025-07-21","contractYear":2025,"priceEur":10200,"mainCategory":"STAVBNO ZEMLJIŠČE","analyticalUnit":"STAVBNO_ZEMLJISCE_CISTO","analyticalPriceEurM2":200,"quality":"C","marketability":"V preverjanju","settlement":null,"address":null,"soldLandAreaM2":51,"soldUsableAreaM2":null}},{"type":"Feature","id":961174,"geometry":{"type":"Point","coordinates":[14.419828981965349,45.97522181621513]},"properties":{"id":961174,"contractDate":"2025-07-21","contractYear":2025,"priceEur":140000,"mainCategory":"STANOVANJE Z DODATKI/ZEMLJIŠČEM","analyticalUnit":"NI_NEPOSREDNO_RAZDELJIV","analyticalPriceEurM2":null,"quality":"C","marketability":"V preverjanju","settlement":"PODPEČ","address":"52","soldLandAreaM2":62.5,"soldUsableAreaM2":71.9}},{"type":"Feature","id":962027,"geometry":{"type":"Point","coordinates":[14.43733651787353,45.88394690984049]},"properties":{"id":962027,"contractDate":"2025-05-14","contractYear":2025,"priceEur":47656,"mainCategory":"HIŠA S PRIPADAJOČIM ZEMLJIŠČEM","analyticalUnit":"HISA_CELI_POSEL","analyticalPriceEurM2":null,"quality":"C","marketability":"V preverjanju","settlement":"RAKITNA","address":"336","soldLandAreaM2":371.5,"soldUsableAreaM2":25.8}},{"type":"Feature","id":962599,"geometry":{"type":"Point","coordinates":[14.409489334460105,46.015171678122215]},"properties":{"id":962599,"contractDate":"2025-07-22","contractYear":2025,"priceEur":2300,"mainCategory":"KMETIJSKO ZEMLJIŠČE","analyticalUnit":"KMETIJSKO_ZEMLJISCE_CISTO","analyticalPriceEurM2":230,"quality":"C","marketability":"V preverjanju","settlement":null,"address":null,"soldLandAreaM2":10,"soldUsableAreaM2":null}},{"type":"Feature","id":962963,"geometry":{"type":"Point","coordinates":[14.412895204110017,46.0088733308888]},"properties":{"id":962963,"contractDate":"2025-08-01","contractYear":2025,"priceEur":250000,"mainCategory":"STANOVANJE Z DODATKI/ZEMLJIŠČEM","analyticalUnit":"NI_NEPOSREDNO_RAZDELJIV","analyticalPriceEurM2":null,"quality":"C","marketability":"V preverjanju","settlement":"VNANJE GORICE","address":"PODPEŠKA CESTA 145","soldLandAreaM2":64.08,"soldUsableAreaM2":52.1}},{"type":"Feature","id":963024,"geometry":{"type":"Point","coordinates":[14.372756493757025,45.94742059324728]},"properties":{"id":963024,"contractDate":"2025-05-09","contractYear":2025,"priceEur":7011,"mainCategory":"KMETIJSKO ZEMLJIŠČE","analyticalUnit":"KMETIJSKO_ZEMLJISCE_CISTO","analyticalPriceEurM2":1.5297839842897665,"quality":"C","marketability":"V preverjanju","settlement":null,"address":null,"soldLandAreaM2":4583,"soldUsableAreaM2":null}},{"type":"Feature","id":963319,"geometry":{"type":"Point","coordinates":[14.472431712193558,45.8849043395878]},"properties":{"id":963319,"contractDate":"2025-07-14","contractYear":2025,"priceEur":5695.5,"mainCategory":"GOZDNO ZEMLJIŠČE","analyticalUnit":"GOZDNO_ZEMLJISCE_CISTO","analyticalPriceEurM2":0.3522263450834879,"quality":"C","marketability":"V preverjanju","settlement":null,"address":null,"soldLandAreaM2":16170,"soldUsableAreaM2":null}},{"type":"Feature","id":963443,"geometry":{"type":"Point","coordinates":[14.421445704300611,45.97466648645936]},"properties":{"id":963443,"contractDate":"2025-07-25","contractYear":2025,"priceEur":170000,"mainCategory":"MEŠANO/DRUGO ZEMLJIŠČE","analyticalUnit":"NI_NEPOSREDNO_RAZDELJIV","analyticalPriceEurM2":null,"quality":"C","marketability":"V preverjanju","settlement":null,"address":null,"soldLandAreaM2":632,"soldUsableAreaM2":null}},{"type":"Feature","id":963482,"geometry":{"type":"Point","coordinates":[14.433480918014512,45.97397934228532]},"properties":{"id":963482,"contractDate":"2025-06-23","contractYear":2025,"priceEur":347,"mainCategory":"KMETIJSKO ZEMLJIŠČE","analyticalUnit":"KMETIJSKO_ZEMLJISCE_CISTO","analyticalPriceEurM2":1,"quality":"C","marketability":"V preverjanju","settlement":null,"address":null,"soldLandAreaM2":347,"soldUsableAreaM2":null}},{"type":"Feature","id":963584,"geometry":{"type":"Point","coordinates":[14.405792955246822,45.97775336170158]},"properties":{"id":963584,"contractDate":"2025-06-26","contractYear":2025,"priceEur":44407.5,"mainCategory":"KMETIJSKO ZEMLJIŠČE","analyticalUnit":"KMETIJSKO_ZEMLJISCE_CISTO","analyticalPriceEurM2":2.5,"quality":"C","marketability":"V preverjanju","settlement":null,"address":null,"soldLandAreaM2":17763,"soldUsableAreaM2":null}},{"type":"Feature","id":963662,"geometry":{"type":"Point","coordinates":[14.410109231244911,45.99747744626834]},"properties":{"id":963662,"contractDate":"2025-08-05","contractYear":2025,"priceEur":80000,"mainCategory":"STAVBNO ZEMLJIŠČE","analyticalUnit":"STAVBNO_ZEMLJISCE_CISTO","analyticalPriceEurM2":131.57894736842104,"quality":"C","marketability":"V preverjanju","settlement":null,"address":null,"soldLandAreaM2":608,"soldUsableAreaM2":null}},{"type":"Feature","id":965805,"geometry":{"type":"Point","coordinates":[14.458931271975297,45.91736794475824]},"properties":{"id":965805,"contractDate":"2025-07-21","contractYear":2025,"priceEur":30000,"mainCategory":"GOZDNO ZEMLJIŠČE","analyticalUnit":"GOZDNO_ZEMLJISCE_CISTO","analyticalPriceEurM2":1.221597849987784,"quality":"C","marketability":"V preverjanju","settlement":null,"address":null,"soldLandAreaM2":24558,"soldUsableAreaM2":null}},{"type":"Feature","id":966009,"geometry":{"type":"Point","coordinates":[14.440110021187724,45.97114840334697]},"properties":{"id":966009,"contractDate":"2025-06-18","contractYear":2025,"priceEur":640,"mainCategory":"MEŠANO/DRUGO ZEMLJIŠČE","analyticalUnit":"NI_NEPOSREDNO_RAZDELJIV","analyticalPriceEurM2":null,"quality":"C","marketability":"V preverjanju","settlement":null,"address":null,"soldLandAreaM2":9,"soldUsableAreaM2":null}},{"type":"Feature","id":966377,"geometry":{"type":"Point","coordinates":[14.431469812103266,45.911035409832685]},"properties":{"id":966377,"contractDate":"2025-09-02","contractYear":2025,"priceEur":5832.9,"mainCategory":"KMETIJSKO ZEMLJIŠČE","analyticalUnit":"KMETIJSKO_ZEMLJISCE_CISTO","analyticalPriceEurM2":0.8999999999999999,"quality":"C","marketability":"V preverjanju","settlement":null,"address":null,"soldLandAreaM2":6481,"soldUsableAreaM2":null}},{"type":"Feature","id":966485,"geometry":{"type":"Point","coordinates":[14.43198219249244,46.0110324625327]},"properties":{"id":966485,"contractDate":"2025-09-03","contractYear":2025,"priceEur":320000,"mainCategory":"STANOVANJE Z DODATKI/ZEMLJIŠČEM","analyticalUnit":"NI_NEPOSREDNO_RAZDELJIV","analyticalPriceEurM2":null,"quality":"C","marketability":"V preverjanju","settlement":"VNANJE GORICE","address":"NOVA POT 127","soldLandAreaM2":79.44444444444444,"soldUsableAreaM2":69.1}},{"type":"Feature","id":966695,"geometry":{"type":"Point","coordinates":[14.426373713015284,46.019219417566795]},"properties":{"id":966695,"contractDate":"2025-09-02","contractYear":2025,"priceEur":8000,"mainCategory":"KMETIJSKO ZEMLJIŠČE","analyticalUnit":"NI_NEPOSREDNO_RAZDELJIV","analyticalPriceEurM2":null,"quality":"C","marketability":"V preverjanju","settlement":null,"address":null,"soldLandAreaM2":2855.2,"soldUsableAreaM2":null}},{"type":"Feature","id":967293,"geometry":{"type":"Point","coordinates":[14.432095311452297,46.01111013672351]},"properties":{"id":967293,"contractDate":"2025-09-12","contractYear":2025,"priceEur":360000,"mainCategory":"STANOVANJE Z DODATKI/ZEMLJIŠČEM","analyticalUnit":"NI_NEPOSREDNO_RAZDELJIV","analyticalPriceEurM2":null,"quality":"C","marketability":"V preverjanju","settlement":"VNANJE GORICE","address":"NOVA POT 127 a","soldLandAreaM2":74.72222222222223,"soldUsableAreaM2":74.8}},{"type":"Feature","id":967591,"geometry":{"type":"Point","coordinates":[14.407340023072116,46.00103847498245]},"properties":{"id":967591,"contractDate":"2025-09-18","contractYear":2025,"priceEur":450000,"mainCategory":"STAVBNO ZEMLJIŠČE","analyticalUnit":"STAVBNO_ZEMLJISCE_CISTO","analyticalPriceEurM2":223.4359483614697,"quality":"C","marketability":"V preverjanju","settlement":null,"address":null,"soldLandAreaM2":2014,"soldUsableAreaM2":null}},{"type":"Feature","id":967716,"geometry":{"type":"Point","coordinates":[14.410340826710542,45.954358389791125]},"properties":{"id":967716,"contractDate":"2025-09-17","contractYear":2025,"priceEur":2100,"mainCategory":"STAVBNO ZEMLJIŠČE","analyticalUnit":"STAVBNO_ZEMLJISCE_CISTO","analyticalPriceEurM2":100,"quality":"C","marketability":"V preverjanju","settlement":null,"address":null,"soldLandAreaM2":21,"soldUsableAreaM2":null}},{"type":"Feature","id":967851,"geometry":{"type":"Point","coordinates":[14.433680275464411,45.88544606363036]},"properties":{"id":967851,"contractDate":"2025-09-25","contractYear":2025,"priceEur":88270,"mainCategory":"STAVBNO ZEMLJIŠČE","analyticalUnit":"STAVBNO_ZEMLJISCE_CISTO","analyticalPriceEurM2":130,"quality":"C","marketability":"V preverjanju","settlement":null,"address":null,"soldLandAreaM2":679,"soldUsableAreaM2":null}},{"type":"Feature","id":969370,"geometry":{"type":"Point","coordinates":[14.420066676612736,45.97583092962196]},"properties":{"id":969370,"contractDate":"2025-09-25","contractYear":2025,"priceEur":461500,"mainCategory":"HIŠA S PRIPADAJOČIM ZEMLJIŠČEM","analyticalUnit":"HISA_CELI_POSEL","analyticalPriceEurM2":null,"quality":"C","marketability":"V preverjanju","settlement":"JEZERO","address":"188","soldLandAreaM2":260.8333333333333,"soldUsableAreaM2":140.9}},{"type":"Feature","id":969504,"geometry":{"type":"Point","coordinates":[14.442044224672104,45.88377860961447]},"properties":{"id":969504,"contractDate":"2025-09-25","contractYear":2025,"priceEur":28360,"mainCategory":"STAVBNO ZEMLJIŠČE","analyticalUnit":"STAVBNO_ZEMLJISCE_CISTO","analyticalPriceEurM2":44.03726708074535,"quality":"C","marketability":"V preverjanju","settlement":null,"address":null,"soldLandAreaM2":644,"soldUsableAreaM2":null}},{"type":"Feature","id":970030,"geometry":{"type":"Point","coordinates":[14.430724344964986,45.87257264056086]},"properties":{"id":970030,"contractDate":"2025-10-02","contractYear":2025,"priceEur":3500,"mainCategory":"GOZDNO ZEMLJIŠČE","analyticalUnit":"GOZDNO_ZEMLJISCE_CISTO","analyticalPriceEurM2":0.4863137418368765,"quality":"C","marketability":"V preverjanju","settlement":null,"address":null,"soldLandAreaM2":7197,"soldUsableAreaM2":null}},{"type":"Feature","id":970163,"geometry":{"type":"Point","coordinates":[14.413776684463175,46.01624998226226]},"properties":{"id":970163,"contractDate":"2025-10-03","contractYear":2025,"priceEur":285000,"mainCategory":"STAVBNO ZEMLJIŠČE","analyticalUnit":"STAVBNO_ZEMLJISCE_CISTO","analyticalPriceEurM2":438.46153846153845,"quality":"C","marketability":"V preverjanju","settlement":null,"address":null,"soldLandAreaM2":650,"soldUsableAreaM2":null}},{"type":"Feature","id":970583,"geometry":{"type":"Point","coordinates":[14.426873497170309,46.02670322369323]},"properties":{"id":970583,"contractDate":"2025-10-08","contractYear":2025,"priceEur":200000,"mainCategory":"STAVBNO ZEMLJIŠČE","analyticalUnit":"STAVBNO_ZEMLJISCE_CISTO","analyticalPriceEurM2":199.40179461615156,"quality":"C","marketability":"V preverjanju","settlement":null,"address":null,"soldLandAreaM2":1003,"soldUsableAreaM2":null}},{"type":"Feature","id":970752,"geometry":{"type":"Point","coordinates":[14.434441183552233,45.96805551121458]},"properties":{"id":970752,"contractDate":"2025-10-15","contractYear":2025,"priceEur":16671,"mainCategory":"KMETIJSKO ZEMLJIŠČE","analyticalUnit":"KMETIJSKO_ZEMLJISCE_CISTO","analyticalPriceEurM2":1.5,"quality":"C","marketability":"V preverjanju","settlement":null,"address":null,"soldLandAreaM2":11114,"soldUsableAreaM2":null}},{"type":"Feature","id":970913,"geometry":{"type":"Point","coordinates":[14.427597199230968,45.885599189880985]},"properties":{"id":970913,"contractDate":"2025-10-17","contractYear":2025,"priceEur":45000,"mainCategory":"STAVBNO ZEMLJIŠČE","analyticalUnit":"STAVBNO_ZEMLJISCE_CISTO","analyticalPriceEurM2":67.56756756756756,"quality":"C","marketability":"V preverjanju","settlement":null,"address":null,"soldLandAreaM2":666,"soldUsableAreaM2":null}},{"type":"Feature","id":970962,"geometry":{"type":"Point","coordinates":[14.42639943285237,45.9715282030546]},"properties":{"id":970962,"contractDate":"2025-10-17","contractYear":2025,"priceEur":380000,"mainCategory":"HIŠA S PRIPADAJOČIM ZEMLJIŠČEM","analyticalUnit":"HISA_CELI_POSEL","analyticalPriceEurM2":null,"quality":"C","marketability":"V preverjanju","settlement":"JEZERO","address":"28 e","soldLandAreaM2":465.9166666666667,"soldUsableAreaM2":125}},{"type":"Feature","id":972415,"geometry":{"type":"Point","coordinates":[14.420159814762412,45.87734947893089]},"properties":{"id":972415,"contractDate":"2025-04-20","contractYear":2025,"priceEur":7300,"mainCategory":"GOZDNO ZEMLJIŠČE","analyticalUnit":"GOZDNO_ZEMLJISCE_CISTO","analyticalPriceEurM2":0.4993160054719562,"quality":"C","marketability":"V preverjanju","settlement":null,"address":null,"soldLandAreaM2":14620,"soldUsableAreaM2":null}},{"type":"Feature","id":973580,"geometry":{"type":"Point","coordinates":[14.434483702434896,45.889435273715705]},"properties":{"id":973580,"contractDate":"2025-11-09","contractYear":2025,"priceEur":5200,"mainCategory":"MEŠANO/DRUGO ZEMLJIŠČE","analyticalUnit":"NI_NEPOSREDNO_RAZDELJIV","analyticalPriceEurM2":null,"quality":"C","marketability":"V preverjanju","settlement":null,"address":null,"soldLandAreaM2":110,"soldUsableAreaM2":null}},{"type":"Feature","id":973595,"geometry":{"type":"Point","coordinates":[14.40807958466079,45.99889312666884]},"properties":{"id":973595,"contractDate":"2025-11-12","contractYear":2025,"priceEur":100000,"mainCategory":"STAVBNO ZEMLJIŠČE","analyticalUnit":"STAVBNO_ZEMLJISCE_CISTO","analyticalPriceEurM2":300.3003003003003,"quality":"C","marketability":"V preverjanju","settlement":null,"address":null,"soldLandAreaM2":333,"soldUsableAreaM2":null}},{"type":"Feature","id":973845,"geometry":{"type":"Point","coordinates":[14.410013806078904,45.96105649888547]},"properties":{"id":973845,"contractDate":"2025-07-08","contractYear":2025,"priceEur":3848,"mainCategory":"STAVBNO ZEMLJIŠČE","analyticalUnit":"STAVBNO_ZEMLJISCE_CISTO","analyticalPriceEurM2":104,"quality":"C","marketability":"V preverjanju","settlement":null,"address":null,"soldLandAreaM2":37,"soldUsableAreaM2":null}},{"type":"Feature","id":974159,"geometry":{"type":"Point","coordinates":[14.413899936362897,46.02433303375104]},"properties":{"id":974159,"contractDate":"2025-11-17","contractYear":2025,"priceEur":217000,"mainCategory":"STANOVANJE Z DODATKI/ZEMLJIŠČEM","analyticalUnit":"NI_NEPOSREDNO_RAZDELJIV","analyticalPriceEurM2":null,"quality":"C","marketability":"V preverjanju","settlement":"BREZOVICA PRI LJUBLJANI","address":"TRŽAŠKA CESTA 438","soldLandAreaM2":12,"soldUsableAreaM2":58.9}},{"type":"Feature","id":974238,"geometry":{"type":"Point","coordinates":[14.428116114030129,45.89209159519841]},"properties":{"id":974238,"contractDate":"2025-11-12","contractYear":2025,"priceEur":39425,"mainCategory":"STAVBNO ZEMLJIŠČE","analyticalUnit":"STAVBNO_ZEMLJISCE_CISTO","analyticalPriceEurM2":95,"quality":"C","marketability":"V preverjanju","settlement":null,"address":null,"soldLandAreaM2":415,"soldUsableAreaM2":null}},{"type":"Feature","id":974364,"geometry":{"type":"Point","coordinates":[14.401767606096827,45.99158513619859]},"properties":{"id":974364,"contractDate":"2025-11-11","contractYear":2025,"priceEur":180000,"mainCategory":"HIŠA S PRIPADAJOČIM ZEMLJIŠČEM","analyticalUnit":"HISA_CELI_POSEL","analyticalPriceEurM2":null,"quality":"C","marketability":"V preverjanju","settlement":"NOTRANJE GORICE","address":"V HRASTOVEC 16","soldLandAreaM2":934,"soldUsableAreaM2":92}},{"type":"Feature","id":974424,"geometry":{"type":"Point","coordinates":[14.41758722876583,46.0246009076306]},"properties":{"id":974424,"contractDate":"2025-11-21","contractYear":2025,"priceEur":400000,"mainCategory":"STAVBNO ZEMLJIŠČE","analyticalUnit":"STAVBNO_ZEMLJISCE_CISTO","analyticalPriceEurM2":542.7408412483039,"quality":"C","marketability":"V preverjanju","settlement":null,"address":null,"soldLandAreaM2":737,"soldUsableAreaM2":null}},{"type":"Feature","id":975080,"geometry":{"type":"Point","coordinates":[14.396540166054328,45.96484521252836]},"properties":{"id":975080,"contractDate":"2025-07-07","contractYear":2025,"priceEur":85104.81,"mainCategory":"STAVBNO ZEMLJIŠČE","analyticalUnit":"NI_NEPOSREDNO_RAZDELJIV","analyticalPriceEurM2":null,"quality":"C","marketability":"V preverjanju","settlement":null,"address":null,"soldLandAreaM2":612.817,"soldUsableAreaM2":null}},{"type":"Feature","id":975647,"geometry":{"type":"Point","coordinates":[14.410038641288928,45.96258201053566]},"properties":{"id":975647,"contractDate":"2025-11-13","contractYear":2025,"priceEur":15000,"mainCategory":"KMETIJSKO ZEMLJIŠČE","analyticalUnit":"KMETIJSKO_ZEMLJISCE_CISTO","analyticalPriceEurM2":80.21390374331551,"quality":"C","marketability":"V preverjanju","settlement":null,"address":null,"soldLandAreaM2":187,"soldUsableAreaM2":null}},{"type":"Feature","id":975722,"geometry":{"type":"Point","coordinates":[14.370608204699971,45.96290281183231]},"properties":{"id":975722,"contractDate":"2025-11-14","contractYear":2025,"priceEur":5000,"mainCategory":"HIŠA S PRIPADAJOČIM ZEMLJIŠČEM","analyticalUnit":"NI_NEPOSREDNO_RAZDELJIV","analyticalPriceEurM2":null,"quality":"C","marketability":"V preverjanju","settlement":"GORIČICA POD KRIMOM","address":"40","soldLandAreaM2":4001.905555555556,"soldUsableAreaM2":8.416666666666666}},{"type":"Feature","id":975730,"geometry":{"type":"Point","coordinates":[14.42487616286048,45.976089017169976]},"properties":{"id":975730,"contractDate":"2025-08-21","contractYear":2025,"priceEur":8370,"mainCategory":"KMETIJSKO ZEMLJIŠČE","analyticalUnit":"KMETIJSKO_ZEMLJISCE_CISTO","analyticalPriceEurM2":10,"quality":"C","marketability":"V preverjanju","settlement":null,"address":null,"soldLandAreaM2":837,"soldUsableAreaM2":null}},{"type":"Feature","id":975923,"geometry":{"type":"Point","coordinates":[14.439246503232983,45.8818987621645]},"properties":{"id":975923,"contractDate":"2025-11-27","contractYear":2025,"priceEur":303750,"mainCategory":"HIŠA S PRIPADAJOČIM ZEMLJIŠČEM","analyticalUnit":"HISA_CELI_POSEL","analyticalPriceEurM2":null,"quality":"C","marketability":"V preverjanju","settlement":"RAKITNA","address":"376","soldLandAreaM2":1065,"soldUsableAreaM2":100.4}},{"type":"Feature","id":976804,"geometry":{"type":"Point","coordinates":[14.384421532168199,45.99906272875762]},"properties":{"id":976804,"contractDate":"2025-12-10","contractYear":2025,"priceEur":255000,"mainCategory":"HIŠA S PRIPADAJOČIM ZEMLJIŠČEM","analyticalUnit":"HISA_CELI_POSEL","analyticalPriceEurM2":null,"quality":"C","marketability":"V preverjanju","settlement":"PODPLEŠIVICA","address":"16","soldLandAreaM2":447,"soldUsableAreaM2":120.8}},{"type":"Feature","id":977402,"geometry":{"type":"Point","coordinates":[14.422241644253496,46.005100898229685]},"properties":{"id":977402,"contractDate":"2025-12-19","contractYear":2025,"priceEur":391200,"mainCategory":"HIŠA S PRIPADAJOČIM ZEMLJIŠČEM","analyticalUnit":"NI_NEPOSREDNO_RAZDELJIV","analyticalPriceEurM2":null,"quality":"C","marketability":"V preverjanju","settlement":"VNANJE GORICE","address":"NA BRCE 22","soldLandAreaM2":978,"soldUsableAreaM2":116}},{"type":"Feature","id":977409,"geometry":{"type":"Point","coordinates":[14.410415628569739,45.964253092619366]},"properties":{"id":977409,"contractDate":"2025-12-08","contractYear":2025,"priceEur":250500,"mainCategory":"HIŠA S PRIPADAJOČIM ZEMLJIŠČEM","analyticalUnit":"HISA_CELI_POSEL","analyticalPriceEurM2":null,"quality":"C","marketability":"V preverjanju","settlement":"PODPEČ","address":"75 b","soldLandAreaM2":1726.5,"soldUsableAreaM2":149.85}},{"type":"Feature","id":979020,"geometry":{"type":"Point","coordinates":[14.413539857359279,45.96857211416033]},"properties":{"id":979020,"contractDate":"2025-07-28","contractYear":2025,"priceEur":69420,"mainCategory":"KMETIJSKO ZEMLJIŠČE","analyticalUnit":"KMETIJSKO_ZEMLJISCE_CISTO","analyticalPriceEurM2":3,"quality":"C","marketability":"V preverjanju","settlement":null,"address":null,"soldLandAreaM2":23140,"soldUsableAreaM2":null}},{"type":"Feature","id":979215,"geometry":{"type":"Point","coordinates":[14.414890226310346,45.95510462239807]},"properties":{"id":979215,"contractDate":"2025-12-15","contractYear":2025,"priceEur":260000,"mainCategory":"HIŠA S PRIPADAJOČIM ZEMLJIŠČEM","analyticalUnit":"NI_NEPOSREDNO_RAZDELJIV","analyticalPriceEurM2":null,"quality":"C","marketability":"V preverjanju","settlement":"PRESERJE","address":"1","soldLandAreaM2":1919,"soldUsableAreaM2":500.9}},{"type":"Feature","id":979290,"geometry":{"type":"Point","coordinates":[14.409121088982523,45.96484409487115]},"properties":{"id":979290,"contractDate":"2025-12-08","contractYear":2025,"priceEur":304691,"mainCategory":"MEŠANI POSEL – STAVBA IN ZEMLJIŠČE","analyticalUnit":"NI_NEPOSREDNO_RAZDELJIV","analyticalPriceEurM2":null,"quality":"C","marketability":"V preverjanju","settlement":null,"address":null,"soldLandAreaM2":11532.5,"soldUsableAreaM2":71.1}},{"type":"Feature","id":979339,"geometry":{"type":"Point","coordinates":[14.381049863015857,45.99730670914538]},"properties":{"id":979339,"contractDate":"2025-12-01","contractYear":2025,"priceEur":29404.8,"mainCategory":"KMETIJSKO ZEMLJIŠČE","analyticalUnit":"KMETIJSKO_ZEMLJISCE_CISTO","analyticalPriceEurM2":4.8,"quality":"C","marketability":"V preverjanju","settlement":null,"address":null,"soldLandAreaM2":6126,"soldUsableAreaM2":null}},{"type":"Feature","id":979357,"geometry":{"type":"Point","coordinates":[14.424386479752297,45.895723016604734]},"properties":{"id":979357,"contractDate":"2025-12-18","contractYear":2025,"priceEur":4000,"mainCategory":"KMETIJSKO ZEMLJIŠČE","analyticalUnit":"KMETIJSKO_ZEMLJISCE_CISTO","analyticalPriceEurM2":3.988035892323031,"quality":"C","marketability":"V preverjanju","settlement":null,"address":null,"soldLandAreaM2":1003,"soldUsableAreaM2":null}},{"type":"Feature","id":979621,"geometry":{"type":"Point","coordinates":[14.428644408867715,45.89245754020571]},"properties":{"id":979621,"contractDate":"2025-12-04","contractYear":2025,"priceEur":600000,"mainCategory":"HIŠA S PRIPADAJOČIM ZEMLJIŠČEM","analyticalUnit":"HISA_CELI_POSEL","analyticalPriceEurM2":null,"quality":"C","marketability":"V preverjanju","settlement":"RAKITNA","address":"19 d","soldLandAreaM2":965,"soldUsableAreaM2":128.5}},{"type":"Feature","id":979811,"geometry":{"type":"Point","coordinates":[14.442077007020638,45.88396160579486]},"properties":{"id":979811,"contractDate":"2025-12-30","contractYear":2025,"priceEur":1698,"mainCategory":"GOZDNO ZEMLJIŠČE","analyticalUnit":"GOZDNO_ZEMLJISCE_CISTO","analyticalPriceEurM2":2.01423487544484,"quality":"C","marketability":"V preverjanju","settlement":null,"address":null,"soldLandAreaM2":843,"soldUsableAreaM2":null}},{"type":"Feature","id":980144,"geometry":{"type":"Point","coordinates":[14.413409754853253,46.019617652694365]},"properties":{"id":980144,"contractDate":"2025-12-22","contractYear":2025,"priceEur":2006400,"mainCategory":"STAVBNO ZEMLJIŠČE","analyticalUnit":"NI_NEPOSREDNO_RAZDELJIV","analyticalPriceEurM2":null,"quality":"C","marketability":"V preverjanju","settlement":null,"address":null,"soldLandAreaM2":5070,"soldUsableAreaM2":null}},{"type":"Feature","id":980534,"geometry":{"type":"Point","coordinates":[14.459669713125395,45.87802542096175]},"properties":{"id":980534,"contractDate":"2025-10-14","contractYear":2025,"priceEur":760,"mainCategory":"GOZDNO ZEMLJIŠČE","analyticalUnit":"NI_NEPOSREDNO_RAZDELJIV","analyticalPriceEurM2":null,"quality":"C","marketability":"V preverjanju","settlement":null,"address":null,"soldLandAreaM2":971,"soldUsableAreaM2":null}},{"type":"Feature","id":980720,"geometry":{"type":"Point","coordinates":[14.409085885046453,45.95260688729863]},"properties":{"id":980720,"contractDate":"2025-12-17","contractYear":2025,"priceEur":3380,"mainCategory":"STAVBNO ZEMLJIŠČE","analyticalUnit":"STAVBNO_ZEMLJISCE_CISTO","analyticalPriceEurM2":130,"quality":"C","marketability":"V preverjanju","settlement":null,"address":null,"soldLandAreaM2":26,"soldUsableAreaM2":null}},{"type":"Feature","id":982164,"geometry":{"type":"Point","coordinates":[14.419704561497849,45.97444099403252]},"properties":{"id":982164,"contractDate":"2025-12-17","contractYear":2025,"priceEur":1500,"mainCategory":"STAVBNO ZEMLJIŠČE","analyticalUnit":"NI_NEPOSREDNO_RAZDELJIV","analyticalPriceEurM2":null,"quality":"C","marketability":"V preverjanju","settlement":null,"address":null,"soldLandAreaM2":75,"soldUsableAreaM2":null}},{"type":"Feature","id":982171,"geometry":{"type":"Point","coordinates":[14.403422314928909,45.95465494820194]},"properties":{"id":982171,"contractDate":"2025-11-04","contractYear":2025,"priceEur":4600,"mainCategory":"KMETIJSKO ZEMLJIŠČE","analyticalUnit":"NI_NEPOSREDNO_RAZDELJIV","analyticalPriceEurM2":null,"quality":"C","marketability":"V preverjanju","settlement":null,"address":null,"soldLandAreaM2":1528.3333333333337,"soldUsableAreaM2":null}},{"type":"Feature","id":982351,"geometry":{"type":"Point","coordinates":[14.408861047445416,45.997814467691]},"properties":{"id":982351,"contractDate":"2026-01-15","contractYear":2026,"priceEur":350000,"mainCategory":"HIŠA S PRIPADAJOČIM ZEMLJIŠČEM","analyticalUnit":"NI_NEPOSREDNO_RAZDELJIV","analyticalPriceEurM2":null,"quality":"C","marketability":"V preverjanju","settlement":"NOTRANJE GORICE","address":"PODPEŠKA CESTA 273","soldLandAreaM2":1101,"soldUsableAreaM2":241.3}},{"type":"Feature","id":982489,"geometry":{"type":"Point","coordinates":[14.41331234274319,46.019443558420754]},"properties":{"id":982489,"contractDate":"2026-01-09","contractYear":2026,"priceEur":32400,"mainCategory":"STAVBNO ZEMLJIŠČE","analyticalUnit":"NI_NEPOSREDNO_RAZDELJIV","analyticalPriceEurM2":null,"quality":"C","marketability":"V preverjanju","settlement":null,"address":null,"soldLandAreaM2":81,"soldUsableAreaM2":null}},{"type":"Feature","id":982687,"geometry":{"type":"Point","coordinates":[14.41275276855044,46.01940923782713]},"properties":{"id":982687,"contractDate":"2026-01-13","contractYear":2026,"priceEur":306890,"mainCategory":"STAVBNO ZEMLJIŠČE","analyticalUnit":"NI_NEPOSREDNO_RAZDELJIV","analyticalPriceEurM2":null,"quality":"C","marketability":"V preverjanju","settlement":null,"address":null,"soldLandAreaM2":651.6666666666666,"soldUsableAreaM2":null}},{"type":"Feature","id":982762,"geometry":{"type":"Point","coordinates":[14.383752279845531,45.987395169714624]},"properties":{"id":982762,"contractDate":"2026-01-28","contractYear":2026,"priceEur":30865.8,"mainCategory":"KMETIJSKO ZEMLJIŠČE","analyticalUnit":"KMETIJSKO_ZEMLJISCE_CISTO","analyticalPriceEurM2":1.9593601218815464,"quality":"C","marketability":"V preverjanju","settlement":null,"address":null,"soldLandAreaM2":15753,"soldUsableAreaM2":null}},{"type":"Feature","id":982800,"geometry":{"type":"Point","coordinates":[14.408338807731688,45.965648372142034]},"properties":{"id":982800,"contractDate":"2025-12-10","contractYear":2025,"priceEur":309,"mainCategory":"MEŠANO/DRUGO ZEMLJIŠČE","analyticalUnit":"NI_NEPOSREDNO_RAZDELJIV","analyticalPriceEurM2":null,"quality":"C","marketability":"V preverjanju","settlement":null,"address":null,"soldLandAreaM2":160.5,"soldUsableAreaM2":null}},{"type":"Feature","id":982869,"geometry":{"type":"Point","coordinates":[14.410415628569739,45.964253092619366]},"properties":{"id":982869,"contractDate":"2025-12-11","contractYear":2025,"priceEur":250500,"mainCategory":"HIŠA S PRIPADAJOČIM ZEMLJIŠČEM","analyticalUnit":"HISA_CELI_POSEL","analyticalPriceEurM2":null,"quality":"C","marketability":"V preverjanju","settlement":"PODPEČ","address":"75 b","soldLandAreaM2":1726.5,"soldUsableAreaM2":149.85}},{"type":"Feature","id":983075,"geometry":{"type":"Point","coordinates":[14.402193192557341,46.0180813420984]},"properties":{"id":983075,"contractDate":"2025-11-28","contractYear":2025,"priceEur":31299,"mainCategory":"KMETIJSKO ZEMLJIŠČE","analyticalUnit":"KMETIJSKO_ZEMLJISCE_CISTO","analyticalPriceEurM2":3,"quality":"C","marketability":"V preverjanju","settlement":null,"address":null,"soldLandAreaM2":10433,"soldUsableAreaM2":null}},{"type":"Feature","id":984188,"geometry":{"type":"Point","coordinates":[14.409440872440593,45.97693494516536]},"properties":{"id":984188,"contractDate":"2026-02-17","contractYear":2026,"priceEur":19172,"mainCategory":"KMETIJSKO ZEMLJIŠČE","analyticalUnit":"KMETIJSKO_ZEMLJISCE_CISTO","analyticalPriceEurM2":2,"quality":"C","marketability":"V preverjanju","settlement":null,"address":null,"soldLandAreaM2":9586,"soldUsableAreaM2":null}},{"type":"Feature","id":984233,"geometry":{"type":"Point","coordinates":[14.383910745349967,45.999852400468605]},"properties":{"id":984233,"contractDate":"2026-02-04","contractYear":2026,"priceEur":17400,"mainCategory":"KMETIJSKO ZEMLJIŠČE","analyticalUnit":"KMETIJSKO_ZEMLJISCE_CISTO","analyticalPriceEurM2":120,"quality":"C","marketability":"V preverjanju","settlement":null,"address":null,"soldLandAreaM2":145,"soldUsableAreaM2":null}},{"type":"Feature","id":984240,"geometry":{"type":"Point","coordinates":[14.408149709143112,45.987628945987204]},"properties":{"id":984240,"contractDate":"2026-02-18","contractYear":2026,"priceEur":12064,"mainCategory":"KMETIJSKO ZEMLJIŠČE","analyticalUnit":"KMETIJSKO_ZEMLJISCE_CISTO","analyticalPriceEurM2":2,"quality":"C","marketability":"V preverjanju","settlement":null,"address":null,"soldLandAreaM2":6032,"soldUsableAreaM2":null}},{"type":"Feature","id":984307,"geometry":{"type":"Point","coordinates":[14.389109550838137,45.997052522225964]},"properties":{"id":984307,"contractDate":"2025-12-29","contractYear":2025,"priceEur":19404,"mainCategory":"KMETIJSKO ZEMLJIŠČE","analyticalUnit":"KMETIJSKO_ZEMLJISCE_CISTO","analyticalPriceEurM2":4.5,"quality":"C","marketability":"V preverjanju","settlement":null,"address":null,"soldLandAreaM2":4312,"soldUsableAreaM2":null}},{"type":"Feature","id":984319,"geometry":{"type":"Point","coordinates":[14.426856527177998,46.02643674612998]},"properties":{"id":984319,"contractDate":"2026-02-20","contractYear":2026,"priceEur":290000,"mainCategory":"STANOVANJE Z DODATKI/ZEMLJIŠČEM","analyticalUnit":"NI_NEPOSREDNO_RAZDELJIV","analyticalPriceEurM2":null,"quality":"C","marketability":"V preverjanju","settlement":"BREZOVICA PRI LJUBLJANI","address":"KAPALNIŠKA POT 7","soldLandAreaM2":64.79304444444445,"soldUsableAreaM2":76}},{"type":"Feature","id":985197,"geometry":{"type":"Point","coordinates":[14.42283981853749,45.89750443192315]},"properties":{"id":985197,"contractDate":"2026-02-02","contractYear":2026,"priceEur":71180,"mainCategory":"STAVBNO ZEMLJIŠČE","analyticalUnit":"STAVBNO_ZEMLJISCE_CISTO","analyticalPriceEurM2":65.24289642529789,"quality":"C","marketability":"V preverjanju","settlement":null,"address":null,"soldLandAreaM2":1091,"soldUsableAreaM2":null}},{"type":"Feature","id":985230,"geometry":{"type":"Point","coordinates":[14.432421114013396,45.898184250309455]},"properties":{"id":985230,"contractDate":"2026-02-02","contractYear":2026,"priceEur":5000,"mainCategory":"KMETIJSKO ZEMLJIŠČE","analyticalUnit":"KMETIJSKO_ZEMLJISCE_CISTO","analyticalPriceEurM2":1.5888147442008262,"quality":"C","marketability":"V preverjanju","settlement":null,"address":null,"soldLandAreaM2":3147,"soldUsableAreaM2":null}},{"type":"Feature","id":985243,"geometry":{"type":"Point","coordinates":[14.398099042732841,46.00063432230329]},"properties":{"id":985243,"contractDate":"2026-01-27","contractYear":2026,"priceEur":10000,"mainCategory":"KMETIJSKO ZEMLJIŠČE","analyticalUnit":"KMETIJSKO_ZEMLJISCE_CISTO","analyticalPriceEurM2":3.602305475504323,"quality":"C","marketability":"V preverjanju","settlement":null,"address":null,"soldLandAreaM2":2776,"soldUsableAreaM2":null}},{"type":"Feature","id":985468,"geometry":{"type":"Point","coordinates":[14.415931027819099,46.01624175738205]},"properties":{"id":985468,"contractDate":"2026-02-19","contractYear":2026,"priceEur":157500,"mainCategory":"MEŠANO/DRUGO ZEMLJIŠČE","analyticalUnit":"NI_NEPOSREDNO_RAZDELJIV","analyticalPriceEurM2":null,"quality":"C","marketability":"V preverjanju","settlement":null,"address":null,"soldLandAreaM2":724.9,"soldUsableAreaM2":null}},{"type":"Feature","id":985504,"geometry":{"type":"Point","coordinates":[14.407658891335632,45.97673092266219]},"properties":{"id":985504,"contractDate":"2026-02-19","contractYear":2026,"priceEur":17472,"mainCategory":"KMETIJSKO ZEMLJIŠČE","analyticalUnit":"KMETIJSKO_ZEMLJISCE_CISTO","analyticalPriceEurM2":2,"quality":"C","marketability":"V preverjanju","settlement":null,"address":null,"soldLandAreaM2":8736,"soldUsableAreaM2":null}},{"type":"Feature","id":985731,"geometry":{"type":"Point","coordinates":[14.409562234069014,45.978909216559735]},"properties":{"id":985731,"contractDate":"2026-02-25","contractYear":2026,"priceEur":23926,"mainCategory":"KMETIJSKO ZEMLJIŠČE","analyticalUnit":"KMETIJSKO_ZEMLJISCE_CISTO","analyticalPriceEurM2":2,"quality":"C","marketability":"V preverjanju","settlement":null,"address":null,"soldLandAreaM2":11963,"soldUsableAreaM2":null}},{"type":"Feature","id":985758,"geometry":{"type":"Point","coordinates":[14.416024579182876,46.01625532699502]},"properties":{"id":985758,"contractDate":"2026-02-26","contractYear":2026,"priceEur":197700,"mainCategory":"MEŠANO/DRUGO ZEMLJIŠČE","analyticalUnit":"NI_NEPOSREDNO_RAZDELJIV","analyticalPriceEurM2":null,"quality":"C","marketability":"V preverjanju","settlement":null,"address":null,"soldLandAreaM2":924.4,"soldUsableAreaM2":null}},{"type":"Feature","id":985801,"geometry":{"type":"Point","coordinates":[14.415326470617975,46.01489447345492]},"properties":{"id":985801,"contractDate":"2026-02-26","contractYear":2026,"priceEur":200000,"mainCategory":"STANOVANJE Z DODATKI/ZEMLJIŠČEM","analyticalUnit":"NI_NEPOSREDNO_RAZDELJIV","analyticalPriceEurM2":null,"quality":"C","marketability":"V preverjanju","settlement":"BREZOVICA PRI LJUBLJANI","address":"PODPEŠKA CESTA 89 a","soldLandAreaM2":9.833333333333332,"soldUsableAreaM2":43.9}},{"type":"Feature","id":985853,"geometry":{"type":"Point","coordinates":[14.439634159330117,45.88131796348146]},"properties":{"id":985853,"contractDate":"2026-02-27","contractYear":2026,"priceEur":82000,"mainCategory":"STAVBNO ZEMLJIŠČE","analyticalUnit":"STAVBNO_ZEMLJISCE_CISTO","analyticalPriceEurM2":97.1563981042654,"quality":"C","marketability":"V preverjanju","settlement":null,"address":null,"soldLandAreaM2":844,"soldUsableAreaM2":null}},{"type":"Feature","id":985951,"geometry":{"type":"Point","coordinates":[14.412244677924345,46.01354075336186]},"properties":{"id":985951,"contractDate":"2026-02-27","contractYear":2026,"priceEur":110000,"mainCategory":"STAVBNO ZEMLJIŠČE","analyticalUnit":"STAVBNO_ZEMLJISCE_CISTO","analyticalPriceEurM2":180.0327332242226,"quality":"C","marketability":"V preverjanju","settlement":null,"address":null,"soldLandAreaM2":611,"soldUsableAreaM2":null}},{"type":"Feature","id":986171,"geometry":{"type":"Point","coordinates":[14.369716775622226,45.96432419207867]},"properties":{"id":986171,"contractDate":"2026-02-27","contractYear":2026,"priceEur":19188,"mainCategory":"KMETIJSKO ZEMLJIŠČE","analyticalUnit":"KMETIJSKO_ZEMLJISCE_CISTO","analyticalPriceEurM2":1.8,"quality":"C","marketability":"V preverjanju","settlement":null,"address":null,"soldLandAreaM2":10660,"soldUsableAreaM2":null}},{"type":"Feature","id":986448,"geometry":{"type":"Point","coordinates":[14.436263769780648,45.8874862307515]},"properties":{"id":986448,"contractDate":"2026-02-09","contractYear":2026,"priceEur":3500,"mainCategory":"STAVBNO ZEMLJIŠČE","analyticalUnit":"STAVBNO_ZEMLJISCE_CISTO","analyticalPriceEurM2":56.45161290322581,"quality":"C","marketability":"V preverjanju","settlement":null,"address":null,"soldLandAreaM2":62,"soldUsableAreaM2":null}},{"type":"Feature","id":986457,"geometry":{"type":"Point","coordinates":[14.404950048650335,45.998260040206915]},"properties":{"id":986457,"contractDate":"2026-03-05","contractYear":2026,"priceEur":240000,"mainCategory":"STANOVANJE Z DODATKI/ZEMLJIŠČEM","analyticalUnit":"NI_NEPOSREDNO_RAZDELJIV","analyticalPriceEurM2":null,"quality":"C","marketability":"V preverjanju","settlement":"ŽABNICA","address":"15","soldLandAreaM2":73,"soldUsableAreaM2":58.7}},{"type":"Feature","id":986558,"geometry":{"type":"Point","coordinates":[14.405486614609094,46.02407749284481]},"properties":{"id":986558,"contractDate":"2026-03-06","contractYear":2026,"priceEur":15000,"mainCategory":"HIŠA S PRIPADAJOČIM ZEMLJIŠČEM","analyticalUnit":"NI_NEPOSREDNO_RAZDELJIV","analyticalPriceEurM2":null,"quality":"C","marketability":"V preverjanju","settlement":"BREZOVICA PRI LJUBLJANI","address":"BREZOVIŠKA CESTA 17","soldLandAreaM2":184.8571428571429,"soldUsableAreaM2":54.57142857142857}},{"type":"Feature","id":986703,"geometry":{"type":"Point","coordinates":[14.439579367622649,45.886066875063484]},"properties":{"id":986703,"contractDate":"2026-03-05","contractYear":2026,"priceEur":90000,"mainCategory":"HIŠA S PRIPADAJOČIM ZEMLJIŠČEM","analyticalUnit":"HISA_CELI_POSEL","analyticalPriceEurM2":null,"quality":"C","marketability":"V preverjanju","settlement":"RAKITNA","address":"301","soldLandAreaM2":475,"soldUsableAreaM2":65.8}},{"type":"Feature","id":986882,"geometry":{"type":"Point","coordinates":[14.400941431690683,45.988741156989235]},"properties":{"id":986882,"contractDate":"2026-03-13","contractYear":2026,"priceEur":550000,"mainCategory":"STANOVANJE Z DODATKI/ZEMLJIŠČEM","analyticalUnit":"NI_NEPOSREDNO_RAZDELJIV","analyticalPriceEurM2":null,"quality":"C","marketability":"V preverjanju","settlement":"NOTRANJE GORICE","address":"PODOVNICE 40","soldLandAreaM2":255,"soldUsableAreaM2":112.8}},{"type":"Feature","id":986958,"geometry":{"type":"Point","coordinates":[14.376235604398797,45.991548388361984]},"properties":{"id":986958,"contractDate":"2026-03-10","contractYear":2026,"priceEur":15322,"mainCategory":"KMETIJSKO ZEMLJIŠČE","analyticalUnit":"KMETIJSKO_ZEMLJISCE_CISTO","analyticalPriceEurM2":2,"quality":"C","marketability":"V preverjanju","settlement":null,"address":null,"soldLandAreaM2":7661,"soldUsableAreaM2":null}},{"type":"Feature","id":986993,"geometry":{"type":"Point","coordinates":[14.387489449122182,45.98208818097554]},"properties":{"id":986993,"contractDate":"2026-03-14","contractYear":2026,"priceEur":15991.2,"mainCategory":"KMETIJSKO ZEMLJIŠČE","analyticalUnit":"KMETIJSKO_ZEMLJISCE_CISTO","analyticalPriceEurM2":1.8,"quality":"C","marketability":"V preverjanju","settlement":null,"address":null,"soldLandAreaM2":8884,"soldUsableAreaM2":null}},{"type":"Feature","id":987081,"geometry":{"type":"Point","coordinates":[14.41972213861979,46.01989071337802]},"properties":{"id":987081,"contractDate":"2026-03-01","contractYear":2026,"priceEur":310000,"mainCategory":"HIŠA S PRIPADAJOČIM ZEMLJIŠČEM","analyticalUnit":"HISA_CELI_POSEL","analyticalPriceEurM2":null,"quality":"C","marketability":"V preverjanju","settlement":"BREZOVICA PRI LJUBLJANI","address":"PODSVETIJA 26 c","soldLandAreaM2":108.0068376068376,"soldUsableAreaM2":70.7}},{"type":"Feature","id":987497,"geometry":{"type":"Point","coordinates":[14.381991577443932,45.98461559012712]},"properties":{"id":987497,"contractDate":"2026-03-20","contractYear":2026,"priceEur":98574.6,"mainCategory":"KMETIJSKO ZEMLJIŠČE","analyticalUnit":"KMETIJSKO_ZEMLJISCE_CISTO","analyticalPriceEurM2":1.9619178409362312,"quality":"C","marketability":"V preverjanju","settlement":null,"address":null,"soldLandAreaM2":50244,"soldUsableAreaM2":null}},{"type":"Feature","id":987552,"geometry":{"type":"Point","coordinates":[14.442702414737447,45.883778132424446]},"properties":{"id":987552,"contractDate":"2026-03-18","contractYear":2026,"priceEur":4900,"mainCategory":"STAVBNO ZEMLJIŠČE","analyticalUnit":"STAVBNO_ZEMLJISCE_CISTO","analyticalPriceEurM2":55.68181818181818,"quality":"C","marketability":"V preverjanju","settlement":null,"address":null,"soldLandAreaM2":88,"soldUsableAreaM2":null}},{"type":"Feature","id":987613,"geometry":{"type":"Point","coordinates":[14.366176429207833,45.94951313824085]},"properties":{"id":987613,"contractDate":"2026-03-20","contractYear":2026,"priceEur":78877.8,"mainCategory":"KMETIJSKO ZEMLJIŠČE","analyticalUnit":"KMETIJSKO_ZEMLJISCE_CISTO","analyticalPriceEurM2":1.8,"quality":"C","marketability":"V preverjanju","settlement":null,"address":null,"soldLandAreaM2":43821,"soldUsableAreaM2":null}},{"type":"Feature","id":988715,"geometry":{"type":"Point","coordinates":[14.443248618534467,45.883488005250896]},"properties":{"id":988715,"contractDate":"2026-03-18","contractYear":2026,"priceEur":117500,"mainCategory":"STAVBNO ZEMLJIŠČE","analyticalUnit":"STAVBNO_ZEMLJISCE_CISTO","analyticalPriceEurM2":169.79768786127167,"quality":"C","marketability":"V preverjanju","settlement":null,"address":null,"soldLandAreaM2":692,"soldUsableAreaM2":null}},{"type":"Feature","id":988895,"geometry":{"type":"Point","coordinates":[14.380388396396395,46.00337492653156]},"properties":{"id":988895,"contractDate":"2026-02-16","contractYear":2026,"priceEur":40000,"mainCategory":"STAVBNO ZEMLJIŠČE","analyticalUnit":"STAVBNO_ZEMLJISCE_CISTO","analyticalPriceEurM2":210.52631578947367,"quality":"C","marketability":"V preverjanju","settlement":null,"address":null,"soldLandAreaM2":190,"soldUsableAreaM2":null}},{"type":"Feature","id":988918,"geometry":{"type":"Point","coordinates":[14.417267264399184,46.021849692953786]},"properties":{"id":988918,"contractDate":"2026-03-25","contractYear":2026,"priceEur":4650,"mainCategory":"STAVBNO ZEMLJIŠČE","analyticalUnit":"STAVBNO_ZEMLJISCE_CISTO","analyticalPriceEurM2":75,"quality":"C","marketability":"V preverjanju","settlement":null,"address":null,"soldLandAreaM2":62,"soldUsableAreaM2":null}},{"type":"Feature","id":988921,"geometry":{"type":"Point","coordinates":[14.392422586691696,45.92767153905657]},"properties":{"id":988921,"contractDate":"2026-03-16","contractYear":2026,"priceEur":269323.35,"mainCategory":"GOZDNO ZEMLJIŠČE","analyticalUnit":"GOZDNO_ZEMLJISCE_CISTO","analyticalPriceEurM2":0.85,"quality":"C","marketability":"V preverjanju","settlement":null,"address":null,"soldLandAreaM2":316851,"soldUsableAreaM2":null}},{"type":"Feature","id":989223,"geometry":{"type":"Point","coordinates":[14.384488038019734,45.98105806045446]},"properties":{"id":989223,"contractDate":"2026-03-24","contractYear":2026,"priceEur":47779.2,"mainCategory":"KMETIJSKO ZEMLJIŠČE","analyticalUnit":"KMETIJSKO_ZEMLJISCE_CISTO","analyticalPriceEurM2":1.7999999999999998,"quality":"C","marketability":"V preverjanju","settlement":null,"address":null,"soldLandAreaM2":26544,"soldUsableAreaM2":null}},{"type":"Feature","id":989241,"geometry":{"type":"Point","coordinates":[14.422854387840403,46.00378361122022]},"properties":{"id":989241,"contractDate":"2026-03-25","contractYear":2026,"priceEur":4575,"mainCategory":"STAVBNO ZEMLJIŠČE","analyticalUnit":"STAVBNO_ZEMLJISCE_CISTO","analyticalPriceEurM2":75,"quality":"C","marketability":"V preverjanju","settlement":null,"address":null,"soldLandAreaM2":61,"soldUsableAreaM2":null}},{"type":"Feature","id":989244,"geometry":{"type":"Point","coordinates":[14.416920184694117,46.02165633330899]},"properties":{"id":989244,"contractDate":"2026-03-25","contractYear":2026,"priceEur":5100,"mainCategory":"MEŠANI POSEL – STAVBA IN ZEMLJIŠČE","analyticalUnit":"NI_NEPOSREDNO_RAZDELJIV","analyticalPriceEurM2":null,"quality":"C","marketability":"V preverjanju","settlement":null,"address":null,"soldLandAreaM2":68,"soldUsableAreaM2":80.8}},{"type":"Feature","id":989436,"geometry":{"type":"Point","coordinates":[14.41750879843658,46.02205783961204]},"properties":{"id":989436,"contractDate":"2026-03-25","contractYear":2026,"priceEur":36675,"mainCategory":"PRIPADAJOČE ZEMLJIŠČE","analyticalUnit":"NI_NEPOSREDNO_RAZDELJIV","analyticalPriceEurM2":null,"quality":"C","marketability":"V preverjanju","settlement":null,"address":null,"soldLandAreaM2":489,"soldUsableAreaM2":null}},{"type":"Feature","id":989730,"geometry":{"type":"Point","coordinates":[14.380103078249078,46.00453448175282]},"properties":{"id":989730,"contractDate":"2026-02-04","contractYear":2026,"priceEur":26739,"mainCategory":"KMETIJSKO ZEMLJIŠČE","analyticalUnit":"NI_NEPOSREDNO_RAZDELJIV","analyticalPriceEurM2":null,"quality":"C","marketability":"V preverjanju","settlement":null,"address":null,"soldLandAreaM2":8913.25,"soldUsableAreaM2":null}},{"type":"Feature","id":989914,"geometry":{"type":"Point","coordinates":[14.422262637005222,46.004169589897415]},"properties":{"id":989914,"contractDate":"2026-03-27","contractYear":2026,"priceEur":3120,"mainCategory":"PRIPADAJOČE ZEMLJIŠČE","analyticalUnit":"NI_NEPOSREDNO_RAZDELJIV","analyticalPriceEurM2":null,"quality":"C","marketability":"V preverjanju","settlement":null,"address":null,"soldLandAreaM2":78,"soldUsableAreaM2":null}},{"type":"Feature","id":989951,"geometry":{"type":"Point","coordinates":[14.403994294924836,46.0230619684815]},"properties":{"id":989951,"contractDate":"2026-04-09","contractYear":2026,"priceEur":331250,"mainCategory":"MEŠANI POSEL – STAVBA IN ZEMLJIŠČE","analyticalUnit":"NI_NEPOSREDNO_RAZDELJIV","analyticalPriceEurM2":null,"quality":"C","marketability":"V preverjanju","settlement":null,"address":null,"soldLandAreaM2":1325,"soldUsableAreaM2":45}},{"type":"Feature","id":989986,"geometry":{"type":"Point","coordinates":[14.40390677382566,46.02265326731123]},"properties":{"id":989986,"contractDate":"2026-04-09","contractYear":2026,"priceEur":658125,"mainCategory":"HIŠA S PRIPADAJOČIM ZEMLJIŠČEM","analyticalUnit":"NI_NEPOSREDNO_RAZDELJIV","analyticalPriceEurM2":null,"quality":"C","marketability":"V preverjanju","settlement":"BREZOVICA PRI LJUBLJANI","address":"TRŽAŠKA CESTA 470","soldLandAreaM2":2765,"soldUsableAreaM2":444}},{"type":"Feature","id":990035,"geometry":{"type":"Point","coordinates":[14.421178893114009,45.95603482933346]},"properties":{"id":990035,"contractDate":"2026-04-03","contractYear":2026,"priceEur":400000,"mainCategory":"STAVBNO ZEMLJIŠČE","analyticalUnit":"STAVBNO_ZEMLJISCE_CISTO","analyticalPriceEurM2":430.5705059203444,"quality":"C","marketability":"V preverjanju","settlement":null,"address":null,"soldLandAreaM2":929,"soldUsableAreaM2":null}},{"type":"Feature","id":990078,"geometry":{"type":"Point","coordinates":[14.429749015174142,45.9510190306915]},"properties":{"id":990078,"contractDate":"2026-04-10","contractYear":2026,"priceEur":4122.6,"mainCategory":"GOZDNO ZEMLJIŠČE","analyticalUnit":"GOZDNO_ZEMLJISCE_CISTO","analyticalPriceEurM2":0.6000000000000001,"quality":"C","marketability":"V preverjanju","settlement":null,"address":null,"soldLandAreaM2":6871,"soldUsableAreaM2":null}},{"type":"Feature","id":990100,"geometry":{"type":"Point","coordinates":[14.4067058025029,46.02424081886354]},"properties":{"id":990100,"contractDate":"2026-04-13","contractYear":2026,"priceEur":156000,"mainCategory":"STANOVANJE","analyticalUnit":"STANOVANJE_CISTO","analyticalPriceEurM2":2400,"quality":"C","marketability":"V preverjanju","settlement":"BREZOVICA PRI LJUBLJANI","address":"STAROVAŠKA CESTA 15","soldLandAreaM2":null,"soldUsableAreaM2":65}},{"type":"Feature","id":990272,"geometry":{"type":"Point","coordinates":[14.378641405421527,45.9518419305125]},"properties":{"id":990272,"contractDate":"2026-03-23","contractYear":2026,"priceEur":30000,"mainCategory":"STAVBNO ZEMLJIŠČE","analyticalUnit":"STAVBNO_ZEMLJISCE_CISTO","analyticalPriceEurM2":65.359477124183,"quality":"C","marketability":"V preverjanju","settlement":null,"address":null,"soldLandAreaM2":459,"soldUsableAreaM2":null}},{"type":"Feature","id":990438,"geometry":{"type":"Point","coordinates":[14.407653584793117,45.955217062441406]},"properties":{"id":990438,"contractDate":"2026-04-15","contractYear":2026,"priceEur":336220,"mainCategory":"HIŠA S PRIPADAJOČIM ZEMLJIŠČEM","analyticalUnit":"HISA_CELI_POSEL","analyticalPriceEurM2":null,"quality":"C","marketability":"V preverjanju","settlement":"KAMNIK POD KRIMOM","address":"68 e","soldLandAreaM2":339.8333333333333,"soldUsableAreaM2":114}},{"type":"Feature","id":990566,"geometry":{"type":"Point","coordinates":[14.378779994181478,45.98535609772028]},"properties":{"id":990566,"contractDate":"2026-04-15","contractYear":2026,"priceEur":10519.5,"mainCategory":"KMETIJSKO ZEMLJIŠČE","analyticalUnit":"KMETIJSKO_ZEMLJISCE_CISTO","analyticalPriceEurM2":1.5,"quality":"C","marketability":"V preverjanju","settlement":null,"address":null,"soldLandAreaM2":7013,"soldUsableAreaM2":null}},{"type":"Feature","id":990678,"geometry":{"type":"Point","coordinates":[14.386900446150484,45.98373933755405]},"properties":{"id":990678,"contractDate":"2026-04-16","contractYear":2026,"priceEur":31980,"mainCategory":"KMETIJSKO ZEMLJIŠČE","analyticalUnit":"KMETIJSKO_ZEMLJISCE_CISTO","analyticalPriceEurM2":1.6363078182562425,"quality":"C","marketability":"V preverjanju","settlement":null,"address":null,"soldLandAreaM2":19544,"soldUsableAreaM2":null}},{"type":"Feature","id":992040,"geometry":{"type":"Point","coordinates":[14.388950860522723,45.984374938499656]},"properties":{"id":992040,"contractDate":"2026-04-24","contractYear":2026,"priceEur":16282.8,"mainCategory":"KMETIJSKO ZEMLJIŠČE","analyticalUnit":"KMETIJSKO_ZEMLJISCE_CISTO","analyticalPriceEurM2":1.7999999999999998,"quality":"C","marketability":"V preverjanju","settlement":null,"address":null,"soldLandAreaM2":9046,"soldUsableAreaM2":null}},{"type":"Feature","id":992255,"geometry":{"type":"Point","coordinates":[14.421049309676896,45.95892712179527]},"properties":{"id":992255,"contractDate":"2026-04-09","contractYear":2026,"priceEur":29004,"mainCategory":"GOZDNO ZEMLJIŠČE","analyticalUnit":"GOZDNO_ZEMLJISCE_CISTO","analyticalPriceEurM2":0.8800825342881418,"quality":"C","marketability":"V preverjanju","settlement":null,"address":null,"soldLandAreaM2":32956,"soldUsableAreaM2":null}},{"type":"Feature","id":992311,"geometry":{"type":"Point","coordinates":[14.404894089012302,46.00000360063654]},"properties":{"id":992311,"contractDate":"2026-04-16","contractYear":2026,"priceEur":484397.55,"mainCategory":"HIŠA S PRIPADAJOČIM ZEMLJIŠČEM","analyticalUnit":"HISA_CELI_POSEL","analyticalPriceEurM2":null,"quality":"C","marketability":"V preverjanju","settlement":"ŽABNICA","address":"27 j","soldLandAreaM2":486.25,"soldUsableAreaM2":135.2}},{"type":"Feature","id":992312,"geometry":{"type":"Point","coordinates":[14.429910314395629,45.95998810557395]},"properties":{"id":992312,"contractDate":"2026-02-23","contractYear":2026,"priceEur":30078.9,"mainCategory":"GOZDNO ZEMLJIŠČE","analyticalUnit":"GOZDNO_ZEMLJISCE_CISTO","analyticalPriceEurM2":0.9,"quality":"C","marketability":"V preverjanju","settlement":null,"address":null,"soldLandAreaM2":33421,"soldUsableAreaM2":null}},{"type":"Feature","id":992444,"geometry":{"type":"Point","coordinates":[14.459669713125395,45.87802542096175]},"properties":{"id":992444,"contractDate":"2025-10-14","contractYear":2025,"priceEur":760,"mainCategory":"GOZDNO ZEMLJIŠČE","analyticalUnit":"NI_NEPOSREDNO_RAZDELJIV","analyticalPriceEurM2":null,"quality":"C","marketability":"V preverjanju","settlement":null,"address":null,"soldLandAreaM2":971,"soldUsableAreaM2":null}},{"type":"Feature","id":992507,"geometry":{"type":"Point","coordinates":[14.428059003133924,46.023666392434706]},"properties":{"id":992507,"contractDate":"2026-04-30","contractYear":2026,"priceEur":380000,"mainCategory":"MEŠANI POSEL – STAVBA IN ZEMLJIŠČE","analyticalUnit":"NI_NEPOSREDNO_RAZDELJIV","analyticalPriceEurM2":null,"quality":"C","marketability":"V preverjanju","settlement":"BREZOVICA PRI LJUBLJANI","address":"CESTA V LOG 16 a","soldLandAreaM2":1221,"soldUsableAreaM2":570.4}},{"type":"Feature","id":992581,"geometry":{"type":"Point","coordinates":[14.442667694269707,45.93657866756687]},"properties":{"id":992581,"contractDate":"2026-04-30","contractYear":2026,"priceEur":2147,"mainCategory":"HIŠA S PRIPADAJOČIM ZEMLJIŠČEM","analyticalUnit":"HISA_CELI_POSEL","analyticalPriceEurM2":null,"quality":"C","marketability":"V preverjanju","settlement":"GORENJA BREZOVICA","address":"11","soldLandAreaM2":401.72222222222223,"soldUsableAreaM2":0.9277777777777778}},{"type":"Feature","id":992585,"geometry":{"type":"Point","coordinates":[14.421805930080422,46.00378757928929]},"properties":{"id":992585,"contractDate":"2026-04-30","contractYear":2026,"priceEur":145200,"mainCategory":"STAVBNO ZEMLJIŠČE","analyticalUnit":"STAVBNO_ZEMLJISCE_CISTO","analyticalPriceEurM2":300,"quality":"C","marketability":"V preverjanju","settlement":null,"address":null,"soldLandAreaM2":484,"soldUsableAreaM2":null}},{"type":"Feature","id":994796,"geometry":{"type":"Point","coordinates":[14.429215649126707,46.00561580863982]},"properties":{"id":994796,"contractDate":"2026-04-23","contractYear":2026,"priceEur":2305,"mainCategory":"GOZDNO ZEMLJIŠČE","analyticalUnit":"GOZDNO_ZEMLJISCE_CISTO","analyticalPriceEurM2":1,"quality":"C","marketability":"V preverjanju","settlement":null,"address":null,"soldLandAreaM2":2305,"soldUsableAreaM2":null}},{"type":"Feature","id":995187,"geometry":{"type":"Point","coordinates":[14.433957319621618,45.88896891918336]},"properties":{"id":995187,"contractDate":"2026-05-12","contractYear":2026,"priceEur":2160,"mainCategory":"STAVBNO ZEMLJIŠČE","analyticalUnit":"STAVBNO_ZEMLJISCE_CISTO","analyticalPriceEurM2":40,"quality":"C","marketability":"V preverjanju","settlement":null,"address":null,"soldLandAreaM2":54,"soldUsableAreaM2":null}},{"type":"Feature","id":995217,"geometry":{"type":"Point","coordinates":[14.425428254715923,46.021816579628485]},"properties":{"id":995217,"contractDate":"2026-05-28","contractYear":2026,"priceEur":500000,"mainCategory":"STANOVANJE Z DODATKI/ZEMLJIŠČEM","analyticalUnit":"NI_NEPOSREDNO_RAZDELJIV","analyticalPriceEurM2":null,"quality":"C","marketability":"V preverjanju","settlement":"BREZOVICA PRI LJUBLJANI","address":"CESTA NA POSTAJO 74","soldLandAreaM2":492,"soldUsableAreaM2":180.5}},{"type":"Feature","id":995290,"geometry":{"type":"Point","coordinates":[14.408726902488658,46.00022240878665]},"properties":{"id":995290,"contractDate":"2026-05-28","contractYear":2026,"priceEur":415000,"mainCategory":"HIŠA S PRIPADAJOČIM ZEMLJIŠČEM","analyticalUnit":"HISA_CELI_POSEL","analyticalPriceEurM2":null,"quality":"C","marketability":"V preverjanju","settlement":"NOTRANJE GORICE","address":"PODPEŠKA CESTA 244 c","soldLandAreaM2":491.25,"soldUsableAreaM2":131.5}},{"type":"Feature","id":995505,"geometry":{"type":"Point","coordinates":[14.434034279796592,45.88882569497287]},"properties":{"id":995505,"contractDate":"2026-05-12","contractYear":2026,"priceEur":1280,"mainCategory":"STAVBNO ZEMLJIŠČE","analyticalUnit":"STAVBNO_ZEMLJISCE_CISTO","analyticalPriceEurM2":40,"quality":"C","marketability":"V preverjanju","settlement":null,"address":null,"soldLandAreaM2":32,"soldUsableAreaM2":null}},{"type":"Feature","id":995516,"geometry":{"type":"Point","coordinates":[14.421245781350153,45.956452482723314]},"properties":{"id":995516,"contractDate":"2026-06-01","contractYear":2026,"priceEur":300000,"mainCategory":"HIŠA S PRIPADAJOČIM ZEMLJIŠČEM","analyticalUnit":"NI_NEPOSREDNO_RAZDELJIV","analyticalPriceEurM2":null,"quality":"C","marketability":"V preverjanju","settlement":"PRESERJE","address":"42","soldLandAreaM2":2236,"soldUsableAreaM2":81.1}},{"type":"Feature","id":995778,"geometry":{"type":"Point","coordinates":[14.410064530537888,45.99973391919925]},"properties":{"id":995778,"contractDate":"2026-05-28","contractYear":2026,"priceEur":480000,"mainCategory":"HIŠA S PRIPADAJOČIM ZEMLJIŠČEM","analyticalUnit":"HISA_CELI_POSEL","analyticalPriceEurM2":null,"quality":"C","marketability":"V preverjanju","settlement":"NOTRANJE GORICE","address":"PODPEŠKA CESTA 240 c","soldLandAreaM2":220,"soldUsableAreaM2":108.2}},{"type":"Feature","id":995922,"geometry":{"type":"Point","coordinates":[14.43922086488572,45.895389717140326]},"properties":{"id":995922,"contractDate":"2026-06-02","contractYear":2026,"priceEur":7515,"mainCategory":"KMETIJSKO ZEMLJIŠČE","analyticalUnit":"KMETIJSKO_ZEMLJISCE_CISTO","analyticalPriceEurM2":5,"quality":"C","marketability":"V preverjanju","settlement":null,"address":null,"soldLandAreaM2":1503,"soldUsableAreaM2":null}},{"type":"Feature","id":996008,"geometry":{"type":"Point","coordinates":[14.365476248305042,45.957817596126404]},"properties":{"id":996008,"contractDate":"2026-06-03","contractYear":2026,"priceEur":7130.4,"mainCategory":"KMETIJSKO ZEMLJIŠČE","analyticalUnit":"KMETIJSKO_ZEMLJISCE_CISTO","analyticalPriceEurM2":1.2,"quality":"C","marketability":"V preverjanju","settlement":null,"address":null,"soldLandAreaM2":5942,"soldUsableAreaM2":null}},{"type":"Feature","id":996071,"geometry":{"type":"Point","coordinates":[14.404553651174131,45.99990180341581]},"properties":{"id":996071,"contractDate":"2026-04-22","contractYear":2026,"priceEur":357000,"mainCategory":"STAVBNO ZEMLJIŠČE","analyticalUnit":"STAVBNO_ZEMLJISCE_CISTO","analyticalPriceEurM2":353.11572700296733,"quality":"C","marketability":"V preverjanju","settlement":null,"address":null,"soldLandAreaM2":1011,"soldUsableAreaM2":null}},{"type":"Feature","id":996072,"geometry":{"type":"Point","coordinates":[14.423622997917906,45.97689904973772]},"properties":{"id":996072,"contractDate":"2026-06-05","contractYear":2026,"priceEur":335000,"mainCategory":"HIŠA S PRIPADAJOČIM ZEMLJIŠČEM","analyticalUnit":"HISA_CELI_POSEL","analyticalPriceEurM2":null,"quality":"C","marketability":"V preverjanju","settlement":"JEZERO","address":"11","soldLandAreaM2":1000,"soldUsableAreaM2":0}},{"type":"Feature","id":996424,"geometry":{"type":"Point","coordinates":[14.366715799445437,45.95616097165487]},"properties":{"id":996424,"contractDate":"2026-06-09","contractYear":2026,"priceEur":8690,"mainCategory":"GOZDNO ZEMLJIŠČE","analyticalUnit":"GOZDNO_ZEMLJISCE_CISTO","analyticalPriceEurM2":1,"quality":"C","marketability":"V preverjanju","settlement":null,"address":null,"soldLandAreaM2":8690,"soldUsableAreaM2":null}},{"type":"Feature","id":996480,"geometry":{"type":"Point","coordinates":[14.410866753431897,46.01523322245885]},"properties":{"id":996480,"contractDate":"2026-06-09","contractYear":2026,"priceEur":250000,"mainCategory":"STANOVANJE","analyticalUnit":"STANOVANJE_CISTO","analyticalPriceEurM2":3221.6494845360826,"quality":"C","marketability":"V preverjanju","settlement":"VNANJE GORICE","address":"NA LAZIH 50","soldLandAreaM2":null,"soldUsableAreaM2":77.6}},{"type":"Feature","id":996917,"geometry":{"type":"Point","coordinates":[14.39247380145425,45.995515119044065]},"properties":{"id":996917,"contractDate":"2026-06-17","contractYear":2026,"priceEur":5376,"mainCategory":"GOZDNO ZEMLJIŠČE","analyticalUnit":"GOZDNO_ZEMLJISCE_CISTO","analyticalPriceEurM2":2,"quality":"C","marketability":"V preverjanju","settlement":null,"address":null,"soldLandAreaM2":2688,"soldUsableAreaM2":null}},{"type":"Feature","id":997115,"geometry":{"type":"Point","coordinates":[14.428015560570817,46.02343585839127]},"properties":{"id":997115,"contractDate":"2026-06-18","contractYear":2026,"priceEur":450000,"mainCategory":"HIŠA S PRIPADAJOČIM ZEMLJIŠČEM","analyticalUnit":"NI_NEPOSREDNO_RAZDELJIV","analyticalPriceEurM2":null,"quality":"C","marketability":"V preverjanju","settlement":"BREZOVICA PRI LJUBLJANI","address":"CESTA V LOG 16","soldLandAreaM2":973,"soldUsableAreaM2":271}},{"type":"Feature","id":997251,"geometry":{"type":"Point","coordinates":[14.413744662121566,46.011678747970045]},"properties":{"id":997251,"contractDate":"2026-06-22","contractYear":2026,"priceEur":28000,"mainCategory":"STANOVANJE","analyticalUnit":"NI_NEPOSREDNO_RAZDELJIV","analyticalPriceEurM2":null,"quality":"C","marketability":"V preverjanju","settlement":"VNANJE GORICE","address":"OB CURNOVCU 12","soldLandAreaM2":null,"soldUsableAreaM2":12.683333333333332}},{"type":"Feature","id":997261,"geometry":{"type":"Point","coordinates":[14.420959446810356,46.01979972449129]},"properties":{"id":997261,"contractDate":"2026-06-22","contractYear":2026,"priceEur":650000,"mainCategory":"HIŠA S PRIPADAJOČIM ZEMLJIŠČEM","analyticalUnit":"HISA_CELI_POSEL","analyticalPriceEurM2":null,"quality":"C","marketability":"V preverjanju","settlement":"BREZOVICA PRI LJUBLJANI","address":"PODSVETIJA 45","soldLandAreaM2":556,"soldUsableAreaM2":221.8}},{"type":"Feature","id":997264,"geometry":{"type":"Point","coordinates":[14.434671171602163,45.88883910518023]},"properties":{"id":997264,"contractDate":"2026-06-24","contractYear":2026,"priceEur":35000,"mainCategory":"STAVBNO ZEMLJIŠČE","analyticalUnit":"STAVBNO_ZEMLJISCE_CISTO","analyticalPriceEurM2":87.93969849246231,"quality":"C","marketability":"V preverjanju","settlement":null,"address":null,"soldLandAreaM2":398,"soldUsableAreaM2":null}}]}