component_id;id_posla;tip_sestavine;vrsta_koda;vrsta_opis;vrsta_skupina;sifra_ko;ime_ko;naselje;naslov;identifikator;prodani_delez;prodani_delez_decimal;povrsina_osnovna_m2;povrsina_deleza_m2;uporabna_povrsina_m2;leto_izgradnje;e_centroid;n_centroid;pogodbena_cena_posla_eur;pogodbena_cena_sestavine_eur;opozorilo_cena;datum_sklenitve_pogodbe;trznost_koda;trznost_opis;leto_paketa;source_file
D-2021-ETN_008_2021_KPP_2021_DELISTAVB_20260724.csv-2;630674;DEL_STAVBE;1;Stanovanjska hiša;STANOVANJSKA_HISA;1724;BREZOVICA;VNANJE GORICE;PODPEŠKA CESTA 145;stavba 2539, del 3;1/1;1.0;78.0;78.0;71.3;1972;454536.78;96727.04;135000.0;;Cena posla ni avtomatsko cena te sestavine;2021-11-11;2;Tržen posel – neustrezni podatki;2021;ETN_008_2021_KPP_2021_DELISTAVB_20260724.csv
D-2021-ETN_008_2021_KPP_2021_DELISTAVB_20260724.csv-3;630678;DEL_STAVBE;1;Stanovanjska hiša;STANOVANJSKA_HISA;1652;RAKITNA;RAKITNA;RAKITNA 25 L;stavba 887, del 1;1/4;0.25;64.7;16.175;33.2;2000;455686.59;83336.98;15000.0;;Cena posla ni avtomatsko cena te sestavine;2021-11-15;4;Neopredeljen posel;2021;ETN_008_2021_KPP_2021_DELISTAVB_20260724.csv
D-2021-ETN_008_2021_KPP_2021_DELISTAVB_20260724.csv-4;630682;DEL_STAVBE;2;Stanovanje;STANOVANJE;1724;BREZOVICA;VNANJE GORICE;PODPEŠKA CESTA 145;stavba 2539, del 4;1/1;1.0;53.5;53.5;51.2;1972;454536.78;96727.04;50000.0;;Cena posla ni avtomatsko cena te sestavine;2021-11-11;2;Tržen posel – neustrezni podatki;2021;ETN_008_2021_KPP_2021_DELISTAVB_20260724.csv
D-2021-ETN_008_2021_KPP_2021_DELISTAVB_20260724.csv-5;629738;DEL_STAVBE;2;Stanovanje;STANOVANJE;1724;BREZOVICA;NOTRANJE GORICE;PODKLIN 14;stavba 3495, del 2;1/1;1.0;80.9;80.9;80.9;1986;453292.97;94176.54;182700.0;;Cena posla ni avtomatsko cena te sestavine;2021-11-08;2;Tržen posel – neustrezni podatki;2021;ETN_008_2021_KPP_2021_DELISTAVB_20260724.csv
D-2021-ETN_008_2021_KPP_2021_DELISTAVB_20260724.csv-6;522494;DEL_STAVBE;13;Kmetijski objekt;KMETIJSKI_OBJEKT;1724;BREZOVICA;;;stavba 1082, del 1;1/1;1.0;190.0;190.0;190.0;1991;454620.77;96126.75;258357.62;;Cena posla ni avtomatsko cena te sestavine;2020-10-24;2;Tržen posel – neustrezni podatki;2021;ETN_008_2021_KPP_2021_DELISTAVB_20260724.csv
D-2021-ETN_008_2021_KPP_2021_DELISTAVB_20260724.csv-7;522494;DEL_STAVBE;1;Stanovanjska hiša;STANOVANJSKA_HISA;1724;BREZOVICA;VNANJE GORICE;PODPEŠKA CESTA 201;stavba 2650, del 1;1/1;1.0;171.6;171.6;80.0;1991;454614.37;96116.61;258357.62;;Cena posla ni avtomatsko cena te sestavine;2020-10-24;2;Tržen posel – neustrezni podatki;2021;ETN_008_2021_KPP_2021_DELISTAVB_20260724.csv
D-2021-ETN_008_2021_KPP_2021_DELISTAVB_20260724.csv-8;522494;DEL_STAVBE;13;Kmetijski objekt;KMETIJSKI_OBJEKT;1724;BREZOVICA;;;stavba 2652, del 1;1/1;1.0;127.8;127.8;127.8;1991;454611.18;96096.01;258357.62;;Cena posla ni avtomatsko cena te sestavine;2020-10-24;2;Tržen posel – neustrezni podatki;2021;ETN_008_2021_KPP_2021_DELISTAVB_20260724.csv
D-2021-ETN_008_2021_KPP_2021_DELISTAVB_20260724.csv-9;541889;DEL_STAVBE;1;Stanovanjska hiša;STANOVANJSKA_HISA;1724;BREZOVICA;PODPLEŠIVICA;PODPLEŠIVICA 65 C;stavba 4250, del 1;1/1;1.0;113.6;113.6;73.6;2007;452094.9;96107.57;240000.0;;Cena posla ni avtomatsko cena te sestavine;2021-04-12;2;Tržen posel – neustrezni podatki;2021;ETN_008_2021_KPP_2021_DELISTAVB_20260724.csv
D-2021-ETN_008_2021_KPP_2021_DELISTAVB_20260724.csv-10;543722;DEL_STAVBE;2;Stanovanje;STANOVANJE;1703;JEZERO;JEZERO;JEZERO 19;stavba 428, del 5;1/1;1.0;54.7;54.7;54.7;2002;455123.97;92808.67;47500.0;;Cena posla ni avtomatsko cena te sestavine;2021-04-22;2;Tržen posel – neustrezni podatki;2021;ETN_008_2021_KPP_2021_DELISTAVB_20260724.csv
D-2021-ETN_008_2021_KPP_2021_DELISTAVB_20260724.csv-11;531757;DEL_STAVBE;1;Stanovanjska hiša;STANOVANJSKA_HISA;1724;BREZOVICA;;;stavba 4623, del 1;1;1.0;177.5;177.5;0.0;2018;455094.7;98080.54;270000.0;;Cena posla ni avtomatsko cena te sestavine;2020-06-19;2;Tržen posel – neustrezni podatki;2021;ETN_008_2021_KPP_2021_DELISTAVB_20260724.csv
D-2021-ETN_008_2021_KPP_2021_DELISTAVB_20260724.csv-12;531760;DEL_STAVBE;1;Stanovanjska hiša;STANOVANJSKA_HISA;1724;BREZOVICA;;;stavba 4635, del 1;1;1.0;177.5;177.5;0.0;2018;455071.05;98031.32;298000.0;;Cena posla ni avtomatsko cena te sestavine;2019-11-26;2;Tržen posel – neustrezni podatki;2021;ETN_008_2021_KPP_2021_DELISTAVB_20260724.csv
D-2021-ETN_008_2021_KPP_2021_DELISTAVB_20260724.csv-13;531770;DEL_STAVBE;1;Stanovanjska hiša;STANOVANJSKA_HISA;1724;BREZOVICA;;;stavba 4626, del 1;1;1.0;180.0;180.0;0.0;2018;455054.54;98070.32;266700.0;;Cena posla ni avtomatsko cena te sestavine;2018-04-24;2;Tržen posel – neustrezni podatki;2021;ETN_008_2021_KPP_2021_DELISTAVB_20260724.csv
D-2021-ETN_008_2021_KPP_2021_DELISTAVB_20260724.csv-14;533036;DEL_STAVBE;1;Stanovanjska hiša;STANOVANJSKA_HISA;1652;RAKITNA;RAKITNA;RAKITNA 439;stavba 614, del 1;1/1;1.0;94.8;94.8;61.6;1991;456766.31;82785.28;170000.0;;Cena posla ni avtomatsko cena te sestavine;2021-02-22;2;Tržen posel – neustrezni podatki;2021;ETN_008_2021_KPP_2021_DELISTAVB_20260724.csv
D-2021-ETN_008_2021_KPP_2021_DELISTAVB_20260724.csv-15;535711;DEL_STAVBE;1;Stanovanjska hiša;STANOVANJSKA_HISA;1724;BREZOVICA;NOTRANJE GORICE;PODPEŠKA CESTA 346;stavba 2360, del 1;1/1;1.0;206.4;206.4;104.2;1949;453782.72;94860.04;138000.0;;Cena posla ni avtomatsko cena te sestavine;2021-03-17;2;Tržen posel – neustrezni podatki;2021;ETN_008_2021_KPP_2021_DELISTAVB_20260724.csv
D-2021-ETN_008_2021_KPP_2021_DELISTAVB_20260724.csv-16;522526;DEL_STAVBE;1;Stanovanjska hiša;STANOVANJSKA_HISA;1704;KAMNIK;;;stavba 453, del 1;1/2;0.5;130.6;65.3;130.6;1965;453868.69;90916.48;90000.0;;Cena posla ni avtomatsko cena te sestavine;2020-11-18;3;Drug posel;2021;ETN_008_2021_KPP_2021_DELISTAVB_20260724.csv
D-2021-ETN_008_2021_KPP_2021_DELISTAVB_20260724.csv-17;522526;DEL_STAVBE;1;Stanovanjska hiša;STANOVANJSKA_HISA;1704;KAMNIK;KAMNIK POD KRIMOM;KAMNIK POD KRIMOM 97;stavba 452, del 1;1/2;0.5;122.9;61.45;60.6;1956;453874.28;90900.55;90000.0;;Cena posla ni avtomatsko cena te sestavine;2020-11-18;3;Drug posel;2021;ETN_008_2021_KPP_2021_DELISTAVB_20260724.csv
D-2021-ETN_008_2021_KPP_2021_DELISTAVB_20260724.csv-18;531766;DEL_STAVBE;1;Stanovanjska hiša;STANOVANJSKA_HISA;1724;BREZOVICA;;;stavba 4625, del 1;1;1.0;177.5;177.5;0.0;2018;455068.55;98071.76;264815.0;;Cena posla ni avtomatsko cena te sestavine;2018-09-17;2;Tržen posel – neustrezni podatki;2021;ETN_008_2021_KPP_2021_DELISTAVB_20260724.csv
D-2021-ETN_008_2021_KPP_2021_DELISTAVB_20260724.csv-19;522310;DEL_STAVBE;13;Kmetijski objekt;KMETIJSKI_OBJEKT;1724;BREZOVICA;;;stavba 1276, del 1;1/1;1.0;16.0;16.0;16.0;1991;455543.49;96659.01;122000.0;;Cena posla ni avtomatsko cena te sestavine;2020-11-05;2;Tržen posel – neustrezni podatki;2021;ETN_008_2021_KPP_2021_DELISTAVB_20260724.csv
D-2021-ETN_008_2021_KPP_2021_DELISTAVB_20260724.csv-20;533995;DEL_STAVBE;2;Stanovanje;STANOVANJE;1705;PRESERJE;PODPEČ;PODPEČ 48;stavba 586, del 13;1/1;1.0;99.9;99.9;78.0;2004;455063.24;92830.49;156000.0;;Cena posla ni avtomatsko cena te sestavine;2021-03-17;2;Tržen posel – neustrezni podatki;2021;ETN_008_2021_KPP_2021_DELISTAVB_20260724.csv
D-2021-ETN_008_2021_KPP_2021_DELISTAVB_20260724.csv-21;532483;DEL_STAVBE;1;Stanovanjska hiša;STANOVANJSKA_HISA;1724;BREZOVICA;;;stavba 1207, del 1;1/1;1.0;71.4;71.4;71.4;1990;455215.8;96140.62;370000.0;;Cena posla ni avtomatsko cena te sestavine;2021-02-12;2;Tržen posel – neustrezni podatki;2021;ETN_008_2021_KPP_2021_DELISTAVB_20260724.csv
D-2021-ETN_008_2021_KPP_2021_DELISTAVB_20260724.csv-22;532483;DEL_STAVBE;4;Garaža;PARKIRANJE;1724;BREZOVICA;VNANJE GORICE;POŽARNICE 106;stavba 1206, del 1;1/1;1.0;255.2;255.2;206.0;1990;455219.61;96121.48;370000.0;;Cena posla ni avtomatsko cena te sestavine;2021-02-12;2;Tržen posel – neustrezni podatki;2021;ETN_008_2021_KPP_2021_DELISTAVB_20260724.csv
D-2021-ETN_008_2021_KPP_2021_DELISTAVB_20260724.csv-23;532499;DEL_STAVBE;1;Stanovanjska hiša;STANOVANJSKA_HISA;1724;BREZOVICA;VNANJE GORICE;NA LAZIH 15 C;stavba 4078, del 1;1/1;1.0;85.2;85.2;74.9;2008;454457.14;97379.84;190000.0;;Cena posla ni avtomatsko cena te sestavine;2021-02-15;2;Tržen posel – neustrezni podatki;2021;ETN_008_2021_KPP_2021_DELISTAVB_20260724.csv
D-2021-ETN_008_2021_KPP_2021_DELISTAVB_20260724.csv-24;532502;DEL_STAVBE;14;Tehnični ali pomožni prostori;POMOZNA_DRUGO;1724;BREZOVICA;;;stavba 1430, del 1;1/1;1.0;415.0;415.0;415.0;1958;454849.8;93097.69;35000.0;;Cena posla ni avtomatsko cena te sestavine;2021-02-09;4;Neopredeljen posel;2021;ETN_008_2021_KPP_2021_DELISTAVB_20260724.csv
D-2021-ETN_008_2021_KPP_2021_DELISTAVB_20260724.csv-25;532506;DEL_STAVBE;2;Stanovanje;STANOVANJE;1724;BREZOVICA;VNANJE GORICE;NOVA POT 18;stavba 874, del 1;1/3;0.3333333333333333;62.1;20.7;38.1;1990;454814.59;96802.57;20000.0;;Cena posla ni avtomatsko cena te sestavine;2020-12-02;4;Neopredeljen posel;2021;ETN_008_2021_KPP_2021_DELISTAVB_20260724.csv
D-2021-ETN_008_2021_KPP_2021_DELISTAVB_20260724.csv-26;532506;DEL_STAVBE;12;Turistični nastanitveni objekt;POSLOVNA_DRUGA;1724;BREZOVICA;VNANJE GORICE;NOVA POT 18;stavba 874, del 2;1/3;0.3333333333333333;62.1;20.7;38.1;1990;454814.59;96802.57;20000.0;;Cena posla ni avtomatsko cena te sestavine;2020-12-02;4;Neopredeljen posel;2021;ETN_008_2021_KPP_2021_DELISTAVB_20260724.csv
D-2021-ETN_008_2021_KPP_2021_DELISTAVB_20260724.csv-27;532506;DEL_STAVBE;2;Stanovanje;STANOVANJE;1724;BREZOVICA;VNANJE GORICE;NOVA POT 18;stavba 874, del 3;1/3;0.3333333333333333;67.6;22.53333333333333;62.1;1990;454814.59;96802.57;20000.0;;Cena posla ni avtomatsko cena te sestavine;2020-12-02;4;Neopredeljen posel;2021;ETN_008_2021_KPP_2021_DELISTAVB_20260724.csv
D-2021-ETN_008_2021_KPP_2021_DELISTAVB_20260724.csv-28;532506;DEL_STAVBE;13;Kmetijski objekt;KMETIJSKI_OBJEKT;1724;BREZOVICA;VNANJE GORICE;NOVA POT 18;stavba 874, del 4;1/3;0.3333333333333333;54.0;18.0;54.0;1990;454814.59;96802.57;20000.0;;Cena posla ni avtomatsko cena te sestavine;2020-12-02;4;Neopredeljen posel;2021;ETN_008_2021_KPP_2021_DELISTAVB_20260724.csv
D-2021-ETN_008_2021_KPP_2021_DELISTAVB_20260724.csv-29;532506;DEL_STAVBE;13;Kmetijski objekt;KMETIJSKI_OBJEKT;1724;BREZOVICA;;;stavba 878, del 1;1/3;0.3333333333333333;36.0;12.0;36.0;1990;454819.66;96790.49;20000.0;;Cena posla ni avtomatsko cena te sestavine;2020-12-02;4;Neopredeljen posel;2021;ETN_008_2021_KPP_2021_DELISTAVB_20260724.csv
D-2021-ETN_008_2021_KPP_2021_DELISTAVB_20260724.csv-30;525905;DEL_STAVBE;1;Stanovanjska hiša;STANOVANJSKA_HISA;1703;JEZERO;JEZERO;JEZERO 128 A;stavba 103, del 1;1/1;1.0;256.5;256.5;117.4;2000;456461.67;92343.56;270968.82;;Cena posla ni avtomatsko cena te sestavine;2020-12-14;2;Tržen posel – neustrezni podatki;2021;ETN_008_2021_KPP_2021_DELISTAVB_20260724.csv
D-2021-ETN_008_2021_KPP_2021_DELISTAVB_20260724.csv-31;526532;DEL_STAVBE;4;Garaža;PARKIRANJE;1724;BREZOVICA;;;stavba 4226, del 2;1/1;1.0;134.1;134.1;134.1;1985;454481.31;98351.64;265000.0;;Cena posla ni avtomatsko cena te sestavine;2020-11-30;4;Neopredeljen posel;2021;ETN_008_2021_KPP_2021_DELISTAVB_20260724.csv
D-2021-ETN_008_2021_KPP_2021_DELISTAVB_20260724.csv-32;526532;DEL_STAVBE;4;Garaža;PARKIRANJE;1724;BREZOVICA;BREZOVICA PRI LJUBLJANI;TRŽAŠKA CESTA 547 A;stavba 4226, del 4;1/1;1.0;127.4;127.4;114.3;1985;454481.31;98351.64;265000.0;;Cena posla ni avtomatsko cena te sestavine;2020-11-30;4;Neopredeljen posel;2021;ETN_008_2021_KPP_2021_DELISTAVB_20260724.csv
D-2021-ETN_008_2021_KPP_2021_DELISTAVB_20260724.csv-33;526532;DEL_STAVBE;15;Drugo;POMOZNA_DRUGO;1724;BREZOVICA;;;stavba 4226, del 5;1/1;1.0;11.9;11.9;11.9;1985;454481.31;98351.64;265000.0;;Cena posla ni avtomatsko cena te sestavine;2020-11-30;4;Neopredeljen posel;2021;ETN_008_2021_KPP_2021_DELISTAVB_20260724.csv
D-2021-ETN_008_2021_KPP_2021_DELISTAVB_20260724.csv-34;526532;DEL_STAVBE;6;Prostori za poslovanje s strankami;POSLOVNA_DRUGA;1724;BREZOVICA;;;stavba 4226, del 6;1/1;1.0;23.7;23.7;23.7;1985;454481.31;98351.64;265000.0;;Cena posla ni avtomatsko cena te sestavine;2020-11-30;4;Neopredeljen posel;2021;ETN_008_2021_KPP_2021_DELISTAVB_20260724.csv
D-2021-ETN_008_2021_KPP_2021_DELISTAVB_20260724.csv-35;526532;DEL_STAVBE;15;Drugo;POMOZNA_DRUGO;1724;BREZOVICA;;;stavba 4226, del 7;1/1;1.0;5.0;5.0;5.0;1985;454481.31;98351.64;265000.0;;Cena posla ni avtomatsko cena te sestavine;2020-11-30;4;Neopredeljen posel;2021;ETN_008_2021_KPP_2021_DELISTAVB_20260724.csv
D-2021-ETN_008_2021_KPP_2021_DELISTAVB_20260724.csv-36;526532;DEL_STAVBE;15;Drugo;POMOZNA_DRUGO;1724;BREZOVICA;;;stavba 4226, del 8;1/1;1.0;74.4;74.4;74.4;1985;454481.31;98351.64;265000.0;;Cena posla ni avtomatsko cena te sestavine;2020-11-30;4;Neopredeljen posel;2021;ETN_008_2021_KPP_2021_DELISTAVB_20260724.csv
D-2021-ETN_008_2021_KPP_2021_DELISTAVB_20260724.csv-37;526532;DEL_STAVBE;9;Gostinski lokal;POSLOVNA_DRUGA;1724;BREZOVICA;;;stavba 4226, del 9;1/1;1.0;5.9;5.9;5.9;1985;454481.31;98351.64;265000.0;;Cena posla ni avtomatsko cena te sestavine;2020-11-30;4;Neopredeljen posel;2021;ETN_008_2021_KPP_2021_DELISTAVB_20260724.csv
D-2021-ETN_008_2021_KPP_2021_DELISTAVB_20260724.csv-38;544448;DEL_STAVBE;1;Stanovanjska hiša;STANOVANJSKA_HISA;1704;KAMNIK;;;stavba 958, del 1;1/1;1.0;118.7;118.7;0.0;2019;454120.0;90525.0;80000.0;;Cena posla ni avtomatsko cena te sestavine;2021-05-18;3;Drug posel;2021;ETN_008_2021_KPP_2021_DELISTAVB_20260724.csv
D-2021-ETN_008_2021_KPP_2021_DELISTAVB_20260724.csv-39;532615;DEL_STAVBE;2;Stanovanje;STANOVANJE;1652;RAKITNA;RAKITNA;RAKITNA 432;stavba 907, del 1;1/1;1.0;130.0;130.0;80.0;2002;456784.79;82742.82;145000.0;;Cena posla ni avtomatsko cena te sestavine;2021-02-19;2;Tržen posel – neustrezni podatki;2021;ETN_008_2021_KPP_2021_DELISTAVB_20260724.csv
D-2021-ETN_008_2021_KPP_2021_DELISTAVB_20260724.csv-40;544113;DEL_STAVBE;1;Stanovanjska hiša;STANOVANJSKA_HISA;1724;BREZOVICA;BREZOVICA PRI LJUBLJANI;ZA GRABNOM 70;stavba 2501, del 1;1/1;1.0;193.5;193.5;142.0;1981;454075.63;97386.88;260000.0;;Cena posla ni avtomatsko cena te sestavine;2021-05-14;2;Tržen posel – neustrezni podatki;2021;ETN_008_2021_KPP_2021_DELISTAVB_20260724.csv
D-2021-ETN_008_2021_KPP_2021_DELISTAVB_20260724.csv-41;544113;DEL_STAVBE;13;Kmetijski objekt;KMETIJSKI_OBJEKT;1724;BREZOVICA;;;stavba 2502, del 1;1/1;1.0;24.5;24.5;24.5;1981;454055.14;97386.84;260000.0;;Cena posla ni avtomatsko cena te sestavine;2021-05-14;2;Tržen posel – neustrezni podatki;2021;ETN_008_2021_KPP_2021_DELISTAVB_20260724.csv
D-2021-ETN_008_2021_KPP_2021_DELISTAVB_20260724.csv-42;532183;DEL_STAVBE;1;Stanovanjska hiša;STANOVANJSKA_HISA;1724;BREZOVICA;PODPLEŠIVICA;PODPLEŠIVICA 65 D;stavba 4251, del 1;1/1;1.0;113.4;113.4;88.2;2007;452102.08;96108.88;160000.0;;Cena posla ni avtomatsko cena te sestavine;2021-02-05;4;Neopredeljen posel;2021;ETN_008_2021_KPP_2021_DELISTAVB_20260724.csv
D-2021-ETN_008_2021_KPP_2021_DELISTAVB_20260724.csv-43;544613;DEL_STAVBE;2;Stanovanje;STANOVANJE;1724;BREZOVICA;ŽABNICA;ŽABNICA 82;stavba 2133, del 6;1/1;1.0;49.7;49.7;49.7;2007;453714.27;95729.11;107000.0;;Cena posla ni avtomatsko cena te sestavine;2021-05-19;2;Tržen posel – neustrezni podatki;2021;ETN_008_2021_KPP_2021_DELISTAVB_20260724.csv
D-2021-ETN_008_2021_KPP_2021_DELISTAVB_20260724.csv-44;526837;DEL_STAVBE;1;Stanovanjska hiša;STANOVANJSKA_HISA;1704;KAMNIK;KAMNIK POD KRIMOM;KAMNIK POD KRIMOM 71;stavba 662, del 1;1/1;1.0;162.8;162.8;56.0;1860;454144.05;90698.24;110000.0;;Cena posla ni avtomatsko cena te sestavine;2020-12-16;2;Tržen posel – neustrezni podatki;2021;ETN_008_2021_KPP_2021_DELISTAVB_20260724.csv
D-2021-ETN_008_2021_KPP_2021_DELISTAVB_20260724.csv-45;526837;DEL_STAVBE;13;Kmetijski objekt;KMETIJSKI_OBJEKT;1704;KAMNIK;;;stavba 663, del 1;1/1;1.0;21.5;21.5;21.5;1860;454146.73;90684.44;110000.0;;Cena posla ni avtomatsko cena te sestavine;2020-12-16;2;Tržen posel – neustrezni podatki;2021;ETN_008_2021_KPP_2021_DELISTAVB_20260724.csv
D-2021-ETN_008_2021_KPP_2021_DELISTAVB_20260724.csv-46;526837;DEL_STAVBE;13;Kmetijski objekt;KMETIJSKI_OBJEKT;1704;KAMNIK;;;stavba 664, del 1;1/1;1.0;95.6;95.6;95.6;1860;454161.13;90681.97;110000.0;;Cena posla ni avtomatsko cena te sestavine;2020-12-16;2;Tržen posel – neustrezni podatki;2021;ETN_008_2021_KPP_2021_DELISTAVB_20260724.csv
D-2021-ETN_008_2021_KPP_2021_DELISTAVB_20260724.csv-47;526837;DEL_STAVBE;15;Drugo;POMOZNA_DRUGO;1704;KAMNIK;;;stavba 666, del 1;1/1;1.0;42.8;42.8;42.8;1860;454153.87;90695.86;110000.0;;Cena posla ni avtomatsko cena te sestavine;2020-12-16;2;Tržen posel – neustrezni podatki;2021;ETN_008_2021_KPP_2021_DELISTAVB_20260724.csv
D-2021-ETN_008_2021_KPP_2021_DELISTAVB_20260724.csv-48;531758;DEL_STAVBE;1;Stanovanjska hiša;STANOVANJSKA_HISA;1724;BREZOVICA;;;stavba 4636, del 1;1;1.0;177.5;177.5;0.0;2018;455085.67;98031.98;296000.0;;Cena posla ni avtomatsko cena te sestavine;2020-05-04;2;Tržen posel – neustrezni podatki;2021;ETN_008_2021_KPP_2021_DELISTAVB_20260724.csv
D-2021-ETN_008_2021_KPP_2021_DELISTAVB_20260724.csv-49;531764;DEL_STAVBE;1;Stanovanjska hiša;STANOVANJSKA_HISA;1724;BREZOVICA;;;stavba 4630, del 1;1;1.0;180.0;180.0;0.0;2018;455002.28;98052.51;276000.0;;Cena posla ni avtomatsko cena te sestavine;2018-10-22;2;Tržen posel – neustrezni podatki;2021;ETN_008_2021_KPP_2021_DELISTAVB_20260724.csv
D-2021-ETN_008_2021_KPP_2021_DELISTAVB_20260724.csv-50;531771;DEL_STAVBE;1;Stanovanjska hiša;STANOVANJSKA_HISA;1724;BREZOVICA;BREZOVICA PRI LJUBLJANI;PODSVETIJA 18 D;stavba 4627, del 1;1;1.0;177.5;177.5;0.0;2018;455042.66;98062.41;300000.0;;Cena posla ni avtomatsko cena te sestavine;2018-04-20;2;Tržen posel – neustrezni podatki;2021;ETN_008_2021_KPP_2021_DELISTAVB_20260724.csv
D-2021-ETN_008_2021_KPP_2021_DELISTAVB_20260724.csv-51;531774;DEL_STAVBE;1;Stanovanjska hiša;STANOVANJSKA_HISA;1724;BREZOVICA;;;stavba 4630, del 1;1;1.0;180.0;180.0;0.0;2018;455002.28;98052.51;280650.0;;Cena posla ni avtomatsko cena te sestavine;2018-03-23;4;Neopredeljen posel;2021;ETN_008_2021_KPP_2021_DELISTAVB_20260724.csv
D-2021-ETN_008_2021_KPP_2021_DELISTAVB_20260724.csv-52;543952;DEL_STAVBE;1;Stanovanjska hiša;STANOVANJSKA_HISA;1705;PRESERJE;;;stavba 623, del 1;1/1;1.0;144.0;144.0;115.2;1990;454286.24;91560.1;73000.0;;Cena posla ni avtomatsko cena te sestavine;2021-04-25;2;Tržen posel – neustrezni podatki;2021;ETN_008_2021_KPP_2021_DELISTAVB_20260724.csv
D-2021-ETN_008_2021_KPP_2021_DELISTAVB_20260724.csv-53;525798;DEL_STAVBE;15;Drugo;POMOZNA_DRUGO;1652;RAKITNA;;;stavba 124, del 1;1/1;1.0;4.0;4.0;4.0;1987;455927.95;83511.05;42000.0;;Cena posla ni avtomatsko cena te sestavine;2020-12-15;2;Tržen posel – neustrezni podatki;2021;ETN_008_2021_KPP_2021_DELISTAVB_20260724.csv
D-2021-ETN_008_2021_KPP_2021_DELISTAVB_20260724.csv-54;525843;DEL_STAVBE;1;Stanovanjska hiša;STANOVANJSKA_HISA;1652;RAKITNA;RAKITNA;RAKITNA 247 A;stavba 192, del 1;1/1;1.0;164.6;164.6;68.4;1999;456113.56;83097.66;160000.0;;Cena posla ni avtomatsko cena te sestavine;2020-12-15;2;Tržen posel – neustrezni podatki;2021;ETN_008_2021_KPP_2021_DELISTAVB_20260724.csv
D-2021-ETN_008_2021_KPP_2021_DELISTAVB_20260724.csv-55;525844;DEL_STAVBE;2;Stanovanje;STANOVANJE;1724;BREZOVICA;VNANJE GORICE;NOVA POT 127 F;stavba 4159, del 3;1/1;1.0;112.3;112.3;74.8;2009;456044.21;96987.74;180000.0;;Cena posla ni avtomatsko cena te sestavine;2020-12-14;2;Tržen posel – neustrezni podatki;2021;ETN_008_2021_KPP_2021_DELISTAVB_20260724.csv
D-2021-ETN_008_2021_KPP_2021_DELISTAVB_20260724.csv-56;532025;DEL_STAVBE;1;Stanovanjska hiša;STANOVANJSKA_HISA;1724;BREZOVICA;BREZOVICA PRI LJUBLJANI;ZA GRABNOM 51;stavba 4041, del 1;1/1;1.0;200.1;200.1;149.9;2009;454515.26;97850.1;362000.0;;Cena posla ni avtomatsko cena te sestavine;2021-01-28;2;Tržen posel – neustrezni podatki;2021;ETN_008_2021_KPP_2021_DELISTAVB_20260724.csv
D-2021-ETN_008_2021_KPP_2021_DELISTAVB_20260724.csv-57;525853;DEL_STAVBE;2;Stanovanje;STANOVANJE;1724;BREZOVICA;;;stavba 2007, del 1;1/1;1.0;65.8;65.8;47.8;1980;453055.23;95511.55;80000.0;;Cena posla ni avtomatsko cena te sestavine;2020-12-11;4;Neopredeljen posel;2021;ETN_008_2021_KPP_2021_DELISTAVB_20260724.csv
D-2021-ETN_008_2021_KPP_2021_DELISTAVB_20260724.csv-58;525853;DEL_STAVBE;2;Stanovanje;STANOVANJE;1724;BREZOVICA;;;stavba 2008, del 1;1/1;1.0;18.0;18.0;18.0;1980;453053.26;95499.3;80000.0;;Cena posla ni avtomatsko cena te sestavine;2020-12-11;4;Neopredeljen posel;2021;ETN_008_2021_KPP_2021_DELISTAVB_20260724.csv
D-2021-ETN_008_2021_KPP_2021_DELISTAVB_20260724.csv-59;542720;DEL_STAVBE;1;Stanovanjska hiša;STANOVANJSKA_HISA;1724;BREZOVICA;VNANJE GORICE;NA LAZIH 15 N;stavba 4088, del 1;1/1;1.0;117.4;117.4;93.3;2008;454443.93;97276.44;337000.0;;Cena posla ni avtomatsko cena te sestavine;2021-05-19;2;Tržen posel – neustrezni podatki;2021;ETN_008_2021_KPP_2021_DELISTAVB_20260724.csv
D-2021-ETN_008_2021_KPP_2021_DELISTAVB_20260724.csv-60;541286;DEL_STAVBE;2;Stanovanje;STANOVANJE;1724;BREZOVICA;VNANJE GORICE;PODPEŠKA CESTA 145;stavba 2539, del 6;1/1;1.0;80.5;80.5;52.1;1972;454536.78;96727.04;110000.0;;Cena posla ni avtomatsko cena te sestavine;2021-04-26;2;Tržen posel – neustrezni podatki;2021;ETN_008_2021_KPP_2021_DELISTAVB_20260724.csv
D-2021-ETN_008_2021_KPP_2021_DELISTAVB_20260724.csv-61;531728;DEL_STAVBE;1;Stanovanjska hiša;STANOVANJSKA_HISA;1724;BREZOVICA;;;stavba 4634, del 1;1;1.0;177.5;177.5;0.0;2018;455059.42;98022.12;277712.0;;Cena posla ni avtomatsko cena te sestavine;2020-07-16;2;Tržen posel – neustrezni podatki;2021;ETN_008_2021_KPP_2021_DELISTAVB_20260724.csv
D-2021-ETN_008_2021_KPP_2021_DELISTAVB_20260724.csv-62;522673;DEL_STAVBE;2;Stanovanje;STANOVANJE;1724;BREZOVICA;BREZOVICA PRI LJUBLJANI;PODSVETIJA 26 C;stavba 3884, del 3;1/1;1.0;86.1;86.1;70.7;2008;455074.19;97936.68;210000.0;;Cena posla ni avtomatsko cena te sestavine;2020-11-15;2;Tržen posel – neustrezni podatki;2021;ETN_008_2021_KPP_2021_DELISTAVB_20260724.csv
D-2021-ETN_008_2021_KPP_2021_DELISTAVB_20260724.csv-63;539901;DEL_STAVBE;1;Stanovanjska hiša;STANOVANJSKA_HISA;1724;BREZOVICA;;;stavba 1936, del 1;3/5;0.6;53.1;31.86;53.1;1880;452222.37;95394.74;22500.0;;Cena posla ni avtomatsko cena te sestavine;2021-04-09;3;Drug posel;2021;ETN_008_2021_KPP_2021_DELISTAVB_20260724.csv
D-2021-ETN_008_2021_KPP_2021_DELISTAVB_20260724.csv-64;539901;DEL_STAVBE;15;Drugo;POMOZNA_DRUGO;1724;BREZOVICA;PODPLEŠIVICA;PODPLEŠIVICA 13;stavba 1937, del 1;3/5;0.6;51.6;30.96;47.6;1880;452224.68;95413.81;22500.0;;Cena posla ni avtomatsko cena te sestavine;2021-04-09;3;Drug posel;2021;ETN_008_2021_KPP_2021_DELISTAVB_20260724.csv
D-2021-ETN_008_2021_KPP_2021_DELISTAVB_20260724.csv-65;531763;DEL_STAVBE;1;Stanovanjska hiša;STANOVANJSKA_HISA;1724;BREZOVICA;;;stavba 4637, del 1;1;1.0;177.5;177.5;0.0;2018;455097.77;98040.18;295650.0;;Cena posla ni avtomatsko cena te sestavine;2019-10-30;2;Tržen posel – neustrezni podatki;2021;ETN_008_2021_KPP_2021_DELISTAVB_20260724.csv
D-2021-ETN_008_2021_KPP_2021_DELISTAVB_20260724.csv-66;531765;DEL_STAVBE;1;Stanovanjska hiša;STANOVANJSKA_HISA;1724;BREZOVICA;;;stavba 4632, del 1;1;1.0;177.5;177.5;0.0;2018;455032.69;98013.28;258650.0;;Cena posla ni avtomatsko cena te sestavine;2018-12-21;2;Tržen posel – neustrezni podatki;2021;ETN_008_2021_KPP_2021_DELISTAVB_20260724.csv
D-2021-ETN_008_2021_KPP_2021_DELISTAVB_20260724.csv-67;531767;DEL_STAVBE;1;Stanovanjska hiša;STANOVANJSKA_HISA;1724;BREZOVICA;;;stavba 4624, del 1;1;1.0;180.0;180.0;0.0;2018;455080.14;98079.5;261650.0;;Cena posla ni avtomatsko cena te sestavine;2018-09-04;2;Tržen posel – neustrezni podatki;2021;ETN_008_2021_KPP_2021_DELISTAVB_20260724.csv
D-2021-ETN_008_2021_KPP_2021_DELISTAVB_20260724.csv-68;531769;DEL_STAVBE;1;Stanovanjska hiša;STANOVANJSKA_HISA;1724;BREZOVICA;;;stavba 4633, del 1;1;1.0;177.5;177.5;0.0;2018;455044.65;98021.29;264650.0;;Cena posla ni avtomatsko cena te sestavine;2018-07-13;2;Tržen posel – neustrezni podatki;2021;ETN_008_2021_KPP_2021_DELISTAVB_20260724.csv
D-2021-ETN_008_2021_KPP_2021_DELISTAVB_20260724.csv-69;531772;DEL_STAVBE;1;Stanovanjska hiša;STANOVANJSKA_HISA;1724;BREZOVICA;;;stavba 4628, del 1;1;1.0;180.0;180.0;0.0;2018;455028.44;98061.11;277650.0;;Cena posla ni avtomatsko cena te sestavine;2018-04-24;2;Tržen posel – neustrezni podatki;2021;ETN_008_2021_KPP_2021_DELISTAVB_20260724.csv
D-2021-ETN_008_2021_KPP_2021_DELISTAVB_20260724.csv-70;531773;DEL_STAVBE;1;Stanovanjska hiša;STANOVANJSKA_HISA;1724;BREZOVICA;;;stavba 4631, del 1;1;1.0;181.3;181.3;143.1;2018;455018.18;98014.29;257135.0;;Cena posla ni avtomatsko cena te sestavine;2018-04-12;2;Tržen posel – neustrezni podatki;2021;ETN_008_2021_KPP_2021_DELISTAVB_20260724.csv
D-2021-ETN_008_2021_KPP_2021_DELISTAVB_20260724.csv-71;535471;DEL_STAVBE;2;Stanovanje;STANOVANJE;1724;BREZOVICA;BREZOVICA PRI LJUBLJANI;PODPEŠKA CESTA 77;stavba 3988, del 3;1/1;1.0;101.4;101.4;78.8;2007;454763.41;97478.29;240000.0;;Cena posla ni avtomatsko cena te sestavine;2021-02-21;2;Tržen posel – neustrezni podatki;2021;ETN_008_2021_KPP_2021_DELISTAVB_20260724.csv
D-2021-ETN_008_2021_KPP_2021_DELISTAVB_20260724.csv-72;535471;DEL_STAVBE;4;Garaža;PARKIRANJE;1724;BREZOVICA;BREZOVICA PRI LJUBLJANI;PODPEŠKA CESTA 77;stavba 3988, del 18;1/1;1.0;16.1;16.1;16.1;2007;454763.41;97478.29;240000.0;;Cena posla ni avtomatsko cena te sestavine;2021-02-21;2;Tržen posel – neustrezni podatki;2021;ETN_008_2021_KPP_2021_DELISTAVB_20260724.csv
D-2021-ETN_008_2021_KPP_2021_DELISTAVB_20260724.csv-73;535471;DEL_STAVBE;4;Garaža;PARKIRANJE;1724;BREZOVICA;BREZOVICA PRI LJUBLJANI;PODPEŠKA CESTA 77;stavba 3988, del 19;1/1;1.0;16.1;16.1;16.1;2007;454763.41;97478.29;240000.0;;Cena posla ni avtomatsko cena te sestavine;2021-02-21;2;Tržen posel – neustrezni podatki;2021;ETN_008_2021_KPP_2021_DELISTAVB_20260724.csv
D-2021-ETN_008_2021_KPP_2021_DELISTAVB_20260724.csv-74;540278;DEL_STAVBE;1;Stanovanjska hiša;STANOVANJSKA_HISA;1704;KAMNIK;KAMNIK POD KRIMOM;KAMNIK POD KRIMOM 4 A;stavba 121, del 1;1/1;1.0;259.8;259.8;139.1;1920;453371.68;91938.14;85000.0;;Cena posla ni avtomatsko cena te sestavine;2021-04-15;2;Tržen posel – neustrezni podatki;2021;ETN_008_2021_KPP_2021_DELISTAVB_20260724.csv
D-2021-ETN_008_2021_KPP_2021_DELISTAVB_20260724.csv-75;522808;DEL_STAVBE;1;Stanovanjska hiša;STANOVANJSKA_HISA;1724;BREZOVICA;;;stavba 4600, del 1;1/1;1.0;184.7;184.7;167.0;2017;453860.13;95747.16;210000.0;;Cena posla ni avtomatsko cena te sestavine;2020-11-14;3;Drug posel;2021;ETN_008_2021_KPP_2021_DELISTAVB_20260724.csv
D-2021-ETN_008_2021_KPP_2021_DELISTAVB_20260724.csv-76;529678;DEL_STAVBE;13;Kmetijski objekt;KMETIJSKI_OBJEKT;1705;PRESERJE;;;stavba 357, del 1;1/1;1.0;82.6;82.6;82.6;1800;454914.16;90929.86;78000.0;;Cena posla ni avtomatsko cena te sestavine;2021-01-15;2;Tržen posel – neustrezni podatki;2021;ETN_008_2021_KPP_2021_DELISTAVB_20260724.csv
D-2021-ETN_008_2021_KPP_2021_DELISTAVB_20260724.csv-77;529678;DEL_STAVBE;13;Kmetijski objekt;KMETIJSKI_OBJEKT;1705;PRESERJE;;;stavba 360, del 1;1/1;1.0;78.5;78.5;78.5;1800;454907.43;90908.87;78000.0;;Cena posla ni avtomatsko cena te sestavine;2021-01-15;2;Tržen posel – neustrezni podatki;2021;ETN_008_2021_KPP_2021_DELISTAVB_20260724.csv
D-2021-ETN_008_2021_KPP_2021_DELISTAVB_20260724.csv-78;540619;DEL_STAVBE;1;Stanovanjska hiša;STANOVANJSKA_HISA;1724;BREZOVICA;ŽABNICA;ŽABNICA 62 E;stavba 4373, del 1;1/1;1.0;164.6;164.6;120.3;2011;454129.46;95807.11;333333.0;;Cena posla ni avtomatsko cena te sestavine;2021-04-23;2;Tržen posel – neustrezni podatki;2021;ETN_008_2021_KPP_2021_DELISTAVB_20260724.csv
D-2021-ETN_008_2021_KPP_2021_DELISTAVB_20260724.csv-79;536973;DEL_STAVBE;2;Stanovanje;STANOVANJE;1724;BREZOVICA;VNANJE GORICE;NOVA POT 127 L;stavba 4152, del 3;1/1;1.0;112.3;112.3;74.8;2009;455999.66;96935.28;209000.0;;Cena posla ni avtomatsko cena te sestavine;2021-03-31;2;Tržen posel – neustrezni podatki;2021;ETN_008_2021_KPP_2021_DELISTAVB_20260724.csv
D-2021-ETN_008_2021_KPP_2021_DELISTAVB_20260724.csv-80;523979;DEL_STAVBE;2;Stanovanje;STANOVANJE;1724;BREZOVICA;BREZOVICA PRI LJUBLJANI;PODPEŠKA CESTA 80;stavba 2381, del 2;1/1;1.0;129.8;129.8;98.4;1979;454595.44;97477.77;249000.0;;Cena posla ni avtomatsko cena te sestavine;2020-12-02;2;Tržen posel – neustrezni podatki;2021;ETN_008_2021_KPP_2021_DELISTAVB_20260724.csv
D-2021-ETN_008_2021_KPP_2021_DELISTAVB_20260724.csv-81;540711;DEL_STAVBE;1;Stanovanjska hiša;STANOVANJSKA_HISA;1704;KAMNIK;KAMNIK POD KRIMOM;KAMNIK POD KRIMOM 86 F;stavba 792, del 1;1/1;1.0;228.8;228.8;127.1;2002;454353.73;90377.23;314000.0;;Cena posla ni avtomatsko cena te sestavine;2021-04-26;2;Tržen posel – neustrezni podatki;2021;ETN_008_2021_KPP_2021_DELISTAVB_20260724.csv
D-2021-ETN_008_2021_KPP_2021_DELISTAVB_20260724.csv-82;530314;DEL_STAVBE;2;Stanovanje;STANOVANJE;1724;BREZOVICA;BREZOVICA PRI LJUBLJANI;MALOVAŠKA ULICA 1;stavba 1716, del 4;1/1;1.0;61.9;61.9;37.7;1935;454547.63;98387.89;35000.0;;Cena posla ni avtomatsko cena te sestavine;2021-01-20;3;Drug posel;2021;ETN_008_2021_KPP_2021_DELISTAVB_20260724.csv
D-2021-ETN_008_2021_KPP_2021_DELISTAVB_20260724.csv-83;536530;DEL_STAVBE;1;Stanovanjska hiša;STANOVANJSKA_HISA;1652;RAKITNA;RAKITNA;RAKITNA 292;stavba 214, del 1;1/1;1.0;72.3;72.3;60.7;1976;455761.57;83161.58;50000.0;;Cena posla ni avtomatsko cena te sestavine;2021-03-24;2;Tržen posel – neustrezni podatki;2021;ETN_008_2021_KPP_2021_DELISTAVB_20260724.csv
D-2021-ETN_008_2021_KPP_2021_DELISTAVB_20260724.csv-84;536737;DEL_STAVBE;1;Stanovanjska hiša;STANOVANJSKA_HISA;1724;BREZOVICA;NOTRANJE GORICE;PODKLIN 12 E;stavba 4383, del 1;1/1;1.0;201.4;201.4;138.3;2011;453307.26;94239.9;350000.0;;Cena posla ni avtomatsko cena te sestavine;2021-03-30;2;Tržen posel – neustrezni podatki;2021;ETN_008_2021_KPP_2021_DELISTAVB_20260724.csv
D-2021-ETN_008_2021_KPP_2021_DELISTAVB_20260724.csv-85;551246;DEL_STAVBE;14;Tehnični ali pomožni prostori;POMOZNA_DRUGO;1724;BREZOVICA;;;stavba 2289, del 3;1/4;0.25;20.0;5.0;20.0;1933;453717.43;94676.91;25000.0;;Cena posla ni avtomatsko cena te sestavine;2021-07-05;4;Neopredeljen posel;2021;ETN_008_2021_KPP_2021_DELISTAVB_20260724.csv
D-2021-ETN_008_2021_KPP_2021_DELISTAVB_20260724.csv-86;551246;DEL_STAVBE;2;Stanovanje;STANOVANJE;1724;BREZOVICA;NOTRANJE GORICE;PODPEŠKA CESTA 374;stavba 2289, del 1;1/4;0.25;103.1;25.775;69.2;1933;453717.43;94676.91;25000.0;;Cena posla ni avtomatsko cena te sestavine;2021-07-05;4;Neopredeljen posel;2021;ETN_008_2021_KPP_2021_DELISTAVB_20260724.csv
D-2021-ETN_008_2021_KPP_2021_DELISTAVB_20260724.csv-87;551374;DEL_STAVBE;1;Stanovanjska hiša;STANOVANJSKA_HISA;1705;PRESERJE;PRESERJE;PRESERJE 46;stavba 381, del 1;1/1;1.0;223.7;223.7;109.5;1965;455231.11;91283.37;222000.0;;Cena posla ni avtomatsko cena te sestavine;2021-07-08;2;Tržen posel – neustrezni podatki;2021;ETN_008_2021_KPP_2021_DELISTAVB_20260724.csv
D-2021-ETN_008_2021_KPP_2021_DELISTAVB_20260724.csv-88;551374;DEL_STAVBE;13;Kmetijski objekt;KMETIJSKI_OBJEKT;1705;PRESERJE;;;stavba 382, del 1;1/1;1.0;33.7;33.7;33.7;1965;455243.78;91311.26;222000.0;;Cena posla ni avtomatsko cena te sestavine;2021-07-08;2;Tržen posel – neustrezni podatki;2021;ETN_008_2021_KPP_2021_DELISTAVB_20260724.csv
D-2021-ETN_008_2021_KPP_2021_DELISTAVB_20260724.csv-89;551374;DEL_STAVBE;13;Kmetijski objekt;KMETIJSKI_OBJEKT;1705;PRESERJE;;;stavba 383, del 1;1/1;1.0;48.6;48.6;48.6;1965;455223.9;91307.7;222000.0;;Cena posla ni avtomatsko cena te sestavine;2021-07-08;2;Tržen posel – neustrezni podatki;2021;ETN_008_2021_KPP_2021_DELISTAVB_20260724.csv
D-2021-ETN_008_2021_KPP_2021_DELISTAVB_20260724.csv-90;553576;DEL_STAVBE;1;Stanovanjska hiša;STANOVANJSKA_HISA;1652;RAKITNA;RAKITNA;RAKITNA 291;stavba 213, del 1;1/1;1.0;84.1;84.1;45.7;1967;455775.41;83177.37;82000.0;;Cena posla ni avtomatsko cena te sestavine;2021-07-26;2;Tržen posel – neustrezni podatki;2021;ETN_008_2021_KPP_2021_DELISTAVB_20260724.csv
D-2021-ETN_008_2021_KPP_2021_DELISTAVB_20260724.csv-91;551556;DEL_STAVBE;13;Kmetijski objekt;KMETIJSKI_OBJEKT;1724;BREZOVICA;;;stavba 1321, del 1;3/4;0.75;30.0;22.5;30.0;1965;455678.52;96734.02;120000.0;;Cena posla ni avtomatsko cena te sestavine;2021-07-12;3;Drug posel;2021;ETN_008_2021_KPP_2021_DELISTAVB_20260724.csv
D-2021-ETN_008_2021_KPP_2021_DELISTAVB_20260724.csv-92;551556;DEL_STAVBE;1;Stanovanjska hiša;STANOVANJSKA_HISA;1724;BREZOVICA;VNANJE GORICE;POD GORICAMI 56;stavba 1322, del 1;3/4;0.75;161.2;120.89999999999999;161.2;1965;455667.81;96744.57;120000.0;;Cena posla ni avtomatsko cena te sestavine;2021-07-12;3;Drug posel;2021;ETN_008_2021_KPP_2021_DELISTAVB_20260724.csv
D-2021-ETN_008_2021_KPP_2021_DELISTAVB_20260724.csv-93;549730;DEL_STAVBE;1;Stanovanjska hiša;STANOVANJSKA_HISA;1652;RAKITNA;RAKITNA;RAKITNA 208;stavba 496, del 1;1/1;1.0;53.0;53.0;44.2;1968;456477.78;83090.13;100000.0;;Cena posla ni avtomatsko cena te sestavine;2021-06-23;2;Tržen posel – neustrezni podatki;2021;ETN_008_2021_KPP_2021_DELISTAVB_20260724.csv
D-2021-ETN_008_2021_KPP_2021_DELISTAVB_20260724.csv-94;583029;DEL_STAVBE;1;Stanovanjska hiša;STANOVANJSKA_HISA;1724;BREZOVICA;NOTRANJE GORICE;VRSTNA ULICA 33;stavba 3224, del 1;1/1;1.0;122.6;122.6;96.4;1979;454194.21;94957.56;200000.0;;Cena posla ni avtomatsko cena te sestavine;2021-10-07;2;Tržen posel – neustrezni podatki;2021;ETN_008_2021_KPP_2021_DELISTAVB_20260724.csv
D-2021-ETN_008_2021_KPP_2021_DELISTAVB_20260724.csv-95;583029;DEL_STAVBE;4;Garaža;PARKIRANJE;1724;BREZOVICA;;;stavba 3865, del 1;1/1;1.0;11.6;11.6;11.6;1982;454219.87;94967.52;200000.0;;Cena posla ni avtomatsko cena te sestavine;2021-10-07;2;Tržen posel – neustrezni podatki;2021;ETN_008_2021_KPP_2021_DELISTAVB_20260724.csv
D-2021-ETN_008_2021_KPP_2021_DELISTAVB_20260724.csv-96;581860;DEL_STAVBE;1;Stanovanjska hiša;STANOVANJSKA_HISA;1724;BREZOVICA;;;stavba 3531, del 1;1/3;0.3333333333333333;80.0;26.666666666666664;80.0;1800;453558.25;94236.03;25000.0;;Cena posla ni avtomatsko cena te sestavine;2021-09-20;3;Drug posel;2021;ETN_008_2021_KPP_2021_DELISTAVB_20260724.csv
D-2021-ETN_008_2021_KPP_2021_DELISTAVB_20260724.csv-97;581860;DEL_STAVBE;13;Kmetijski objekt;KMETIJSKI_OBJEKT;1724;BREZOVICA;NOTRANJE GORICE;PODPEŠKA CESTA 403;stavba 3542, del 1;1/3;0.3333333333333333;108.0;36.0;88.0;1800;453567.76;94226.47;25000.0;;Cena posla ni avtomatsko cena te sestavine;2021-09-20;3;Drug posel;2021;ETN_008_2021_KPP_2021_DELISTAVB_20260724.csv
D-2021-ETN_008_2021_KPP_2021_DELISTAVB_20260724.csv-98;549351;DEL_STAVBE;1;Stanovanjska hiša;STANOVANJSKA_HISA;1724;BREZOVICA;BREZOVICA PRI LJUBLJANI;CESTA V LOG 11;stavba 4447, del 1;1/1;1.0;358.6;358.6;295.6;2009;455574.69;98349.77;340000.0;;Cena posla ni avtomatsko cena te sestavine;2021-06-22;2;Tržen posel – neustrezni podatki;2021;ETN_008_2021_KPP_2021_DELISTAVB_20260724.csv
D-2021-ETN_008_2021_KPP_2021_DELISTAVB_20260724.csv-99;523446;DEL_STAVBE;1;Stanovanjska hiša;STANOVANJSKA_HISA;1724;BREZOVICA;NOTRANJE GORICE;VRSTNA ULICA 49;stavba 3835, del 1;1/1;1.0;89.0;89.0;66.0;1998;454141.87;94942.52;190000.0;;Cena posla ni avtomatsko cena te sestavine;2020-12-03;2;Tržen posel – neustrezni podatki;2021;ETN_008_2021_KPP_2021_DELISTAVB_20260724.csv
D-2021-ETN_008_2021_KPP_2021_DELISTAVB_20260724.csv-100;523446;DEL_STAVBE;4;Garaža;PARKIRANJE;1724;BREZOVICA;;;stavba 3859, del 1;1/1;1.0;11.5;11.5;11.5;1998;454153.19;94938.64;190000.0;;Cena posla ni avtomatsko cena te sestavine;2020-12-03;2;Tržen posel – neustrezni podatki;2021;ETN_008_2021_KPP_2021_DELISTAVB_20260724.csv
D-2021-ETN_008_2021_KPP_2021_DELISTAVB_20260724.csv-101;549415;DEL_STAVBE;1;Stanovanjska hiša;STANOVANJSKA_HISA;1724;BREZOVICA;;;stavba 891, del 1;1/2;0.5;138.7;69.35;73.7;1982;455003.62;96802.07;56907.22;;Cena posla ni avtomatsko cena te sestavine;2021-06-23;4;Neopredeljen posel;2021;ETN_008_2021_KPP_2021_DELISTAVB_20260724.csv
D-2021-ETN_008_2021_KPP_2021_DELISTAVB_20260724.csv-102;549415;DEL_STAVBE;14;Tehnični ali pomožni prostori;POMOZNA_DRUGO;1724;BREZOVICA;;;stavba 892, del 1;1/2;0.5;58.9;29.45;58.9;1982;455001.99;96789.8;56907.22;;Cena posla ni avtomatsko cena te sestavine;2021-06-23;4;Neopredeljen posel;2021;ETN_008_2021_KPP_2021_DELISTAVB_20260724.csv
D-2021-ETN_008_2021_KPP_2021_DELISTAVB_20260724.csv-103;549415;DEL_STAVBE;13;Kmetijski objekt;KMETIJSKI_OBJEKT;1724;BREZOVICA;;;stavba 895, del 1;1/2;0.5;78.6;39.3;78.6;1982;455014.24;96795.25;56907.22;;Cena posla ni avtomatsko cena te sestavine;2021-06-23;4;Neopredeljen posel;2021;ETN_008_2021_KPP_2021_DELISTAVB_20260724.csv
D-2021-ETN_008_2021_KPP_2021_DELISTAVB_20260724.csv-104;549415;DEL_STAVBE;13;Kmetijski objekt;KMETIJSKI_OBJEKT;1724;BREZOVICA;;;stavba 896, del 1;1/2;0.5;30.1;15.05;30.1;1982;455019.84;96808.45;56907.22;;Cena posla ni avtomatsko cena te sestavine;2021-06-23;4;Neopredeljen posel;2021;ETN_008_2021_KPP_2021_DELISTAVB_20260724.csv
D-2021-ETN_008_2021_KPP_2021_DELISTAVB_20260724.csv-105;549431;DEL_STAVBE;1;Stanovanjska hiša;STANOVANJSKA_HISA;1724;BREZOVICA;VNANJE GORICE;NOVA POT 38;stavba 897, del 1;1/1;1.0;100.9;100.9;75.3;1944;455015.74;96820.63;152319.61;;Cena posla ni avtomatsko cena te sestavine;2021-06-23;3;Drug posel;2021;ETN_008_2021_KPP_2021_DELISTAVB_20260724.csv
D-2021-ETN_008_2021_KPP_2021_DELISTAVB_20260724.csv-106;549431;DEL_STAVBE;1;Stanovanjska hiša;STANOVANJSKA_HISA;1724;BREZOVICA;;;stavba 891, del 1;1/2;0.5;138.7;69.35;73.7;1982;455003.62;96802.07;152319.61;;Cena posla ni avtomatsko cena te sestavine;2021-06-23;3;Drug posel;2021;ETN_008_2021_KPP_2021_DELISTAVB_20260724.csv
D-2021-ETN_008_2021_KPP_2021_DELISTAVB_20260724.csv-107;549431;DEL_STAVBE;14;Tehnični ali pomožni prostori;POMOZNA_DRUGO;1724;BREZOVICA;;;stavba 892, del 1;1/2;0.5;58.9;29.45;58.9;1982;455001.99;96789.8;152319.61;;Cena posla ni avtomatsko cena te sestavine;2021-06-23;3;Drug posel;2021;ETN_008_2021_KPP_2021_DELISTAVB_20260724.csv
D-2021-ETN_008_2021_KPP_2021_DELISTAVB_20260724.csv-108;549431;DEL_STAVBE;13;Kmetijski objekt;KMETIJSKI_OBJEKT;1724;BREZOVICA;;;stavba 895, del 1;1/2;0.5;78.6;39.3;78.6;1982;455014.24;96795.25;152319.61;;Cena posla ni avtomatsko cena te sestavine;2021-06-23;3;Drug posel;2021;ETN_008_2021_KPP_2021_DELISTAVB_20260724.csv
D-2021-ETN_008_2021_KPP_2021_DELISTAVB_20260724.csv-109;549431;DEL_STAVBE;13;Kmetijski objekt;KMETIJSKI_OBJEKT;1724;BREZOVICA;;;stavba 896, del 1;1/2;0.5;30.1;15.05;30.1;1982;455019.84;96808.45;152319.61;;Cena posla ni avtomatsko cena te sestavine;2021-06-23;3;Drug posel;2021;ETN_008_2021_KPP_2021_DELISTAVB_20260724.csv
D-2021-ETN_008_2021_KPP_2021_DELISTAVB_20260724.csv-110;551647;DEL_STAVBE;1;Stanovanjska hiša;STANOVANJSKA_HISA;1652;RAKITNA;RAKITNA;RAKITNA 177;stavba 587, del 1;1/1;1.0;153.0;153.0;153.0;1992;456417.96;82972.43;150000.0;;Cena posla ni avtomatsko cena te sestavine;2021-07-16;2;Tržen posel – neustrezni podatki;2021;ETN_008_2021_KPP_2021_DELISTAVB_20260724.csv
D-2021-ETN_008_2021_KPP_2021_DELISTAVB_20260724.csv-111;582807;DEL_STAVBE;2;Stanovanje;STANOVANJE;1724;BREZOVICA;VNANJE GORICE;NOVA POT 127 E;stavba 4162, del 3;1/1;1.0;112.3;112.3;74.8;2009;456042.62;97009.27;222000.0;;Cena posla ni avtomatsko cena te sestavine;2021-09-30;2;Tržen posel – neustrezni podatki;2021;ETN_008_2021_KPP_2021_DELISTAVB_20260724.csv
D-2021-ETN_008_2021_KPP_2021_DELISTAVB_20260724.csv-112;549878;DEL_STAVBE;1;Stanovanjska hiša;STANOVANJSKA_HISA;1652;RAKITNA;RAKITNA;RAKITNA 306;stavba 546, del 1;1/1;1.0;31.8;31.8;20.3;1986;456163.01;82632.76;107000.0;;Cena posla ni avtomatsko cena te sestavine;2021-06-28;2;Tržen posel – neustrezni podatki;2021;ETN_008_2021_KPP_2021_DELISTAVB_20260724.csv
D-2021-ETN_008_2021_KPP_2021_DELISTAVB_20260724.csv-113;553470;DEL_STAVBE;13;Kmetijski objekt;KMETIJSKI_OBJEKT;1724;BREZOVICA;;;stavba 1936, del 1;1/5;0.2;53.1;10.620000000000001;53.1;1880;452222.37;95394.74;22500.0;;Cena posla ni avtomatsko cena te sestavine;2021-07-20;3;Drug posel;2021;ETN_008_2021_KPP_2021_DELISTAVB_20260724.csv
D-2021-ETN_008_2021_KPP_2021_DELISTAVB_20260724.csv-114;553470;DEL_STAVBE;1;Stanovanjska hiša;STANOVANJSKA_HISA;1724;BREZOVICA;PODPLEŠIVICA;PODPLEŠIVICA 13;stavba 1937, del 1;1/5;0.2;51.6;10.32;47.6;1880;452224.68;95413.81;22500.0;;Cena posla ni avtomatsko cena te sestavine;2021-07-20;3;Drug posel;2021;ETN_008_2021_KPP_2021_DELISTAVB_20260724.csv
D-2021-ETN_008_2021_KPP_2021_DELISTAVB_20260724.csv-115;549053;DEL_STAVBE;1;Stanovanjska hiša;STANOVANJSKA_HISA;1705;PRESERJE;PRESERJE;PRESERJE 7;stavba 269, del 1;1/1;1.0;93.9;93.9;45.0;1800;454769.38;90761.18;190000.0;;Cena posla ni avtomatsko cena te sestavine;2021-05-18;2;Tržen posel – neustrezni podatki;2021;ETN_008_2021_KPP_2021_DELISTAVB_20260724.csv
D-2021-ETN_008_2021_KPP_2021_DELISTAVB_20260724.csv-116;549053;DEL_STAVBE;13;Kmetijski objekt;KMETIJSKI_OBJEKT;1705;PRESERJE;;;stavba 270, del 1;1/1;1.0;36.0;36.0;36.0;1800;454776.76;90763.21;190000.0;;Cena posla ni avtomatsko cena te sestavine;2021-05-18;2;Tržen posel – neustrezni podatki;2021;ETN_008_2021_KPP_2021_DELISTAVB_20260724.csv
D-2021-ETN_008_2021_KPP_2021_DELISTAVB_20260724.csv-117;546676;DEL_STAVBE;1;Stanovanjska hiša;STANOVANJSKA_HISA;1724;BREZOVICA;PODPEČ;PODPEČ 56;stavba 1434, del 1;1/1;1.0;90.0;90.0;80.0;1900;454922.41;93110.72;120000.0;;Cena posla ni avtomatsko cena te sestavine;2021-06-07;2;Tržen posel – neustrezni podatki;2021;ETN_008_2021_KPP_2021_DELISTAVB_20260724.csv
D-2021-ETN_008_2021_KPP_2021_DELISTAVB_20260724.csv-118;546676;DEL_STAVBE;13;Kmetijski objekt;KMETIJSKI_OBJEKT;1724;BREZOVICA;;;stavba 1455, del 1;1/1;1.0;20.0;20.0;20.0;2000;454926.23;93129.57;120000.0;;Cena posla ni avtomatsko cena te sestavine;2021-06-07;2;Tržen posel – neustrezni podatki;2021;ETN_008_2021_KPP_2021_DELISTAVB_20260724.csv
D-2021-ETN_008_2021_KPP_2021_DELISTAVB_20260724.csv-119;546729;DEL_STAVBE;2;Stanovanje;STANOVANJE;1724;BREZOVICA;BREZOVICA PRI LJUBLJANI;PODSVETIJA 26 A;stavba 3882, del 3;1/1;1.0;86.1;86.1;70.7;2008;455101.28;97938.75;216000.0;;Cena posla ni avtomatsko cena te sestavine;2021-06-14;2;Tržen posel – neustrezni podatki;2021;ETN_008_2021_KPP_2021_DELISTAVB_20260724.csv
D-2021-ETN_008_2021_KPP_2021_DELISTAVB_20260724.csv-120;548840;DEL_STAVBE;1;Stanovanjska hiša;STANOVANJSKA_HISA;1724;BREZOVICA;NOTRANJE GORICE;PODKLIN 16;stavba 3496, del 1;1/1;1.0;102.5;102.5;36.5;1955;453271.2;94162.58;75100.0;;Cena posla ni avtomatsko cena te sestavine;2021-05-19;4;Neopredeljen posel;2021;ETN_008_2021_KPP_2021_DELISTAVB_20260724.csv
D-2021-ETN_008_2021_KPP_2021_DELISTAVB_20260724.csv-121;548840;DEL_STAVBE;13;Kmetijski objekt;KMETIJSKI_OBJEKT;1724;BREZOVICA;NOTRANJE GORICE;PODKLIN 16;stavba 3496, del 2;1/1;1.0;24.0;24.0;24.0;1955;453271.2;94162.58;75100.0;;Cena posla ni avtomatsko cena te sestavine;2021-05-19;4;Neopredeljen posel;2021;ETN_008_2021_KPP_2021_DELISTAVB_20260724.csv
D-2021-ETN_008_2021_KPP_2021_DELISTAVB_20260724.csv-122;557727;DEL_STAVBE;2;Stanovanje;STANOVANJE;1724;BREZOVICA;NOTRANJE GORICE;MAVSARJEVA CESTA 1 B;stavba 4708, del 2;1/1;1.0;126.0;126.0;0.0;2016;454024.61;95223.09;145000.0;;Cena posla ni avtomatsko cena te sestavine;2021-08-05;3;Drug posel;2021;ETN_008_2021_KPP_2021_DELISTAVB_20260724.csv
D-2021-ETN_008_2021_KPP_2021_DELISTAVB_20260724.csv-123;559543;DEL_STAVBE;14;Tehnični ali pomožni prostori;POMOZNA_DRUGO;1705;PRESERJE;;;stavba 397, del 1;1/1;1.0;36.9;36.9;36.9;1989;454813.63;91156.3;51500.0;;Cena posla ni avtomatsko cena te sestavine;2021-08-13;2;Tržen posel – neustrezni podatki;2021;ETN_008_2021_KPP_2021_DELISTAVB_20260724.csv
D-2021-ETN_008_2021_KPP_2021_DELISTAVB_20260724.csv-124;559584;DEL_STAVBE;4;Garaža;PARKIRANJE;1652;RAKITNA;;;stavba 218, del 1;1/1;1.0;25.0;25.0;25.0;1970;455715.41;83139.22;153000.0;;Cena posla ni avtomatsko cena te sestavine;2021-09-17;2;Tržen posel – neustrezni podatki;2021;ETN_008_2021_KPP_2021_DELISTAVB_20260724.csv
D-2021-ETN_008_2021_KPP_2021_DELISTAVB_20260724.csv-125;559584;DEL_STAVBE;1;Stanovanjska hiša;STANOVANJSKA_HISA;1652;RAKITNA;RAKITNA;RAKITNA 256;stavba 219, del 1;1/1;1.0;142.0;142.0;87.6;1970;455739.41;83131.65;153000.0;;Cena posla ni avtomatsko cena te sestavine;2021-09-17;2;Tržen posel – neustrezni podatki;2021;ETN_008_2021_KPP_2021_DELISTAVB_20260724.csv
D-2021-ETN_008_2021_KPP_2021_DELISTAVB_20260724.csv-126;546392;DEL_STAVBE;1;Stanovanjska hiša;STANOVANJSKA_HISA;1724;BREZOVICA;BREZOVICA PRI LJUBLJANI;ZA GRABNOM 17;stavba 4058, del 1;1/1;1.0;189.9;189.9;150.4;2009;454601.76;97857.88;463000.0;;Cena posla ni avtomatsko cena te sestavine;2021-06-04;2;Tržen posel – neustrezni podatki;2021;ETN_008_2021_KPP_2021_DELISTAVB_20260724.csv
D-2021-ETN_008_2021_KPP_2021_DELISTAVB_20260724.csv-127;556972;DEL_STAVBE;2;Stanovanje;STANOVANJE;1724;BREZOVICA;BREZOVICA PRI LJUBLJANI;MALOVAŠKA ULICA 1;stavba 1716, del 6;1/1;1.0;58.2;58.2;38.0;1935;454547.63;98387.89;85000.0;;Cena posla ni avtomatsko cena te sestavine;2021-08-19;2;Tržen posel – neustrezni podatki;2021;ETN_008_2021_KPP_2021_DELISTAVB_20260724.csv
D-2021-ETN_008_2021_KPP_2021_DELISTAVB_20260724.csv-128;546943;DEL_STAVBE;1;Stanovanjska hiša;STANOVANJSKA_HISA;1724;BREZOVICA;PLEŠIVICA;PLEŠIVICA 41;stavba 3616, del 1;1/1;1.0;222.0;222.0;176.0;1990;453499.06;95245.98;300000.0;;Cena posla ni avtomatsko cena te sestavine;2021-06-14;2;Tržen posel – neustrezni podatki;2021;ETN_008_2021_KPP_2021_DELISTAVB_20260724.csv
D-2021-ETN_008_2021_KPP_2021_DELISTAVB_20260724.csv-129;582463;DEL_STAVBE;5;Pisarniški prostori;POSLOVNA_DRUGA;1724;BREZOVICA;VNANJE GORICE;ZA TRGOVINO 7;stavba 2567, del 4;1/1;1.0;18.7;18.7;18.7;1976;454449.58;96588.18;5000.0;;Cena posla ni avtomatsko cena te sestavine;2021-09-27;3;Drug posel;2021;ETN_008_2021_KPP_2021_DELISTAVB_20260724.csv
D-2021-ETN_008_2021_KPP_2021_DELISTAVB_20260724.csv-130;582481;DEL_STAVBE;13;Kmetijski objekt;KMETIJSKI_OBJEKT;1724;BREZOVICA;;;stavba 3474, del 1;1/1;1.0;80.0;80.0;80.0;1921;453496.36;94256.63;55000.0;;Cena posla ni avtomatsko cena te sestavine;2021-09-13;2;Tržen posel – neustrezni podatki;2021;ETN_008_2021_KPP_2021_DELISTAVB_20260724.csv
D-2021-ETN_008_2021_KPP_2021_DELISTAVB_20260724.csv-131;582481;DEL_STAVBE;1;Stanovanjska hiša;STANOVANJSKA_HISA;1724;BREZOVICA;NOTRANJE GORICE;PODPEŠKA CESTA 398;stavba 3475, del 1;1/1;1.0;87.1;87.1;69.0;1921;453506.67;94253.91;55000.0;;Cena posla ni avtomatsko cena te sestavine;2021-09-13;2;Tržen posel – neustrezni podatki;2021;ETN_008_2021_KPP_2021_DELISTAVB_20260724.csv
D-2021-ETN_008_2021_KPP_2021_DELISTAVB_20260724.csv-132;546625;DEL_STAVBE;1;Stanovanjska hiša;STANOVANJSKA_HISA;1724;BREZOVICA;VNANJE GORICE;NA LAZIH 17 A;stavba 4104, del 1;1/1;1.0;126.8;126.8;92.7;2008;454408.15;97283.51;317500.0;;Cena posla ni avtomatsko cena te sestavine;2021-06-09;2;Tržen posel – neustrezni podatki;2021;ETN_008_2021_KPP_2021_DELISTAVB_20260724.csv
D-2021-ETN_008_2021_KPP_2021_DELISTAVB_20260724.csv-133;548643;DEL_STAVBE;13;Kmetijski objekt;KMETIJSKI_OBJEKT;1724;BREZOVICA;;;stavba 585, del 1;1/1;1.0;58.0;58.0;58.0;1990;455440.21;98318.96;105000.0;;Cena posla ni avtomatsko cena te sestavine;2021-06-07;4;Neopredeljen posel;2021;ETN_008_2021_KPP_2021_DELISTAVB_20260724.csv
D-2021-ETN_008_2021_KPP_2021_DELISTAVB_20260724.csv-134;548671;DEL_STAVBE;1;Stanovanjska hiša;STANOVANJSKA_HISA;1724;BREZOVICA;PLEŠIVICA;PLEŠIVICA 65;stavba 1985, del 1;1/1;1.0;149.9;149.9;143.2;2005;452992.11;95738.34;187000.0;;Cena posla ni avtomatsko cena te sestavine;2021-06-09;2;Tržen posel – neustrezni podatki;2021;ETN_008_2021_KPP_2021_DELISTAVB_20260724.csv
D-2021-ETN_008_2021_KPP_2021_DELISTAVB_20260724.csv-135;550925;DEL_STAVBE;2;Stanovanje;STANOVANJE;1724;BREZOVICA;NOTRANJE GORICE;CESTA NA LOG 44 A;stavba 3940, del 3;1/1;1.0;101.4;101.4;80.2;2007;453102.32;94324.42;169000.0;;Cena posla ni avtomatsko cena te sestavine;2021-06-29;2;Tržen posel – neustrezni podatki;2021;ETN_008_2021_KPP_2021_DELISTAVB_20260724.csv
D-2021-ETN_008_2021_KPP_2021_DELISTAVB_20260724.csv-136;551024;DEL_STAVBE;1;Stanovanjska hiša;STANOVANJSKA_HISA;1652;RAKITNA;RAKITNA;RAKITNA 302;stavba 250, del 1;1/1;1.0;89.0;89.0;85.0;2010;456078.76;82845.53;250000.0;;Cena posla ni avtomatsko cena te sestavine;2021-07-12;2;Tržen posel – neustrezni podatki;2021;ETN_008_2021_KPP_2021_DELISTAVB_20260724.csv
D-2021-ETN_008_2021_KPP_2021_DELISTAVB_20260724.csv-137;551024;DEL_STAVBE;14;Tehnični ali pomožni prostori;POMOZNA_DRUGO;1652;RAKITNA;;;stavba 955, del 1;1/1;1.0;20.0;20.0;20.0;2010;456062.0;82833.0;250000.0;;Cena posla ni avtomatsko cena te sestavine;2021-07-12;2;Tržen posel – neustrezni podatki;2021;ETN_008_2021_KPP_2021_DELISTAVB_20260724.csv
D-2021-ETN_008_2021_KPP_2021_DELISTAVB_20260724.csv-138;546676;DEL_STAVBE;14;Tehnični ali pomožni prostori;POMOZNA_DRUGO;1724;BREZOVICA;;;stavba 1433, del 1;1/1;1.0;5.4;5.4;5.4;1900;454940.04;93084.56;120000.0;;Cena posla ni avtomatsko cena te sestavine;2021-06-07;2;Tržen posel – neustrezni podatki;2021;ETN_008_2021_KPP_2021_DELISTAVB_20260724.csv
D-2021-ETN_008_2021_KPP_2021_DELISTAVB_20260724.csv-139;546676;DEL_STAVBE;13;Kmetijski objekt;KMETIJSKI_OBJEKT;1724;BREZOVICA;;;stavba 1433, del 2;1/1;1.0;5.4;5.4;5.4;1900;454940.04;93084.56;120000.0;;Cena posla ni avtomatsko cena te sestavine;2021-06-07;2;Tržen posel – neustrezni podatki;2021;ETN_008_2021_KPP_2021_DELISTAVB_20260724.csv
D-2021-ETN_008_2021_KPP_2021_DELISTAVB_20260724.csv-140;558857;DEL_STAVBE;2;Stanovanje;STANOVANJE;1724;BREZOVICA;NOTRANJE GORICE;GMAJNA 6;stavba 3050, del 1;1/6;0.16666666666666666;172.5;28.75;124.6;1980;454080.99;95186.7;30000.0;;Cena posla ni avtomatsko cena te sestavine;2021-09-09;3;Drug posel;2021;ETN_008_2021_KPP_2021_DELISTAVB_20260724.csv
D-2021-ETN_008_2021_KPP_2021_DELISTAVB_20260724.csv-141;558857;DEL_STAVBE;4;Garaža;PARKIRANJE;1724;BREZOVICA;;;stavba 3738, del 1;1/6;0.16666666666666666;21.9;3.6499999999999995;21.9;1980;454077.88;95175.52;30000.0;;Cena posla ni avtomatsko cena te sestavine;2021-09-09;3;Drug posel;2021;ETN_008_2021_KPP_2021_DELISTAVB_20260724.csv
D-2021-ETN_008_2021_KPP_2021_DELISTAVB_20260724.csv-142;545683;DEL_STAVBE;1;Stanovanjska hiša;STANOVANJSKA_HISA;1724;BREZOVICA;BREZOVICA PRI LJUBLJANI;PODSVETIJA 45;stavba 516, del 1;1/1;1.0;192.0;192.0;60.0;1996;455170.6;97942.98;310000.0;;Cena posla ni avtomatsko cena te sestavine;2021-06-04;2;Tržen posel – neustrezni podatki;2021;ETN_008_2021_KPP_2021_DELISTAVB_20260724.csv
D-2021-ETN_008_2021_KPP_2021_DELISTAVB_20260724.csv-143;545684;DEL_STAVBE;1;Stanovanjska hiša;STANOVANJSKA_HISA;1704;KAMNIK;KAMNIK POD KRIMOM;KAMNIK POD KRIMOM 194 A;stavba 864, del 1;1/1;1.0;169.4;169.4;105.5;2008;453581.43;90989.4;243500.0;;Cena posla ni avtomatsko cena te sestavine;2021-06-02;2;Tržen posel – neustrezni podatki;2021;ETN_008_2021_KPP_2021_DELISTAVB_20260724.csv
D-2021-ETN_008_2021_KPP_2021_DELISTAVB_20260724.csv-144;545260;DEL_STAVBE;1;Stanovanjska hiša;STANOVANJSKA_HISA;1724;BREZOVICA;PODPLEŠIVICA;PODPLEŠIVICA 65 E;stavba 4252, del 1;1/1;1.0;135.0;135.0;126.0;2007;452128.9;96105.57;260000.0;;Cena posla ni avtomatsko cena te sestavine;2021-05-20;2;Tržen posel – neustrezni podatki;2021;ETN_008_2021_KPP_2021_DELISTAVB_20260724.csv
D-2021-ETN_008_2021_KPP_2021_DELISTAVB_20260724.csv-145;583536;DEL_STAVBE;2;Stanovanje;STANOVANJE;1724;BREZOVICA;BREZOVICA PRI LJUBLJANI;KAPALNIŠKA POT 7;stavba 3634, del 3;1/1;1.0;74.4;74.4;64.0;2005;455621.47;98670.79;192500.0;;Cena posla ni avtomatsko cena te sestavine;2021-10-12;2;Tržen posel – neustrezni podatki;2021;ETN_008_2021_KPP_2021_DELISTAVB_20260724.csv
D-2021-ETN_008_2021_KPP_2021_DELISTAVB_20260724.csv-146;583536;DEL_STAVBE;14;Tehnični ali pomožni prostori;POMOZNA_DRUGO;1724;BREZOVICA;BREZOVICA PRI LJUBLJANI;KAPALNIŠKA POT 7;stavba 3634, del 4;1/1;1.0;12.0;12.0;12.0;2005;455621.47;98670.79;192500.0;;Cena posla ni avtomatsko cena te sestavine;2021-10-12;2;Tržen posel – neustrezni podatki;2021;ETN_008_2021_KPP_2021_DELISTAVB_20260724.csv
D-2022-ETN_008_2022_KPP_2022_DELISTAVB_20260724.csv-2;641922;DEL_STAVBE;2;Stanovanje;STANOVANJE;1724;BREZOVICA;NOTRANJE GORICE;PODPEŠKA CESTA 374;stavba 2289, del 2;1/1;1.0;150.2;150.2;96.8;1933;453717.43;94676.91;91000.0;;Cena posla ni avtomatsko cena te sestavine;2022-02-03;5;V preverjanju;2022;ETN_008_2022_KPP_2022_DELISTAVB_20260724.csv
D-2022-ETN_008_2022_KPP_2022_DELISTAVB_20260724.csv-3;632855;DEL_STAVBE;2;Stanovanje;STANOVANJE;1724;BREZOVICA;PLEŠIVICA;PLEŠIVICA 64;stavba 1986, del 11;1/1;1.0;25.7;25.7;25.6;1984;453029.7;95712.28;55000.0;;Cena posla ni avtomatsko cena te sestavine;2021-11-18;2;Tržen posel – neustrezni podatki;2022;ETN_008_2022_KPP_2022_DELISTAVB_20260724.csv
D-2022-ETN_008_2022_KPP_2022_DELISTAVB_20260724.csv-4;674177;DEL_STAVBE;1;Stanovanjska hiša;STANOVANJSKA_HISA;1652;RAKITNA;RAKITNA;RAKITNA 438;stavba 613, del 1;1/1;1.0;151.2;151.2;99.4;2004;456740.29;82802.82;210000.0;;Cena posla ni avtomatsko cena te sestavine;2022-10-19;2;Tržen posel – neustrezni podatki;2022;ETN_008_2022_KPP_2022_DELISTAVB_20260724.csv
D-2022-ETN_008_2022_KPP_2022_DELISTAVB_20260724.csv-5;677792;DEL_STAVBE;2;Stanovanje;STANOVANJE;1704;KAMNIK;KAMNIK POD KRIMOM;KAMNIK POD KRIMOM 2 A;stavba 882, del 7;1/1;1.0;13.1;13.1;13.1;1972;453216.99;91844.76;122000.0;;Cena posla ni avtomatsko cena te sestavine;2022-11-10;3;Drug posel;2022;ETN_008_2022_KPP_2022_DELISTAVB_20260724.csv
D-2022-ETN_008_2022_KPP_2022_DELISTAVB_20260724.csv-6;677792;DEL_STAVBE;2;Stanovanje;STANOVANJE;1704;KAMNIK;KAMNIK POD KRIMOM;KAMNIK POD KRIMOM 2 B;stavba 881, del 3;1/1;1.0;87.5;87.5;50.9;1985;453225.47;91836.86;122000.0;;Cena posla ni avtomatsko cena te sestavine;2022-11-10;3;Drug posel;2022;ETN_008_2022_KPP_2022_DELISTAVB_20260724.csv
D-2022-ETN_008_2022_KPP_2022_DELISTAVB_20260724.csv-7;677931;DEL_STAVBE;1;Stanovanjska hiša;STANOVANJSKA_HISA;1652;RAKITNA;RAKITNA;RAKITNA 376;stavba 684, del 1;1/1;1.0;175.0;175.0;100.4;1985;456482.31;82599.74;250000.0;;Cena posla ni avtomatsko cena te sestavine;2022-11-12;2;Tržen posel – neustrezni podatki;2022;ETN_008_2022_KPP_2022_DELISTAVB_20260724.csv
D-2022-ETN_008_2022_KPP_2022_DELISTAVB_20260724.csv-8;673933;DEL_STAVBE;1;Stanovanjska hiša;STANOVANJSKA_HISA;1724;BREZOVICA;ŽABNICA;ŽABNICA 58;stavba 4425, del 1;1/1;1.0;96.0;96.0;80.9;1997;453989.53;95795.39;260000.0;;Cena posla ni avtomatsko cena te sestavine;2022-10-18;2;Tržen posel – neustrezni podatki;2022;ETN_008_2022_KPP_2022_DELISTAVB_20260724.csv
D-2022-ETN_008_2022_KPP_2022_DELISTAVB_20260724.csv-9;647151;DEL_STAVBE;2;Stanovanje;STANOVANJE;1724;BREZOVICA;NOTRANJE GORICE;CESTA NA LOG 33;stavba 3433, del 2;1/1;1.0;126.4;126.4;104.3;1997;453202.68;94290.84;218000.0;;Cena posla ni avtomatsko cena te sestavine;2022-03-18;2;Tržen posel – neustrezni podatki;2022;ETN_008_2022_KPP_2022_DELISTAVB_20260724.csv
D-2022-ETN_008_2022_KPP_2022_DELISTAVB_20260724.csv-10;654803;DEL_STAVBE;2;Stanovanje;STANOVANJE;1724;BREZOVICA;NOTRANJE GORICE;CESTA NA LOG 33;stavba 3433, del 1;1/1;1.0;231.6;231.6;129.8;1997;453202.68;94290.84;320000.0;;Cena posla ni avtomatsko cena te sestavine;2022-05-16;2;Tržen posel – neustrezni podatki;2022;ETN_008_2022_KPP_2022_DELISTAVB_20260724.csv
D-2022-ETN_008_2022_KPP_2022_DELISTAVB_20260724.csv-11;658267;DEL_STAVBE;2;Stanovanje;STANOVANJE;1724;BREZOVICA;BREZOVICA PRI LJUBLJANI;PODPEŠKA CESTA 77 B;stavba 3988, del 9;1/1;1.0;105.4;105.4;67.6;2007;454763.41;97478.29;200000.0;;Cena posla ni avtomatsko cena te sestavine;2022-05-26;2;Tržen posel – neustrezni podatki;2022;ETN_008_2022_KPP_2022_DELISTAVB_20260724.csv
D-2022-ETN_008_2022_KPP_2022_DELISTAVB_20260724.csv-12;658267;DEL_STAVBE;4;Garaža;PARKIRANJE;1724;BREZOVICA;BREZOVICA PRI LJUBLJANI;PODPEŠKA CESTA 77;stavba 3988, del 37;1/1;1.0;11.3;11.3;11.3;2007;454763.41;97478.29;200000.0;;Cena posla ni avtomatsko cena te sestavine;2022-05-26;2;Tržen posel – neustrezni podatki;2022;ETN_008_2022_KPP_2022_DELISTAVB_20260724.csv
D-2022-ETN_008_2022_KPP_2022_DELISTAVB_20260724.csv-13;658267;DEL_STAVBE;4;Garaža;PARKIRANJE;1724;BREZOVICA;BREZOVICA PRI LJUBLJANI;PODPEŠKA CESTA 77;stavba 3988, del 38;1/1;1.0;11.3;11.3;11.3;2007;454763.41;97478.29;200000.0;;Cena posla ni avtomatsko cena te sestavine;2022-05-26;2;Tržen posel – neustrezni podatki;2022;ETN_008_2022_KPP_2022_DELISTAVB_20260724.csv
D-2022-ETN_008_2022_KPP_2022_DELISTAVB_20260724.csv-14;647310;DEL_STAVBE;1;Stanovanjska hiša;STANOVANJSKA_HISA;1724;BREZOVICA;VNANJE GORICE;ULICA BRATOV POTOČNIKOV 9;stavba 2612, del 1;1/1;1.0;240.9;240.9;128.3;1984;454482.96;96396.81;330000.0;;Cena posla ni avtomatsko cena te sestavine;2022-03-07;2;Tržen posel – neustrezni podatki;2022;ETN_008_2022_KPP_2022_DELISTAVB_20260724.csv
D-2022-ETN_008_2022_KPP_2022_DELISTAVB_20260724.csv-15;646028;DEL_STAVBE;1;Stanovanjska hiša;STANOVANJSKA_HISA;1703;JEZERO;JEZERO;JEZERO 143;stavba 143, del 1;1/1;1.0;299.4;299.4;195.9;2004;456575.42;92556.0;355000.0;;Cena posla ni avtomatsko cena te sestavine;2022-03-03;2;Tržen posel – neustrezni podatki;2022;ETN_008_2022_KPP_2022_DELISTAVB_20260724.csv
D-2022-ETN_008_2022_KPP_2022_DELISTAVB_20260724.csv-16;646028;DEL_STAVBE;14;Tehnični ali pomožni prostori;POMOZNA_DRUGO;1703;JEZERO;;;stavba 627, del 1;1/1;1.0;16.8;16.8;16.8;2004;456585.83;92540.45;355000.0;;Cena posla ni avtomatsko cena te sestavine;2022-03-03;2;Tržen posel – neustrezni podatki;2022;ETN_008_2022_KPP_2022_DELISTAVB_20260724.csv
D-2022-ETN_008_2022_KPP_2022_DELISTAVB_20260724.csv-17;653868;DEL_STAVBE;4;Garaža;PARKIRANJE;1652;RAKITNA;;;stavba 823, del 1;1/1;1.0;9.2;9.2;9.2;1983;456330.63;82932.34;217000.0;;Cena posla ni avtomatsko cena te sestavine;2022-05-06;2;Tržen posel – neustrezni podatki;2022;ETN_008_2022_KPP_2022_DELISTAVB_20260724.csv
D-2022-ETN_008_2022_KPP_2022_DELISTAVB_20260724.csv-18;653868;DEL_STAVBE;1;Stanovanjska hiša;STANOVANJSKA_HISA;1652;RAKITNA;RAKITNA;RAKITNA 188;stavba 575, del 1;1/1;1.0;58.3;58.3;53.0;1983;456357.81;82934.82;217000.0;;Cena posla ni avtomatsko cena te sestavine;2022-05-06;2;Tržen posel – neustrezni podatki;2022;ETN_008_2022_KPP_2022_DELISTAVB_20260724.csv
D-2022-ETN_008_2022_KPP_2022_DELISTAVB_20260724.csv-19;653512;DEL_STAVBE;1;Stanovanjska hiša;STANOVANJSKA_HISA;1704;KAMNIK;KAMNIK POD KRIMOM;KAMNIK POD KRIMOM 3 E;stavba 830, del 1;1/2;0.5;169.9;84.95;141.1;2000;453250.54;91842.38;70000.0;;Cena posla ni avtomatsko cena te sestavine;2022-04-21;3;Drug posel;2022;ETN_008_2022_KPP_2022_DELISTAVB_20260724.csv
D-2022-ETN_008_2022_KPP_2022_DELISTAVB_20260724.csv-20;656460;DEL_STAVBE;2;Stanovanje;STANOVANJE;1724;BREZOVICA;VNANJE GORICE;PODOLGA NJIVA 4;stavba 4462, del 1;1/1;1.0;155.3;155.3;141.6;2006;454512.56;96334.22;250000.0;;Cena posla ni avtomatsko cena te sestavine;2022-04-19;4;Neopredeljen posel;2022;ETN_008_2022_KPP_2022_DELISTAVB_20260724.csv
D-2022-ETN_008_2022_KPP_2022_DELISTAVB_20260724.csv-21;647661;DEL_STAVBE;2;Stanovanje;STANOVANJE;1703;JEZERO;JEZERO;JEZERO 28 K;stavba 657, del 2;1/1;1.0;74.9;74.9;67.3;2008;455490.0;92640.92;190000.0;;Cena posla ni avtomatsko cena te sestavine;2022-03-23;2;Tržen posel – neustrezni podatki;2022;ETN_008_2022_KPP_2022_DELISTAVB_20260724.csv
D-2022-ETN_008_2022_KPP_2022_DELISTAVB_20260724.csv-22;645810;DEL_STAVBE;2;Stanovanje;STANOVANJE;1724;BREZOVICA;NOTRANJE GORICE;MAVSARJEVA CESTA 28;stavba 3143, del 2;1/1;1.0;54.8;54.8;42.6;1943;454006.03;94997.55;150000.0;;Cena posla ni avtomatsko cena te sestavine;2022-02-28;2;Tržen posel – neustrezni podatki;2022;ETN_008_2022_KPP_2022_DELISTAVB_20260724.csv
D-2022-ETN_008_2022_KPP_2022_DELISTAVB_20260724.csv-23;645810;DEL_STAVBE;13;Kmetijski objekt;KMETIJSKI_OBJEKT;1724;BREZOVICA;;;stavba 3142, del 1;1/1;1.0;48.0;48.0;48.0;1972;453994.3;95006.22;150000.0;;Cena posla ni avtomatsko cena te sestavine;2022-02-28;2;Tržen posel – neustrezni podatki;2022;ETN_008_2022_KPP_2022_DELISTAVB_20260724.csv
D-2022-ETN_008_2022_KPP_2022_DELISTAVB_20260724.csv-24;645810;DEL_STAVBE;4;Garaža;PARKIRANJE;1724;BREZOVICA;;;stavba 3678, del 1;1/1;1.0;33.6;33.6;33.6;1972;454003.87;95005.52;150000.0;;Cena posla ni avtomatsko cena te sestavine;2022-02-28;2;Tržen posel – neustrezni podatki;2022;ETN_008_2022_KPP_2022_DELISTAVB_20260724.csv
D-2022-ETN_008_2022_KPP_2022_DELISTAVB_20260724.csv-25;673271;DEL_STAVBE;2;Stanovanje;STANOVANJE;1724;BREZOVICA;NOTRANJE GORICE;GMAJNA 19;stavba 3079, del 1;1/1;1.0;77.5;77.5;50.9;1969;454174.08;95155.44;200000.0;;Cena posla ni avtomatsko cena te sestavine;2022-10-10;2;Tržen posel – neustrezni podatki;2022;ETN_008_2022_KPP_2022_DELISTAVB_20260724.csv
D-2022-ETN_008_2022_KPP_2022_DELISTAVB_20260724.csv-26;673271;DEL_STAVBE;2;Stanovanje;STANOVANJE;1724;BREZOVICA;NOTRANJE GORICE;GMAJNA 19;stavba 3079, del 2;1/1;1.0;56.0;56.0;52.0;1969;454174.08;95155.44;200000.0;;Cena posla ni avtomatsko cena te sestavine;2022-10-10;2;Tržen posel – neustrezni podatki;2022;ETN_008_2022_KPP_2022_DELISTAVB_20260724.csv
D-2022-ETN_008_2022_KPP_2022_DELISTAVB_20260724.csv-27;673271;DEL_STAVBE;15;Drugo;POMOZNA_DRUGO;1724;BREZOVICA;;;stavba 3297, del 1;1/1;1.0;4.0;4.0;4.0;1969;454160.62;95147.12;200000.0;;Cena posla ni avtomatsko cena te sestavine;2022-10-10;2;Tržen posel – neustrezni podatki;2022;ETN_008_2022_KPP_2022_DELISTAVB_20260724.csv
D-2022-ETN_008_2022_KPP_2022_DELISTAVB_20260724.csv-28;673420;DEL_STAVBE;1;Stanovanjska hiša;STANOVANJSKA_HISA;1652;RAKITNA;RAKITNA;RAKITNA 164;stavba 411, del 1;1/1;1.0;124.3;124.3;75.8;1996;456159.18;83404.59;182000.0;;Cena posla ni avtomatsko cena te sestavine;2022-10-12;2;Tržen posel – neustrezni podatki;2022;ETN_008_2022_KPP_2022_DELISTAVB_20260724.csv
D-2022-ETN_008_2022_KPP_2022_DELISTAVB_20260724.csv-29;673420;DEL_STAVBE;15;Drugo;POMOZNA_DRUGO;1652;RAKITNA;;;stavba 412, del 1;1/1;1.0;8.7;8.7;8.7;1996;456153.92;83410.57;182000.0;;Cena posla ni avtomatsko cena te sestavine;2022-10-12;2;Tržen posel – neustrezni podatki;2022;ETN_008_2022_KPP_2022_DELISTAVB_20260724.csv
D-2022-ETN_008_2022_KPP_2022_DELISTAVB_20260724.csv-30;673420;DEL_STAVBE;15;Drugo;POMOZNA_DRUGO;1652;RAKITNA;;;stavba 413, del 1;1/1;1.0;10.0;10.0;10.0;1996;456176.17;83405.85;182000.0;;Cena posla ni avtomatsko cena te sestavine;2022-10-12;2;Tržen posel – neustrezni podatki;2022;ETN_008_2022_KPP_2022_DELISTAVB_20260724.csv
D-2022-ETN_008_2022_KPP_2022_DELISTAVB_20260724.csv-31;636747;DEL_STAVBE;1;Stanovanjska hiša;STANOVANJSKA_HISA;1724;BREZOVICA;ŽABNICA;ŽABNICA 27 J;stavba 4332, del 1;1/2;0.5;183.9;91.95;135.2;2010;453904.0;95755.0;64500.0;;Cena posla ni avtomatsko cena te sestavine;2021-09-17;3;Drug posel;2022;ETN_008_2022_KPP_2022_DELISTAVB_20260724.csv
D-2022-ETN_008_2022_KPP_2022_DELISTAVB_20260724.csv-32;654055;DEL_STAVBE;1;Stanovanjska hiša;STANOVANJSKA_HISA;1705;PRESERJE;PRESERJE;PRESERJE 42 F;stavba 744, del 1;1/1;1.0;485.1;485.1;214.0;2006;455248.77;90748.45;810000.0;;Cena posla ni avtomatsko cena te sestavine;2022-04-28;2;Tržen posel – neustrezni podatki;2022;ETN_008_2022_KPP_2022_DELISTAVB_20260724.csv
D-2022-ETN_008_2022_KPP_2022_DELISTAVB_20260724.csv-33;654068;DEL_STAVBE;1;Stanovanjska hiša;STANOVANJSKA_HISA;1652;RAKITNA;RAKITNA;RAKITNA 187;stavba 551, del 1;1/1;1.0;83.4;83.4;43.1;2013;456294.85;82875.61;146000.0;;Cena posla ni avtomatsko cena te sestavine;2022-05-06;2;Tržen posel – neustrezni podatki;2022;ETN_008_2022_KPP_2022_DELISTAVB_20260724.csv
D-2022-ETN_008_2022_KPP_2022_DELISTAVB_20260724.csv-34;654068;DEL_STAVBE;4;Garaža;PARKIRANJE;1652;RAKITNA;;;stavba 925, del 1;1/1;1.0;25.7;25.7;25.7;2013;456285.88;82882.06;146000.0;;Cena posla ni avtomatsko cena te sestavine;2022-05-06;2;Tržen posel – neustrezni podatki;2022;ETN_008_2022_KPP_2022_DELISTAVB_20260724.csv
D-2022-ETN_008_2022_KPP_2022_DELISTAVB_20260724.csv-35;654068;DEL_STAVBE;15;Drugo;POMOZNA_DRUGO;1652;RAKITNA;;;stavba 909, del 1;1/1;1.0;16.3;16.3;16.3;2013;456269.22;82882.01;146000.0;;Cena posla ni avtomatsko cena te sestavine;2022-05-06;2;Tržen posel – neustrezni podatki;2022;ETN_008_2022_KPP_2022_DELISTAVB_20260724.csv
D-2022-ETN_008_2022_KPP_2022_DELISTAVB_20260724.csv-36;657401;DEL_STAVBE;2;Stanovanje;STANOVANJE;1724;BREZOVICA;VNANJE GORICE;PODPEŠKA CESTA 145;stavba 2539, del 6;1/1;1.0;80.5;80.5;52.1;1972;454536.78;96727.04;140000.0;;Cena posla ni avtomatsko cena te sestavine;2022-05-25;2;Tržen posel – neustrezni podatki;2022;ETN_008_2022_KPP_2022_DELISTAVB_20260724.csv
D-2022-ETN_008_2022_KPP_2022_DELISTAVB_20260724.csv-37;661204;DEL_STAVBE;1;Stanovanjska hiša;STANOVANJSKA_HISA;1724;BREZOVICA;NOTRANJE GORICE;GMAJNA 6;stavba 3050, del 1;1/6;0.16666666666666666;172.5;28.75;124.6;1980;454080.99;95186.7;30000.0;;Cena posla ni avtomatsko cena te sestavine;2022-06-20;3;Drug posel;2022;ETN_008_2022_KPP_2022_DELISTAVB_20260724.csv
D-2022-ETN_008_2022_KPP_2022_DELISTAVB_20260724.csv-38;661204;DEL_STAVBE;4;Garaža;PARKIRANJE;1724;BREZOVICA;;;stavba 3738, del 1;1/6;0.16666666666666666;21.9;3.6499999999999995;21.9;1980;454077.88;95175.52;30000.0;;Cena posla ni avtomatsko cena te sestavine;2022-06-20;3;Drug posel;2022;ETN_008_2022_KPP_2022_DELISTAVB_20260724.csv
D-2022-ETN_008_2022_KPP_2022_DELISTAVB_20260724.csv-39;661284;DEL_STAVBE;1;Stanovanjska hiša;STANOVANJSKA_HISA;1703;JEZERO;JEZERO;JEZERO 117 B;stavba 54, del 1;1/1;1.0;50.0;50.0;25.0;1973;456385.86;92177.87;50000.0;;Cena posla ni avtomatsko cena te sestavine;2022-06-24;3;Drug posel;2022;ETN_008_2022_KPP_2022_DELISTAVB_20260724.csv
D-2022-ETN_008_2022_KPP_2022_DELISTAVB_20260724.csv-40;661333;DEL_STAVBE;8;Trgovski ali storitveni lokal;POSLOVNA_DRUGA;1705;PRESERJE;PODPEČ;PODPEČ 48;stavba 586, del 18;1/1;1.0;38.1;38.1;38.1;2004;455063.24;92830.49;52000.0;;Cena posla ni avtomatsko cena te sestavine;2022-06-23;2;Tržen posel – neustrezni podatki;2022;ETN_008_2022_KPP_2022_DELISTAVB_20260724.csv
D-2022-ETN_008_2022_KPP_2022_DELISTAVB_20260724.csv-41;661334;DEL_STAVBE;8;Trgovski ali storitveni lokal;POSLOVNA_DRUGA;1705;PRESERJE;PODPEČ;PODPEČ 48;stavba 586, del 19;1/1;1.0;35.4;35.4;35.4;2004;455063.24;92830.49;49000.0;;Cena posla ni avtomatsko cena te sestavine;2022-06-23;2;Tržen posel – neustrezni podatki;2022;ETN_008_2022_KPP_2022_DELISTAVB_20260724.csv
D-2022-ETN_008_2022_KPP_2022_DELISTAVB_20260724.csv-42;644296;DEL_STAVBE;13;Kmetijski objekt;KMETIJSKI_OBJEKT;1703;JEZERO;;;stavba 90, del 1;1/1;1.0;175.4;175.4;175.4;1700;456296.52;92391.58;132307.0;;Cena posla ni avtomatsko cena te sestavine;2022-02-03;2;Tržen posel – neustrezni podatki;2022;ETN_008_2022_KPP_2022_DELISTAVB_20260724.csv
D-2022-ETN_008_2022_KPP_2022_DELISTAVB_20260724.csv-43;644296;DEL_STAVBE;1;Stanovanjska hiša;STANOVANJSKA_HISA;1703;JEZERO;JEZERO;JEZERO 51;stavba 92, del 1;1/1;1.0;145.0;145.0;124.0;1700;456311.67;92386.33;132307.0;;Cena posla ni avtomatsko cena te sestavine;2022-02-03;2;Tržen posel – neustrezni podatki;2022;ETN_008_2022_KPP_2022_DELISTAVB_20260724.csv
D-2022-ETN_008_2022_KPP_2022_DELISTAVB_20260724.csv-44;644296;DEL_STAVBE;13;Kmetijski objekt;KMETIJSKI_OBJEKT;1703;JEZERO;;;stavba 91, del 1;1/1;1.0;11.4;11.4;11.4;1975;456291.35;92403.59;132307.0;;Cena posla ni avtomatsko cena te sestavine;2022-02-03;2;Tržen posel – neustrezni podatki;2022;ETN_008_2022_KPP_2022_DELISTAVB_20260724.csv
D-2022-ETN_008_2022_KPP_2022_DELISTAVB_20260724.csv-45;646222;DEL_STAVBE;13;Kmetijski objekt;KMETIJSKI_OBJEKT;1724;BREZOVICA;;;stavba 2328, del 1;1/1;1.0;28.1;28.1;28.1;1990;453711.12;94833.69;360000.0;;Cena posla ni avtomatsko cena te sestavine;2021-12-24;2;Tržen posel – neustrezni podatki;2022;ETN_008_2022_KPP_2022_DELISTAVB_20260724.csv
D-2022-ETN_008_2022_KPP_2022_DELISTAVB_20260724.csv-46;646222;DEL_STAVBE;1;Stanovanjska hiša;STANOVANJSKA_HISA;1724;BREZOVICA;NOTRANJE GORICE;V KOLNIK 11;stavba 2333, del 1;1/1;1.0;246.5;246.5;161.7;1990;453726.93;94829.65;360000.0;;Cena posla ni avtomatsko cena te sestavine;2021-12-24;2;Tržen posel – neustrezni podatki;2022;ETN_008_2022_KPP_2022_DELISTAVB_20260724.csv
D-2022-ETN_008_2022_KPP_2022_DELISTAVB_20260724.csv-47;657333;DEL_STAVBE;1;Stanovanjska hiša;STANOVANJSKA_HISA;1724;BREZOVICA;VNANJE GORICE;POŽARNICE 56;stavba 1183, del 1;1/4;0.25;212.5;53.125;115.9;1960;454960.97;96152.94;37129.25;;Cena posla ni avtomatsko cena te sestavine;2022-05-25;3;Drug posel;2022;ETN_008_2022_KPP_2022_DELISTAVB_20260724.csv
D-2022-ETN_008_2022_KPP_2022_DELISTAVB_20260724.csv-48;657333;DEL_STAVBE;13;Kmetijski objekt;KMETIJSKI_OBJEKT;1724;BREZOVICA;;;stavba 1185, del 1;1/4;0.25;88.9;22.225;88.9;1960;454967.32;96137.18;37129.25;;Cena posla ni avtomatsko cena te sestavine;2022-05-25;3;Drug posel;2022;ETN_008_2022_KPP_2022_DELISTAVB_20260724.csv
D-2022-ETN_008_2022_KPP_2022_DELISTAVB_20260724.csv-49;646813;DEL_STAVBE;1;Stanovanjska hiša;STANOVANJSKA_HISA;1724;BREZOVICA;VNANJE GORICE;POD GORICAMI 47 C;stavba 4564, del 1;1/1;1.0;152.6;152.6;100.7;2016;455450.52;96697.61;445000.0;;Cena posla ni avtomatsko cena te sestavine;2022-03-15;2;Tržen posel – neustrezni podatki;2022;ETN_008_2022_KPP_2022_DELISTAVB_20260724.csv
D-2022-ETN_008_2022_KPP_2022_DELISTAVB_20260724.csv-50;661451;DEL_STAVBE;4;Garaža;PARKIRANJE;1705;PRESERJE;;;stavba 738, del 1;1/1;1.0;56.6;56.6;56.6;1995;454280.04;91394.12;6370.0;;Cena posla ni avtomatsko cena te sestavine;2022-06-22;4;Neopredeljen posel;2022;ETN_008_2022_KPP_2022_DELISTAVB_20260724.csv
D-2022-ETN_008_2022_KPP_2022_DELISTAVB_20260724.csv-51;646355;DEL_STAVBE;13;Kmetijski objekt;KMETIJSKI_OBJEKT;1724;BREZOVICA;;;stavba 3531, del 1;1/3;0.3333333333333333;80.0;26.666666666666664;80.0;1800;453558.25;94236.03;35000.0;;Cena posla ni avtomatsko cena te sestavine;2022-03-09;3;Drug posel;2022;ETN_008_2022_KPP_2022_DELISTAVB_20260724.csv
D-2022-ETN_008_2022_KPP_2022_DELISTAVB_20260724.csv-52;646355;DEL_STAVBE;1;Stanovanjska hiša;STANOVANJSKA_HISA;1724;BREZOVICA;NOTRANJE GORICE;PODPEŠKA CESTA 403;stavba 3542, del 1;1/3;0.3333333333333333;108.0;36.0;88.0;1800;453567.76;94226.47;35000.0;;Cena posla ni avtomatsko cena te sestavine;2022-03-09;3;Drug posel;2022;ETN_008_2022_KPP_2022_DELISTAVB_20260724.csv
D-2022-ETN_008_2022_KPP_2022_DELISTAVB_20260724.csv-53;646464;DEL_STAVBE;1;Stanovanjska hiša;STANOVANJSKA_HISA;1652;RAKITNA;RAKITNA;RAKITNA 347 B;stavba 527, del 1;1/1;1.0;82.0;82.0;42.0;1984;456155.54;82827.01;140000.0;;Cena posla ni avtomatsko cena te sestavine;2022-03-07;2;Tržen posel – neustrezni podatki;2022;ETN_008_2022_KPP_2022_DELISTAVB_20260724.csv
D-2022-ETN_008_2022_KPP_2022_DELISTAVB_20260724.csv-54;665239;DEL_STAVBE;13;Kmetijski objekt;KMETIJSKI_OBJEKT;1724;BREZOVICA;;;stavba 585, del 1;1/1;1.0;58.0;58.0;58.0;1990;455440.21;98318.96;110000.0;;Cena posla ni avtomatsko cena te sestavine;2022-08-02;2;Tržen posel – neustrezni podatki;2022;ETN_008_2022_KPP_2022_DELISTAVB_20260724.csv
D-2022-ETN_008_2022_KPP_2022_DELISTAVB_20260724.csv-55;639121;DEL_STAVBE;1;Stanovanjska hiša;STANOVANJSKA_HISA;1724;BREZOVICA;VNANJE GORICE;NA LAZIH 21 E;stavba 4094, del 1;1/1;1.0;85.1;85.1;74.7;2008;454434.04;97380.22;205000.0;;Cena posla ni avtomatsko cena te sestavine;2022-01-19;4;Neopredeljen posel;2022;ETN_008_2022_KPP_2022_DELISTAVB_20260724.csv
D-2022-ETN_008_2022_KPP_2022_DELISTAVB_20260724.csv-56;638566;DEL_STAVBE;2;Stanovanje;STANOVANJE;1724;BREZOVICA;NOTRANJE GORICE;PODKLIN 14;stavba 3495, del 4;1/1;1.0;128.1;128.1;98.3;1986;453292.97;94176.54;225000.0;;Cena posla ni avtomatsko cena te sestavine;2021-12-29;2;Tržen posel – neustrezni podatki;2022;ETN_008_2022_KPP_2022_DELISTAVB_20260724.csv
D-2022-ETN_008_2022_KPP_2022_DELISTAVB_20260724.csv-57;638736;DEL_STAVBE;1;Stanovanjska hiša;STANOVANJSKA_HISA;1704;KAMNIK;KAMNIK POD KRIMOM;KAMNIK POD KRIMOM 82 B;stavba 745, del 2;1/1;1.0;34.5;34.5;19.5;1975;454526.43;90713.67;30000.0;;Cena posla ni avtomatsko cena te sestavine;2022-01-04;3;Drug posel;2022;ETN_008_2022_KPP_2022_DELISTAVB_20260724.csv
D-2022-ETN_008_2022_KPP_2022_DELISTAVB_20260724.csv-58;639324;DEL_STAVBE;2;Stanovanje;STANOVANJE;1724;BREZOVICA;BREZOVICA PRI LJUBLJANI;PODSVETIJA 26 A;stavba 3882, del 1;1/1;1.0;61.2;61.2;61.2;2008;455101.28;97938.75;275000.0;;Cena posla ni avtomatsko cena te sestavine;2022-01-19;2;Tržen posel – neustrezni podatki;2022;ETN_008_2022_KPP_2022_DELISTAVB_20260724.csv
D-2022-ETN_008_2022_KPP_2022_DELISTAVB_20260724.csv-59;638229;DEL_STAVBE;2;Stanovanje;STANOVANJE;1724;BREZOVICA;BREZOVICA PRI LJUBLJANI;TRŽAŠKA CESTA 402;stavba 4150, del 3;1/1;1.0;250.7;250.7;99.2;2009;454894.76;98444.61;285000.0;;Cena posla ni avtomatsko cena te sestavine;2022-01-06;2;Tržen posel – neustrezni podatki;2022;ETN_008_2022_KPP_2022_DELISTAVB_20260724.csv
D-2022-ETN_008_2022_KPP_2022_DELISTAVB_20260724.csv-60;668638;DEL_STAVBE;2;Stanovanje;STANOVANJE;1724;BREZOVICA;BREZOVICA PRI LJUBLJANI;PODSVETIJA 24 A;stavba 3879, del 2;1/1;1.0;86.1;86.1;70.7;2008;455091.38;97982.41;257000.0;;Cena posla ni avtomatsko cena te sestavine;2022-08-24;2;Tržen posel – neustrezni podatki;2022;ETN_008_2022_KPP_2022_DELISTAVB_20260724.csv
D-2022-ETN_008_2022_KPP_2022_DELISTAVB_20260724.csv-61;662372;DEL_STAVBE;4;Garaža;PARKIRANJE;1652;RAKITNA;;;stavba 438, del 1;1/1;1.0;32.0;32.0;32.0;2010;456161.13;83198.86;222500.0;;Cena posla ni avtomatsko cena te sestavine;2022-07-07;2;Tržen posel – neustrezni podatki;2022;ETN_008_2022_KPP_2022_DELISTAVB_20260724.csv
D-2022-ETN_008_2022_KPP_2022_DELISTAVB_20260724.csv-62;662372;DEL_STAVBE;1;Stanovanjska hiša;STANOVANJSKA_HISA;1652;RAKITNA;RAKITNA;RAKITNA 295;stavba 439, del 1;1/1;1.0;113.2;113.2;48.3;2010;456174.6;83190.13;222500.0;;Cena posla ni avtomatsko cena te sestavine;2022-07-07;2;Tržen posel – neustrezni podatki;2022;ETN_008_2022_KPP_2022_DELISTAVB_20260724.csv
D-2022-ETN_008_2022_KPP_2022_DELISTAVB_20260724.csv-63;662372;DEL_STAVBE;15;Drugo;POMOZNA_DRUGO;1652;RAKITNA;;;stavba 920, del 1;1/1;1.0;8.8;8.8;8.8;2010;456160.03;83190.23;222500.0;;Cena posla ni avtomatsko cena te sestavine;2022-07-07;2;Tržen posel – neustrezni podatki;2022;ETN_008_2022_KPP_2022_DELISTAVB_20260724.csv
D-2022-ETN_008_2022_KPP_2022_DELISTAVB_20260724.csv-64;662372;DEL_STAVBE;13;Kmetijski objekt;KMETIJSKI_OBJEKT;1652;RAKITNA;;;stavba 921, del 1;1/1;1.0;15.0;15.0;15.0;2010;456172.96;83168.54;222500.0;;Cena posla ni avtomatsko cena te sestavine;2022-07-07;2;Tržen posel – neustrezni podatki;2022;ETN_008_2022_KPP_2022_DELISTAVB_20260724.csv
D-2022-ETN_008_2022_KPP_2022_DELISTAVB_20260724.csv-65;664829;DEL_STAVBE;1;Stanovanjska hiša;STANOVANJSKA_HISA;1724;BREZOVICA;VNANJE GORICE;NA GULČ 20;stavba 1043, del 1;1/1;1.0;104.9;104.9;71.4;1805;454883.21;96297.83;66400.0;;Cena posla ni avtomatsko cena te sestavine;2022-06-29;2;Tržen posel – neustrezni podatki;2022;ETN_008_2022_KPP_2022_DELISTAVB_20260724.csv
D-2022-ETN_008_2022_KPP_2022_DELISTAVB_20260724.csv-66;664829;DEL_STAVBE;13;Kmetijski objekt;KMETIJSKI_OBJEKT;1724;BREZOVICA;;;stavba 3680, del 1;1/1;1.0;37.9;37.9;37.9;1805;454886.92;96311.52;66400.0;;Cena posla ni avtomatsko cena te sestavine;2022-06-29;2;Tržen posel – neustrezni podatki;2022;ETN_008_2022_KPP_2022_DELISTAVB_20260724.csv
D-2022-ETN_008_2022_KPP_2022_DELISTAVB_20260724.csv-67;669563;DEL_STAVBE;2;Stanovanje;STANOVANJE;1724;BREZOVICA;VNANJE GORICE;VNANJE GORICE 11;stavba 2528, del 3;1/1;1.0;76.9;76.9;76.9;1965;454612.52;96863.36;163600.0;;Cena posla ni avtomatsko cena te sestavine;2022-09-06;2;Tržen posel – neustrezni podatki;2022;ETN_008_2022_KPP_2022_DELISTAVB_20260724.csv
D-2022-ETN_008_2022_KPP_2022_DELISTAVB_20260724.csv-68;666246;DEL_STAVBE;4;Garaža;PARKIRANJE;1703;JEZERO;;;stavba 298, del 1;1/1;1.0;126.2;126.2;27.3;1936;455743.26;92571.11;150000.0;;Cena posla ni avtomatsko cena te sestavine;2022-08-10;3;Drug posel;2022;ETN_008_2022_KPP_2022_DELISTAVB_20260724.csv
D-2022-ETN_008_2022_KPP_2022_DELISTAVB_20260724.csv-69;666246;DEL_STAVBE;1;Stanovanjska hiša;STANOVANJSKA_HISA;1703;JEZERO;JEZERO;JEZERO 35;stavba 299, del 1;1/1;1.0;178.6;178.6;164.2;1936;455740.33;92583.57;150000.0;;Cena posla ni avtomatsko cena te sestavine;2022-08-10;3;Drug posel;2022;ETN_008_2022_KPP_2022_DELISTAVB_20260724.csv
D-2022-ETN_008_2022_KPP_2022_DELISTAVB_20260724.csv-70;665748;DEL_STAVBE;1;Stanovanjska hiša;STANOVANJSKA_HISA;1724;BREZOVICA;ŽABNICA;ŽABNICA 62 D;stavba 4372, del 1;1/1;1.0;166.2;166.2;120.3;2011;454116.1;95805.52;329000.0;;Cena posla ni avtomatsko cena te sestavine;2022-08-10;2;Tržen posel – neustrezni podatki;2022;ETN_008_2022_KPP_2022_DELISTAVB_20260724.csv
D-2022-ETN_008_2022_KPP_2022_DELISTAVB_20260724.csv-71;659391;DEL_STAVBE;1;Stanovanjska hiša;STANOVANJSKA_HISA;1724;BREZOVICA;ŽABNICA;ŽABNICA 15 B;stavba 4555, del 1;1/1;1.0;121.9;121.9;107.5;2016;453928.87;95573.83;360000.0;;Cena posla ni avtomatsko cena te sestavine;2022-06-07;2;Tržen posel – neustrezni podatki;2022;ETN_008_2022_KPP_2022_DELISTAVB_20260724.csv
D-2022-ETN_008_2022_KPP_2022_DELISTAVB_20260724.csv-72;637214;DEL_STAVBE;1;Stanovanjska hiša;STANOVANJSKA_HISA;1704;KAMNIK;KAMNIK POD KRIMOM;KAMNIK POD KRIMOM 3 E;stavba 830, del 1;1/2;0.5;169.9;84.95;141.1;2000;453250.54;91842.38;64000.0;;Cena posla ni avtomatsko cena te sestavine;2021-11-17;3;Drug posel;2022;ETN_008_2022_KPP_2022_DELISTAVB_20260724.csv
D-2022-ETN_008_2022_KPP_2022_DELISTAVB_20260724.csv-73;651006;DEL_STAVBE;2;Stanovanje;STANOVANJE;1724;BREZOVICA;BREZOVICA PRI LJUBLJANI;NA LAZIH 16;stavba 2377, del 3;1/1;1.0;31.0;31.0;31.0;1980;454456.84;97463.82;80000.0;;Cena posla ni avtomatsko cena te sestavine;2022-04-14;2;Tržen posel – neustrezni podatki;2022;ETN_008_2022_KPP_2022_DELISTAVB_20260724.csv
D-2022-ETN_008_2022_KPP_2022_DELISTAVB_20260724.csv-74;658998;DEL_STAVBE;2;Stanovanje;STANOVANJE;1724;BREZOVICA;BREZOVICA PRI LJUBLJANI;PODSVETIJA 24 F;stavba 3874, del 3;1/1;1.0;86.1;86.1;70.7;2008;455022.73;97978.81;286000.0;;Cena posla ni avtomatsko cena te sestavine;2022-06-13;2;Tržen posel – neustrezni podatki;2022;ETN_008_2022_KPP_2022_DELISTAVB_20260724.csv
D-2022-ETN_008_2022_KPP_2022_DELISTAVB_20260724.csv-75;659065;DEL_STAVBE;1;Stanovanjska hiša;STANOVANJSKA_HISA;1652;RAKITNA;RAKITNA;RAKITNA 191;stavba 558, del 1;1/1;1.0;58.2;58.2;49.5;1980;456343.04;82883.24;125000.0;;Cena posla ni avtomatsko cena te sestavine;2022-06-14;4;Neopredeljen posel;2022;ETN_008_2022_KPP_2022_DELISTAVB_20260724.csv
D-2022-ETN_008_2022_KPP_2022_DELISTAVB_20260724.csv-76;670064;DEL_STAVBE;1;Stanovanjska hiša;STANOVANJSKA_HISA;1652;RAKITNA;RAKITNA;RAKITNA 467;stavba 623, del 1;1/1;1.0;137.4;137.4;86.0;1979;456635.88;82512.86;332000.0;;Cena posla ni avtomatsko cena te sestavine;2022-09-09;2;Tržen posel – neustrezni podatki;2022;ETN_008_2022_KPP_2022_DELISTAVB_20260724.csv
D-2022-ETN_008_2022_KPP_2022_DELISTAVB_20260724.csv-77;670064;DEL_STAVBE;15;Drugo;POMOZNA_DRUGO;1652;RAKITNA;;;stavba 834, del 1;1/1;1.0;9.0;9.0;9.0;1979;456624.03;82505.11;332000.0;;Cena posla ni avtomatsko cena te sestavine;2022-09-09;2;Tržen posel – neustrezni podatki;2022;ETN_008_2022_KPP_2022_DELISTAVB_20260724.csv
D-2022-ETN_008_2022_KPP_2022_DELISTAVB_20260724.csv-78;659453;DEL_STAVBE;1;Stanovanjska hiša;STANOVANJSKA_HISA;1704;KAMNIK;KAMNIK POD KRIMOM;KAMNIK POD KRIMOM 3 E;stavba 830, del 1;1/2;0.5;169.9;84.95;141.1;2000;453250.54;91842.38;150000.0;;Cena posla ni avtomatsko cena te sestavine;2022-02-21;3;Drug posel;2022;ETN_008_2022_KPP_2022_DELISTAVB_20260724.csv
D-2022-ETN_008_2022_KPP_2022_DELISTAVB_20260724.csv-79;649043;DEL_STAVBE;13;Kmetijski objekt;KMETIJSKI_OBJEKT;1652;RAKITNA;;;stavba 358, del 1;1/3;0.3333333333333333;23.1;7.7;23.1;1995;456665.8;83625.0;25000.0;;Cena posla ni avtomatsko cena te sestavine;2022-03-16;3;Drug posel;2022;ETN_008_2022_KPP_2022_DELISTAVB_20260724.csv
D-2022-ETN_008_2022_KPP_2022_DELISTAVB_20260724.csv-80;649043;DEL_STAVBE;1;Stanovanjska hiša;STANOVANJSKA_HISA;1652;RAKITNA;RAKITNA;RAKITNA 68;stavba 357, del 1;1/3;0.3333333333333333;187.2;62.39999999999999;139.7;1995;456654.72;83631.12;25000.0;;Cena posla ni avtomatsko cena te sestavine;2022-03-16;3;Drug posel;2022;ETN_008_2022_KPP_2022_DELISTAVB_20260724.csv
D-2022-ETN_008_2022_KPP_2022_DELISTAVB_20260724.csv-81;669247;DEL_STAVBE;1;Stanovanjska hiša;STANOVANJSKA_HISA;1724;BREZOVICA;NOTRANJE GORICE;NA PESKE 1;stavba 3395, del 1;1/1;1.0;245.0;245.0;88.7;1924;453466.62;94353.34;100000.0;;Cena posla ni avtomatsko cena te sestavine;2022-09-01;2;Tržen posel – neustrezni podatki;2022;ETN_008_2022_KPP_2022_DELISTAVB_20260724.csv
D-2022-ETN_008_2022_KPP_2022_DELISTAVB_20260724.csv-82;669247;DEL_STAVBE;13;Kmetijski objekt;KMETIJSKI_OBJEKT;1724;BREZOVICA;;;stavba 3398, del 1;1/1;1.0;70.0;70.0;70.0;1924;453475.07;94375.9;100000.0;;Cena posla ni avtomatsko cena te sestavine;2022-09-01;2;Tržen posel – neustrezni podatki;2022;ETN_008_2022_KPP_2022_DELISTAVB_20260724.csv
D-2022-ETN_008_2022_KPP_2022_DELISTAVB_20260724.csv-83;669852;DEL_STAVBE;1;Stanovanjska hiša;STANOVANJSKA_HISA;1724;BREZOVICA;BREZOVICA PRI LJUBLJANI;ULICA JOŽETA KOPITARJA 19 A;stavba 487, del 1;1/1;1.0;322.4;322.4;135.4;1943;455345.12;98108.95;320000.0;;Cena posla ni avtomatsko cena te sestavine;2022-09-08;2;Tržen posel – neustrezni podatki;2022;ETN_008_2022_KPP_2022_DELISTAVB_20260724.csv
D-2022-ETN_008_2022_KPP_2022_DELISTAVB_20260724.csv-84;669852;DEL_STAVBE;14;Tehnični ali pomožni prostori;POMOZNA_DRUGO;1724;BREZOVICA;;;stavba 647, del 1;1/1;1.0;35.1;35.1;35.1;1984;455380.09;98112.39;320000.0;;Cena posla ni avtomatsko cena te sestavine;2022-09-08;2;Tržen posel – neustrezni podatki;2022;ETN_008_2022_KPP_2022_DELISTAVB_20260724.csv
D-2022-ETN_008_2022_KPP_2022_DELISTAVB_20260724.csv-85;658750;DEL_STAVBE;13;Kmetijski objekt;KMETIJSKI_OBJEKT;1652;RAKITNA;;;stavba 777, del 1;1/1;1.0;40.0;40.0;40.0;1930;457090.24;83166.94;140000.0;;Cena posla ni avtomatsko cena te sestavine;2022-06-07;3;Drug posel;2022;ETN_008_2022_KPP_2022_DELISTAVB_20260724.csv
D-2022-ETN_008_2022_KPP_2022_DELISTAVB_20260724.csv-86;658750;DEL_STAVBE;13;Kmetijski objekt;KMETIJSKI_OBJEKT;1652;RAKITNA;;;stavba 779, del 1;1/1;1.0;25.0;25.0;25.0;1930;457114.16;83148.56;140000.0;;Cena posla ni avtomatsko cena te sestavine;2022-06-07;3;Drug posel;2022;ETN_008_2022_KPP_2022_DELISTAVB_20260724.csv
D-2022-ETN_008_2022_KPP_2022_DELISTAVB_20260724.csv-87;658750;DEL_STAVBE;1;Stanovanjska hiša;STANOVANJSKA_HISA;1652;RAKITNA;RAKITNA;RAKITNA 102;stavba 778, del 1;1/1;1.0;68.0;68.0;44.0;1800;457099.07;83157.46;140000.0;;Cena posla ni avtomatsko cena te sestavine;2022-06-07;3;Drug posel;2022;ETN_008_2022_KPP_2022_DELISTAVB_20260724.csv
D-2022-ETN_008_2022_KPP_2022_DELISTAVB_20260724.csv-88;664317;DEL_STAVBE;1;Stanovanjska hiša;STANOVANJSKA_HISA;1724;BREZOVICA;VNANJE GORICE;POD GORICAMI 35;stavba 1288, del 1;1/2;0.5;212.8;106.4;94.4;1984;455458.1;96588.13;100000.0;;Cena posla ni avtomatsko cena te sestavine;2022-07-12;4;Neopredeljen posel;2022;ETN_008_2022_KPP_2022_DELISTAVB_20260724.csv
D-2022-ETN_008_2022_KPP_2022_DELISTAVB_20260724.csv-89;669369;DEL_STAVBE;1;Stanovanjska hiša;STANOVANJSKA_HISA;1724;BREZOVICA;ŽABNICA;ŽABNICA 62 C;stavba 4371, del 1;45/100;0.45;163.2;73.44;117.3;2011;454103.51;95806.02;117500.0;;Cena posla ni avtomatsko cena te sestavine;2022-08-31;3;Drug posel;2022;ETN_008_2022_KPP_2022_DELISTAVB_20260724.csv
D-2022-ETN_008_2022_KPP_2022_DELISTAVB_20260724.csv-90;664416;DEL_STAVBE;13;Kmetijski objekt;KMETIJSKI_OBJEKT;1703;JEZERO;;;stavba 95, del 1;1/1;1.0;48.0;48.0;48.0;1994;456486.66;92278.63;310000.0;;Cena posla ni avtomatsko cena te sestavine;2022-07-18;2;Tržen posel – neustrezni podatki;2022;ETN_008_2022_KPP_2022_DELISTAVB_20260724.csv
D-2022-ETN_008_2022_KPP_2022_DELISTAVB_20260724.csv-91;664416;DEL_STAVBE;13;Kmetijski objekt;KMETIJSKI_OBJEKT;1703;JEZERO;;;stavba 96, del 1;1/1;1.0;11.0;11.0;11.0;1994;456474.61;92281.01;310000.0;;Cena posla ni avtomatsko cena te sestavine;2022-07-18;2;Tržen posel – neustrezni podatki;2022;ETN_008_2022_KPP_2022_DELISTAVB_20260724.csv
D-2022-ETN_008_2022_KPP_2022_DELISTAVB_20260724.csv-92;664416;DEL_STAVBE;1;Stanovanjska hiša;STANOVANJSKA_HISA;1703;JEZERO;JEZERO;JEZERO 130;stavba 97, del 1;1/1;1.0;236.0;236.0;104.0;1980;456476.76;92309.11;310000.0;;Cena posla ni avtomatsko cena te sestavine;2022-07-18;2;Tržen posel – neustrezni podatki;2022;ETN_008_2022_KPP_2022_DELISTAVB_20260724.csv
D-2022-ETN_008_2022_KPP_2022_DELISTAVB_20260724.csv-93;664443;DEL_STAVBE;14;Tehnični ali pomožni prostori;POMOZNA_DRUGO;1724;BREZOVICA;;;stavba 3641, del 1;1/1;1.0;22.0;22.0;22.0;1980;455000.91;96499.18;240000.0;;Cena posla ni avtomatsko cena te sestavine;2022-07-14;2;Tržen posel – neustrezni podatki;2022;ETN_008_2022_KPP_2022_DELISTAVB_20260724.csv
D-2022-ETN_008_2022_KPP_2022_DELISTAVB_20260724.csv-94;664443;DEL_STAVBE;2;Stanovanje;STANOVANJE;1724;BREZOVICA;VNANJE GORICE;VNANJE GORICE 67;stavba 954, del 1;1/1;1.0;162.3;162.3;83.8;1980;454990.48;96497.54;240000.0;;Cena posla ni avtomatsko cena te sestavine;2022-07-14;2;Tržen posel – neustrezni podatki;2022;ETN_008_2022_KPP_2022_DELISTAVB_20260724.csv
D-2022-ETN_008_2022_KPP_2022_DELISTAVB_20260724.csv-95;669426;DEL_STAVBE;1;Stanovanjska hiša;STANOVANJSKA_HISA;1652;RAKITNA;RAKITNA;RAKITNA 40;stavba 267, del 1;1/1;1.0;83.2;83.2;54.1;1985;456313.45;83630.02;90000.0;;Cena posla ni avtomatsko cena te sestavine;2022-09-06;2;Tržen posel – neustrezni podatki;2022;ETN_008_2022_KPP_2022_DELISTAVB_20260724.csv
D-2022-ETN_008_2022_KPP_2022_DELISTAVB_20260724.csv-96;669426;DEL_STAVBE;4;Garaža;PARKIRANJE;1652;RAKITNA;;;stavba 268, del 1;1/1;1.0;27.0;27.0;27.0;1967;456302.4;83627.2;90000.0;;Cena posla ni avtomatsko cena te sestavine;2022-09-06;2;Tržen posel – neustrezni podatki;2022;ETN_008_2022_KPP_2022_DELISTAVB_20260724.csv
D-2022-ETN_008_2022_KPP_2022_DELISTAVB_20260724.csv-97;669426;DEL_STAVBE;13;Kmetijski objekt;KMETIJSKI_OBJEKT;1652;RAKITNA;;;stavba 266, del 1;1/1;1.0;32.0;32.0;32.0;1967;456303.08;83641.71;90000.0;;Cena posla ni avtomatsko cena te sestavine;2022-09-06;2;Tržen posel – neustrezni podatki;2022;ETN_008_2022_KPP_2022_DELISTAVB_20260724.csv
D-2022-ETN_008_2022_KPP_2022_DELISTAVB_20260724.csv-98;658902;DEL_STAVBE;11;Industrijski prostori;POSLOVNA_DRUGA;1705;PRESERJE;;;stavba 699, del 1;1/1;1.0;120.0;120.0;120.0;1998;454514.16;92019.92;147000.0;;Cena posla ni avtomatsko cena te sestavine;2022-06-13;4;Neopredeljen posel;2022;ETN_008_2022_KPP_2022_DELISTAVB_20260724.csv
D-2022-ETN_008_2022_KPP_2022_DELISTAVB_20260724.csv-99;658975;DEL_STAVBE;1;Stanovanjska hiša;STANOVANJSKA_HISA;1724;BREZOVICA;BREZOVICA PRI LJUBLJANI;PODPEŠKA CESTA 89 B;stavba 4644, del 1;1/1;1.0;129.0;129.0;129.0;2018;454734.64;97411.65;170000.0;;Cena posla ni avtomatsko cena te sestavine;2022-06-10;3;Drug posel;2022;ETN_008_2022_KPP_2022_DELISTAVB_20260724.csv
D-2022-ETN_008_2022_KPP_2022_DELISTAVB_20260724.csv-100;640550;DEL_STAVBE;13;Kmetijski objekt;KMETIJSKI_OBJEKT;1704;KAMNIK;;;stavba 480, del 1;1/1;1.0;20.0;20.0;20.0;1997;453366.58;91427.02;96000.0;;Cena posla ni avtomatsko cena te sestavine;2022-01-17;5;V preverjanju;2022;ETN_008_2022_KPP_2022_DELISTAVB_20260724.csv
D-2022-ETN_008_2022_KPP_2022_DELISTAVB_20260724.csv-101;633610;DEL_STAVBE;1;Stanovanjska hiša;STANOVANJSKA_HISA;1652;RAKITNA;RAKITNA;RAKITNA 414;stavba 956, del 1;1/1;1.0;121.9;121.9;115.2;2013;456599.03;82732.82;260000.0;;Cena posla ni avtomatsko cena te sestavine;2021-12-24;2;Tržen posel – neustrezni podatki;2022;ETN_008_2022_KPP_2022_DELISTAVB_20260724.csv
D-2022-ETN_008_2022_KPP_2022_DELISTAVB_20260724.csv-102;642568;DEL_STAVBE;1;Stanovanjska hiša;STANOVANJSKA_HISA;1724;BREZOVICA;NOTRANJE GORICE;PODKLIN 9 A;stavba 4209, del 1;1/1;1.0;147.6;147.6;119.7;2009;453377.22;94136.58;204000.0;;Cena posla ni avtomatsko cena te sestavine;2022-02-14;5;V preverjanju;2022;ETN_008_2022_KPP_2022_DELISTAVB_20260724.csv
D-2022-ETN_008_2022_KPP_2022_DELISTAVB_20260724.csv-103;633737;DEL_STAVBE;1;Stanovanjska hiša;STANOVANJSKA_HISA;1704;KAMNIK;KAMNIK POD KRIMOM;KAMNIK POD KRIMOM 14;stavba 191, del 1;1/8;0.125;148.1;18.5125;111.1;1945;453464.06;91579.25;8297.8;;Cena posla ni avtomatsko cena te sestavine;2021-11-24;3;Drug posel;2022;ETN_008_2022_KPP_2022_DELISTAVB_20260724.csv
D-2022-ETN_008_2022_KPP_2022_DELISTAVB_20260724.csv-104;633737;DEL_STAVBE;13;Kmetijski objekt;KMETIJSKI_OBJEKT;1704;KAMNIK;;;stavba 823, del 1;1/8;0.125;40.0;5.0;40.0;1945;453477.77;91568.5;8297.8;;Cena posla ni avtomatsko cena te sestavine;2021-11-24;3;Drug posel;2022;ETN_008_2022_KPP_2022_DELISTAVB_20260724.csv
D-2022-ETN_008_2022_KPP_2022_DELISTAVB_20260724.csv-105;633761;DEL_STAVBE;1;Stanovanjska hiša;STANOVANJSKA_HISA;1724;BREZOVICA;VNANJE GORICE;POŽARNICE 116;stavba 1220, del 1;1/2;0.5;176.3;88.15;118.4;2000;455280.99;96168.64;100000.0;;Cena posla ni avtomatsko cena te sestavine;2021-11-30;4;Neopredeljen posel;2022;ETN_008_2022_KPP_2022_DELISTAVB_20260724.csv
D-2022-ETN_008_2022_KPP_2022_DELISTAVB_20260724.csv-106;633761;DEL_STAVBE;4;Garaža;PARKIRANJE;1724;BREZOVICA;VNANJE GORICE;POŽARNICE 116;stavba 1220, del 2;1/2;0.5;20.3;10.15;20.3;2000;455280.99;96168.64;100000.0;;Cena posla ni avtomatsko cena te sestavine;2021-11-30;4;Neopredeljen posel;2022;ETN_008_2022_KPP_2022_DELISTAVB_20260724.csv
D-2022-ETN_008_2022_KPP_2022_DELISTAVB_20260724.csv-107;633775;DEL_STAVBE;13;Kmetijski objekt;KMETIJSKI_OBJEKT;1724;BREZOVICA;;;stavba 3531, del 1;1/3;0.3333333333333333;80.0;26.666666666666664;80.0;1800;453558.25;94236.03;35515.0;;Cena posla ni avtomatsko cena te sestavine;2021-09-15;3;Drug posel;2022;ETN_008_2022_KPP_2022_DELISTAVB_20260724.csv
D-2022-ETN_008_2022_KPP_2022_DELISTAVB_20260724.csv-108;633775;DEL_STAVBE;1;Stanovanjska hiša;STANOVANJSKA_HISA;1724;BREZOVICA;NOTRANJE GORICE;PODPEŠKA CESTA 403;stavba 3542, del 1;1/3;0.3333333333333333;108.0;36.0;88.0;1800;453567.76;94226.47;35515.0;;Cena posla ni avtomatsko cena te sestavine;2021-09-15;3;Drug posel;2022;ETN_008_2022_KPP_2022_DELISTAVB_20260724.csv
D-2022-ETN_008_2022_KPP_2022_DELISTAVB_20260724.csv-109;633849;DEL_STAVBE;1;Stanovanjska hiša;STANOVANJSKA_HISA;1724;BREZOVICA;NOTRANJE GORICE;MAVSARJEVA CESTA 13;stavba 3148, del 1;1/1;1.0;129.5;129.5;125.5;1960;454030.93;95094.48;85000.0;;Cena posla ni avtomatsko cena te sestavine;2021-10-26;3;Drug posel;2022;ETN_008_2022_KPP_2022_DELISTAVB_20260724.csv
D-2022-ETN_008_2022_KPP_2022_DELISTAVB_20260724.csv-110;633849;DEL_STAVBE;13;Kmetijski objekt;KMETIJSKI_OBJEKT;1724;BREZOVICA;;;stavba 3149, del 1;1/1;1.0;37.5;37.5;37.5;1960;454034.05;95083.38;85000.0;;Cena posla ni avtomatsko cena te sestavine;2021-10-26;3;Drug posel;2022;ETN_008_2022_KPP_2022_DELISTAVB_20260724.csv
D-2022-ETN_008_2022_KPP_2022_DELISTAVB_20260724.csv-111;633901;DEL_STAVBE;2;Stanovanje;STANOVANJE;1724;BREZOVICA;VNANJE GORICE;PODPEŠKA CESTA 145;stavba 2539, del 8;1/1;1.0;51.8;51.8;51.8;1972;454536.78;96727.04;60000.0;;Cena posla ni avtomatsko cena te sestavine;2021-11-11;2;Tržen posel – neustrezni podatki;2022;ETN_008_2022_KPP_2022_DELISTAVB_20260724.csv
D-2022-ETN_008_2022_KPP_2022_DELISTAVB_20260724.csv-112;632190;DEL_STAVBE;2;Stanovanje;STANOVANJE;1724;BREZOVICA;VNANJE GORICE;PODPEŠKA CESTA 145;stavba 2539, del 5;1/1;1.0;112.2;112.2;70.7;1972;454536.78;96727.04;105000.0;;Cena posla ni avtomatsko cena te sestavine;2021-11-11;2;Tržen posel – neustrezni podatki;2022;ETN_008_2022_KPP_2022_DELISTAVB_20260724.csv
D-2022-ETN_008_2022_KPP_2022_DELISTAVB_20260724.csv-113;632261;DEL_STAVBE;2;Stanovanje;STANOVANJE;1724;BREZOVICA;VNANJE GORICE;PODPEŠKA CESTA 145;stavba 2539, del 1;1/1;1.0;77.4;77.4;77.4;1972;454536.78;96727.04;90000.0;;Cena posla ni avtomatsko cena te sestavine;2021-11-11;2;Tržen posel – neustrezni podatki;2022;ETN_008_2022_KPP_2022_DELISTAVB_20260724.csv
D-2022-ETN_008_2022_KPP_2022_DELISTAVB_20260724.csv-114;672360;DEL_STAVBE;1;Stanovanjska hiša;STANOVANJSKA_HISA;1705;PRESERJE;PODPEČ;PODPEČ 14 B;stavba 825, del 1;1/1;1.0;234.1;234.1;122.0;2011;454809.08;92323.02;420000.0;;Cena posla ni avtomatsko cena te sestavine;2022-09-29;2;Tržen posel – neustrezni podatki;2022;ETN_008_2022_KPP_2022_DELISTAVB_20260724.csv
D-2023-ETN_008_2023_KPP_2023_DELISTAVB_20260724.csv-2;682974;DEL_STAVBE;13;Kmetijski objekt;KMETIJSKI_OBJEKT;1724;BREZOVICA;;;stavba 1257, del 1;1/1;1.0;15.6;15.6;15.6;1976;455598.22;96881.52;375000.0;;Cena posla ni avtomatsko cena te sestavine;2022-10-26;2;Tržen posel – neustrezni podatki;2023;ETN_008_2023_KPP_2023_DELISTAVB_20260724.csv
D-2023-ETN_008_2023_KPP_2023_DELISTAVB_20260724.csv-3;682974;DEL_STAVBE;1;Stanovanjska hiša;STANOVANJSKA_HISA;1724;BREZOVICA;VNANJE GORICE;NOVA POT 112;stavba 1258, del 1;1/1;1.0;193.3;193.3;158.3;1976;455596.4;96900.69;375000.0;;Cena posla ni avtomatsko cena te sestavine;2022-10-26;2;Tržen posel – neustrezni podatki;2023;ETN_008_2023_KPP_2023_DELISTAVB_20260724.csv
D-2023-ETN_008_2023_KPP_2023_DELISTAVB_20260724.csv-4;683512;DEL_STAVBE;1;Stanovanjska hiša;STANOVANJSKA_HISA;1724;BREZOVICA;NOTRANJE GORICE;CESTA NA LOG 47;stavba 3332, del 1;1/1;1.0;292.7;292.7;64.6;1972;453055.2;94299.77;260000.0;;Cena posla ni avtomatsko cena te sestavine;2022-12-24;2;Tržen posel – neustrezni podatki;2023;ETN_008_2023_KPP_2023_DELISTAVB_20260724.csv
D-2023-ETN_008_2023_KPP_2023_DELISTAVB_20260724.csv-5;683512;DEL_STAVBE;13;Kmetijski objekt;KMETIJSKI_OBJEKT;1724;BREZOVICA;NOTRANJE GORICE;CESTA NA LOG 47;stavba 3332, del 2;1/1;1.0;90.0;90.0;90.0;1972;453055.2;94299.77;260000.0;;Cena posla ni avtomatsko cena te sestavine;2022-12-24;2;Tržen posel – neustrezni podatki;2023;ETN_008_2023_KPP_2023_DELISTAVB_20260724.csv
D-2023-ETN_008_2023_KPP_2023_DELISTAVB_20260724.csv-6;683033;DEL_STAVBE;13;Kmetijski objekt;KMETIJSKI_OBJEKT;1724;BREZOVICA;;;stavba 3392, del 1;1/1;1.0;30.0;30.0;30.0;1850;453414.8;94351.13;75000.0;;Cena posla ni avtomatsko cena te sestavine;2022-12-27;2;Tržen posel – neustrezni podatki;2023;ETN_008_2023_KPP_2023_DELISTAVB_20260724.csv
D-2023-ETN_008_2023_KPP_2023_DELISTAVB_20260724.csv-7;683033;DEL_STAVBE;13;Kmetijski objekt;KMETIJSKI_OBJEKT;1724;BREZOVICA;;;stavba 3393, del 1;1/1;1.0;20.0;20.0;20.0;1850;453416.15;94346.05;75000.0;;Cena posla ni avtomatsko cena te sestavine;2022-12-27;2;Tržen posel – neustrezni podatki;2023;ETN_008_2023_KPP_2023_DELISTAVB_20260724.csv
D-2023-ETN_008_2023_KPP_2023_DELISTAVB_20260724.csv-8;684106;DEL_STAVBE;1;Stanovanjska hiša;STANOVANJSKA_HISA;1724;BREZOVICA;PODPLEŠIVICA;PODPLEŠIVICA 83;stavba 1821, del 1;1/1;1.0;257.0;257.0;126.0;1986;451945.82;96184.29;226500.0;;Cena posla ni avtomatsko cena te sestavine;2023-01-12;3;Drug posel;2023;ETN_008_2023_KPP_2023_DELISTAVB_20260724.csv
D-2023-ETN_008_2023_KPP_2023_DELISTAVB_20260724.csv-9;684106;DEL_STAVBE;15;Drugo;POMOZNA_DRUGO;1724;BREZOVICA;;;stavba 1822, del 1;1/1;1.0;32.0;32.0;32.0;1986;451960.37;96184.62;226500.0;;Cena posla ni avtomatsko cena te sestavine;2023-01-12;3;Drug posel;2023;ETN_008_2023_KPP_2023_DELISTAVB_20260724.csv
D-2023-ETN_008_2023_KPP_2023_DELISTAVB_20260724.csv-10;684666;DEL_STAVBE;2;Stanovanje;STANOVANJE;1724;BREZOVICA;ŽABNICA;ŽABNICA 75;stavba 2909, del 1;1/1;1.0;37.0;37.0;37.0;1926;454062.94;95647.94;332000.0;;Cena posla ni avtomatsko cena te sestavine;2023-01-09;2;Tržen posel – neustrezni podatki;2023;ETN_008_2023_KPP_2023_DELISTAVB_20260724.csv
D-2023-ETN_008_2023_KPP_2023_DELISTAVB_20260724.csv-11;684666;DEL_STAVBE;2;Stanovanje;STANOVANJE;1724;BREZOVICA;ŽABNICA;ŽABNICA 75;stavba 2909, del 2;1/1;1.0;103.2;103.2;88.9;1926;454062.94;95647.94;332000.0;;Cena posla ni avtomatsko cena te sestavine;2023-01-09;2;Tržen posel – neustrezni podatki;2023;ETN_008_2023_KPP_2023_DELISTAVB_20260724.csv
D-2023-ETN_008_2023_KPP_2023_DELISTAVB_20260724.csv-12;746199;DEL_STAVBE;14;Tehnični ali pomožni prostori;POMOZNA_DRUGO;1724;BREZOVICA;;;stavba 4680, del 1;1/3;0.3333333333333333;18.7;6.2333333333333325;18.7;1970;455006.48;96413.08;60000.0;;Cena posla ni avtomatsko cena te sestavine;2023-07-10;3;Drug posel;2023;ETN_008_2023_KPP_2023_DELISTAVB_20260724.csv
D-2023-ETN_008_2023_KPP_2023_DELISTAVB_20260724.csv-13;746199;DEL_STAVBE;1;Stanovanjska hiša;STANOVANJSKA_HISA;1724;BREZOVICA;VNANJE GORICE;VNANJE GORICE 64;stavba 1077, del 1;1/3;0.3333333333333333;194.4;64.8;159.5;1871;454995.94;96413.87;60000.0;;Cena posla ni avtomatsko cena te sestavine;2023-07-10;3;Drug posel;2023;ETN_008_2023_KPP_2023_DELISTAVB_20260724.csv
D-2023-ETN_008_2023_KPP_2023_DELISTAVB_20260724.csv-14;739946;DEL_STAVBE;2;Stanovanje;STANOVANJE;1724;BREZOVICA;VNANJE GORICE;PODPEŠKA CESTA 192;stavba 2766, del 1;1/1;1.0;34.1;34.1;34.1;1967;454576.01;96114.43;105000.0;;Cena posla ni avtomatsko cena te sestavine;2023-04-20;1;Tržen posel;2023;ETN_008_2023_KPP_2023_DELISTAVB_20260724.csv
D-2023-ETN_008_2023_KPP_2023_DELISTAVB_20260724.csv-15;736913;DEL_STAVBE;1;Stanovanjska hiša;STANOVANJSKA_HISA;1705;PRESERJE;KAMNIK POD KRIMOM;KAMNIK POD KRIMOM 113;stavba 624, del 1;1/1;1.0;62.0;62.0;33.0;1950;454298.19;91594.18;103400.0;;Cena posla ni avtomatsko cena te sestavine;2023-02-28;4;Neopredeljen posel;2023;ETN_008_2023_KPP_2023_DELISTAVB_20260724.csv
D-2023-ETN_008_2023_KPP_2023_DELISTAVB_20260724.csv-16;736944;DEL_STAVBE;2;Stanovanje;STANOVANJE;1724;BREZOVICA;PODPEČ;PODPEČ 63;stavba 1410, del 17;1/1;1.0;60.2;60.2;58.4;1949;454746.46;92936.7;100000.0;;Cena posla ni avtomatsko cena te sestavine;2023-03-14;1;Tržen posel;2023;ETN_008_2023_KPP_2023_DELISTAVB_20260724.csv
D-2023-ETN_008_2023_KPP_2023_DELISTAVB_20260724.csv-17;734155;DEL_STAVBE;2;Stanovanje;STANOVANJE;1724;BREZOVICA;VNANJE GORICE;NOVA POT 127 F;stavba 4159, del 2;1/1;1.0;86.1;86.1;69.1;2009;456044.21;96987.74;170000.0;;Cena posla ni avtomatsko cena te sestavine;2023-02-24;2;Tržen posel – neustrezni podatki;2023;ETN_008_2023_KPP_2023_DELISTAVB_20260724.csv
D-2023-ETN_008_2023_KPP_2023_DELISTAVB_20260724.csv-18;738668;DEL_STAVBE;1;Stanovanjska hiša;STANOVANJSKA_HISA;1724;BREZOVICA;BREZOVICA PRI LJUBLJANI;TRŽAŠKA CESTA 473;stavba 228, del 1;1/1;1.0;162.3;162.3;73.9;1945;455577.25;98540.32;276850.0;;Cena posla ni avtomatsko cena te sestavine;2023-04-19;2;Tržen posel – neustrezni podatki;2023;ETN_008_2023_KPP_2023_DELISTAVB_20260724.csv
D-2023-ETN_008_2023_KPP_2023_DELISTAVB_20260724.csv-19;686109;DEL_STAVBE;2;Stanovanje;STANOVANJE;1705;PRESERJE;PRESERJE;PRESERJE 54 T;stavba 873, del 2;1/2;0.5;151.2;75.6;121.0;2022;455249.56;90546.24;270000.0;;Cena posla ni avtomatsko cena te sestavine;2023-03-09;2;Tržen posel – neustrezni podatki;2023;ETN_008_2023_KPP_2023_DELISTAVB_20260724.csv
D-2023-ETN_008_2023_KPP_2023_DELISTAVB_20260724.csv-20;737502;DEL_STAVBE;1;Stanovanjska hiša;STANOVANJSKA_HISA;1724;BREZOVICA;BREZOVICA PRI LJUBLJANI;REMŠKARJEVA CESTA 18;stavba 92, del 1;1/1;1.0;211.8;211.8;149.0;1980;455274.2;98664.05;210000.0;;Cena posla ni avtomatsko cena te sestavine;2023-03-27;4;Neopredeljen posel;2023;ETN_008_2023_KPP_2023_DELISTAVB_20260724.csv
D-2023-ETN_008_2023_KPP_2023_DELISTAVB_20260724.csv-21;737585;DEL_STAVBE;1;Stanovanjska hiša;STANOVANJSKA_HISA;1724;BREZOVICA;BREZOVICA PRI LJUBLJANI;MALOVAŠKA ULICA 24;stavba 1734, del 1;1/2;0.5;279.5;139.75;241.0;1995;454561.8;98224.26;115000.0;;Cena posla ni avtomatsko cena te sestavine;2023-03-31;3;Drug posel;2023;ETN_008_2023_KPP_2023_DELISTAVB_20260724.csv
D-2023-ETN_008_2023_KPP_2023_DELISTAVB_20260724.csv-22;734560;DEL_STAVBE;1;Stanovanjska hiša;STANOVANJSKA_HISA;1703;JEZERO;JEZERO;JEZERO 117 B;stavba 54, del 1;1/1;1.0;50.0;50.0;25.0;1973;456385.86;92177.87;50000.0;;Cena posla ni avtomatsko cena te sestavine;2023-02-03;2;Tržen posel – neustrezni podatki;2023;ETN_008_2023_KPP_2023_DELISTAVB_20260724.csv
D-2023-ETN_008_2023_KPP_2023_DELISTAVB_20260724.csv-23;689302;DEL_STAVBE;1;Stanovanjska hiša;STANOVANJSKA_HISA;1652;RAKITNA;RAKITNA;RAKITNA 93;stavba 400, del 1;1/1;1.0;144.0;144.0;80.0;1800;456817.49;83575.2;95000.0;;Cena posla ni avtomatsko cena te sestavine;2023-01-25;2;Tržen posel – neustrezni podatki;2023;ETN_008_2023_KPP_2023_DELISTAVB_20260724.csv
D-2023-ETN_008_2023_KPP_2023_DELISTAVB_20260724.csv-24;741394;DEL_STAVBE;1;Stanovanjska hiša;STANOVANJSKA_HISA;1724;BREZOVICA;BREZOVICA PRI LJUBLJANI;NA LAZIH 6;stavba 4596, del 1;1/1;1.0;274.5;274.5;191.8;2016;454550.94;97440.53;820000.0;;Cena posla ni avtomatsko cena te sestavine;2023-05-11;2;Tržen posel – neustrezni podatki;2023;ETN_008_2023_KPP_2023_DELISTAVB_20260724.csv
D-2023-ETN_008_2023_KPP_2023_DELISTAVB_20260724.csv-25;680915;DEL_STAVBE;1;Stanovanjska hiša;STANOVANJSKA_HISA;1703;JEZERO;JEZERO;JEZERO 205;stavba 642, del 1;1/1;1.0;98.8;98.8;96.0;2009;455101.7;93108.52;320000.0;;Cena posla ni avtomatsko cena te sestavine;2022-12-12;2;Tržen posel – neustrezni podatki;2023;ETN_008_2023_KPP_2023_DELISTAVB_20260724.csv
D-2023-ETN_008_2023_KPP_2023_DELISTAVB_20260724.csv-26;678663;DEL_STAVBE;2;Stanovanje;STANOVANJE;1705;PRESERJE;;;stavba 873, del 1;1/2;0.5;;;;2022;;;205000.0;;Cena posla ni avtomatsko cena te sestavine;2022-11-25;2;Tržen posel – neustrezni podatki;2023;ETN_008_2023_KPP_2023_DELISTAVB_20260724.csv
D-2023-ETN_008_2023_KPP_2023_DELISTAVB_20260724.csv-27;744061;DEL_STAVBE;1;Stanovanjska hiša;STANOVANJSKA_HISA;1652;RAKITNA;RAKITNA;RAKITNA 336;stavba 559, del 1;3/4;0.75;170.8;128.10000000000002;103.2;1900;456341.31;82843.97;123000.0;;Cena posla ni avtomatsko cena te sestavine;2023-05-15;3;Drug posel;2023;ETN_008_2023_KPP_2023_DELISTAVB_20260724.csv
D-2023-ETN_008_2023_KPP_2023_DELISTAVB_20260724.csv-28;688906;DEL_STAVBE;1;Stanovanjska hiša;STANOVANJSKA_HISA;1724;BREZOVICA;NOTRANJE GORICE;V KOSOV LAZ 18;stavba 3371, del 1;1/1;1.0;177.1;177.1;107.7;1979;453350.55;94429.26;22700.0;;Cena posla ni avtomatsko cena te sestavine;2022-11-22;3;Drug posel;2023;ETN_008_2023_KPP_2023_DELISTAVB_20260724.csv
D-2023-ETN_008_2023_KPP_2023_DELISTAVB_20260724.csv-29;688906;DEL_STAVBE;13;Kmetijski objekt;KMETIJSKI_OBJEKT;1724;BREZOVICA;;;stavba 3373, del 1;1/1;1.0;32.5;32.5;32.5;1979;453363.16;94429.39;22700.0;;Cena posla ni avtomatsko cena te sestavine;2022-11-22;3;Drug posel;2023;ETN_008_2023_KPP_2023_DELISTAVB_20260724.csv
D-2023-ETN_008_2023_KPP_2023_DELISTAVB_20260724.csv-30;688850;DEL_STAVBE;1;Stanovanjska hiša;STANOVANJSKA_HISA;1705;PRESERJE;PRESERJE;PRESERJE 54 P;stavba 854, del 1;1/1;1.0;113.7;113.7;98.5;2016;455141.77;90682.82;230000.0;;Cena posla ni avtomatsko cena te sestavine;2022-12-23;2;Tržen posel – neustrezni podatki;2023;ETN_008_2023_KPP_2023_DELISTAVB_20260724.csv
D-2023-ETN_008_2023_KPP_2023_DELISTAVB_20260724.csv-31;690243;DEL_STAVBE;1;Stanovanjska hiša;STANOVANJSKA_HISA;1724;BREZOVICA;NOTRANJE GORICE;PODPEŠKA CESTA 362;stavba 2318, del 1;1/1;1.0;212.6;212.6;96.1;1963;453705.55;94757.26;177000.0;;Cena posla ni avtomatsko cena te sestavine;2023-02-06;2;Tržen posel – neustrezni podatki;2023;ETN_008_2023_KPP_2023_DELISTAVB_20260724.csv
D-2023-ETN_008_2023_KPP_2023_DELISTAVB_20260724.csv-32;690387;DEL_STAVBE;1;Stanovanjska hiša;STANOVANJSKA_HISA;1724;BREZOVICA;NOTRANJE GORICE;MAVSARJEVA CESTA 7;stavba 4400, del 1;1/1;1.0;346.8;346.8;210.3;1990;454035.03;95159.11;250000.0;;Cena posla ni avtomatsko cena te sestavine;2023-02-13;3;Drug posel;2023;ETN_008_2023_KPP_2023_DELISTAVB_20260724.csv
D-2023-ETN_008_2023_KPP_2023_DELISTAVB_20260724.csv-33;690387;DEL_STAVBE;13;Kmetijski objekt;KMETIJSKI_OBJEKT;1724;BREZOVICA;;;stavba 3052, del 1;1/1;1.0;26.0;26.0;26.0;1990;454038.3;95151.39;250000.0;;Cena posla ni avtomatsko cena te sestavine;2023-02-13;3;Drug posel;2023;ETN_008_2023_KPP_2023_DELISTAVB_20260724.csv
D-2023-ETN_008_2023_KPP_2023_DELISTAVB_20260724.csv-34;790821;DEL_STAVBE;1;Stanovanjska hiša;STANOVANJSKA_HISA;1703;JEZERO;JEZERO;JEZERO 204;stavba 641, del 1;1/1;1.0;98.8;98.8;96.0;2009;455093.37;93103.56;390000.0;;Cena posla ni avtomatsko cena te sestavine;2023-10-18;2;Tržen posel – neustrezni podatki;2023;ETN_008_2023_KPP_2023_DELISTAVB_20260724.csv
D-2023-ETN_008_2023_KPP_2023_DELISTAVB_20260724.csv-35;791051;DEL_STAVBE;13;Kmetijski objekt;KMETIJSKI_OBJEKT;1705;PRESERJE;;;stavba 570, del 1;1/1;1.0;20.3;20.3;20.3;1990;454904.37;92671.29;1040.0;;Cena posla ni avtomatsko cena te sestavine;2023-11-02;2;Tržen posel – neustrezni podatki;2023;ETN_008_2023_KPP_2023_DELISTAVB_20260724.csv
D-2023-ETN_008_2023_KPP_2023_DELISTAVB_20260724.csv-36;747761;DEL_STAVBE;1;Stanovanjska hiša;STANOVANJSKA_HISA;1652;RAKITNA;RAKITNA;RAKITNA 239;stavba 157, del 1;1/1;1.0;60.0;60.0;42.6;1964;456059.0;83313.04;264000.0;;Cena posla ni avtomatsko cena te sestavine;2023-06-19;2;Tržen posel – neustrezni podatki;2023;ETN_008_2023_KPP_2023_DELISTAVB_20260724.csv
D-2023-ETN_008_2023_KPP_2023_DELISTAVB_20260724.csv-37;754633;DEL_STAVBE;1;Stanovanjska hiša;STANOVANJSKA_HISA;1724;BREZOVICA;PLEŠIVICA;PLEŠIVICA 54;stavba 2003, del 1;1/12;0.08333333333333333;70.0;5.833333333333333;70.0;1887;453130.49;95600.89;14500.0;;Cena posla ni avtomatsko cena te sestavine;2023-08-16;3;Drug posel;2023;ETN_008_2023_KPP_2023_DELISTAVB_20260724.csv
D-2023-ETN_008_2023_KPP_2023_DELISTAVB_20260724.csv-38;754633;DEL_STAVBE;13;Kmetijski objekt;KMETIJSKI_OBJEKT;1724;BREZOVICA;;;stavba 2004, del 1;1/12;0.08333333333333333;108.0;9.0;108.0;1878;453139.69;95574.66;14500.0;;Cena posla ni avtomatsko cena te sestavine;2023-08-16;3;Drug posel;2023;ETN_008_2023_KPP_2023_DELISTAVB_20260724.csv
D-2023-ETN_008_2023_KPP_2023_DELISTAVB_20260724.csv-39;754633;DEL_STAVBE;13;Kmetijski objekt;KMETIJSKI_OBJEKT;1724;BREZOVICA;;;stavba 2003, del 2;1/12;0.08333333333333333;19.9;1.6583333333333332;19.9;1887;453130.49;95600.89;14500.0;;Cena posla ni avtomatsko cena te sestavine;2023-08-16;3;Drug posel;2023;ETN_008_2023_KPP_2023_DELISTAVB_20260724.csv
D-2023-ETN_008_2023_KPP_2023_DELISTAVB_20260724.csv-40;754715;DEL_STAVBE;1;Stanovanjska hiša;STANOVANJSKA_HISA;1724;BREZOVICA;NOTRANJE GORICE;PODOVNICE 46;stavba 4068, del 1;1/1;1.0;195.1;195.1;117.0;2007;453611.99;94473.64;436275.0;;Cena posla ni avtomatsko cena te sestavine;2023-09-01;2;Tržen posel – neustrezni podatki;2023;ETN_008_2023_KPP_2023_DELISTAVB_20260724.csv
D-2023-ETN_008_2023_KPP_2023_DELISTAVB_20260724.csv-41;756275;DEL_STAVBE;1;Stanovanjska hiša;STANOVANJSKA_HISA;1724;BREZOVICA;PODPLEŠIVICA;PODPLEŠIVICA 83;stavba 1821, del 1;1/1;1.0;257.0;257.0;126.0;1986;451945.82;96184.29;300000.0;;Cena posla ni avtomatsko cena te sestavine;2023-09-26;2;Tržen posel – neustrezni podatki;2023;ETN_008_2023_KPP_2023_DELISTAVB_20260724.csv
D-2023-ETN_008_2023_KPP_2023_DELISTAVB_20260724.csv-42;756275;DEL_STAVBE;14;Tehnični ali pomožni prostori;POMOZNA_DRUGO;1724;BREZOVICA;;;stavba 1822, del 1;1/1;1.0;32.0;32.0;32.0;1998;451960.37;96184.62;300000.0;;Cena posla ni avtomatsko cena te sestavine;2023-09-26;2;Tržen posel – neustrezni podatki;2023;ETN_008_2023_KPP_2023_DELISTAVB_20260724.csv
D-2023-ETN_008_2023_KPP_2023_DELISTAVB_20260724.csv-43;756330;DEL_STAVBE;1;Stanovanjska hiša;STANOVANJSKA_HISA;1705;PRESERJE;PRESERJE;PRESERJE 42 D;stavba 776, del 1;1/1;1.0;284.7;284.7;123.6;2007;455214.77;90810.46;350000.0;;Cena posla ni avtomatsko cena te sestavine;2023-09-27;1;Tržen posel;2023;ETN_008_2023_KPP_2023_DELISTAVB_20260724.csv
D-2023-ETN_008_2023_KPP_2023_DELISTAVB_20260724.csv-44;747954;DEL_STAVBE;2;Stanovanje;STANOVANJE;1724;BREZOVICA;NOTRANJE GORICE;MAVSARJEVA CESTA 28;stavba 3143, del 1;1/1;1.0;58.6;58.6;49.0;1943;454006.03;94997.55;70000.0;;Cena posla ni avtomatsko cena te sestavine;2023-06-01;4;Neopredeljen posel;2023;ETN_008_2023_KPP_2023_DELISTAVB_20260724.csv
D-2023-ETN_008_2023_KPP_2023_DELISTAVB_20260724.csv-45;791912;DEL_STAVBE;1;Stanovanjska hiša;STANOVANJSKA_HISA;1705;PRESERJE;PRESERJE;PRESERJE 39 B;stavba 443, del 1;1/1;1.0;278.5;278.5;156.0;1977;455134.97;90815.67;340000.0;;Cena posla ni avtomatsko cena te sestavine;2023-11-16;3;Drug posel;2023;ETN_008_2023_KPP_2023_DELISTAVB_20260724.csv
D-2023-ETN_008_2023_KPP_2023_DELISTAVB_20260724.csv-46;791590;DEL_STAVBE;1;Stanovanjska hiša;STANOVANJSKA_HISA;1724;BREZOVICA;BREZOVICA PRI LJUBLJANI;ZALOŽNIKOVA ULICA 10;stavba 681, del 1;1/1;1.0;276.5;276.5;208.9;1967;455626.55;98224.17;260000.0;;Cena posla ni avtomatsko cena te sestavine;2023-11-08;2;Tržen posel – neustrezni podatki;2023;ETN_008_2023_KPP_2023_DELISTAVB_20260724.csv
D-2023-ETN_008_2023_KPP_2023_DELISTAVB_20260724.csv-47;791698;DEL_STAVBE;2;Stanovanje;STANOVANJE;1724;BREZOVICA;VNANJE GORICE;NOVA POT 127 B;stavba 4160, del 2;1/1;1.0;86.1;86.1;69.1;2009;456016.08;96985.41;275000.0;;Cena posla ni avtomatsko cena te sestavine;2023-11-14;2;Tržen posel – neustrezni podatki;2023;ETN_008_2023_KPP_2023_DELISTAVB_20260724.csv
D-2023-ETN_008_2023_KPP_2023_DELISTAVB_20260724.csv-48;750221;DEL_STAVBE;2;Stanovanje;STANOVANJE;1705;PRESERJE;PODPEČ;PODPEČ 48;stavba 586, del 6;1/1;1.0;124.7;124.7;77.8;2004;455063.24;92830.49;220000.0;;Cena posla ni avtomatsko cena te sestavine;2023-07-19;1;Tržen posel;2023;ETN_008_2023_KPP_2023_DELISTAVB_20260724.csv
D-2023-ETN_008_2023_KPP_2023_DELISTAVB_20260724.csv-49;751574;DEL_STAVBE;13;Kmetijski objekt;KMETIJSKI_OBJEKT;1724;BREZOVICA;;;stavba 3281, del 1;1/1;1.0;16.0;16.0;16.0;1950;454053.28;94756.87;58000.0;;Cena posla ni avtomatsko cena te sestavine;2023-08-16;2;Tržen posel – neustrezni podatki;2023;ETN_008_2023_KPP_2023_DELISTAVB_20260724.csv
D-2023-ETN_008_2023_KPP_2023_DELISTAVB_20260724.csv-50;751665;DEL_STAVBE;1;Stanovanjska hiša;STANOVANJSKA_HISA;1704;KAMNIK;KAMNIK POD KRIMOM;KAMNIK POD KRIMOM 12 E;stavba 972, del 1;1/1;1.0;141.3;141.3;141.3;2023;453496.52;91673.21;328000.0;;Cena posla ni avtomatsko cena te sestavine;2023-08-17;2;Tržen posel – neustrezni podatki;2023;ETN_008_2023_KPP_2023_DELISTAVB_20260724.csv
D-2023-ETN_008_2023_KPP_2023_DELISTAVB_20260724.csv-51;751855;DEL_STAVBE;1;Stanovanjska hiša;STANOVANJSKA_HISA;1724;BREZOVICA;BREZOVICA PRI LJUBLJANI;PODPEŠKA CESTA 91;stavba 763, del 1;1/1;1.0;243.0;243.0;68.0;1952;454639.22;97378.27;550000.0;;Cena posla ni avtomatsko cena te sestavine;2023-08-21;2;Tržen posel – neustrezni podatki;2023;ETN_008_2023_KPP_2023_DELISTAVB_20260724.csv
D-2023-ETN_008_2023_KPP_2023_DELISTAVB_20260724.csv-52;751855;DEL_STAVBE;4;Garaža;PARKIRANJE;1724;BREZOVICA;;;stavba 764, del 1;1/1;1.0;84.0;84.0;84.0;1974;454657.98;97381.09;550000.0;;Cena posla ni avtomatsko cena te sestavine;2023-08-21;2;Tržen posel – neustrezni podatki;2023;ETN_008_2023_KPP_2023_DELISTAVB_20260724.csv
D-2023-ETN_008_2023_KPP_2023_DELISTAVB_20260724.csv-53;748745;DEL_STAVBE;13;Kmetijski objekt;KMETIJSKI_OBJEKT;1705;PRESERJE;;;stavba 774, del 1;1/1;1.0;12.2;12.2;12.2;1994;454324.15;91937.64;45000.0;;Cena posla ni avtomatsko cena te sestavine;2023-06-28;2;Tržen posel – neustrezni podatki;2023;ETN_008_2023_KPP_2023_DELISTAVB_20260724.csv
D-2024-ETN_008_2024_KPP_2024_DELISTAVB_20260724.csv-2;830970;DEL_STAVBE;2;Stanovanje;STANOVANJE;1724;BREZOVICA;BREZOVICA PRI LJUBLJANI;TRŽAŠKA CESTA 438;stavba 253, del 5;1/1;1.0;65.4;65.4;54.4;1969;454626.4;98453.14;200000.0;;Cena posla ni avtomatsko cena te sestavine;2024-07-25;2;Tržen posel – neustrezni podatki;2024;ETN_008_2024_KPP_2024_DELISTAVB_20260724.csv
D-2024-ETN_008_2024_KPP_2024_DELISTAVB_20260724.csv-3;882978;DEL_STAVBE;1;Stanovanjska hiša;STANOVANJSKA_HISA;1704;KAMNIK;KAMNIK POD KRIMOM;48;stavba 687, del 1;67/100;0.67;91.8;61.506;91.8;1862;454203.92;90872.87;10010.0;;Cena posla ni avtomatsko cena te sestavine;2024-09-25;3;Drug posel;2024;ETN_008_2024_KPP_2024_DELISTAVB_20260724.csv
D-2024-ETN_008_2024_KPP_2024_DELISTAVB_20260724.csv-4;834748;DEL_STAVBE;13;Kmetijski objekt;KMETIJSKI_OBJEKT;1724;BREZOVICA;;;stavba 2502, del 1;1/1;1.0;24.5;24.5;24.5;1991;454055.14;97386.84;345000.0;;Cena posla ni avtomatsko cena te sestavine;2024-09-09;2;Tržen posel – neustrezni podatki;2024;ETN_008_2024_KPP_2024_DELISTAVB_20260724.csv
D-2024-ETN_008_2024_KPP_2024_DELISTAVB_20260724.csv-5;834748;DEL_STAVBE;1;Stanovanjska hiša;STANOVANJSKA_HISA;1724;BREZOVICA;BREZOVICA PRI LJUBLJANI;ZA GRABNOM 70;stavba 2501, del 1;1/1;1.0;193.5;193.5;142.0;1981;454075.63;97386.88;345000.0;;Cena posla ni avtomatsko cena te sestavine;2024-09-09;2;Tržen posel – neustrezni podatki;2024;ETN_008_2024_KPP_2024_DELISTAVB_20260724.csv
D-2024-ETN_008_2024_KPP_2024_DELISTAVB_20260724.csv-6;883060;DEL_STAVBE;1;Stanovanjska hiša;STANOVANJSKA_HISA;1705;PRESERJE;PRESERJE;56;stavba 428, del 1;1/1;1.0;203.4;203.4;46.5;1977;454695.3;90668.41;240000.0;;Cena posla ni avtomatsko cena te sestavine;2024-09-30;2;Tržen posel – neustrezni podatki;2024;ETN_008_2024_KPP_2024_DELISTAVB_20260724.csv
D-2024-ETN_008_2024_KPP_2024_DELISTAVB_20260724.csv-7;883394;DEL_STAVBE;2;Stanovanje;STANOVANJE;1724;BREZOVICA;NOTRANJE GORICE;GMAJNA 26;stavba 3197, del 1;1/1;1.0;103.7;103.7;66.9;1980;454104.71;95091.25;202000.0;;Cena posla ni avtomatsko cena te sestavine;2024-10-03;1;Tržen posel;2024;ETN_008_2024_KPP_2024_DELISTAVB_20260724.csv
D-2024-ETN_008_2024_KPP_2024_DELISTAVB_20260724.csv-8;882918;DEL_STAVBE;4;Garaža;PARKIRANJE;1724;BREZOVICA;;;stavba 4788, del 1;4/10;0.4;32.1;12.840000000000002;32.1;2024;455552.52;96510.42;164750.0;;Cena posla ni avtomatsko cena te sestavine;2024-09-25;3;Drug posel;2024;ETN_008_2024_KPP_2024_DELISTAVB_20260724.csv
D-2024-ETN_008_2024_KPP_2024_DELISTAVB_20260724.csv-9;882918;DEL_STAVBE;1;Stanovanjska hiša;STANOVANJSKA_HISA;1724;BREZOVICA;VNANJE GORICE;POD GORICAMI 28 a;stavba 4789, del 1;4/10;0.4;164.7;65.88;155.7;2024;455544.7;96510.69;164750.0;;Cena posla ni avtomatsko cena te sestavine;2024-09-25;3;Drug posel;2024;ETN_008_2024_KPP_2024_DELISTAVB_20260724.csv
D-2024-ETN_008_2024_KPP_2024_DELISTAVB_20260724.csv-10;830838;DEL_STAVBE;1;Stanovanjska hiša;STANOVANJSKA_HISA;1652;RAKITNA;RAKITNA;225;stavba 421, del 1;1/1;1.0;58.8;58.8;37.4;1965;456131.38;83355.42;131000.0;;Cena posla ni avtomatsko cena te sestavine;2024-07-24;2;Tržen posel – neustrezni podatki;2024;ETN_008_2024_KPP_2024_DELISTAVB_20260724.csv
D-2024-ETN_008_2024_KPP_2024_DELISTAVB_20260724.csv-11;829092;DEL_STAVBE;2;Stanovanje;STANOVANJE;1724;BREZOVICA;NOTRANJE GORICE;GMAJNA 26;stavba 3197, del 2;1/1;1.0;112.5;112.5;73.8;1980;454104.71;95091.25;189000.0;;Cena posla ni avtomatsko cena te sestavine;2024-07-09;1;Tržen posel;2024;ETN_008_2024_KPP_2024_DELISTAVB_20260724.csv
D-2024-ETN_008_2024_KPP_2024_DELISTAVB_20260724.csv-12;829444;DEL_STAVBE;2;Stanovanje;STANOVANJE;1724;BREZOVICA;;;stavba 4653, del 1;1/1;1.0;137.5;137.5;137.5;2023;456066.91;96978.12;304507.69;;Cena posla ni avtomatsko cena te sestavine;2024-07-05;3;Drug posel;2024;ETN_008_2024_KPP_2024_DELISTAVB_20260724.csv
D-2024-ETN_008_2024_KPP_2024_DELISTAVB_20260724.csv-13;828159;DEL_STAVBE;2;Stanovanje;STANOVANJE;1724;BREZOVICA;BREZOVICA PRI LJUBLJANI;TRŽAŠKA CESTA 438;stavba 253, del 4;1/1;1.0;72.6;72.6;58.5;1969;454626.4;98453.14;162487.76;;Cena posla ni avtomatsko cena te sestavine;2024-06-07;4;Neopredeljen posel;2024;ETN_008_2024_KPP_2024_DELISTAVB_20260724.csv
D-2024-ETN_008_2024_KPP_2024_DELISTAVB_20260724.csv-14;828873;DEL_STAVBE;1;Stanovanjska hiša;STANOVANJSKA_HISA;1704;KAMNIK;KAMNIK POD KRIMOM;166;stavba 418, del 1;1/1;1.0;144.8;144.8;65.5;1983;453279.03;90954.34;248000.0;;Cena posla ni avtomatsko cena te sestavine;2024-05-09;2;Tržen posel – neustrezni podatki;2024;ETN_008_2024_KPP_2024_DELISTAVB_20260724.csv
D-2024-ETN_008_2024_KPP_2024_DELISTAVB_20260724.csv-15;829474;DEL_STAVBE;1;Stanovanjska hiša;STANOVANJSKA_HISA;1724;BREZOVICA;NOTRANJE GORICE;PODPEŠKA CESTA 236 f;stavba 4426, del 1;1/1;1.0;158.7;158.7;108.0;2012;454220.65;95676.1;400000.0;;Cena posla ni avtomatsko cena te sestavine;2024-07-16;2;Tržen posel – neustrezni podatki;2024;ETN_008_2024_KPP_2024_DELISTAVB_20260724.csv
D-2024-ETN_008_2024_KPP_2024_DELISTAVB_20260724.csv-16;822563;DEL_STAVBE;1;Stanovanjska hiša;STANOVANJSKA_HISA;1652;RAKITNA;RAKITNA;324;stavba 840, del 1;1/1;1.0;292.4;292.4;119.8;2009;456225.52;82678.26;250000.0;;Cena posla ni avtomatsko cena te sestavine;2024-04-27;3;Drug posel;2024;ETN_008_2024_KPP_2024_DELISTAVB_20260724.csv
D-2024-ETN_008_2024_KPP_2024_DELISTAVB_20260724.csv-17;831808;DEL_STAVBE;2;Stanovanje;STANOVANJE;1724;BREZOVICA;;;stavba 4607, del 15;1/1;1.0;69.1;69.1;69.1;2000;453913.94;95589.79;500000.0;;Cena posla ni avtomatsko cena te sestavine;2024-08-09;4;Neopredeljen posel;2024;ETN_008_2024_KPP_2024_DELISTAVB_20260724.csv
D-2024-ETN_008_2024_KPP_2024_DELISTAVB_20260724.csv-18;831808;DEL_STAVBE;14;Tehnični ali pomožni prostori;POMOZNA_DRUGO;1724;BREZOVICA;;;stavba 4607, del 23;1/1;1.0;81.9;81.9;81.9;2000;453913.94;95589.79;500000.0;;Cena posla ni avtomatsko cena te sestavine;2024-08-09;4;Neopredeljen posel;2024;ETN_008_2024_KPP_2024_DELISTAVB_20260724.csv
D-2024-ETN_008_2024_KPP_2024_DELISTAVB_20260724.csv-19;831808;DEL_STAVBE;14;Tehnični ali pomožni prostori;POMOZNA_DRUGO;1724;BREZOVICA;;;stavba 4608, del 2;1/1;1.0;28.2;28.2;28.2;1950;453889.53;95580.28;500000.0;;Cena posla ni avtomatsko cena te sestavine;2024-08-09;4;Neopredeljen posel;2024;ETN_008_2024_KPP_2024_DELISTAVB_20260724.csv
D-2024-ETN_008_2024_KPP_2024_DELISTAVB_20260724.csv-20;831808;DEL_STAVBE;14;Tehnični ali pomožni prostori;POMOZNA_DRUGO;1724;BREZOVICA;;;stavba 4607, del 24;1/1;1.0;13.5;13.5;13.5;2000;453913.94;95589.79;500000.0;;Cena posla ni avtomatsko cena te sestavine;2024-08-09;4;Neopredeljen posel;2024;ETN_008_2024_KPP_2024_DELISTAVB_20260724.csv
D-2024-ETN_008_2024_KPP_2024_DELISTAVB_20260724.csv-21;831808;DEL_STAVBE;14;Tehnični ali pomožni prostori;POMOZNA_DRUGO;1724;BREZOVICA;;;stavba 4608, del 1;1/1;1.0;279.5;279.5;279.5;1950;453889.53;95580.28;500000.0;;Cena posla ni avtomatsko cena te sestavine;2024-08-09;4;Neopredeljen posel;2024;ETN_008_2024_KPP_2024_DELISTAVB_20260724.csv
D-2024-ETN_008_2024_KPP_2024_DELISTAVB_20260724.csv-22;831808;DEL_STAVBE;2;Stanovanje;STANOVANJE;1724;BREZOVICA;;;stavba 4607, del 22;1/1;1.0;76.1;76.1;64.9;2000;453913.94;95589.79;500000.0;;Cena posla ni avtomatsko cena te sestavine;2024-08-09;4;Neopredeljen posel;2024;ETN_008_2024_KPP_2024_DELISTAVB_20260724.csv
D-2024-ETN_008_2024_KPP_2024_DELISTAVB_20260724.csv-23;831808;DEL_STAVBE;14;Tehnični ali pomožni prostori;POMOZNA_DRUGO;1724;BREZOVICA;;;stavba 4607, del 26;1/1;1.0;27.7;27.7;27.7;2000;453913.94;95589.79;500000.0;;Cena posla ni avtomatsko cena te sestavine;2024-08-09;4;Neopredeljen posel;2024;ETN_008_2024_KPP_2024_DELISTAVB_20260724.csv
D-2024-ETN_008_2024_KPP_2024_DELISTAVB_20260724.csv-24;831808;DEL_STAVBE;1;Stanovanjska hiša;STANOVANJSKA_HISA;1724;BREZOVICA;ŽABNICA;18;stavba 2140, del 1;1/1;1.0;293.7;293.7;237.2;1950;453886.32;95591.73;500000.0;;Cena posla ni avtomatsko cena te sestavine;2024-08-09;4;Neopredeljen posel;2024;ETN_008_2024_KPP_2024_DELISTAVB_20260724.csv
D-2024-ETN_008_2024_KPP_2024_DELISTAVB_20260724.csv-25;831808;DEL_STAVBE;2;Stanovanje;STANOVANJE;1724;BREZOVICA;;;stavba 4607, del 17;1/1;1.0;75.2;75.2;75.2;2000;453913.94;95589.79;500000.0;;Cena posla ni avtomatsko cena te sestavine;2024-08-09;4;Neopredeljen posel;2024;ETN_008_2024_KPP_2024_DELISTAVB_20260724.csv
D-2024-ETN_008_2024_KPP_2024_DELISTAVB_20260724.csv-26;831808;DEL_STAVBE;2;Stanovanje;STANOVANJE;1724;BREZOVICA;;;stavba 4607, del 18;1/1;1.0;40.8;40.8;40.8;2000;453913.94;95589.79;500000.0;;Cena posla ni avtomatsko cena te sestavine;2024-08-09;4;Neopredeljen posel;2024;ETN_008_2024_KPP_2024_DELISTAVB_20260724.csv
D-2024-ETN_008_2024_KPP_2024_DELISTAVB_20260724.csv-27;831808;DEL_STAVBE;2;Stanovanje;STANOVANJE;1724;BREZOVICA;;;stavba 4607, del 20;1/1;1.0;89.4;89.4;66.6;2000;453913.94;95589.79;500000.0;;Cena posla ni avtomatsko cena te sestavine;2024-08-09;4;Neopredeljen posel;2024;ETN_008_2024_KPP_2024_DELISTAVB_20260724.csv
D-2024-ETN_008_2024_KPP_2024_DELISTAVB_20260724.csv-28;831808;DEL_STAVBE;2;Stanovanje;STANOVANJE;1724;BREZOVICA;;;stavba 4607, del 21;1/1;1.0;127.1;127.1;84.2;2000;453913.94;95589.79;500000.0;;Cena posla ni avtomatsko cena te sestavine;2024-08-09;4;Neopredeljen posel;2024;ETN_008_2024_KPP_2024_DELISTAVB_20260724.csv
D-2024-ETN_008_2024_KPP_2024_DELISTAVB_20260724.csv-29;831808;DEL_STAVBE;14;Tehnični ali pomožni prostori;POMOZNA_DRUGO;1724;BREZOVICA;;;stavba 4607, del 27;1/1;1.0;311.2;311.2;0.0;2000;453913.94;95589.79;500000.0;;Cena posla ni avtomatsko cena te sestavine;2024-08-09;4;Neopredeljen posel;2024;ETN_008_2024_KPP_2024_DELISTAVB_20260724.csv
D-2024-ETN_008_2024_KPP_2024_DELISTAVB_20260724.csv-30;831808;DEL_STAVBE;14;Tehnični ali pomožni prostori;POMOZNA_DRUGO;1724;BREZOVICA;;;stavba 4607, del 28;1/1;1.0;27.4;27.4;27.4;2000;453913.94;95589.79;500000.0;;Cena posla ni avtomatsko cena te sestavine;2024-08-09;4;Neopredeljen posel;2024;ETN_008_2024_KPP_2024_DELISTAVB_20260724.csv
D-2024-ETN_008_2024_KPP_2024_DELISTAVB_20260724.csv-31;831808;DEL_STAVBE;2;Stanovanje;STANOVANJE;1724;BREZOVICA;;;stavba 4607, del 14;1/1;1.0;49.6;49.6;49.6;2000;453913.94;95589.79;500000.0;;Cena posla ni avtomatsko cena te sestavine;2024-08-09;4;Neopredeljen posel;2024;ETN_008_2024_KPP_2024_DELISTAVB_20260724.csv
D-2024-ETN_008_2024_KPP_2024_DELISTAVB_20260724.csv-32;831808;DEL_STAVBE;2;Stanovanje;STANOVANJE;1724;BREZOVICA;;;stavba 4607, del 16;1/1;1.0;85.5;85.5;78.2;2000;453913.94;95589.79;500000.0;;Cena posla ni avtomatsko cena te sestavine;2024-08-09;4;Neopredeljen posel;2024;ETN_008_2024_KPP_2024_DELISTAVB_20260724.csv
D-2024-ETN_008_2024_KPP_2024_DELISTAVB_20260724.csv-33;831808;DEL_STAVBE;2;Stanovanje;STANOVANJE;1724;BREZOVICA;;;stavba 4607, del 19;1/1;1.0;45.9;45.9;45.9;2000;453913.94;95589.79;500000.0;;Cena posla ni avtomatsko cena te sestavine;2024-08-09;4;Neopredeljen posel;2024;ETN_008_2024_KPP_2024_DELISTAVB_20260724.csv
D-2024-ETN_008_2024_KPP_2024_DELISTAVB_20260724.csv-34;831808;DEL_STAVBE;14;Tehnični ali pomožni prostori;POMOZNA_DRUGO;1724;BREZOVICA;;;stavba 4607, del 25;1/1;1.0;19.9;19.9;19.9;2000;453913.94;95589.79;500000.0;;Cena posla ni avtomatsko cena te sestavine;2024-08-09;4;Neopredeljen posel;2024;ETN_008_2024_KPP_2024_DELISTAVB_20260724.csv
D-2024-ETN_008_2024_KPP_2024_DELISTAVB_20260724.csv-35;831553;DEL_STAVBE;1;Stanovanjska hiša;STANOVANJSKA_HISA;1724;BREZOVICA;BREZOVICA PRI LJUBLJANI;TRŽAŠKA CESTA 473;stavba 228, del 4;1/1;1.0;174.7;174.7;119.2;1945;455578.25;98539.61;529000.0;;Cena posla ni avtomatsko cena te sestavine;2024-08-08;2;Tržen posel – neustrezni podatki;2024;ETN_008_2024_KPP_2024_DELISTAVB_20260724.csv
D-2024-ETN_008_2024_KPP_2024_DELISTAVB_20260724.csv-36;829427;DEL_STAVBE;13;Kmetijski objekt;KMETIJSKI_OBJEKT;1724;BREZOVICA;;;stavba 3455, del 1;1/1;1.0;540.0;540.0;540.0;1986;453443.05;94291.03;500000.0;;Cena posla ni avtomatsko cena te sestavine;2024-07-09;3;Drug posel;2024;ETN_008_2024_KPP_2024_DELISTAVB_20260724.csv
D-2024-ETN_008_2024_KPP_2024_DELISTAVB_20260724.csv-37;829427;DEL_STAVBE;1;Stanovanjska hiša;STANOVANJSKA_HISA;1724;BREZOVICA;NOTRANJE GORICE;CESTA NA LOG 5;stavba 3459, del 1;1/1;1.0;300.0;300.0;110.0;1886;453489.56;94302.43;500000.0;;Cena posla ni avtomatsko cena te sestavine;2024-07-09;3;Drug posel;2024;ETN_008_2024_KPP_2024_DELISTAVB_20260724.csv
D-2024-ETN_008_2024_KPP_2024_DELISTAVB_20260724.csv-38;829427;DEL_STAVBE;1;Stanovanjska hiša;STANOVANJSKA_HISA;1724;BREZOVICA;NOTRANJE GORICE;CESTA NA LOG 5 a;stavba 4314, del 1;1/1;1.0;169.5;169.5;135.9;2000;453470.25;94299.71;500000.0;;Cena posla ni avtomatsko cena te sestavine;2024-07-09;3;Drug posel;2024;ETN_008_2024_KPP_2024_DELISTAVB_20260724.csv
D-2024-ETN_008_2024_KPP_2024_DELISTAVB_20260724.csv-39;828266;DEL_STAVBE;14;Tehnični ali pomožni prostori;POMOZNA_DRUGO;1652;RAKITNA;;;stavba 288, del 1;2/3;0.6666666666666666;68.2;45.46666666666667;68.2;1900;456520.21;83807.85;86066.0;;Cena posla ni avtomatsko cena te sestavine;2024-03-29;3;Drug posel;2024;ETN_008_2024_KPP_2024_DELISTAVB_20260724.csv
D-2024-ETN_008_2024_KPP_2024_DELISTAVB_20260724.csv-40;828266;DEL_STAVBE;1;Stanovanjska hiša;STANOVANJSKA_HISA;1652;RAKITNA;RAKITNA;73;stavba 289, del 1;2/3;0.6666666666666666;179.8;119.86666666666667;121.6;1955;456503.26;83820.82;86066.0;;Cena posla ni avtomatsko cena te sestavine;2024-03-29;3;Drug posel;2024;ETN_008_2024_KPP_2024_DELISTAVB_20260724.csv
D-2024-ETN_008_2024_KPP_2024_DELISTAVB_20260724.csv-41;822781;DEL_STAVBE;1;Stanovanjska hiša;STANOVANJSKA_HISA;1704;KAMNIK;GORIČICA POD KRIMOM;9 g;stavba 860, del 1;1/1;1.0;153.2;153.2;131.9;2007;452101.76;90145.46;430000.0;;Cena posla ni avtomatsko cena te sestavine;2024-04-15;2;Tržen posel – neustrezni podatki;2024;ETN_008_2024_KPP_2024_DELISTAVB_20260724.csv
D-2024-ETN_008_2024_KPP_2024_DELISTAVB_20260724.csv-42;822781;DEL_STAVBE;13;Kmetijski objekt;KMETIJSKI_OBJEKT;1704;KAMNIK;;;stavba 960, del 1;1/1;1.0;54.0;54.0;54.0;2018;452103.14;90118.1;430000.0;;Cena posla ni avtomatsko cena te sestavine;2024-04-15;2;Tržen posel – neustrezni podatki;2024;ETN_008_2024_KPP_2024_DELISTAVB_20260724.csv
D-2024-ETN_008_2024_KPP_2024_DELISTAVB_20260724.csv-43;817536;DEL_STAVBE;13;Kmetijski objekt;KMETIJSKI_OBJEKT;1704;KAMNIK;KAMNIK POD KRIMOM;2 b;stavba 881, del 7;1/1;1.0;3.2;3.2;3.2;1985;453225.47;91836.86;49700.0;;Cena posla ni avtomatsko cena te sestavine;2024-02-28;3;Drug posel;2024;ETN_008_2024_KPP_2024_DELISTAVB_20260724.csv
D-2024-ETN_008_2024_KPP_2024_DELISTAVB_20260724.csv-44;817536;DEL_STAVBE;2;Stanovanje;STANOVANJE;1704;KAMNIK;KAMNIK POD KRIMOM;2 a;stavba 882, del 11;1/1;1.0;31.2;31.2;29.1;1972;453216.99;91844.76;49700.0;;Cena posla ni avtomatsko cena te sestavine;2024-02-28;3;Drug posel;2024;ETN_008_2024_KPP_2024_DELISTAVB_20260724.csv
D-2024-ETN_008_2024_KPP_2024_DELISTAVB_20260724.csv-45;817589;DEL_STAVBE;1;Stanovanjska hiša;STANOVANJSKA_HISA;1703;JEZERO;JEZERO;197;stavba 668, del 1;1/1;1.0;143.7;143.7;115.2;2010;455130.18;93093.22;397000.0;;Cena posla ni avtomatsko cena te sestavine;2024-02-28;2;Tržen posel – neustrezni podatki;2024;ETN_008_2024_KPP_2024_DELISTAVB_20260724.csv
D-2024-ETN_008_2024_KPP_2024_DELISTAVB_20260724.csv-46;817678;DEL_STAVBE;1;Stanovanjska hiša;STANOVANJSKA_HISA;1704;KAMNIK;KAMNIK POD KRIMOM;3 e;stavba 830, del 1;1/1;1.0;169.9;169.9;141.1;2000;453250.54;91842.38;250000.0;;Cena posla ni avtomatsko cena te sestavine;2024-02-28;4;Neopredeljen posel;2024;ETN_008_2024_KPP_2024_DELISTAVB_20260724.csv
D-2024-ETN_008_2024_KPP_2024_DELISTAVB_20260724.csv-47;817109;DEL_STAVBE;2;Stanovanje;STANOVANJE;1724;BREZOVICA;BREZOVICA PRI LJUBLJANI;KAPALNIŠKA POT 5 a;stavba 3633, del 2;1/1;1.0;86.1;86.1;66.3;2005;455640.2;98682.69;240000.0;;Cena posla ni avtomatsko cena te sestavine;2024-02-22;2;Tržen posel – neustrezni podatki;2024;ETN_008_2024_KPP_2024_DELISTAVB_20260724.csv
D-2024-ETN_008_2024_KPP_2024_DELISTAVB_20260724.csv-48;818000;DEL_STAVBE;1;Stanovanjska hiša;STANOVANJSKA_HISA;1724;BREZOVICA;BREZOVICA PRI LJUBLJANI;CESTA NA POSTAJO 29 g;stavba 4124, del 1;1/1;1.0;110.7;110.7;88.9;2008;455163.85;98219.76;477000.0;;Cena posla ni avtomatsko cena te sestavine;2024-02-29;2;Tržen posel – neustrezni podatki;2024;ETN_008_2024_KPP_2024_DELISTAVB_20260724.csv
D-2024-ETN_008_2024_KPP_2024_DELISTAVB_20260724.csv-49;825665;DEL_STAVBE;1;Stanovanjska hiša;STANOVANJSKA_HISA;1724;BREZOVICA;VNANJE GORICE;POŽARNICE 20 j;stavba 4503, del 1;1/1;1.0;243.1;243.1;212.2;2015;454728.01;95900.65;777000.0;;Cena posla ni avtomatsko cena te sestavine;2024-06-04;2;Tržen posel – neustrezni podatki;2024;ETN_008_2024_KPP_2024_DELISTAVB_20260724.csv
D-2024-ETN_008_2024_KPP_2024_DELISTAVB_20260724.csv-50;884058;DEL_STAVBE;2;Stanovanje;STANOVANJE;1724;BREZOVICA;BREZOVICA PRI LJUBLJANI;PODSVETIJA 26 c;stavba 3884, del 1;1/1;1.0;61.2;61.2;61.2;2008;455074.19;97936.68;320000.0;;Cena posla ni avtomatsko cena te sestavine;2024-10-10;2;Tržen posel – neustrezni podatki;2024;ETN_008_2024_KPP_2024_DELISTAVB_20260724.csv
D-2024-ETN_008_2024_KPP_2024_DELISTAVB_20260724.csv-51;824066;DEL_STAVBE;6;Prostori za poslovanje s strankami;POSLOVNA_DRUGA;1724;BREZOVICA;BREZOVICA PRI LJUBLJANI;TRŽAŠKA CESTA 495;stavba 4777, del 15;1/1;1.0;35.5;35.5;35.5;2023;455433.48;98438.2;93116.5;;Cena posla ni avtomatsko cena te sestavine;2023-09-04;1;Tržen posel;2024;ETN_008_2024_KPP_2024_DELISTAVB_20260724.csv
D-2024-ETN_008_2024_KPP_2024_DELISTAVB_20260724.csv-52;824057;DEL_STAVBE;9;Gostinski lokal;POSLOVNA_DRUGA;1724;BREZOVICA;;;stavba 4777, del 3;1/1;1.0;103.7;103.7;103.7;2023;455433.48;98438.2;272005.1;;Cena posla ni avtomatsko cena te sestavine;2023-09-04;1;Tržen posel;2024;ETN_008_2024_KPP_2024_DELISTAVB_20260724.csv
D-2024-ETN_008_2024_KPP_2024_DELISTAVB_20260724.csv-53;824067;DEL_STAVBE;6;Prostori za poslovanje s strankami;POSLOVNA_DRUGA;1724;BREZOVICA;BREZOVICA PRI LJUBLJANI;TRŽAŠKA CESTA 495;stavba 4777, del 16;1/1;1.0;76.6;76.6;76.6;2023;455433.48;98438.2;180829.62;;Cena posla ni avtomatsko cena te sestavine;2023-11-07;1;Tržen posel;2024;ETN_008_2024_KPP_2024_DELISTAVB_20260724.csv
D-2024-ETN_008_2024_KPP_2024_DELISTAVB_20260724.csv-54;824058;DEL_STAVBE;6;Prostori za poslovanje s strankami;POSLOVNA_DRUGA;1724;BREZOVICA;;;stavba 4777, del 4;1/1;1.0;56.3;56.3;56.3;2023;455433.48;98438.2;137372.0;;Cena posla ni avtomatsko cena te sestavine;2023-09-07;2;Tržen posel – neustrezni podatki;2024;ETN_008_2024_KPP_2024_DELISTAVB_20260724.csv
D-2024-ETN_008_2024_KPP_2024_DELISTAVB_20260724.csv-55;824061;DEL_STAVBE;8;Trgovski ali storitveni lokal;POSLOVNA_DRUGA;1724;BREZOVICA;;;stavba 4777, del 7;1/1;1.0;146.9;146.9;136.1;2023;455433.48;98438.2;1265140.0;;Cena posla ni avtomatsko cena te sestavine;2023-05-18;3;Drug posel;2024;ETN_008_2024_KPP_2024_DELISTAVB_20260724.csv
D-2024-ETN_008_2024_KPP_2024_DELISTAVB_20260724.csv-56;824061;DEL_STAVBE;8;Trgovski ali storitveni lokal;POSLOVNA_DRUGA;1724;BREZOVICA;;;stavba 4777, del 8;1/1;1.0;102.5;102.5;102.5;2023;455433.48;98438.2;1265140.0;;Cena posla ni avtomatsko cena te sestavine;2023-05-18;3;Drug posel;2024;ETN_008_2024_KPP_2024_DELISTAVB_20260724.csv
D-2024-ETN_008_2024_KPP_2024_DELISTAVB_20260724.csv-57;824061;DEL_STAVBE;7;Prostori za zdravstveno dejavnost;POSLOVNA_DRUGA;1724;BREZOVICA;BREZOVICA PRI LJUBLJANI;TRŽAŠKA CESTA 495;stavba 4777, del 17;1/1;1.0;250.1;250.1;250.1;2023;455433.48;98438.2;1265140.0;;Cena posla ni avtomatsko cena te sestavine;2023-05-18;3;Drug posel;2024;ETN_008_2024_KPP_2024_DELISTAVB_20260724.csv
D-2024-ETN_008_2024_KPP_2024_DELISTAVB_20260724.csv-58;824062;DEL_STAVBE;6;Prostori za poslovanje s strankami;POSLOVNA_DRUGA;1724;BREZOVICA;BREZOVICA PRI LJUBLJANI;TRŽAŠKA CESTA 495;stavba 4777, del 11;1/1;1.0;152.5;152.5;152.5;2023;455433.48;98438.2;546456.3;;Cena posla ni avtomatsko cena te sestavine;2023-09-25;1;Tržen posel;2024;ETN_008_2024_KPP_2024_DELISTAVB_20260724.csv
D-2024-ETN_008_2024_KPP_2024_DELISTAVB_20260724.csv-59;824062;DEL_STAVBE;6;Prostori za poslovanje s strankami;POSLOVNA_DRUGA;1724;BREZOVICA;BREZOVICA PRI LJUBLJANI;TRŽAŠKA CESTA 495;stavba 4777, del 20;1/1;1.0;77.2;77.2;77.2;2023;455433.48;98438.2;546456.3;;Cena posla ni avtomatsko cena te sestavine;2023-09-25;1;Tržen posel;2024;ETN_008_2024_KPP_2024_DELISTAVB_20260724.csv
D-2024-ETN_008_2024_KPP_2024_DELISTAVB_20260724.csv-60;824063;DEL_STAVBE;6;Prostori za poslovanje s strankami;POSLOVNA_DRUGA;1724;BREZOVICA;BREZOVICA PRI LJUBLJANI;TRŽAŠKA CESTA 495;stavba 4777, del 13;1/1;1.0;34.3;34.3;34.3;2023;455433.48;98438.2;98756.56;;Cena posla ni avtomatsko cena te sestavine;2023-11-03;1;Tržen posel;2024;ETN_008_2024_KPP_2024_DELISTAVB_20260724.csv
D-2024-ETN_008_2024_KPP_2024_DELISTAVB_20260724.csv-61;824064;DEL_STAVBE;6;Prostori za poslovanje s strankami;POSLOVNA_DRUGA;1724;BREZOVICA;BREZOVICA PRI LJUBLJANI;TRŽAŠKA CESTA 495;stavba 4777, del 14;1/1;1.0;31.0;31.0;31.0;2023;455433.48;98438.2;97999.94;;Cena posla ni avtomatsko cena te sestavine;2023-09-04;1;Tržen posel;2024;ETN_008_2024_KPP_2024_DELISTAVB_20260724.csv
D-2024-ETN_008_2024_KPP_2024_DELISTAVB_20260724.csv-62;824068;DEL_STAVBE;6;Prostori za poslovanje s strankami;POSLOVNA_DRUGA;1724;BREZOVICA;BREZOVICA PRI LJUBLJANI;TRŽAŠKA CESTA 495;stavba 4777, del 18;1/1;1.0;70.0;70.0;70.0;2023;455433.48;98438.2;183610.0;;Cena posla ni avtomatsko cena te sestavine;2023-09-20;1;Tržen posel;2024;ETN_008_2024_KPP_2024_DELISTAVB_20260724.csv
D-2024-ETN_008_2024_KPP_2024_DELISTAVB_20260724.csv-63;824059;DEL_STAVBE;8;Trgovski ali storitveni lokal;POSLOVNA_DRUGA;1724;BREZOVICA;;;stavba 4777, del 5;1/1;1.0;120.6;120.6;120.6;2023;455433.48;98438.2;308977.2;;Cena posla ni avtomatsko cena te sestavine;2023-11-10;1;Tržen posel;2024;ETN_008_2024_KPP_2024_DELISTAVB_20260724.csv
D-2024-ETN_008_2024_KPP_2024_DELISTAVB_20260724.csv-64;824060;DEL_STAVBE;8;Trgovski ali storitveni lokal;POSLOVNA_DRUGA;1724;BREZOVICA;;;stavba 4777, del 6;1/1;1.0;187.0;187.0;187.0;2023;455433.48;98438.2;522338.12;;Cena posla ni avtomatsko cena te sestavine;2024-02-27;1;Tržen posel;2024;ETN_008_2024_KPP_2024_DELISTAVB_20260724.csv
D-2024-ETN_008_2024_KPP_2024_DELISTAVB_20260724.csv-65;817416;DEL_STAVBE;1;Stanovanjska hiša;STANOVANJSKA_HISA;1652;RAKITNA;RAKITNA;463;stavba 678, del 1;1/1;1.0;193.9;193.9;109.2;1975;456571.3;82517.39;300000.0;;Cena posla ni avtomatsko cena te sestavine;2024-02-09;2;Tržen posel – neustrezni podatki;2024;ETN_008_2024_KPP_2024_DELISTAVB_20260724.csv
D-2024-ETN_008_2024_KPP_2024_DELISTAVB_20260724.csv-66;817416;DEL_STAVBE;4;Garaža;PARKIRANJE;1652;RAKITNA;;;stavba 843, del 1;1/1;1.0;13.0;13.0;13.0;1975;456577.42;82525.21;300000.0;;Cena posla ni avtomatsko cena te sestavine;2024-02-09;2;Tržen posel – neustrezni podatki;2024;ETN_008_2024_KPP_2024_DELISTAVB_20260724.csv
D-2024-ETN_008_2024_KPP_2024_DELISTAVB_20260724.csv-67;818119;DEL_STAVBE;4;Garaža;PARKIRANJE;1724;BREZOVICA;;;stavba 606, del 1;1/1;1.0;36.5;36.5;36.5;1995;455579.3;98294.5;120000.0;;Cena posla ni avtomatsko cena te sestavine;2024-03-08;4;Neopredeljen posel;2024;ETN_008_2024_KPP_2024_DELISTAVB_20260724.csv
D-2024-ETN_008_2024_KPP_2024_DELISTAVB_20260724.csv-68;818119;DEL_STAVBE;14;Tehnični ali pomožni prostori;POMOZNA_DRUGO;1724;BREZOVICA;;;stavba 607, del 1;1/1;1.0;53.1;53.1;53.1;1980;455573.66;98304.86;120000.0;;Cena posla ni avtomatsko cena te sestavine;2024-03-08;4;Neopredeljen posel;2024;ETN_008_2024_KPP_2024_DELISTAVB_20260724.csv
D-2024-ETN_008_2024_KPP_2024_DELISTAVB_20260724.csv-69;818119;DEL_STAVBE;4;Garaža;PARKIRANJE;1724;BREZOVICA;;;stavba 606, del 2;1/1;1.0;36.5;36.5;36.5;1995;455579.3;98294.5;120000.0;;Cena posla ni avtomatsko cena te sestavine;2024-03-08;4;Neopredeljen posel;2024;ETN_008_2024_KPP_2024_DELISTAVB_20260724.csv
D-2024-ETN_008_2024_KPP_2024_DELISTAVB_20260724.csv-70;825271;DEL_STAVBE;2;Stanovanje;STANOVANJE;1705;PRESERJE;PRESERJE;51;stavba 426, del 2;1/1;1.0;56.6;56.6;50.6;1954;454724.95;90712.06;156000.0;;Cena posla ni avtomatsko cena te sestavine;2024-05-27;1;Tržen posel;2024;ETN_008_2024_KPP_2024_DELISTAVB_20260724.csv
D-2024-ETN_008_2024_KPP_2024_DELISTAVB_20260724.csv-71;812343;DEL_STAVBE;13;Kmetijski objekt;KMETIJSKI_OBJEKT;1724;BREZOVICA;;;stavba 1177, del 1;1/6;0.16666666666666666;324.8;54.13333333333333;324.8;1944;455052.3;96209.41;212500.0;;Cena posla ni avtomatsko cena te sestavine;2024-01-10;2;Tržen posel – neustrezni podatki;2024;ETN_008_2024_KPP_2024_DELISTAVB_20260724.csv
D-2024-ETN_008_2024_KPP_2024_DELISTAVB_20260724.csv-72;811527;DEL_STAVBE;1;Stanovanjska hiša;STANOVANJSKA_HISA;1705;PRESERJE;PRESERJE;PRESERJE 37 E;stavba 827, del 1;2/5;0.4;324.3;129.72;181.0;2011;455094.55;90953.92;229000.0;;Cena posla ni avtomatsko cena te sestavine;2023-12-20;3;Drug posel;2024;ETN_008_2024_KPP_2024_DELISTAVB_20260724.csv
D-2024-ETN_008_2024_KPP_2024_DELISTAVB_20260724.csv-73;811572;DEL_STAVBE;1;Stanovanjska hiša;STANOVANJSKA_HISA;1705;PRESERJE;PRESERJE;PRESERJE 37 E;stavba 827, del 1;3/5;0.6;324.3;194.58;181.0;2011;455094.55;90953.92;300400.0;;Cena posla ni avtomatsko cena te sestavine;2023-12-20;2;Tržen posel – neustrezni podatki;2024;ETN_008_2024_KPP_2024_DELISTAVB_20260724.csv
D-2024-ETN_008_2024_KPP_2024_DELISTAVB_20260724.csv-74;814798;DEL_STAVBE;2;Stanovanje;STANOVANJE;1724;BREZOVICA;BREZOVICA PRI LJUBLJANI;STAROVAŠKA CESTA 15;stavba 1612, del 2;1/1;1.0;69.7;69.7;65.8;1853;454066.17;98441.6;105000.0;;Cena posla ni avtomatsko cena te sestavine;2024-01-28;3;Drug posel;2024;ETN_008_2024_KPP_2024_DELISTAVB_20260724.csv
D-2024-ETN_008_2024_KPP_2024_DELISTAVB_20260724.csv-75;814834;DEL_STAVBE;1;Stanovanjska hiša;STANOVANJSKA_HISA;1724;BREZOVICA;BREZOVICA PRI LJUBLJANI;BORŠTNARJEVA POT 1;stavba 72, del 1;1/1;1.0;71.6;71.6;57.4;1941;455062.14;98643.83;190000.0;;Cena posla ni avtomatsko cena te sestavine;2024-01-25;2;Tržen posel – neustrezni podatki;2024;ETN_008_2024_KPP_2024_DELISTAVB_20260724.csv
D-2024-ETN_008_2024_KPP_2024_DELISTAVB_20260724.csv-76;814834;DEL_STAVBE;13;Kmetijski objekt;KMETIJSKI_OBJEKT;1724;BREZOVICA;;;stavba 73, del 1;1/1;1.0;20.4;20.4;20.4;1960;455060.67;98630.6;190000.0;;Cena posla ni avtomatsko cena te sestavine;2024-01-25;2;Tržen posel – neustrezni podatki;2024;ETN_008_2024_KPP_2024_DELISTAVB_20260724.csv
D-2024-ETN_008_2024_KPP_2024_DELISTAVB_20260724.csv-77;814401;DEL_STAVBE;1;Stanovanjska hiša;STANOVANJSKA_HISA;1724;BREZOVICA;BREZOVICA PRI LJUBLJANI;NA BREZNO 38;stavba 3600, del 1;1/1;1.0;325.5;325.5;218.7;1999;455438.12;98724.26;490000.0;;Cena posla ni avtomatsko cena te sestavine;2024-01-20;2;Tržen posel – neustrezni podatki;2024;ETN_008_2024_KPP_2024_DELISTAVB_20260724.csv
D-2024-ETN_008_2024_KPP_2024_DELISTAVB_20260724.csv-78;811768;DEL_STAVBE;1;Stanovanjska hiša;STANOVANJSKA_HISA;1652;RAKITNA;RAKITNA;RAKITNA 206;stavba 479, del 1;1/1;1.0;23.0;23.0;23.0;1966;456433.41;83160.22;80000.0;;Cena posla ni avtomatsko cena te sestavine;2023-12-18;4;Neopredeljen posel;2024;ETN_008_2024_KPP_2024_DELISTAVB_20260724.csv
D-2024-ETN_008_2024_KPP_2024_DELISTAVB_20260724.csv-79;811768;DEL_STAVBE;13;Kmetijski objekt;KMETIJSKI_OBJEKT;1652;RAKITNA;;;stavba 961, del 1;1/1;1.0;6.3;6.3;6.3;1970;456428.33;83158.03;80000.0;;Cena posla ni avtomatsko cena te sestavine;2023-12-18;4;Neopredeljen posel;2024;ETN_008_2024_KPP_2024_DELISTAVB_20260724.csv
D-2024-ETN_008_2024_KPP_2024_DELISTAVB_20260724.csv-80;883911;DEL_STAVBE;1;Stanovanjska hiša;STANOVANJSKA_HISA;1705;PRESERJE;PODPEČ;47 b;stavba 803, del 1;1/1;1.0;134.6;134.6;104.5;2009;455046.7;92886.61;440000.0;;Cena posla ni avtomatsko cena te sestavine;2024-10-14;2;Tržen posel – neustrezni podatki;2024;ETN_008_2024_KPP_2024_DELISTAVB_20260724.csv
D-2024-ETN_008_2024_KPP_2024_DELISTAVB_20260724.csv-81;811909;DEL_STAVBE;2;Stanovanje;STANOVANJE;1724;BREZOVICA;BREZOVICA PRI LJUBLJANI;PODSVETIJA 26 F;stavba 3887, del 2;1/1;1.0;86.1;86.1;70.7;2008;455033.49;97933.9;289000.0;;Cena posla ni avtomatsko cena te sestavine;2024-01-04;2;Tržen posel – neustrezni podatki;2024;ETN_008_2024_KPP_2024_DELISTAVB_20260724.csv
D-2024-ETN_008_2024_KPP_2024_DELISTAVB_20260724.csv-82;834134;DEL_STAVBE;2;Stanovanje;STANOVANJE;1724;BREZOVICA;NOTRANJE GORICE;GMAJNA 26;stavba 3197, del 3;1/1;1.0;78.7;78.7;73.8;1980;454104.71;95091.25;166000.0;;Cena posla ni avtomatsko cena te sestavine;2024-08-29;1;Tržen posel;2024;ETN_008_2024_KPP_2024_DELISTAVB_20260724.csv
D-2024-ETN_008_2024_KPP_2024_DELISTAVB_20260724.csv-83;834187;DEL_STAVBE;14;Tehnični ali pomožni prostori;POMOZNA_DRUGO;1724;BREZOVICA;;;stavba 3455, del 1;1/1;1.0;540.0;540.0;540.0;1986;453443.05;94291.03;500000.0;;Cena posla ni avtomatsko cena te sestavine;2024-07-09;4;Neopredeljen posel;2024;ETN_008_2024_KPP_2024_DELISTAVB_20260724.csv
D-2024-ETN_008_2024_KPP_2024_DELISTAVB_20260724.csv-84;834187;DEL_STAVBE;1;Stanovanjska hiša;STANOVANJSKA_HISA;1724;BREZOVICA;NOTRANJE GORICE;CESTA NA LOG 5;stavba 3459, del 1;1/1;1.0;300.0;300.0;110.0;1886;453489.56;94302.43;500000.0;;Cena posla ni avtomatsko cena te sestavine;2024-07-09;4;Neopredeljen posel;2024;ETN_008_2024_KPP_2024_DELISTAVB_20260724.csv
D-2024-ETN_008_2024_KPP_2024_DELISTAVB_20260724.csv-85;834187;DEL_STAVBE;1;Stanovanjska hiša;STANOVANJSKA_HISA;1724;BREZOVICA;NOTRANJE GORICE;CESTA NA LOG 5 a;stavba 4314, del 1;1/1;1.0;169.5;169.5;135.9;2000;453470.25;94299.71;500000.0;;Cena posla ni avtomatsko cena te sestavine;2024-07-09;4;Neopredeljen posel;2024;ETN_008_2024_KPP_2024_DELISTAVB_20260724.csv
D-2024-ETN_008_2024_KPP_2024_DELISTAVB_20260724.csv-86;823628;DEL_STAVBE;14;Tehnični ali pomožni prostori;POMOZNA_DRUGO;1704;KAMNIK;;;stavba 130, del 6;1/1;1.0;13.9;13.9;13.9;1962;453483.74;91920.22;49000.0;;Cena posla ni avtomatsko cena te sestavine;2024-05-21;3;Drug posel;2024;ETN_008_2024_KPP_2024_DELISTAVB_20260724.csv
D-2024-ETN_008_2024_KPP_2024_DELISTAVB_20260724.csv-87;823628;DEL_STAVBE;2;Stanovanje;STANOVANJE;1704;KAMNIK;KAMNIK POD KRIMOM;109;stavba 130, del 3;1/1;1.0;46.9;46.9;44.5;1962;453483.74;91920.22;49000.0;;Cena posla ni avtomatsko cena te sestavine;2024-05-21;3;Drug posel;2024;ETN_008_2024_KPP_2024_DELISTAVB_20260724.csv
D-2024-ETN_008_2024_KPP_2024_DELISTAVB_20260724.csv-88;823772;DEL_STAVBE;15;Drugo;POMOZNA_DRUGO;1703;JEZERO;JEZERO;60;stavba 85, del 1;1/1;1.0;143.2;143.2;0.0;1850;456254.28;92352.48;70000.0;;Cena posla ni avtomatsko cena te sestavine;2024-02-16;2;Tržen posel – neustrezni podatki;2024;ETN_008_2024_KPP_2024_DELISTAVB_20260724.csv
D-2024-ETN_008_2024_KPP_2024_DELISTAVB_20260724.csv-89;885852;DEL_STAVBE;1;Stanovanjska hiša;STANOVANJSKA_HISA;1724;BREZOVICA;BREZOVICA PRI LJUBLJANI;MALOVAŠKA ULICA 1;stavba 1716, del 4;171/1000;0.171;61.9;10.584900000000001;37.7;1935;454547.63;98387.89;125000.0;;Cena posla ni avtomatsko cena te sestavine;2024-10-28;3;Drug posel;2024;ETN_008_2024_KPP_2024_DELISTAVB_20260724.csv
D-2024-ETN_008_2024_KPP_2024_DELISTAVB_20260724.csv-90;885852;DEL_STAVBE;1;Stanovanjska hiša;STANOVANJSKA_HISA;1724;BREZOVICA;BREZOVICA PRI LJUBLJANI;TRŽAŠKA CESTA 541;stavba 1716, del 2;171/1000;0.171;54.7;9.353700000000002;47.2;1935;454547.63;98387.89;125000.0;;Cena posla ni avtomatsko cena te sestavine;2024-10-28;3;Drug posel;2024;ETN_008_2024_KPP_2024_DELISTAVB_20260724.csv
D-2024-ETN_008_2024_KPP_2024_DELISTAVB_20260724.csv-91;885852;DEL_STAVBE;1;Stanovanjska hiša;STANOVANJSKA_HISA;1724;BREZOVICA;BREZOVICA PRI LJUBLJANI;MALOVAŠKA ULICA 1;stavba 1716, del 5;171/1000;0.171;51.8;8.857800000000001;36.1;1935;454547.63;98387.89;125000.0;;Cena posla ni avtomatsko cena te sestavine;2024-10-28;3;Drug posel;2024;ETN_008_2024_KPP_2024_DELISTAVB_20260724.csv
D-2024-ETN_008_2024_KPP_2024_DELISTAVB_20260724.csv-92;885852;DEL_STAVBE;1;Stanovanjska hiša;STANOVANJSKA_HISA;1724;BREZOVICA;BREZOVICA PRI LJUBLJANI;MALOVAŠKA ULICA 1;stavba 1716, del 6;171/1000;0.171;58.2;9.952200000000001;38.0;1935;454547.63;98387.89;125000.0;;Cena posla ni avtomatsko cena te sestavine;2024-10-28;3;Drug posel;2024;ETN_008_2024_KPP_2024_DELISTAVB_20260724.csv
D-2024-ETN_008_2024_KPP_2024_DELISTAVB_20260724.csv-93;885852;DEL_STAVBE;1;Stanovanjska hiša;STANOVANJSKA_HISA;1724;BREZOVICA;BREZOVICA PRI LJUBLJANI;TRŽAŠKA CESTA 541;stavba 1716, del 1;171/1000;0.171;52.2;8.926200000000001;45.2;1935;454547.63;98387.89;125000.0;;Cena posla ni avtomatsko cena te sestavine;2024-10-28;3;Drug posel;2024;ETN_008_2024_KPP_2024_DELISTAVB_20260724.csv
D-2024-ETN_008_2024_KPP_2024_DELISTAVB_20260724.csv-94;885852;DEL_STAVBE;1;Stanovanjska hiša;STANOVANJSKA_HISA;1724;BREZOVICA;BREZOVICA PRI LJUBLJANI;MALOVAŠKA ULICA 1;stavba 1716, del 3;171/1000;0.171;60.0;10.260000000000002;47.0;1935;454547.63;98387.89;125000.0;;Cena posla ni avtomatsko cena te sestavine;2024-10-28;3;Drug posel;2024;ETN_008_2024_KPP_2024_DELISTAVB_20260724.csv
D-2024-ETN_008_2024_KPP_2024_DELISTAVB_20260724.csv-95;885852;DEL_STAVBE;14;Tehnični ali pomožni prostori;POMOZNA_DRUGO;1724;BREZOVICA;;;stavba 1716, del 8;171/1000;0.171;82.7;14.141700000000002;82.7;1935;454547.63;98387.89;125000.0;;Cena posla ni avtomatsko cena te sestavine;2024-10-28;3;Drug posel;2024;ETN_008_2024_KPP_2024_DELISTAVB_20260724.csv
D-2024-ETN_008_2024_KPP_2024_DELISTAVB_20260724.csv-96;885979;DEL_STAVBE;1;Stanovanjska hiša;STANOVANJSKA_HISA;1724;BREZOVICA;VNANJE GORICE;POT H GOZDU 5;stavba 3938, del 1;1/1;1.0;144.1;144.1;110.4;2007;454495.35;96348.91;420000.0;;Cena posla ni avtomatsko cena te sestavine;2024-10-30;2;Tržen posel – neustrezni podatki;2024;ETN_008_2024_KPP_2024_DELISTAVB_20260724.csv
D-2024-ETN_008_2024_KPP_2024_DELISTAVB_20260724.csv-97;819615;DEL_STAVBE;2;Stanovanje;STANOVANJE;1724;BREZOVICA;BREZOVICA PRI LJUBLJANI;STAROVAŠKA CESTA 15;stavba 1612, del 8;1/1;1.0;50.7;50.7;44.0;1853;454066.17;98441.6;105000.0;;Cena posla ni avtomatsko cena te sestavine;2024-03-19;4;Neopredeljen posel;2024;ETN_008_2024_KPP_2024_DELISTAVB_20260724.csv
D-2024-ETN_008_2024_KPP_2024_DELISTAVB_20260724.csv-98;819615;DEL_STAVBE;14;Tehnični ali pomožni prostori;POMOZNA_DRUGO;1724;BREZOVICA;BREZOVICA PRI LJUBLJANI;STAROVAŠKA CESTA 15;stavba 1612, del 6;1/2;0.5;21.0;10.5;21.0;1853;454066.17;98441.6;105000.0;;Cena posla ni avtomatsko cena te sestavine;2024-03-19;4;Neopredeljen posel;2024;ETN_008_2024_KPP_2024_DELISTAVB_20260724.csv
D-2024-ETN_008_2024_KPP_2024_DELISTAVB_20260724.csv-99;886500;DEL_STAVBE;1;Stanovanjska hiša;STANOVANJSKA_HISA;1724;BREZOVICA;NOTRANJE GORICE;NA PESKE 1;stavba 3395, del 1;1/1;1.0;245.0;245.0;88.7;1851;453466.62;94353.34;100000.0;;Cena posla ni avtomatsko cena te sestavine;2023-07-10;2;Tržen posel – neustrezni podatki;2024;ETN_008_2024_KPP_2024_DELISTAVB_20260724.csv
D-2024-ETN_008_2024_KPP_2024_DELISTAVB_20260724.csv-100;886500;DEL_STAVBE;15;Drugo;POMOZNA_DRUGO;1724;BREZOVICA;;;stavba 3398, del 1;1/1;1.0;70.0;70.0;70.0;1924;453475.07;94375.9;100000.0;;Cena posla ni avtomatsko cena te sestavine;2023-07-10;2;Tržen posel – neustrezni podatki;2024;ETN_008_2024_KPP_2024_DELISTAVB_20260724.csv
D-2024-ETN_008_2024_KPP_2024_DELISTAVB_20260724.csv-101;819854;DEL_STAVBE;1;Stanovanjska hiša;STANOVANJSKA_HISA;1652;RAKITNA;RAKITNA;262;stavba 204, del 1;1/1;1.0;78.0;78.0;34.4;1961;455823.21;83247.63;120000.0;;Cena posla ni avtomatsko cena te sestavine;2024-03-28;2;Tržen posel – neustrezni podatki;2024;ETN_008_2024_KPP_2024_DELISTAVB_20260724.csv
D-2024-ETN_008_2024_KPP_2024_DELISTAVB_20260724.csv-102;820157;DEL_STAVBE;1;Stanovanjska hiša;STANOVANJSKA_HISA;1652;RAKITNA;RAKITNA;110 e;stavba 901, del 1;1/3;0.3333333333333333;110.7;36.9;82.7;2011;455919.35;83587.9;96666.67;;Cena posla ni avtomatsko cena te sestavine;2024-04-03;3;Drug posel;2024;ETN_008_2024_KPP_2024_DELISTAVB_20260724.csv
D-2024-ETN_008_2024_KPP_2024_DELISTAVB_20260724.csv-103;820416;DEL_STAVBE;13;Kmetijski objekt;KMETIJSKI_OBJEKT;1704;KAMNIK;;;stavba 284, del 1;1/1;1.0;40.9;40.9;40.9;1987;451844.84;90424.93;87300.0;;Cena posla ni avtomatsko cena te sestavine;2024-04-04;2;Tržen posel – neustrezni podatki;2024;ETN_008_2024_KPP_2024_DELISTAVB_20260724.csv
D-2024-ETN_008_2024_KPP_2024_DELISTAVB_20260724.csv-104;820855;DEL_STAVBE;1;Stanovanjska hiša;STANOVANJSKA_HISA;1652;RAKITNA;RAKITNA;259 a;stavba 856, del 1;1/1;1.0;158.8;158.8;83.9;2003;455784.24;83226.7;203000.0;;Cena posla ni avtomatsko cena te sestavine;2024-04-15;2;Tržen posel – neustrezni podatki;2024;ETN_008_2024_KPP_2024_DELISTAVB_20260724.csv
D-2024-ETN_008_2024_KPP_2024_DELISTAVB_20260724.csv-105;809851;DEL_STAVBE;2;Stanovanje;STANOVANJE;1724;BREZOVICA;BREZOVICA PRI LJUBLJANI;TRŽAŠKA CESTA 438;stavba 253, del 6;1/1;1.0;77.8;77.8;77.8;1969;454626.4;98453.14;200000.0;;Cena posla ni avtomatsko cena te sestavine;2023-12-11;2;Tržen posel – neustrezni podatki;2024;ETN_008_2024_KPP_2024_DELISTAVB_20260724.csv
D-2024-ETN_008_2024_KPP_2024_DELISTAVB_20260724.csv-106;809970;DEL_STAVBE;1;Stanovanjska hiša;STANOVANJSKA_HISA;1652;RAKITNA;RAKITNA;RAKITNA 110 E;stavba 901, del 1;1/1;1.0;110.7;110.7;82.7;2011;455919.35;83587.9;290000.0;;Cena posla ni avtomatsko cena te sestavine;2023-12-07;2;Tržen posel – neustrezni podatki;2024;ETN_008_2024_KPP_2024_DELISTAVB_20260724.csv
D-2024-ETN_008_2024_KPP_2024_DELISTAVB_20260724.csv-107;824028;DEL_STAVBE;8;Trgovski ali storitveni lokal;POSLOVNA_DRUGA;1724;BREZOVICA;BREZOVICA PRI LJUBLJANI;PODPEŠKA CESTA 14;stavba 4662, del 5;1/1;1.0;163.9;163.9;136.9;2019;454789.0;98154.0;360580.0;;Cena posla ni avtomatsko cena te sestavine;2023-05-13;1;Tržen posel;2024;ETN_008_2024_KPP_2024_DELISTAVB_20260724.csv
D-2024-ETN_008_2024_KPP_2024_DELISTAVB_20260724.csv-108;824035;DEL_STAVBE;6;Prostori za poslovanje s strankami;POSLOVNA_DRUGA;1724;BREZOVICA;BREZOVICA PRI LJUBLJANI;PODPEŠKA CESTA 14;stavba 4662, del 10;1/1;1.0;55.2;55.2;55.2;2019;454789.0;98154.0;104383.2;;Cena posla ni avtomatsko cena te sestavine;2020-01-06;2;Tržen posel – neustrezni podatki;2024;ETN_008_2024_KPP_2024_DELISTAVB_20260724.csv
D-2024-ETN_008_2024_KPP_2024_DELISTAVB_20260724.csv-109;824032;DEL_STAVBE;8;Trgovski ali storitveni lokal;POSLOVNA_DRUGA;1724;BREZOVICA;BREZOVICA PRI LJUBLJANI;PODPEŠKA CESTA 14;stavba 4662, del 6;1/1;1.0;28.5;28.5;28.5;2019;454789.0;98154.0;73017.0;;Cena posla ni avtomatsko cena te sestavine;2020-01-06;1;Tržen posel;2024;ETN_008_2024_KPP_2024_DELISTAVB_20260724.csv
D-2024-ETN_008_2024_KPP_2024_DELISTAVB_20260724.csv-110;824031;DEL_STAVBE;5;Pisarniški prostori;POSLOVNA_DRUGA;1724;BREZOVICA;BREZOVICA PRI LJUBLJANI;PODPEŠKA CESTA 14;stavba 4662, del 17;1/1;1.0;62.8;62.8;62.8;2019;454789.0;98154.0;137908.8;;Cena posla ni avtomatsko cena te sestavine;2020-01-06;2;Tržen posel – neustrezni podatki;2024;ETN_008_2024_KPP_2024_DELISTAVB_20260724.csv
D-2024-ETN_008_2024_KPP_2024_DELISTAVB_20260724.csv-111;824038;DEL_STAVBE;8;Trgovski ali storitveni lokal;POSLOVNA_DRUGA;1724;BREZOVICA;BREZOVICA PRI LJUBLJANI;PODPEŠKA CESTA 14;stavba 4662, del 14;1/1;1.0;47.8;47.8;47.8;2019;454789.0;98154.0;1256724.93;;Cena posla ni avtomatsko cena te sestavine;2019-12-26;1;Tržen posel;2024;ETN_008_2024_KPP_2024_DELISTAVB_20260724.csv
D-2024-ETN_008_2024_KPP_2024_DELISTAVB_20260724.csv-112;824038;DEL_STAVBE;14;Tehnični ali pomožni prostori;POMOZNA_DRUGO;1724;BREZOVICA;;;stavba 4662, del 15;1/1;1.0;49.9;49.9;49.9;2019;454789.0;98154.0;1256724.93;;Cena posla ni avtomatsko cena te sestavine;2019-12-26;1;Tržen posel;2024;ETN_008_2024_KPP_2024_DELISTAVB_20260724.csv
D-2024-ETN_008_2024_KPP_2024_DELISTAVB_20260724.csv-113;824038;DEL_STAVBE;12;Turistični nastanitveni objekt;POSLOVNA_DRUGA;1724;BREZOVICA;BREZOVICA PRI LJUBLJANI;PODPEŠKA CESTA 14;stavba 4662, del 25;1/1;1.0;323.0;323.0;306.9;2019;454789.0;98154.0;1256724.93;;Cena posla ni avtomatsko cena te sestavine;2019-12-26;1;Tržen posel;2024;ETN_008_2024_KPP_2024_DELISTAVB_20260724.csv
D-2024-ETN_008_2024_KPP_2024_DELISTAVB_20260724.csv-114;824038;DEL_STAVBE;12;Turistični nastanitveni objekt;POSLOVNA_DRUGA;1724;BREZOVICA;BREZOVICA PRI LJUBLJANI;PODPEŠKA CESTA 14;stavba 4662, del 26;1/1;1.0;323.0;323.0;306.9;2019;454789.0;98154.0;1256724.93;;Cena posla ni avtomatsko cena te sestavine;2019-12-26;1;Tržen posel;2024;ETN_008_2024_KPP_2024_DELISTAVB_20260724.csv
D-2024-ETN_008_2024_KPP_2024_DELISTAVB_20260724.csv-115;824039;DEL_STAVBE;8;Trgovski ali storitveni lokal;POSLOVNA_DRUGA;1724;BREZOVICA;BREZOVICA PRI LJUBLJANI;PODPEŠKA CESTA 14;stavba 4662, del 19;1/1;1.0;31.4;31.4;31.4;2019;454789.0;98154.0;68954.4;;Cena posla ni avtomatsko cena te sestavine;2020-01-06;1;Tržen posel;2024;ETN_008_2024_KPP_2024_DELISTAVB_20260724.csv
D-2024-ETN_008_2024_KPP_2024_DELISTAVB_20260724.csv-116;824041;DEL_STAVBE;6;Prostori za poslovanje s strankami;POSLOVNA_DRUGA;1724;BREZOVICA;BREZOVICA PRI LJUBLJANI;PODPEŠKA CESTA 14;stavba 4662, del 21;1/1;1.0;75.9;75.9;75.9;2019;454789.0;98154.0;194455.8;;Cena posla ni avtomatsko cena te sestavine;2020-01-08;2;Tržen posel – neustrezni podatki;2024;ETN_008_2024_KPP_2024_DELISTAVB_20260724.csv
D-2024-ETN_008_2024_KPP_2024_DELISTAVB_20260724.csv-117;824034;DEL_STAVBE;7;Prostori za zdravstveno dejavnost;POSLOVNA_DRUGA;1724;BREZOVICA;BREZOVICA PRI LJUBLJANI;PODPEŠKA CESTA 14;stavba 4662, del 9;1/1;1.0;49.5;49.5;49.5;2019;454789.0;98154.0;126819.0;;Cena posla ni avtomatsko cena te sestavine;2020-01-06;2;Tržen posel – neustrezni podatki;2024;ETN_008_2024_KPP_2024_DELISTAVB_20260724.csv
D-2024-ETN_008_2024_KPP_2024_DELISTAVB_20260724.csv-118;824043;DEL_STAVBE;6;Prostori za poslovanje s strankami;POSLOVNA_DRUGA;1724;BREZOVICA;BREZOVICA PRI LJUBLJANI;PODPEŠKA CESTA 14;stavba 4662, del 23;1/1;1.0;35.9;35.9;35.9;2019;454789.0;98154.0;89785.9;;Cena posla ni avtomatsko cena te sestavine;2020-06-23;2;Tržen posel – neustrezni podatki;2024;ETN_008_2024_KPP_2024_DELISTAVB_20260724.csv
D-2024-ETN_008_2024_KPP_2024_DELISTAVB_20260724.csv-119;824027;DEL_STAVBE;6;Prostori za poslovanje s strankami;POSLOVNA_DRUGA;1724;BREZOVICA;BREZOVICA PRI LJUBLJANI;PODPEŠKA CESTA 14;stavba 4662, del 1;1/1;1.0;30.3;30.3;30.3;2019;454789.0;98154.0;73932.0;;Cena posla ni avtomatsko cena te sestavine;2019-10-10;2;Tržen posel – neustrezni podatki;2024;ETN_008_2024_KPP_2024_DELISTAVB_20260724.csv
D-2024-ETN_008_2024_KPP_2024_DELISTAVB_20260724.csv-120;824042;DEL_STAVBE;6;Prostori za poslovanje s strankami;POSLOVNA_DRUGA;1724;BREZOVICA;BREZOVICA PRI LJUBLJANI;PODPEŠKA CESTA 14;stavba 4662, del 22;1/1;1.0;190.3;190.3;190.3;2019;454789.0;98154.0;390038.88;;Cena posla ni avtomatsko cena te sestavine;2020-07-29;2;Tržen posel – neustrezni podatki;2024;ETN_008_2024_KPP_2024_DELISTAVB_20260724.csv
D-2024-ETN_008_2024_KPP_2024_DELISTAVB_20260724.csv-121;824036;DEL_STAVBE;15;Drugo;POMOZNA_DRUGO;1724;BREZOVICA;BREZOVICA PRI LJUBLJANI;PODPEŠKA CESTA 14;stavba 4662, del 11;1/1;1.0;364.5;364.5;364.5;2019;454789.0;98154.0;1645954.46;;Cena posla ni avtomatsko cena te sestavine;2021-05-28;2;Tržen posel – neustrezni podatki;2024;ETN_008_2024_KPP_2024_DELISTAVB_20260724.csv
D-2024-ETN_008_2024_KPP_2024_DELISTAVB_20260724.csv-122;824036;DEL_STAVBE;6;Prostori za poslovanje s strankami;POSLOVNA_DRUGA;1724;BREZOVICA;BREZOVICA PRI LJUBLJANI;PODPEŠKA CESTA 14;stavba 4662, del 12;1/1;1.0;107.4;107.4;37.1;2019;454789.0;98154.0;1645954.46;;Cena posla ni avtomatsko cena te sestavine;2021-05-28;2;Tržen posel – neustrezni podatki;2024;ETN_008_2024_KPP_2024_DELISTAVB_20260724.csv
D-2024-ETN_008_2024_KPP_2024_DELISTAVB_20260724.csv-123;824036;DEL_STAVBE;5;Pisarniški prostori;POSLOVNA_DRUGA;1724;BREZOVICA;BREZOVICA PRI LJUBLJANI;PODPEŠKA CESTA 14;stavba 4662, del 16;1/1;1.0;295.6;295.6;246.7;2019;454789.0;98154.0;1645954.46;;Cena posla ni avtomatsko cena te sestavine;2021-05-28;2;Tržen posel – neustrezni podatki;2024;ETN_008_2024_KPP_2024_DELISTAVB_20260724.csv
D-2024-ETN_008_2024_KPP_2024_DELISTAVB_20260724.csv-124;824040;DEL_STAVBE;6;Prostori za poslovanje s strankami;POSLOVNA_DRUGA;1724;BREZOVICA;BREZOVICA PRI LJUBLJANI;PODPEŠKA CESTA 14;stavba 4662, del 20;1/1;1.0;63.9;63.9;63.9;2019;454789.0;98154.0;144222.3;;Cena posla ni avtomatsko cena te sestavine;2020-06-23;2;Tržen posel – neustrezni podatki;2024;ETN_008_2024_KPP_2024_DELISTAVB_20260724.csv
D-2024-ETN_008_2024_KPP_2024_DELISTAVB_20260724.csv-125;826173;DEL_STAVBE;1;Stanovanjska hiša;STANOVANJSKA_HISA;1724;BREZOVICA;NOTRANJE GORICE;MAVSARJEVA CESTA 1;stavba 3045, del 1;1/1;1.0;113.0;113.0;94.0;1930;454034.28;95211.72;140000.0;;Cena posla ni avtomatsko cena te sestavine;2024-05-29;1;Tržen posel;2024;ETN_008_2024_KPP_2024_DELISTAVB_20260724.csv
D-2024-ETN_008_2024_KPP_2024_DELISTAVB_20260724.csv-126;826173;DEL_STAVBE;14;Tehnični ali pomožni prostori;POMOZNA_DRUGO;1724;BREZOVICA;;;stavba 3046, del 1;1/1;1.0;180.0;180.0;180.0;1964;454037.19;95205.21;140000.0;;Cena posla ni avtomatsko cena te sestavine;2024-05-29;1;Tržen posel;2024;ETN_008_2024_KPP_2024_DELISTAVB_20260724.csv
D-2024-ETN_008_2024_KPP_2024_DELISTAVB_20260724.csv-127;826173;DEL_STAVBE;14;Tehnični ali pomožni prostori;POMOZNA_DRUGO;1724;BREZOVICA;;;stavba 3047, del 1;1/1;1.0;108.9;108.9;108.9;1955;454047.8;95198.52;140000.0;;Cena posla ni avtomatsko cena te sestavine;2024-05-29;1;Tržen posel;2024;ETN_008_2024_KPP_2024_DELISTAVB_20260724.csv
D-2024-ETN_008_2024_KPP_2024_DELISTAVB_20260724.csv-128;889444;DEL_STAVBE;1;Stanovanjska hiša;STANOVANJSKA_HISA;1704;KAMNIK;GORIČICA POD KRIMOM;6;stavba 302, del 1;1/1;1.0;122.0;122.0;60.5;1937;451931.27;90195.08;135000.0;;Cena posla ni avtomatsko cena te sestavine;2024-02-06;3;Drug posel;2024;ETN_008_2024_KPP_2024_DELISTAVB_20260724.csv
D-2025-ETN_008_2025_KPP_2025_DELISTAVB_20260724.csv-2;892741;DEL_STAVBE;1;Stanovanjska hiša;STANOVANJSKA_HISA;1652;RAKITNA;RAKITNA;460;stavba 624, del 1;1/1;1.0;83.5;83.5;47.8;1977;456620.31;82552.0;235000.0;;Cena posla ni avtomatsko cena te sestavine;2024-11-21;2;Tržen posel – neustrezni podatki;2025;ETN_008_2025_KPP_2025_DELISTAVB_20260724.csv
D-2025-ETN_008_2025_KPP_2025_DELISTAVB_20260724.csv-3;892680;DEL_STAVBE;1;Stanovanjska hiša;STANOVANJSKA_HISA;1724;BREZOVICA;VNANJE GORICE;NOVA POT 28;stavba 889, del 1;1/1;1.0;336.7;336.7;86.9;1981;454954.41;96807.96;241947.0;;Cena posla ni avtomatsko cena te sestavine;2024-11-19;2;Tržen posel – neustrezni podatki;2025;ETN_008_2025_KPP_2025_DELISTAVB_20260724.csv
D-2025-ETN_008_2025_KPP_2025_DELISTAVB_20260724.csv-4;897252;DEL_STAVBE;1;Stanovanjska hiša;STANOVANJSKA_HISA;1704;KAMNIK;KAMNIK POD KRIMOM;49;stavba 696, del 1;1/1;1.0;209.0;209.0;209.0;1872;454193.44;90859.69;110600.0;;Cena posla ni avtomatsko cena te sestavine;2025-01-14;2;Tržen posel – neustrezni podatki;2025;ETN_008_2025_KPP_2025_DELISTAVB_20260724.csv
D-2025-ETN_008_2025_KPP_2025_DELISTAVB_20260724.csv-5;897252;DEL_STAVBE;13;Kmetijski objekt;KMETIJSKI_OBJEKT;1704;KAMNIK;;;stavba 688, del 1;1/1;1.0;360.0;360.0;360.0;1975;454220.55;90848.62;110600.0;;Cena posla ni avtomatsko cena te sestavine;2025-01-14;2;Tržen posel – neustrezni podatki;2025;ETN_008_2025_KPP_2025_DELISTAVB_20260724.csv
D-2025-ETN_008_2025_KPP_2025_DELISTAVB_20260724.csv-6;898987;DEL_STAVBE;2;Stanovanje;STANOVANJE;1724;BREZOVICA;NOTRANJE GORICE;PODPEŠKA CESTA 299;stavba 3121, del 3;1/1;1.0;42.0;42.0;18.3;1975;454004.52;95183.3;24454.0;;Cena posla ni avtomatsko cena te sestavine;2025-01-30;3;Drug posel;2025;ETN_008_2025_KPP_2025_DELISTAVB_20260724.csv
D-2025-ETN_008_2025_KPP_2025_DELISTAVB_20260724.csv-7;899399;DEL_STAVBE;14;Tehnični ali pomožni prostori;POMOZNA_DRUGO;1652;RAKITNA;;;stavba 966, del 1;1/1;1.0;35.8;35.8;35.8;1998;456143.91;82629.53;115000.0;;Cena posla ni avtomatsko cena te sestavine;2025-02-02;2;Tržen posel – neustrezni podatki;2025;ETN_008_2025_KPP_2025_DELISTAVB_20260724.csv
D-2025-ETN_008_2025_KPP_2025_DELISTAVB_20260724.csv-8;899399;DEL_STAVBE;4;Garaža;PARKIRANJE;1652;RAKITNA;;;stavba 967, del 1;1/1;1.0;23.1;23.1;23.1;1987;456159.73;82626.91;115000.0;;Cena posla ni avtomatsko cena te sestavine;2025-02-02;2;Tržen posel – neustrezni podatki;2025;ETN_008_2025_KPP_2025_DELISTAVB_20260724.csv
D-2025-ETN_008_2025_KPP_2025_DELISTAVB_20260724.csv-9;899399;DEL_STAVBE;1;Stanovanjska hiša;STANOVANJSKA_HISA;1652;RAKITNA;RAKITNA;306;stavba 546, del 1;1/1;1.0;101.7;101.7;44.5;1986;456161.28;82630.34;115000.0;;Cena posla ni avtomatsko cena te sestavine;2025-02-02;2;Tržen posel – neustrezni podatki;2025;ETN_008_2025_KPP_2025_DELISTAVB_20260724.csv
D-2025-ETN_008_2025_KPP_2025_DELISTAVB_20260724.csv-10;899847;DEL_STAVBE;1;Stanovanjska hiša;STANOVANJSKA_HISA;1704;KAMNIK;KAMNIK POD KRIMOM;78;stavba 724, del 1;1/1;1.0;129.0;129.0;115.0;1968;454236.98;90710.4;210000.0;;Cena posla ni avtomatsko cena te sestavine;2025-02-10;2;Tržen posel – neustrezni podatki;2025;ETN_008_2025_KPP_2025_DELISTAVB_20260724.csv
D-2025-ETN_008_2025_KPP_2025_DELISTAVB_20260724.csv-11;899847;DEL_STAVBE;13;Kmetijski objekt;KMETIJSKI_OBJEKT;1704;KAMNIK;;;stavba 725, del 1;1/1;1.0;32.0;32.0;32.0;1960;454223.81;90701.45;210000.0;;Cena posla ni avtomatsko cena te sestavine;2025-02-10;2;Tržen posel – neustrezni podatki;2025;ETN_008_2025_KPP_2025_DELISTAVB_20260724.csv
D-2025-ETN_008_2025_KPP_2025_DELISTAVB_20260724.csv-12;900520;DEL_STAVBE;2;Stanovanje;STANOVANJE;1724;BREZOVICA;BREZOVICA PRI LJUBLJANI;PODSVETIJA 24;stavba 3880, del 2;1/1;1.0;86.1;86.1;70.7;2008;455106.44;97984.21;325000.0;;Cena posla ni avtomatsko cena te sestavine;2025-02-17;2;Tržen posel – neustrezni podatki;2025;ETN_008_2025_KPP_2025_DELISTAVB_20260724.csv
D-2025-ETN_008_2025_KPP_2025_DELISTAVB_20260724.csv-13;896487;DEL_STAVBE;1;Stanovanjska hiša;STANOVANJSKA_HISA;1724;BREZOVICA;BREZOVICA PRI LJUBLJANI;DEBEVČEVA POT 16;stavba 555, del 1;1/1;1.0;251.4;251.4;210.8;1984;454791.1;97631.33;400000.0;;Cena posla ni avtomatsko cena te sestavine;2025-01-07;2;Tržen posel – neustrezni podatki;2025;ETN_008_2025_KPP_2025_DELISTAVB_20260724.csv
D-2025-ETN_008_2025_KPP_2025_DELISTAVB_20260724.csv-14;896487;DEL_STAVBE;4;Garaža;PARKIRANJE;1724;BREZOVICA;;;stavba 556, del 2;1/1;1.0;10.8;10.8;10.8;1987;454802.51;97628.15;400000.0;;Cena posla ni avtomatsko cena te sestavine;2025-01-07;2;Tržen posel – neustrezni podatki;2025;ETN_008_2025_KPP_2025_DELISTAVB_20260724.csv
D-2025-ETN_008_2025_KPP_2025_DELISTAVB_20260724.csv-15;896487;DEL_STAVBE;4;Garaža;PARKIRANJE;1724;BREZOVICA;;;stavba 556, del 1;1/1;1.0;33.6;33.6;33.6;1987;454802.51;97628.15;400000.0;;Cena posla ni avtomatsko cena te sestavine;2025-01-07;2;Tržen posel – neustrezni podatki;2025;ETN_008_2025_KPP_2025_DELISTAVB_20260724.csv
D-2025-ETN_008_2025_KPP_2025_DELISTAVB_20260724.csv-16;894228;DEL_STAVBE;1;Stanovanjska hiša;STANOVANJSKA_HISA;1724;BREZOVICA;BREZOVICA PRI LJUBLJANI;NA BREZNO 33;stavba 137, del 1;1/2;0.5;267.8;133.9;157.5;1990;455378.93;98761.45;230000.0;;Cena posla ni avtomatsko cena te sestavine;2024-12-12;3;Drug posel;2025;ETN_008_2025_KPP_2025_DELISTAVB_20260724.csv
D-2025-ETN_008_2025_KPP_2025_DELISTAVB_20260724.csv-17;900659;DEL_STAVBE;1;Stanovanjska hiša;STANOVANJSKA_HISA;1724;BREZOVICA;NOTRANJE GORICE;PODPEŠKA CESTA 244 e;stavba 3607, del 1;1/1;1.0;143.7;143.7;107.7;2001;454198.43;95778.85;326000.0;;Cena posla ni avtomatsko cena te sestavine;2025-02-11;2;Tržen posel – neustrezni podatki;2025;ETN_008_2025_KPP_2025_DELISTAVB_20260724.csv
D-2025-ETN_008_2025_KPP_2025_DELISTAVB_20260724.csv-18;900659;DEL_STAVBE;4;Garaža;PARKIRANJE;1724;BREZOVICA;;;stavba 3648, del 1;1/4;0.25;14.3;3.575;14.3;1998;454186.9;95800.53;326000.0;;Cena posla ni avtomatsko cena te sestavine;2025-02-11;2;Tržen posel – neustrezni podatki;2025;ETN_008_2025_KPP_2025_DELISTAVB_20260724.csv
D-2025-ETN_008_2025_KPP_2025_DELISTAVB_20260724.csv-19;893777;DEL_STAVBE;1;Stanovanjska hiša;STANOVANJSKA_HISA;1703;JEZERO;JEZERO;45 h;stavba 691, del 1;1/1;1.0;126.8;126.8;103.8;2019;456032.23;92655.86;345000.0;;Cena posla ni avtomatsko cena te sestavine;2024-12-05;2;Tržen posel – neustrezni podatki;2025;ETN_008_2025_KPP_2025_DELISTAVB_20260724.csv
D-2025-ETN_008_2025_KPP_2025_DELISTAVB_20260724.csv-20;893890;DEL_STAVBE;1;Stanovanjska hiša;STANOVANJSKA_HISA;1724;BREZOVICA;NOTRANJE GORICE;GMAJNA 19;stavba 3079, del 1;1/1;1.0;123.0;123.0;113.2;1967;454173.03;95154.75;200000.0;;Cena posla ni avtomatsko cena te sestavine;2024-12-07;3;Drug posel;2025;ETN_008_2025_KPP_2025_DELISTAVB_20260724.csv
D-2025-ETN_008_2025_KPP_2025_DELISTAVB_20260724.csv-21;896337;DEL_STAVBE;1;Stanovanjska hiša;STANOVANJSKA_HISA;1724;BREZOVICA;VNANJE GORICE;POD GORICAMI 9;stavba 994, del 1;1/2;0.5;91.0;45.5;54.0;1996;455216.16;96372.69;285000.0;;Cena posla ni avtomatsko cena te sestavine;2024-12-24;2;Tržen posel – neustrezni podatki;2025;ETN_008_2025_KPP_2025_DELISTAVB_20260724.csv
D-2025-ETN_008_2025_KPP_2025_DELISTAVB_20260724.csv-22;896337;DEL_STAVBE;1;Stanovanjska hiša;STANOVANJSKA_HISA;1724;BREZOVICA;VNANJE GORICE;POD GORICAMI 9;stavba 994, del 1;1/2;0.5;91.0;45.5;54.0;1996;455216.16;96372.69;285000.0;;Cena posla ni avtomatsko cena te sestavine;2024-12-24;2;Tržen posel – neustrezni podatki;2025;ETN_008_2025_KPP_2025_DELISTAVB_20260724.csv
D-2025-ETN_008_2025_KPP_2025_DELISTAVB_20260724.csv-23;966485;DEL_STAVBE;2;Stanovanje;STANOVANJE;1724;BREZOVICA;VNANJE GORICE;NOVA POT 127;stavba 4156, del 2;1/1;1.0;86.1;86.1;69.1;2009;456002.56;96956.56;320000.0;;Cena posla ni avtomatsko cena te sestavine;2025-09-03;5;V preverjanju;2025;ETN_008_2025_KPP_2025_DELISTAVB_20260724.csv
D-2025-ETN_008_2025_KPP_2025_DELISTAVB_20260724.csv-24;967293;DEL_STAVBE;2;Stanovanje;STANOVANJE;1724;BREZOVICA;VNANJE GORICE;NOVA POT 127 a;stavba 4157, del 3;1/1;1.0;112.3;112.3;74.8;2009;456006.4;96968.02;360000.0;;Cena posla ni avtomatsko cena te sestavine;2025-09-12;5;V preverjanju;2025;ETN_008_2025_KPP_2025_DELISTAVB_20260724.csv
D-2025-ETN_008_2025_KPP_2025_DELISTAVB_20260724.csv-25;970962;DEL_STAVBE;1;Stanovanjska hiša;STANOVANJSKA_HISA;1703;JEZERO;JEZERO;28 e;stavba 604, del 1;1/1;1.0;146.9;146.9;125.0;2007;455549.82;92571.47;380000.0;;Cena posla ni avtomatsko cena te sestavine;2025-10-17;5;V preverjanju;2025;ETN_008_2025_KPP_2025_DELISTAVB_20260724.csv
D-2025-ETN_008_2025_KPP_2025_DELISTAVB_20260724.csv-26;906689;DEL_STAVBE;13;Kmetijski objekt;KMETIJSKI_OBJEKT;1652;RAKITNA;;;stavba 102, del 1;1/1;1.0;181.6;181.6;181.6;1973;455637.8;83881.52;36200.0;;Cena posla ni avtomatsko cena te sestavine;2025-04-09;5;V preverjanju;2025;ETN_008_2025_KPP_2025_DELISTAVB_20260724.csv
D-2025-ETN_008_2025_KPP_2025_DELISTAVB_20260724.csv-27;969370;DEL_STAVBE;1;Stanovanjska hiša;STANOVANJSKA_HISA;1703;JEZERO;JEZERO;188;stavba 659, del 1;1/1;1.0;143.7;143.7;140.9;2010;455062.28;93051.37;461500.0;;Cena posla ni avtomatsko cena te sestavine;2025-09-25;5;V preverjanju;2025;ETN_008_2025_KPP_2025_DELISTAVB_20260724.csv
D-2025-ETN_008_2025_KPP_2025_DELISTAVB_20260724.csv-28;818638;DEL_STAVBE;13;Kmetijski objekt;KMETIJSKI_OBJEKT;1652;RAKITNA;;;stavba 93, del 1;1/1;1.0;270.0;270.0;270.0;1966;455630.75;83826.71;315000.0;;Cena posla ni avtomatsko cena te sestavine;2024-03-13;5;V preverjanju;2025;ETN_008_2025_KPP_2025_DELISTAVB_20260724.csv
D-2025-ETN_008_2025_KPP_2025_DELISTAVB_20260724.csv-29;818638;DEL_STAVBE;14;Tehnični ali pomožni prostori;POMOZNA_DRUGO;1652;RAKITNA;;;stavba 94, del 1;1/1;1.0;25.9;25.9;25.9;1955;455635.63;83848.02;315000.0;;Cena posla ni avtomatsko cena te sestavine;2024-03-13;5;V preverjanju;2025;ETN_008_2025_KPP_2025_DELISTAVB_20260724.csv
D-2025-ETN_008_2025_KPP_2025_DELISTAVB_20260724.csv-30;818638;DEL_STAVBE;1;Stanovanjska hiša;STANOVANJSKA_HISA;1652;RAKITNA;RAKITNA;18;stavba 95, del 1;1/1;1.0;190.1;190.1;109.6;1898;455647.54;83845.46;315000.0;;Cena posla ni avtomatsko cena te sestavine;2024-03-13;5;V preverjanju;2025;ETN_008_2025_KPP_2025_DELISTAVB_20260724.csv
D-2025-ETN_008_2025_KPP_2025_DELISTAVB_20260724.csv-31;818638;DEL_STAVBE;14;Tehnični ali pomožni prostori;POMOZNA_DRUGO;1652;RAKITNA;;;stavba 96, del 1;1/1;1.0;17.5;17.5;17.5;1930;455654.64;83850.01;315000.0;;Cena posla ni avtomatsko cena te sestavine;2024-03-13;5;V preverjanju;2025;ETN_008_2025_KPP_2025_DELISTAVB_20260724.csv
D-2025-ETN_008_2025_KPP_2025_DELISTAVB_20260724.csv-32;962027;DEL_STAVBE;1;Stanovanjska hiša;STANOVANJSKA_HISA;1652;RAKITNA;RAKITNA;336;stavba 559, del 1;1/4;0.25;170.8;42.7;103.2;1900;456341.31;82843.97;47656.0;;Cena posla ni avtomatsko cena te sestavine;2025-05-14;5;V preverjanju;2025;ETN_008_2025_KPP_2025_DELISTAVB_20260724.csv
D-2025-ETN_008_2025_KPP_2025_DELISTAVB_20260724.csv-33;962963;DEL_STAVBE;2;Stanovanje;STANOVANJE;1724;BREZOVICA;VNANJE GORICE;PODPEŠKA CESTA 145;stavba 2539, del 6;1/1;1.0;80.5;80.5;52.1;1972;454536.78;96727.04;250000.0;;Cena posla ni avtomatsko cena te sestavine;2025-08-01;5;V preverjanju;2025;ETN_008_2025_KPP_2025_DELISTAVB_20260724.csv
D-2025-ETN_008_2025_KPP_2025_DELISTAVB_20260724.csv-34;960659;DEL_STAVBE;4;Garaža;PARKIRANJE;1705;PRESERJE;;;stavba 738, del 1;1/1;1.0;56.6;56.6;56.6;1995;454280.04;91394.12;8112.0;;Cena posla ni avtomatsko cena te sestavine;2025-06-18;5;V preverjanju;2025;ETN_008_2025_KPP_2025_DELISTAVB_20260724.csv
D-2025-ETN_008_2025_KPP_2025_DELISTAVB_20260724.csv-35;961174;DEL_STAVBE;2;Stanovanje;STANOVANJE;1705;PRESERJE;PODPEČ;52;stavba 109, del 7;1/1;1.0;54.1;54.1;54.1;1963;455034.45;92991.63;140000.0;;Cena posla ni avtomatsko cena te sestavine;2025-07-21;5;V preverjanju;2025;ETN_008_2025_KPP_2025_DELISTAVB_20260724.csv
D-2025-ETN_008_2025_KPP_2025_DELISTAVB_20260724.csv-36;961174;DEL_STAVBE;4;Garaža;PARKIRANJE;1705;PRESERJE;;;stavba 108, del 3;1/1;1.0;17.8;17.8;17.8;1965;455051.78;92980.95;140000.0;;Cena posla ni avtomatsko cena te sestavine;2025-07-21;5;V preverjanju;2025;ETN_008_2025_KPP_2025_DELISTAVB_20260724.csv
D-2025-ETN_008_2025_KPP_2025_DELISTAVB_20260724.csv-37;959991;DEL_STAVBE;1;Stanovanjska hiša;STANOVANJSKA_HISA;1705;PRESERJE;PODPEČ;83;stavba 597, del 1;2/6;0.3333333333333333;163.0;54.33333333333333;44.0;1970;454387.49;91988.48;14000.0;;Cena posla ni avtomatsko cena te sestavine;2025-05-17;5;V preverjanju;2025;ETN_008_2025_KPP_2025_DELISTAVB_20260724.csv
D-2025-ETN_008_2025_KPP_2025_DELISTAVB_20260724.csv-38;974364;DEL_STAVBE;1;Stanovanjska hiša;STANOVANJSKA_HISA;1724;BREZOVICA;NOTRANJE GORICE;V HRASTOVEC 16;stavba 2323, del 1;1/1;1.0;130.0;130.0;72.0;1965;453666.02;94803.78;180000.0;;Cena posla ni avtomatsko cena te sestavine;2025-11-11;5;V preverjanju;2025;ETN_008_2025_KPP_2025_DELISTAVB_20260724.csv
D-2025-ETN_008_2025_KPP_2025_DELISTAVB_20260724.csv-39;974364;DEL_STAVBE;14;Tehnični ali pomožni prostori;POMOZNA_DRUGO;1724;BREZOVICA;;;stavba 2324, del 1;1/1;1.0;20.0;20.0;20.0;1969;453646.6;94823.65;180000.0;;Cena posla ni avtomatsko cena te sestavine;2025-11-11;5;V preverjanju;2025;ETN_008_2025_KPP_2025_DELISTAVB_20260724.csv
D-2025-ETN_008_2025_KPP_2025_DELISTAVB_20260724.csv-40;959528;DEL_STAVBE;1;Stanovanjska hiša;STANOVANJSKA_HISA;1724;BREZOVICA;VNANJE GORICE;NOVA POT 24;stavba 886, del 1;1/1;1.0;90.7;90.7;71.8;1850;454902.68;96812.14;111800.0;;Cena posla ni avtomatsko cena te sestavine;2025-06-09;5;V preverjanju;2025;ETN_008_2025_KPP_2025_DELISTAVB_20260724.csv
D-2025-ETN_008_2025_KPP_2025_DELISTAVB_20260724.csv-41;959528;DEL_STAVBE;13;Kmetijski objekt;KMETIJSKI_OBJEKT;1724;BREZOVICA;;;stavba 884, del 1;1/1;1.0;94.0;94.0;94.0;1850;454913.36;96793.47;111800.0;;Cena posla ni avtomatsko cena te sestavine;2025-06-09;5;V preverjanju;2025;ETN_008_2025_KPP_2025_DELISTAVB_20260724.csv
D-2025-ETN_008_2025_KPP_2025_DELISTAVB_20260724.csv-42;974159;DEL_STAVBE;2;Stanovanje;STANOVANJE;1724;BREZOVICA;BREZOVICA PRI LJUBLJANI;TRŽAŠKA CESTA 438;stavba 253, del 16;1/1;1.0;57.3;57.3;53.8;1969;454627.21;98454.21;217000.0;;Cena posla ni avtomatsko cena te sestavine;2025-11-17;5;V preverjanju;2025;ETN_008_2025_KPP_2025_DELISTAVB_20260724.csv
D-2025-ETN_008_2025_KPP_2025_DELISTAVB_20260724.csv-43;974159;DEL_STAVBE;14;Tehnični ali pomožni prostori;POMOZNA_DRUGO;1724;BREZOVICA;;;stavba 253, del 18;1/1;1.0;5.1;5.1;5.1;1969;454627.21;98454.21;217000.0;;Cena posla ni avtomatsko cena te sestavine;2025-11-17;5;V preverjanju;2025;ETN_008_2025_KPP_2025_DELISTAVB_20260724.csv
D-2025-ETN_008_2025_KPP_2025_DELISTAVB_20260724.csv-44;903113;DEL_STAVBE;13;Kmetijski objekt;KMETIJSKI_OBJEKT;1724;BREZOVICA;;;stavba 3392, del 1;1/1;1.0;30.0;30.0;30.0;1850;453414.8;94351.13;85000.0;;Cena posla ni avtomatsko cena te sestavine;2025-02-20;5;V preverjanju;2025;ETN_008_2025_KPP_2025_DELISTAVB_20260724.csv
D-2025-ETN_008_2025_KPP_2025_DELISTAVB_20260724.csv-45;903113;DEL_STAVBE;13;Kmetijski objekt;KMETIJSKI_OBJEKT;1724;BREZOVICA;;;stavba 3393, del 1;1/1;1.0;20.0;20.0;20.0;1850;453416.15;94346.05;85000.0;;Cena posla ni avtomatsko cena te sestavine;2025-02-20;5;V preverjanju;2025;ETN_008_2025_KPP_2025_DELISTAVB_20260724.csv
D-2025-ETN_008_2025_KPP_2025_DELISTAVB_20260724.csv-46;957712;DEL_STAVBE;10;Prostori za šport, kulturo ali izobraževanje;POSLOVNA_DRUGA;1724;BREZOVICA;;;stavba 1720, del 1;1/1;1.0;99.0;99.0;99.0;1940;454559.04;98373.64;50000.0;;Cena posla ni avtomatsko cena te sestavine;2025-06-19;5;V preverjanju;2025;ETN_008_2025_KPP_2025_DELISTAVB_20260724.csv
D-2025-ETN_008_2025_KPP_2025_DELISTAVB_20260724.csv-47;956722;DEL_STAVBE;1;Stanovanjska hiša;STANOVANJSKA_HISA;1652;RAKITNA;RAKITNA;93;stavba 400, del 1;1/1;1.0;144.0;144.0;80.0;1800;456817.49;83575.2;160000.0;;Cena posla ni avtomatsko cena te sestavine;2025-06-05;5;V preverjanju;2025;ETN_008_2025_KPP_2025_DELISTAVB_20260724.csv
D-2025-ETN_008_2025_KPP_2025_DELISTAVB_20260724.csv-48;956094;DEL_STAVBE;1;Stanovanjska hiša;STANOVANJSKA_HISA;1724;BREZOVICA;NOTRANJE GORICE;OB DROBTINKI 1 b;stavba 4175, del 1;1/1;1.0;168.2;168.2;146.3;2009;454338.19;95632.01;470000.0;;Cena posla ni avtomatsko cena te sestavine;2025-05-27;5;V preverjanju;2025;ETN_008_2025_KPP_2025_DELISTAVB_20260724.csv
D-2025-ETN_008_2025_KPP_2025_DELISTAVB_20260724.csv-49;903642;DEL_STAVBE;1;Stanovanjska hiša;STANOVANJSKA_HISA;1724;BREZOVICA;VNANJE GORICE;POD SUPOTOM 21;stavba 1029, del 1;1/1;1.0;139.5;139.5;124.4;1978;454657.72;96180.78;285000.0;;Cena posla ni avtomatsko cena te sestavine;2025-03-14;5;V preverjanju;2025;ETN_008_2025_KPP_2025_DELISTAVB_20260724.csv
D-2025-ETN_008_2025_KPP_2025_DELISTAVB_20260724.csv-50;903642;DEL_STAVBE;4;Garaža;PARKIRANJE;1724;BREZOVICA;;;stavba 4638, del 1;1/1;1.0;31.7;31.7;15.0;1965;454648.04;96180.37;285000.0;;Cena posla ni avtomatsko cena te sestavine;2025-03-14;5;V preverjanju;2025;ETN_008_2025_KPP_2025_DELISTAVB_20260724.csv
D-2025-ETN_008_2025_KPP_2025_DELISTAVB_20260724.csv-51;909970;DEL_STAVBE;2;Stanovanje;STANOVANJE;1704;KAMNIK;;;stavba 757, del 2;1/1;1.0;192.6;192.6;124.7;1985;454084.67;90561.79;145000.0;;Cena posla ni avtomatsko cena te sestavine;2025-05-20;5;V preverjanju;2025;ETN_008_2025_KPP_2025_DELISTAVB_20260724.csv
D-2025-ETN_008_2025_KPP_2025_DELISTAVB_20260724.csv-52;817699;DEL_STAVBE;15;Drugo;POMOZNA_DRUGO;1652;RAKITNA;RAKITNA;61;stavba 342, del 2;1/1;1.0;34.0;34.0;34.0;1800;456602.33;83623.66;12000.0;;Cena posla ni avtomatsko cena te sestavine;2024-03-05;5;V preverjanju;2025;ETN_008_2025_KPP_2025_DELISTAVB_20260724.csv
D-2025-ETN_008_2025_KPP_2025_DELISTAVB_20260724.csv-53;906138;DEL_STAVBE;2;Stanovanje;STANOVANJE;1724;BREZOVICA;VNANJE GORICE;PODPEŠKA CESTA 143;stavba 2544, del 1;1/1;1.0;60.0;60.0;50.3;1985;454568.77;96686.23;115000.0;;Cena posla ni avtomatsko cena te sestavine;2025-03-03;5;V preverjanju;2025;ETN_008_2025_KPP_2025_DELISTAVB_20260724.csv
D-2025-ETN_008_2025_KPP_2025_DELISTAVB_20260724.csv-54;905313;DEL_STAVBE;2;Stanovanje;STANOVANJE;1724;BREZOVICA;BREZOVICA PRI LJUBLJANI;KAPALNIŠKA POT 5 a;stavba 3633, del 3;1/1;1.0;74.6;74.6;61.9;2005;455640.2;98682.69;265000.0;;Cena posla ni avtomatsko cena te sestavine;2025-03-13;5;V preverjanju;2025;ETN_008_2025_KPP_2025_DELISTAVB_20260724.csv
D-2025-ETN_008_2025_KPP_2025_DELISTAVB_20260724.csv-55;905313;DEL_STAVBE;14;Tehnični ali pomožni prostori;POMOZNA_DRUGO;1724;BREZOVICA;BREZOVICA PRI LJUBLJANI;KAPALNIŠKA POT 5 a;stavba 3633, del 4;1/1;1.0;12.0;12.0;0.0;2005;455640.2;98682.69;265000.0;;Cena posla ni avtomatsko cena te sestavine;2025-03-13;5;V preverjanju;2025;ETN_008_2025_KPP_2025_DELISTAVB_20260724.csv
D-2025-ETN_008_2025_KPP_2025_DELISTAVB_20260724.csv-56;906354;DEL_STAVBE;1;Stanovanjska hiša;STANOVANJSKA_HISA;1705;PRESERJE;PODPEČ;91;stavba 579, del 1;1/1;1.0;235.1;235.1;123.8;2007;454658.19;92081.68;380000.0;;Cena posla ni avtomatsko cena te sestavine;2025-04-07;5;V preverjanju;2025;ETN_008_2025_KPP_2025_DELISTAVB_20260724.csv
D-2026-ETN_008_2026_KPP_2026_DELISTAVB_20260724.csv-2;982351;DEL_STAVBE;1;Stanovanjska hiša;STANOVANJSKA_HISA;1724;BREZOVICA;NOTRANJE GORICE;PODPEŠKA CESTA 273;stavba 2935, del 1;1/1;1.0;210.9;210.9;114.3;1900;454197.44;95507.36;350000.0;;Cena posla ni avtomatsko cena te sestavine;2026-01-15;5;V preverjanju;2026;ETN_008_2026_KPP_2026_DELISTAVB_20260724.csv
D-2026-ETN_008_2026_KPP_2026_DELISTAVB_20260724.csv-3;982351;DEL_STAVBE;13;Kmetijski objekt;KMETIJSKI_OBJEKT;1724;BREZOVICA;;;stavba 2936, del 1;1/1;1.0;50.0;50.0;50.0;1959;454234.8;95496.98;350000.0;;Cena posla ni avtomatsko cena te sestavine;2026-01-15;5;V preverjanju;2026;ETN_008_2026_KPP_2026_DELISTAVB_20260724.csv
D-2026-ETN_008_2026_KPP_2026_DELISTAVB_20260724.csv-4;982351;DEL_STAVBE;13;Kmetijski objekt;KMETIJSKI_OBJEKT;1724;BREZOVICA;;;stavba 2934, del 1;1/1;1.0;77.0;77.0;77.0;1900;454217.65;95507.86;350000.0;;Cena posla ni avtomatsko cena te sestavine;2026-01-15;5;V preverjanju;2026;ETN_008_2026_KPP_2026_DELISTAVB_20260724.csv
D-2026-ETN_008_2026_KPP_2026_DELISTAVB_20260724.csv-5;982869;DEL_STAVBE;1;Stanovanjska hiša;STANOVANJSKA_HISA;1705;PRESERJE;PODPEČ;75 b;stavba 642, del 1;1/2;0.5;324.0;162.0;259.2;1990;454308.23;91777.94;250500.0;;Cena posla ni avtomatsko cena te sestavine;2025-12-11;5;V preverjanju;2026;ETN_008_2026_KPP_2026_DELISTAVB_20260724.csv
D-2026-ETN_008_2026_KPP_2026_DELISTAVB_20260724.csv-6;982869;DEL_STAVBE;14;Tehnični ali pomožni prostori;POMOZNA_DRUGO;1705;PRESERJE;;;stavba 643, del 1;1/2;0.5;40.5;20.25;40.5;1995;454285.79;91770.59;250500.0;;Cena posla ni avtomatsko cena te sestavine;2025-12-11;5;V preverjanju;2026;ETN_008_2026_KPP_2026_DELISTAVB_20260724.csv
D-2026-ETN_008_2026_KPP_2026_DELISTAVB_20260724.csv-7;975923;DEL_STAVBE;1;Stanovanjska hiša;STANOVANJSKA_HISA;1652;RAKITNA;RAKITNA;376;stavba 684, del 1;1/1;1.0;175.0;175.0;100.4;1985;456482.31;82599.74;303750.0;;Cena posla ni avtomatsko cena te sestavine;2025-11-27;5;V preverjanju;2026;ETN_008_2026_KPP_2026_DELISTAVB_20260724.csv
D-2026-ETN_008_2026_KPP_2026_DELISTAVB_20260724.csv-8;987081;DEL_STAVBE;1;Stanovanjska hiša;STANOVANJSKA_HISA;1724;BREZOVICA;BREZOVICA PRI LJUBLJANI;PODSVETIJA 26 c;stavba 3884, del 3;1/1;1.0;86.1;86.1;70.7;2008;455074.19;97936.68;310000.0;;Cena posla ni avtomatsko cena te sestavine;2026-03-01;5;V preverjanju;2026;ETN_008_2026_KPP_2026_DELISTAVB_20260724.csv
D-2026-ETN_008_2026_KPP_2026_DELISTAVB_20260724.csv-9;975722;DEL_STAVBE;1;Stanovanjska hiša;STANOVANJSKA_HISA;1704;KAMNIK;GORIČICA POD KRIMOM;40;stavba 27, del 1;1/4;0.25;67.0;16.75;25.0;1978;451085.87;91897.47;5000.0;;Cena posla ni avtomatsko cena te sestavine;2025-11-14;5;V preverjanju;2026;ETN_008_2026_KPP_2026_DELISTAVB_20260724.csv
D-2026-ETN_008_2026_KPP_2026_DELISTAVB_20260724.csv-10;975722;DEL_STAVBE;13;Kmetijski objekt;KMETIJSKI_OBJEKT;1704;KAMNIK;;;stavba 26, del 1;1/18;0.05555555555555555;14.0;0.7777777777777777;14.0;1946;451028.36;91882.57;5000.0;;Cena posla ni avtomatsko cena te sestavine;2025-11-14;5;V preverjanju;2026;ETN_008_2026_KPP_2026_DELISTAVB_20260724.csv
D-2026-ETN_008_2026_KPP_2026_DELISTAVB_20260724.csv-11;975722;DEL_STAVBE;13;Kmetijski objekt;KMETIJSKI_OBJEKT;1704;KAMNIK;;;stavba 25, del 1;1/18;0.05555555555555555;25.0;1.3888888888888888;25.0;1945;451054.71;91888.37;5000.0;;Cena posla ni avtomatsko cena te sestavine;2025-11-14;5;V preverjanju;2026;ETN_008_2026_KPP_2026_DELISTAVB_20260724.csv
D-2026-ETN_008_2026_KPP_2026_DELISTAVB_20260724.csv-12;986457;DEL_STAVBE;2;Stanovanje;STANOVANJE;1724;BREZOVICA;ŽABNICA;15;stavba 2869, del 1;1/1;1.0;64.7;64.7;58.7;1960;453905.47;95557.57;240000.0;;Cena posla ni avtomatsko cena te sestavine;2026-03-05;5;V preverjanju;2026;ETN_008_2026_KPP_2026_DELISTAVB_20260724.csv
D-2026-ETN_008_2026_KPP_2026_DELISTAVB_20260724.csv-13;984319;DEL_STAVBE;14;Tehnični ali pomožni prostori;POMOZNA_DRUGO;1724;BREZOVICA;BREZOVICA PRI LJUBLJANI;KAPALNIŠKA POT 7;stavba 3634, del 4;1/1;1.0;12.0;12.0;12.0;2005;455621.47;98670.79;290000.0;;Cena posla ni avtomatsko cena te sestavine;2026-02-20;5;V preverjanju;2026;ETN_008_2026_KPP_2026_DELISTAVB_20260724.csv
D-2026-ETN_008_2026_KPP_2026_DELISTAVB_20260724.csv-14;984319;DEL_STAVBE;2;Stanovanje;STANOVANJE;1724;BREZOVICA;BREZOVICA PRI LJUBLJANI;KAPALNIŠKA POT 7;stavba 3634, del 3;1/1;1.0;74.4;74.4;64.0;2005;455621.47;98670.79;290000.0;;Cena posla ni avtomatsko cena te sestavine;2026-02-20;5;V preverjanju;2026;ETN_008_2026_KPP_2026_DELISTAVB_20260724.csv
D-2026-ETN_008_2026_KPP_2026_DELISTAVB_20260724.csv-15;986882;DEL_STAVBE;2;Stanovanje;STANOVANJE;1724;BREZOVICA;NOTRANJE GORICE;PODOVNICE 40;stavba 4065, del 1;1/1;1.0;195.2;195.2;112.8;2007;453590.37;94500.89;550000.0;;Cena posla ni avtomatsko cena te sestavine;2026-03-13;5;V preverjanju;2026;ETN_008_2026_KPP_2026_DELISTAVB_20260724.csv
D-2026-ETN_008_2026_KPP_2026_DELISTAVB_20260724.csv-16;985801;DEL_STAVBE;2;Stanovanje;STANOVANJE;1724;BREZOVICA;BREZOVICA PRI LJUBLJANI;PODPEŠKA CESTA 89 a;stavba 3636, del 2;1/1;1.0;45.1;45.1;43.9;2006;454720.91;97407.34;200000.0;;Cena posla ni avtomatsko cena te sestavine;2026-02-26;5;V preverjanju;2026;ETN_008_2026_KPP_2026_DELISTAVB_20260724.csv
D-2026-ETN_008_2026_KPP_2026_DELISTAVB_20260724.csv-17;976804;DEL_STAVBE;1;Stanovanjska hiša;STANOVANJSKA_HISA;1724;BREZOVICA;PODPLEŠIVICA;16;stavba 1888, del 1;1/1;1.0;236.5;236.5;120.8;1970;452320.87;95651.4;255000.0;;Cena posla ni avtomatsko cena te sestavine;2025-12-10;5;V preverjanju;2026;ETN_008_2026_KPP_2026_DELISTAVB_20260724.csv
D-2026-ETN_008_2026_KPP_2026_DELISTAVB_20260724.csv-18;977409;DEL_STAVBE;1;Stanovanjska hiša;STANOVANJSKA_HISA;1705;PRESERJE;PODPEČ;75 b;stavba 642, del 1;1/2;0.5;324.0;162.0;259.2;1990;454308.23;91777.94;250500.0;;Cena posla ni avtomatsko cena te sestavine;2025-12-08;5;V preverjanju;2026;ETN_008_2026_KPP_2026_DELISTAVB_20260724.csv
D-2026-ETN_008_2026_KPP_2026_DELISTAVB_20260724.csv-19;977409;DEL_STAVBE;14;Tehnični ali pomožni prostori;POMOZNA_DRUGO;1705;PRESERJE;;;stavba 643, del 1;1/2;0.5;40.5;20.25;40.5;1995;454285.79;91770.59;250500.0;;Cena posla ni avtomatsko cena te sestavine;2025-12-08;5;V preverjanju;2026;ETN_008_2026_KPP_2026_DELISTAVB_20260724.csv
D-2026-ETN_008_2026_KPP_2026_DELISTAVB_20260724.csv-20;977402;DEL_STAVBE;13;Kmetijski objekt;KMETIJSKI_OBJEKT;1724;BREZOVICA;VNANJE GORICE;NA BRCE 22;stavba 1019, del 2;1/1;1.0;116.0;116.0;116.0;1856;455255.59;96314.52;391200.0;;Cena posla ni avtomatsko cena te sestavine;2025-12-19;5;V preverjanju;2026;ETN_008_2026_KPP_2026_DELISTAVB_20260724.csv
D-2026-ETN_008_2026_KPP_2026_DELISTAVB_20260724.csv-21;977402;DEL_STAVBE;1;Stanovanjska hiša;STANOVANJSKA_HISA;1724;BREZOVICA;VNANJE GORICE;NA BRCE 22;stavba 1019, del 1;1/1;1.0;116.0;116.0;0.0;1856;455255.59;96314.52;391200.0;;Cena posla ni avtomatsko cena te sestavine;2025-12-19;5;V preverjanju;2026;ETN_008_2026_KPP_2026_DELISTAVB_20260724.csv
D-2026-ETN_008_2026_KPP_2026_DELISTAVB_20260724.csv-22;979621;DEL_STAVBE;1;Stanovanjska hiša;STANOVANJSKA_HISA;1652;RAKITNA;RAKITNA;19 d;stavba 945, del 1;1/1;1.0;137.4;137.4;128.5;2017;455663.32;83790.41;600000.0;;Cena posla ni avtomatsko cena te sestavine;2025-12-04;5;V preverjanju;2026;ETN_008_2026_KPP_2026_DELISTAVB_20260724.csv
D-2026-ETN_008_2026_KPP_2026_DELISTAVB_20260724.csv-23;979215;DEL_STAVBE;13;Kmetijski objekt;KMETIJSKI_OBJEKT;1705;PRESERJE;;;stavba 284, del 2;47/50;0.94;67.8;63.73199999999999;67.8;1940;454649.53;90755.7;260000.0;;Cena posla ni avtomatsko cena te sestavine;2025-12-15;5;V preverjanju;2026;ETN_008_2026_KPP_2026_DELISTAVB_20260724.csv
D-2026-ETN_008_2026_KPP_2026_DELISTAVB_20260724.csv-24;979215;DEL_STAVBE;13;Kmetijski objekt;KMETIJSKI_OBJEKT;1705;PRESERJE;;;stavba 286, del 1;47/50;0.94;20.2;18.988;20.2;1940;454646.16;90763.47;260000.0;;Cena posla ni avtomatsko cena te sestavine;2025-12-15;5;V preverjanju;2026;ETN_008_2026_KPP_2026_DELISTAVB_20260724.csv
D-2026-ETN_008_2026_KPP_2026_DELISTAVB_20260724.csv-25;979215;DEL_STAVBE;14;Tehnični ali pomožni prostori;POMOZNA_DRUGO;1705;PRESERJE;;;stavba 280, del 2;47/50;0.94;57.2;53.768;57.2;1966;454622.46;90751.9;260000.0;;Cena posla ni avtomatsko cena te sestavine;2025-12-15;5;V preverjanju;2026;ETN_008_2026_KPP_2026_DELISTAVB_20260724.csv
D-2026-ETN_008_2026_KPP_2026_DELISTAVB_20260724.csv-26;979215;DEL_STAVBE;1;Stanovanjska hiša;STANOVANJSKA_HISA;1705;PRESERJE;PRESERJE;1;stavba 283, del 1;47/50;0.94;162.4;152.656;158.0;1938;454656.06;90739.6;260000.0;;Cena posla ni avtomatsko cena te sestavine;2025-12-15;5;V preverjanju;2026;ETN_008_2026_KPP_2026_DELISTAVB_20260724.csv
D-2026-ETN_008_2026_KPP_2026_DELISTAVB_20260724.csv-27;979215;DEL_STAVBE;4;Garaža;PARKIRANJE;1705;PRESERJE;;;stavba 280, del 1;47/50;0.94;57.0;53.58;57.0;1966;454622.46;90751.9;260000.0;;Cena posla ni avtomatsko cena te sestavine;2025-12-15;5;V preverjanju;2026;ETN_008_2026_KPP_2026_DELISTAVB_20260724.csv
D-2026-ETN_008_2026_KPP_2026_DELISTAVB_20260724.csv-28;979215;DEL_STAVBE;13;Kmetijski objekt;KMETIJSKI_OBJEKT;1705;PRESERJE;;;stavba 286, del 2;47/50;0.94;36.0;33.839999999999996;36.0;1940;454646.16;90763.47;260000.0;;Cena posla ni avtomatsko cena te sestavine;2025-12-15;5;V preverjanju;2026;ETN_008_2026_KPP_2026_DELISTAVB_20260724.csv
D-2026-ETN_008_2026_KPP_2026_DELISTAVB_20260724.csv-29;979215;DEL_STAVBE;13;Kmetijski objekt;KMETIJSKI_OBJEKT;1705;PRESERJE;;;stavba 284, del 1;3/50;0.06;81.6;4.896;81.6;1940;454649.53;90755.7;260000.0;;Cena posla ni avtomatsko cena te sestavine;2025-12-15;5;V preverjanju;2026;ETN_008_2026_KPP_2026_DELISTAVB_20260724.csv
D-2026-ETN_008_2026_KPP_2026_DELISTAVB_20260724.csv-30;979215;DEL_STAVBE;13;Kmetijski objekt;KMETIJSKI_OBJEKT;1705;PRESERJE;;;stavba 284, del 2;3/50;0.06;67.8;4.068;67.8;1940;454649.53;90755.7;260000.0;;Cena posla ni avtomatsko cena te sestavine;2025-12-15;5;V preverjanju;2026;ETN_008_2026_KPP_2026_DELISTAVB_20260724.csv
D-2026-ETN_008_2026_KPP_2026_DELISTAVB_20260724.csv-31;979215;DEL_STAVBE;13;Kmetijski objekt;KMETIJSKI_OBJEKT;1705;PRESERJE;;;stavba 286, del 1;3/50;0.06;20.2;1.212;20.2;1940;454646.16;90763.47;260000.0;;Cena posla ni avtomatsko cena te sestavine;2025-12-15;5;V preverjanju;2026;ETN_008_2026_KPP_2026_DELISTAVB_20260724.csv
D-2026-ETN_008_2026_KPP_2026_DELISTAVB_20260724.csv-32;979215;DEL_STAVBE;14;Tehnični ali pomožni prostori;POMOZNA_DRUGO;1705;PRESERJE;;;stavba 280, del 2;3/50;0.06;57.2;3.432;57.2;1966;454622.46;90751.9;260000.0;;Cena posla ni avtomatsko cena te sestavine;2025-12-15;5;V preverjanju;2026;ETN_008_2026_KPP_2026_DELISTAVB_20260724.csv
D-2026-ETN_008_2026_KPP_2026_DELISTAVB_20260724.csv-33;979215;DEL_STAVBE;1;Stanovanjska hiša;STANOVANJSKA_HISA;1705;PRESERJE;PRESERJE;1;stavba 283, del 1;3/50;0.06;162.4;9.744;158.0;1938;454656.06;90739.6;260000.0;;Cena posla ni avtomatsko cena te sestavine;2025-12-15;5;V preverjanju;2026;ETN_008_2026_KPP_2026_DELISTAVB_20260724.csv
D-2026-ETN_008_2026_KPP_2026_DELISTAVB_20260724.csv-34;979215;DEL_STAVBE;4;Garaža;PARKIRANJE;1705;PRESERJE;;;stavba 280, del 1;3/50;0.06;57.0;3.42;57.0;1966;454622.46;90751.9;260000.0;;Cena posla ni avtomatsko cena te sestavine;2025-12-15;5;V preverjanju;2026;ETN_008_2026_KPP_2026_DELISTAVB_20260724.csv
D-2026-ETN_008_2026_KPP_2026_DELISTAVB_20260724.csv-35;979215;DEL_STAVBE;13;Kmetijski objekt;KMETIJSKI_OBJEKT;1705;PRESERJE;;;stavba 286, del 2;3/50;0.06;36.0;2.16;36.0;1940;454646.16;90763.47;260000.0;;Cena posla ni avtomatsko cena te sestavine;2025-12-15;5;V preverjanju;2026;ETN_008_2026_KPP_2026_DELISTAVB_20260724.csv
D-2026-ETN_008_2026_KPP_2026_DELISTAVB_20260724.csv-36;979215;DEL_STAVBE;4;Garaža;PARKIRANJE;1705;PRESERJE;;;stavba 282, del 1;1/1;1.0;23.1;23.1;23.1;1967;454664.36;90739.93;260000.0;;Cena posla ni avtomatsko cena te sestavine;2025-12-15;5;V preverjanju;2026;ETN_008_2026_KPP_2026_DELISTAVB_20260724.csv
D-2026-ETN_008_2026_KPP_2026_DELISTAVB_20260724.csv-37;979215;DEL_STAVBE;13;Kmetijski objekt;KMETIJSKI_OBJEKT;1705;PRESERJE;;;stavba 284, del 1;47/50;0.94;81.6;76.704;81.6;1940;454649.53;90755.7;260000.0;;Cena posla ni avtomatsko cena te sestavine;2025-12-15;5;V preverjanju;2026;ETN_008_2026_KPP_2026_DELISTAVB_20260724.csv
D-2026-ETN_008_2026_KPP_2026_DELISTAVB_20260724.csv-38;979290;DEL_STAVBE;15;Drugo;POMOZNA_DRUGO;1705;PRESERJE;;;stavba 644, del 1;1/1;1.0;71.1;71.1;71.1;1998;454224.32;91765.13;304691.0;;Cena posla ni avtomatsko cena te sestavine;2025-12-08;5;V preverjanju;2026;ETN_008_2026_KPP_2026_DELISTAVB_20260724.csv
D-2026-ETN_008_2026_KPP_2026_DELISTAVB_20260724.csv-39;986703;DEL_STAVBE;4;Garaža;PARKIRANJE;1652;RAKITNA;;;stavba 507, del 1;1/1;1.0;30.0;30.0;30.0;1985;456505.73;83066.84;90000.0;;Cena posla ni avtomatsko cena te sestavine;2026-03-05;5;V preverjanju;2026;ETN_008_2026_KPP_2026_DELISTAVB_20260724.csv
D-2026-ETN_008_2026_KPP_2026_DELISTAVB_20260724.csv-40;986703;DEL_STAVBE;1;Stanovanjska hiša;STANOVANJSKA_HISA;1652;RAKITNA;RAKITNA;301;stavba 506, del 1;1/1;1.0;42.5;42.5;35.8;1980;456499.17;83064.52;90000.0;;Cena posla ni avtomatsko cena te sestavine;2026-03-05;5;V preverjanju;2026;ETN_008_2026_KPP_2026_DELISTAVB_20260724.csv
D-2026-ETN_008_2026_KPP_2026_DELISTAVB_20260724.csv-41;986558;DEL_STAVBE;13;Kmetijski objekt;KMETIJSKI_OBJEKT;1724;BREZOVICA;;;stavba 1604, del 4;2/35;0.05714285714285714;342.0;19.54285714285714;342.0;1895;453972.02;98413.03;15000.0;;Cena posla ni avtomatsko cena te sestavine;2026-03-06;5;V preverjanju;2026;ETN_008_2026_KPP_2026_DELISTAVB_20260724.csv
D-2026-ETN_008_2026_KPP_2026_DELISTAVB_20260724.csv-42;986558;DEL_STAVBE;13;Kmetijski objekt;KMETIJSKI_OBJEKT;1724;BREZOVICA;;;stavba 1604, del 2;2/35;0.05714285714285714;41.0;2.342857142857143;41.0;1895;453972.02;98413.03;15000.0;;Cena posla ni avtomatsko cena te sestavine;2026-03-06;5;V preverjanju;2026;ETN_008_2026_KPP_2026_DELISTAVB_20260724.csv
D-2026-ETN_008_2026_KPP_2026_DELISTAVB_20260724.csv-43;986558;DEL_STAVBE;13;Kmetijski objekt;KMETIJSKI_OBJEKT;1724;BREZOVICA;;;stavba 1603, del 1;2/35;0.05714285714285714;108.0;6.171428571428571;108.0;1953;453973.37;98436.69;15000.0;;Cena posla ni avtomatsko cena te sestavine;2026-03-06;5;V preverjanju;2026;ETN_008_2026_KPP_2026_DELISTAVB_20260724.csv
D-2026-ETN_008_2026_KPP_2026_DELISTAVB_20260724.csv-44;986558;DEL_STAVBE;1;Stanovanjska hiša;STANOVANJSKA_HISA;1724;BREZOVICA;BREZOVICA PRI LJUBLJANI;BREZOVIŠKA CESTA 17;stavba 1602, del 1;2/35;0.05714285714285714;218.0;12.457142857142857;130.0;1880;453988.68;98447.31;15000.0;;Cena posla ni avtomatsko cena te sestavine;2026-03-06;5;V preverjanju;2026;ETN_008_2026_KPP_2026_DELISTAVB_20260724.csv
D-2026-ETN_008_2026_KPP_2026_DELISTAVB_20260724.csv-45;986558;DEL_STAVBE;4;Garaža;PARKIRANJE;1724;BREZOVICA;;;stavba 1604, del 1;2/35;0.05714285714285714;40.0;2.2857142857142856;40.0;1895;453972.02;98413.03;15000.0;;Cena posla ni avtomatsko cena te sestavine;2026-03-06;5;V preverjanju;2026;ETN_008_2026_KPP_2026_DELISTAVB_20260724.csv
D-2026-ETN_008_2026_KPP_2026_DELISTAVB_20260724.csv-46;986558;DEL_STAVBE;13;Kmetijski objekt;KMETIJSKI_OBJEKT;1724;BREZOVICA;;;stavba 1601, del 1;2/35;0.05714285714285714;32.0;1.8285714285714285;32.0;1901;453974.01;98452.71;15000.0;;Cena posla ni avtomatsko cena te sestavine;2026-03-06;5;V preverjanju;2026;ETN_008_2026_KPP_2026_DELISTAVB_20260724.csv
D-2026-ETN_008_2026_KPP_2026_DELISTAVB_20260724.csv-47;986558;DEL_STAVBE;14;Tehnični ali pomožni prostori;POMOZNA_DRUGO;1724;BREZOVICA;;;stavba 1604, del 3;2/35;0.05714285714285714;262.0;14.971428571428572;262.0;1895;453972.02;98413.03;15000.0;;Cena posla ni avtomatsko cena te sestavine;2026-03-06;5;V preverjanju;2026;ETN_008_2026_KPP_2026_DELISTAVB_20260724.csv
D-2026-ETN_008_2026_KPP_2026_DELISTAVB_20260724.csv-48;997115;DEL_STAVBE;13;Kmetijski objekt;KMETIJSKI_OBJEKT;1724;BREZOVICA;;;stavba 727, del 1;1/1;1.0;46.3;46.3;46.3;1992;455725.18;98323.64;450000.0;;Cena posla ni avtomatsko cena te sestavine;2026-06-18;5;V preverjanju;2026;ETN_008_2026_KPP_2026_DELISTAVB_20260724.csv
D-2026-ETN_008_2026_KPP_2026_DELISTAVB_20260724.csv-49;997115;DEL_STAVBE;1;Stanovanjska hiša;STANOVANJSKA_HISA;1724;BREZOVICA;BREZOVICA PRI LJUBLJANI;CESTA V LOG 16;stavba 720, del 1;1/1;1.0;238.1;238.1;224.7;1986;455717.2;98331.45;450000.0;;Cena posla ni avtomatsko cena te sestavine;2026-06-18;5;V preverjanju;2026;ETN_008_2026_KPP_2026_DELISTAVB_20260724.csv
D-2026-ETN_008_2026_KPP_2026_DELISTAVB_20260724.csv-50;996072;DEL_STAVBE;1;Stanovanjska hiša;STANOVANJSKA_HISA;1703;JEZERO;JEZERO;11;stavba 506, del 1;1/1;1.0;80.7;80.7;0.0;1938;455339.59;93168.09;335000.0;;Cena posla ni avtomatsko cena te sestavine;2026-06-05;5;V preverjanju;2026;ETN_008_2026_KPP_2026_DELISTAVB_20260724.csv
D-2026-ETN_008_2026_KPP_2026_DELISTAVB_20260724.csv-51;995290;DEL_STAVBE;1;Stanovanjska hiša;STANOVANJSKA_HISA;1724;BREZOVICA;NOTRANJE GORICE;PODPEŠKA CESTA 244 c;stavba 3609, del 1;1/1;1.0;155.5;155.5;117.2;1990;454211.05;95750.68;415000.0;;Cena posla ni avtomatsko cena te sestavine;2026-05-28;5;V preverjanju;2026;ETN_008_2026_KPP_2026_DELISTAVB_20260724.csv
D-2026-ETN_008_2026_KPP_2026_DELISTAVB_20260724.csv-52;995290;DEL_STAVBE;4;Garaža;PARKIRANJE;1724;BREZOVICA;;;stavba 3648, del 1;1/1;1.0;14.3;14.3;14.3;1998;454186.9;95800.53;415000.0;;Cena posla ni avtomatsko cena te sestavine;2026-05-28;5;V preverjanju;2026;ETN_008_2026_KPP_2026_DELISTAVB_20260724.csv
D-2026-ETN_008_2026_KPP_2026_DELISTAVB_20260724.csv-53;995217;DEL_STAVBE;2;Stanovanje;STANOVANJE;1724;BREZOVICA;BREZOVICA PRI LJUBLJANI;CESTA NA POSTAJO 74;stavba 665, del 2;1/1;1.0;96.3;96.3;79.9;1977;455517.26;98163.18;500000.0;;Cena posla ni avtomatsko cena te sestavine;2026-05-28;5;V preverjanju;2026;ETN_008_2026_KPP_2026_DELISTAVB_20260724.csv
D-2026-ETN_008_2026_KPP_2026_DELISTAVB_20260724.csv-54;995217;DEL_STAVBE;2;Stanovanje;STANOVANJE;1724;BREZOVICA;BREZOVICA PRI LJUBLJANI;CESTA NA POSTAJO 74;stavba 665, del 1;1/1;1.0;93.0;93.0;76.6;1977;455517.26;98163.18;500000.0;;Cena posla ni avtomatsko cena te sestavine;2026-05-28;5;V preverjanju;2026;ETN_008_2026_KPP_2026_DELISTAVB_20260724.csv
D-2026-ETN_008_2026_KPP_2026_DELISTAVB_20260724.csv-55;995217;DEL_STAVBE;4;Garaža;PARKIRANJE;1724;BREZOVICA;;;stavba 666, del 1;1/1;1.0;24.0;24.0;24.0;1988;455508.2;98157.0;500000.0;;Cena posla ni avtomatsko cena te sestavine;2026-05-28;5;V preverjanju;2026;ETN_008_2026_KPP_2026_DELISTAVB_20260724.csv
D-2026-ETN_008_2026_KPP_2026_DELISTAVB_20260724.csv-56;996480;DEL_STAVBE;2;Stanovanje;STANOVANJE;1724;BREZOVICA;VNANJE GORICE;NA LAZIH 50;stavba 2405, del 3;1/1;1.0;92.2;92.2;77.6;1969;454380.91;97438.1;250000.0;;Cena posla ni avtomatsko cena te sestavine;2026-06-09;5;V preverjanju;2026;ETN_008_2026_KPP_2026_DELISTAVB_20260724.csv
D-2026-ETN_008_2026_KPP_2026_DELISTAVB_20260724.csv-57;995516;DEL_STAVBE;1;Stanovanjska hiša;STANOVANJSKA_HISA;1705;PRESERJE;PRESERJE;42;stavba 432, del 1;1/1;1.0;40.9;40.9;27.1;1907;455139.5;90887.84;300000.0;;Cena posla ni avtomatsko cena te sestavine;2026-06-01;5;V preverjanju;2026;ETN_008_2026_KPP_2026_DELISTAVB_20260724.csv
D-2026-ETN_008_2026_KPP_2026_DELISTAVB_20260724.csv-58;995516;DEL_STAVBE;13;Kmetijski objekt;KMETIJSKI_OBJEKT;1705;PRESERJE;;;stavba 433, del 1;1/1;1.0;54.0;54.0;54.0;1907;455119.49;90912.45;300000.0;;Cena posla ni avtomatsko cena te sestavine;2026-06-01;5;V preverjanju;2026;ETN_008_2026_KPP_2026_DELISTAVB_20260724.csv
D-2026-ETN_008_2026_KPP_2026_DELISTAVB_20260724.csv-59;997251;DEL_STAVBE;2;Stanovanje;STANOVANJE;1724;BREZOVICA;VNANJE GORICE;OB CURNOVCU 12;stavba 2442, del 1;1/6;0.16666666666666666;135.4;22.566666666666666;76.1;1973;454600.85;97041.41;28000.0;;Cena posla ni avtomatsko cena te sestavine;2026-06-22;5;V preverjanju;2026;ETN_008_2026_KPP_2026_DELISTAVB_20260724.csv
D-2026-ETN_008_2026_KPP_2026_DELISTAVB_20260724.csv-60;995778;DEL_STAVBE;1;Stanovanjska hiša;STANOVANJSKA_HISA;1724;BREZOVICA;NOTRANJE GORICE;PODPEŠKA CESTA 240 c;stavba 4010, del 1;1/1;1.0;115.2;115.2;108.2;2006;454304.95;95716.85;480000.0;;Cena posla ni avtomatsko cena te sestavine;2026-05-28;5;V preverjanju;2026;ETN_008_2026_KPP_2026_DELISTAVB_20260724.csv
D-2026-ETN_008_2026_KPP_2026_DELISTAVB_20260724.csv-61;997261;DEL_STAVBE;1;Stanovanjska hiša;STANOVANJSKA_HISA;1724;BREZOVICA;BREZOVICA PRI LJUBLJANI;PODSVETIJA 45;stavba 516, del 1;1/1;1.0;203.5;203.5;191.1;1996;455170.33;97943.27;650000.0;;Cena posla ni avtomatsko cena te sestavine;2026-06-22;5;V preverjanju;2026;ETN_008_2026_KPP_2026_DELISTAVB_20260724.csv
D-2026-ETN_008_2026_KPP_2026_DELISTAVB_20260724.csv-62;997261;DEL_STAVBE;4;Garaža;PARKIRANJE;1724;BREZOVICA;;;stavba 4740, del 1;1/1;1.0;30.7;30.7;30.7;2016;455160.07;97935.15;650000.0;;Cena posla ni avtomatsko cena te sestavine;2026-06-22;5;V preverjanju;2026;ETN_008_2026_KPP_2026_DELISTAVB_20260724.csv
D-2026-ETN_008_2026_KPP_2026_DELISTAVB_20260724.csv-63;990100;DEL_STAVBE;2;Stanovanje;STANOVANJE;1724;BREZOVICA;BREZOVICA PRI LJUBLJANI;STAROVAŠKA CESTA 15;stavba 1612, del 4;1/1;1.0;76.0;76.0;65.0;1853;454066.17;98441.6;156000.0;;Cena posla ni avtomatsko cena te sestavine;2026-04-13;5;V preverjanju;2026;ETN_008_2026_KPP_2026_DELISTAVB_20260724.csv
D-2026-ETN_008_2026_KPP_2026_DELISTAVB_20260724.csv-64;992311;DEL_STAVBE;1;Stanovanjska hiša;STANOVANJSKA_HISA;1724;BREZOVICA;ŽABNICA;27 j;stavba 4332, del 1;1/1;1.0;183.9;183.9;135.2;2010;453904.0;95755.0;484397.55;;Cena posla ni avtomatsko cena te sestavine;2026-04-16;5;V preverjanju;2026;ETN_008_2026_KPP_2026_DELISTAVB_20260724.csv
D-2026-ETN_008_2026_KPP_2026_DELISTAVB_20260724.csv-65;990438;DEL_STAVBE;1;Stanovanjska hiša;STANOVANJSKA_HISA;1704;KAMNIK;KAMNIK POD KRIMOM;68 e;stavba 890, del 1;1/1;1.0;128.2;128.2;114.0;2007;454070.63;90773.49;336220.0;;Cena posla ni avtomatsko cena te sestavine;2026-04-15;5;V preverjanju;2026;ETN_008_2026_KPP_2026_DELISTAVB_20260724.csv
D-2026-ETN_008_2026_KPP_2026_DELISTAVB_20260724.csv-66;989951;DEL_STAVBE;13;Kmetijski objekt;KMETIJSKI_OBJEKT;1724;BREZOVICA;;;stavba 1475, del 1;1/1;1.0;45.0;45.0;45.0;1900;453859.89;98315.21;331250.0;;Cena posla ni avtomatsko cena te sestavine;2026-04-09;5;V preverjanju;2026;ETN_008_2026_KPP_2026_DELISTAVB_20260724.csv
D-2026-ETN_008_2026_KPP_2026_DELISTAVB_20260724.csv-67;989244;DEL_STAVBE;13;Kmetijski objekt;KMETIJSKI_OBJEKT;1724;BREZOVICA;;;stavba 384, del 1;1/1;1.0;55.8;55.8;55.8;1980;454855.51;98148.41;5100.0;;Cena posla ni avtomatsko cena te sestavine;2026-03-25;5;V preverjanju;2026;ETN_008_2026_KPP_2026_DELISTAVB_20260724.csv
D-2026-ETN_008_2026_KPP_2026_DELISTAVB_20260724.csv-68;989244;DEL_STAVBE;13;Kmetijski objekt;KMETIJSKI_OBJEKT;1724;BREZOVICA;;;stavba 384, del 2;1/1;1.0;25.0;25.0;25.0;1980;454855.51;98148.41;5100.0;;Cena posla ni avtomatsko cena te sestavine;2026-03-25;5;V preverjanju;2026;ETN_008_2026_KPP_2026_DELISTAVB_20260724.csv
D-2026-ETN_008_2026_KPP_2026_DELISTAVB_20260724.csv-69;992581;DEL_STAVBE;14;Tehnični ali pomožni prostori;POMOZNA_DRUGO;1705;PRESERJE;;;stavba 197, del 1;4/360;0.011111111111111112;13.5;0.15;13.5;1796;456648.79;88872.36;2147.0;;Cena posla ni avtomatsko cena te sestavine;2026-04-30;5;V preverjanju;2026;ETN_008_2026_KPP_2026_DELISTAVB_20260724.csv
D-2026-ETN_008_2026_KPP_2026_DELISTAVB_20260724.csv-70;992581;DEL_STAVBE;1;Stanovanjska hiša;STANOVANJSKA_HISA;1705;PRESERJE;GORENJA BREZOVICA;11;stavba 198, del 1;4/360;0.011111111111111112;70.0;0.7777777777777778;70.0;1792;456637.29;88869.85;2147.0;;Cena posla ni avtomatsko cena te sestavine;2026-04-30;5;V preverjanju;2026;ETN_008_2026_KPP_2026_DELISTAVB_20260724.csv
D-2026-ETN_008_2026_KPP_2026_DELISTAVB_20260724.csv-71;992507;DEL_STAVBE;11;Industrijski prostori;POSLOVNA_DRUGA;1724;BREZOVICA;BREZOVICA PRI LJUBLJANI;CESTA V LOG 16 a;stavba 735, del 1;1/1;1.0;570.4;570.4;570.4;1980;455721.65;98359.92;380000.0;;Cena posla ni avtomatsko cena te sestavine;2026-04-30;5;V preverjanju;2026;ETN_008_2026_KPP_2026_DELISTAVB_20260724.csv
D-2026-ETN_008_2026_KPP_2026_DELISTAVB_20260724.csv-72;989986;DEL_STAVBE;1;Stanovanjska hiša;STANOVANJSKA_HISA;1724;BREZOVICA;BREZOVICA PRI LJUBLJANI;TRŽAŠKA CESTA 470;stavba 1472, del 1;1/1;1.0;152.0;152.0;76.0;1917;453850.81;98254.15;658125.0;;Cena posla ni avtomatsko cena te sestavine;2026-04-09;5;V preverjanju;2026;ETN_008_2026_KPP_2026_DELISTAVB_20260724.csv
D-2026-ETN_008_2026_KPP_2026_DELISTAVB_20260724.csv-73;989986;DEL_STAVBE;13;Kmetijski objekt;KMETIJSKI_OBJEKT;1724;BREZOVICA;;;stavba 1474, del 1;1/1;1.0;36.0;36.0;36.0;1934;453846.01;98276.98;658125.0;;Cena posla ni avtomatsko cena te sestavine;2026-04-09;5;V preverjanju;2026;ETN_008_2026_KPP_2026_DELISTAVB_20260724.csv
D-2026-ETN_008_2026_KPP_2026_DELISTAVB_20260724.csv-74;989986;DEL_STAVBE;13;Kmetijski objekt;KMETIJSKI_OBJEKT;1724;BREZOVICA;;;stavba 1473, del 3;1/1;1.0;240.0;240.0;240.0;1915;453862.92;98273.76;658125.0;;Cena posla ni avtomatsko cena te sestavine;2026-04-09;5;V preverjanju;2026;ETN_008_2026_KPP_2026_DELISTAVB_20260724.csv
D-2026-ETN_008_2026_KPP_2026_DELISTAVB_20260724.csv-75;989986;DEL_STAVBE;13;Kmetijski objekt;KMETIJSKI_OBJEKT;1724;BREZOVICA;;;stavba 1473, del 2;1/1;1.0;36.0;36.0;36.0;1915;453862.92;98273.76;658125.0;;Cena posla ni avtomatsko cena te sestavine;2026-04-09;5;V preverjanju;2026;ETN_008_2026_KPP_2026_DELISTAVB_20260724.csv
D-2026-ETN_008_2026_KPP_2026_DELISTAVB_20260724.csv-76;989986;DEL_STAVBE;13;Kmetijski objekt;KMETIJSKI_OBJEKT;1724;BREZOVICA;;;stavba 1473, del 1;1/1;1.0;56.0;56.0;56.0;1915;453862.92;98273.76;658125.0;;Cena posla ni avtomatsko cena te sestavine;2026-04-09;5;V preverjanju;2026;ETN_008_2026_KPP_2026_DELISTAVB_20260724.csv
Z-2021-ETN_008_2021_KPP_2021_ZEMLJISCA_20260724.csv-2;554244;ZEMLJISCE;3;Zemljišče, na katerem je ali bo mogoče graditi stavbo in je delno komunalno opremljeno ali komunalno neopremljeno;STAVBNO;1652;RAKITNA;;;parcela 1258/4;1/1;1.0;390.0;390.0;;;456410.23;83133.76;20000.0;;Cena posla ni avtomatsko cena te sestavine;2021-07-27;2;Tržen posel – neustrezni podatki;2021;ETN_008_2021_KPP_2021_ZEMLJISCA_20260724.csv
Z-2021-ETN_008_2021_KPP_2021_ZEMLJISCA_20260724.csv-3;554244;ZEMLJISCE;3;Zemljišče, na katerem je ali bo mogoče graditi stavbo in je delno komunalno opremljeno ali komunalno neopremljeno;STAVBNO;1652;RAKITNA;;;parcela 1258/5;1/1;1.0;18.0;18.0;;;456405.34;83124.7;20000.0;;Cena posla ni avtomatsko cena te sestavine;2021-07-27;2;Tržen posel – neustrezni podatki;2021;ETN_008_2021_KPP_2021_ZEMLJISCA_20260724.csv
Z-2021-ETN_008_2021_KPP_2021_ZEMLJISCA_20260724.csv-4;546393;ZEMLJISCE;6;Zemljišče, na katerem je cesta ali parkirišče;INFRASTRUKTURA;1724;BREZOVICA;;;parcela 605/105;1/23;0.043478260869565216;2576.0;112.0;;;454622.62;97870.44;2777.0;;Cena posla ni avtomatsko cena te sestavine;2021-06-04;3;Drug posel;2021;ETN_008_2021_KPP_2021_ZEMLJISCA_20260724.csv
Z-2021-ETN_008_2021_KPP_2021_ZEMLJISCA_20260724.csv-5;543999;ZEMLJISCE;9;Zemljišče za gozdno rabo (gozd);GOZDNO;1652;RAKITNA;;;parcela 1586/93;1/1;1.0;12810.0;12810.0;;;459474.26;82913.92;3843.0;;Cena posla ni avtomatsko cena te sestavine;2021-05-12;1;Tržen posel;2021;ETN_008_2021_KPP_2021_ZEMLJISCA_20260724.csv
Z-2021-ETN_008_2021_KPP_2021_ZEMLJISCA_20260724.csv-6;543989;ZEMLJISCE;1;Zemljišče na katerem je mogoče graditi stavbo in ima gradbeno dovoljenje;STAVBNO;1724;BREZOVICA;;;parcela 3619/2;1/1;1.0;68.0;68.0;;;454127.02;95579.58;3400.0;;Cena posla ni avtomatsko cena te sestavine;2021-05-05;2;Tržen posel – neustrezni podatki;2021;ETN_008_2021_KPP_2021_ZEMLJISCA_20260724.csv
Z-2021-ETN_008_2021_KPP_2021_ZEMLJISCA_20260724.csv-7;546392;ZEMLJISCE;6;Zemljišče, na katerem je cesta ali parkirišče;INFRASTRUKTURA;1724;BREZOVICA;;;parcela 605/64;1/1;1.0;12.0;12.0;;;454590.06;97865.15;463000.0;;Cena posla ni avtomatsko cena te sestavine;2021-06-04;2;Tržen posel – neustrezni podatki;2021;ETN_008_2021_KPP_2021_ZEMLJISCA_20260724.csv
Z-2021-ETN_008_2021_KPP_2021_ZEMLJISCA_20260724.csv-8;546392;ZEMLJISCE;6;Zemljišče, na katerem je cesta ali parkirišče;INFRASTRUKTURA;1724;BREZOVICA;;;parcela 605/65;1/1;1.0;12.0;12.0;;;454588.65;97863.2;463000.0;;Cena posla ni avtomatsko cena te sestavine;2021-06-04;2;Tržen posel – neustrezni podatki;2021;ETN_008_2021_KPP_2021_ZEMLJISCA_20260724.csv
Z-2021-ETN_008_2021_KPP_2021_ZEMLJISCA_20260724.csv-9;546392;ZEMLJISCE;5;Zemljišče pod stavbo ali drugo stavbi ali delu stavbe pripadajoče zemljišče (zemljišče pod stavbo, dvorišče, dovozna pot, vrt, zelenica, stanovanjski atrij in podobno);PRIPADAJOCE;1724;BREZOVICA;;;parcela 605/14;1/1;1.0;199.0;199.0;;;454600.92;97856.27;463000.0;;Cena posla ni avtomatsko cena te sestavine;2021-06-04;2;Tržen posel – neustrezni podatki;2021;ETN_008_2021_KPP_2021_ZEMLJISCA_20260724.csv
Z-2021-ETN_008_2021_KPP_2021_ZEMLJISCA_20260724.csv-10;543993;ZEMLJISCE;6;Zemljišče, na katerem je cesta ali parkirišče;INFRASTRUKTURA;1704;KAMNIK;;;parcela 91/1;1/1;1.0;2745.0;2745.0;;;453626.09;91485.43;15000.0;;Cena posla ni avtomatsko cena te sestavine;2021-05-06;2;Tržen posel – neustrezni podatki;2021;ETN_008_2021_KPP_2021_ZEMLJISCA_20260724.csv
Z-2021-ETN_008_2021_KPP_2021_ZEMLJISCA_20260724.csv-11;543952;ZEMLJISCE;5;Zemljišče pod stavbo ali drugo stavbi ali delu stavbe pripadajoče zemljišče (zemljišče pod stavbo, dvorišče, dovozna pot, vrt, zelenica, stanovanjski atrij in podobno);PRIPADAJOCE;1705;PRESERJE;;;parcela 801/5;1/1;1.0;669.0;669.0;;;454282.91;91572.18;73000.0;;Cena posla ni avtomatsko cena te sestavine;2021-04-25;2;Tržen posel – neustrezni podatki;2021;ETN_008_2021_KPP_2021_ZEMLJISCA_20260724.csv
Z-2021-ETN_008_2021_KPP_2021_ZEMLJISCA_20260724.csv-12;549431;ZEMLJISCE;5;Zemljišče pod stavbo ali drugo stavbi ali delu stavbe pripadajoče zemljišče (zemljišče pod stavbo, dvorišče, dovozna pot, vrt, zelenica, stanovanjski atrij in podobno);PRIPADAJOCE;1724;BREZOVICA;;;parcela 1133/21;1/1;1.0;617.0;617.0;;;455019.75;96831.02;152319.61;;Cena posla ni avtomatsko cena te sestavine;2021-06-23;3;Drug posel;2021;ETN_008_2021_KPP_2021_ZEMLJISCA_20260724.csv
Z-2021-ETN_008_2021_KPP_2021_ZEMLJISCA_20260724.csv-13;549431;ZEMLJISCE;5;Zemljišče pod stavbo ali drugo stavbi ali delu stavbe pripadajoče zemljišče (zemljišče pod stavbo, dvorišče, dovozna pot, vrt, zelenica, stanovanjski atrij in podobno);PRIPADAJOCE;1724;BREZOVICA;;;parcela 1133/22;1/2;0.5;741.0;370.5;;;455010.07;96808.66;152319.61;;Cena posla ni avtomatsko cena te sestavine;2021-06-23;3;Drug posel;2021;ETN_008_2021_KPP_2021_ZEMLJISCA_20260724.csv
Z-2021-ETN_008_2021_KPP_2021_ZEMLJISCA_20260724.csv-14;545468;ZEMLJISCE;9;Zemljišče za gozdno rabo (gozd);GOZDNO;1652;RAKITNA;;;parcela 1586/117;1/1;1.0;18350.0;18350.0;;;459303.37;83152.75;7340.0;;Cena posla ni avtomatsko cena te sestavine;2021-05-18;1;Tržen posel;2021;ETN_008_2021_KPP_2021_ZEMLJISCA_20260724.csv
Z-2021-ETN_008_2021_KPP_2021_ZEMLJISCA_20260724.csv-15;545683;ZEMLJISCE;5;Zemljišče pod stavbo ali drugo stavbi ali delu stavbe pripadajoče zemljišče (zemljišče pod stavbo, dvorišče, dovozna pot, vrt, zelenica, stanovanjski atrij in podobno);PRIPADAJOCE;1724;BREZOVICA;;;parcela 353/2;1/1;1.0;556.0;556.0;;;455168.03;97941.26;310000.0;;Cena posla ni avtomatsko cena te sestavine;2021-06-04;2;Tržen posel – neustrezni podatki;2021;ETN_008_2021_KPP_2021_ZEMLJISCA_20260724.csv
Z-2021-ETN_008_2021_KPP_2021_ZEMLJISCA_20260724.csv-16;545684;ZEMLJISCE;5;Zemljišče pod stavbo ali drugo stavbi ali delu stavbe pripadajoče zemljišče (zemljišče pod stavbo, dvorišče, dovozna pot, vrt, zelenica, stanovanjski atrij in podobno);PRIPADAJOCE;1704;KAMNIK;;;parcela 1019/9;1/1;1.0;178.0;178.0;;;453580.82;90981.69;243500.0;;Cena posla ni avtomatsko cena te sestavine;2021-06-02;2;Tržen posel – neustrezni podatki;2021;ETN_008_2021_KPP_2021_ZEMLJISCA_20260724.csv
Z-2021-ETN_008_2021_KPP_2021_ZEMLJISCA_20260724.csv-17;545684;ZEMLJISCE;5;Zemljišče pod stavbo ali drugo stavbi ali delu stavbe pripadajoče zemljišče (zemljišče pod stavbo, dvorišče, dovozna pot, vrt, zelenica, stanovanjski atrij in podobno);PRIPADAJOCE;1704;KAMNIK;;;parcela 1019/13;1/1;1.0;30.0;30.0;;;453554.96;90987.38;243500.0;;Cena posla ni avtomatsko cena te sestavine;2021-06-02;2;Tržen posel – neustrezni podatki;2021;ETN_008_2021_KPP_2021_ZEMLJISCA_20260724.csv
Z-2021-ETN_008_2021_KPP_2021_ZEMLJISCA_20260724.csv-18;545684;ZEMLJISCE;5;Zemljišče pod stavbo ali drugo stavbi ali delu stavbe pripadajoče zemljišče (zemljišče pod stavbo, dvorišče, dovozna pot, vrt, zelenica, stanovanjski atrij in podobno);PRIPADAJOCE;1704;KAMNIK;;;parcela 1019/15;1/2;0.5;34.0;17.0;;;453575.55;90982.24;243500.0;;Cena posla ni avtomatsko cena te sestavine;2021-06-02;2;Tržen posel – neustrezni podatki;2021;ETN_008_2021_KPP_2021_ZEMLJISCA_20260724.csv
Z-2021-ETN_008_2021_KPP_2021_ZEMLJISCA_20260724.csv-19;545684;ZEMLJISCE;5;Zemljišče pod stavbo ali drugo stavbi ali delu stavbe pripadajoče zemljišče (zemljišče pod stavbo, dvorišče, dovozna pot, vrt, zelenica, stanovanjski atrij in podobno);PRIPADAJOCE;1704;KAMNIK;;;parcela 1019/11;1/5;0.2;173.0;34.6;;;453608.83;90974.28;243500.0;;Cena posla ni avtomatsko cena te sestavine;2021-06-02;2;Tržen posel – neustrezni podatki;2021;ETN_008_2021_KPP_2021_ZEMLJISCA_20260724.csv
Z-2021-ETN_008_2021_KPP_2021_ZEMLJISCA_20260724.csv-20;545684;ZEMLJISCE;5;Zemljišče pod stavbo ali drugo stavbi ali delu stavbe pripadajoče zemljišče (zemljišče pod stavbo, dvorišče, dovozna pot, vrt, zelenica, stanovanjski atrij in podobno);PRIPADAJOCE;1704;KAMNIK;;;parcela 1019/14;1/4;0.25;59.0;14.75;;;453562.16;90988.32;243500.0;;Cena posla ni avtomatsko cena te sestavine;2021-06-02;2;Tržen posel – neustrezni podatki;2021;ETN_008_2021_KPP_2021_ZEMLJISCA_20260724.csv
Z-2021-ETN_008_2021_KPP_2021_ZEMLJISCA_20260724.csv-21;535415;ZEMLJISCE;9;Zemljišče za gozdno rabo (gozd);GOZDNO;1705;PRESERJE;;;parcela 1894/1;1/1;1.0;828.0;828.0;;;456165.55;88980.32;2070.0;;Cena posla ni avtomatsko cena te sestavine;2021-02-17;2;Tržen posel – neustrezni podatki;2021;ETN_008_2021_KPP_2021_ZEMLJISCA_20260724.csv
Z-2021-ETN_008_2021_KPP_2021_ZEMLJISCA_20260724.csv-22;535471;ZEMLJISCE;1;Zemljišče na katerem je mogoče graditi stavbo in ima gradbeno dovoljenje;STAVBNO;1724;BREZOVICA;;;parcela 576/14;1/1;1.0;61.0;61.0;;;454752.39;97462.58;240000.0;;Cena posla ni avtomatsko cena te sestavine;2021-02-21;2;Tržen posel – neustrezni podatki;2021;ETN_008_2021_KPP_2021_ZEMLJISCA_20260724.csv
Z-2021-ETN_008_2021_KPP_2021_ZEMLJISCA_20260724.csv-23;540278;ZEMLJISCE;5;Zemljišče pod stavbo ali drugo stavbi ali delu stavbe pripadajoče zemljišče (zemljišče pod stavbo, dvorišče, dovozna pot, vrt, zelenica, stanovanjski atrij in podobno);PRIPADAJOCE;1704;KAMNIK;;;parcela 910/11;1/1;1.0;373.0;373.0;;;453367.14;91951.15;85000.0;;Cena posla ni avtomatsko cena te sestavine;2021-04-15;2;Tržen posel – neustrezni podatki;2021;ETN_008_2021_KPP_2021_ZEMLJISCA_20260724.csv
Z-2021-ETN_008_2021_KPP_2021_ZEMLJISCA_20260724.csv-24;540326;ZEMLJISCE;7;Zemljišče za kmetijsko rabo (njiva, travnik, pašnik);KMETIJSKO;1652;RAKITNA;;;parcela 726/3;1/1;1.0;56.0;56.0;;;457110.16;83522.15;51.74;;Cena posla ni avtomatsko cena te sestavine;2016-06-09;4;Neopredeljen posel;2021;ETN_008_2021_KPP_2021_ZEMLJISCA_20260724.csv
Z-2021-ETN_008_2021_KPP_2021_ZEMLJISCA_20260724.csv-25;540619;ZEMLJISCE;1;Zemljišče na katerem je mogoče graditi stavbo in ima gradbeno dovoljenje;STAVBNO;1724;BREZOVICA;;;parcela 1005/12;1/1;1.0;163.0;163.0;;;454129.11;95805.01;333333.0;;Cena posla ni avtomatsko cena te sestavine;2021-04-23;2;Tržen posel – neustrezni podatki;2021;ETN_008_2021_KPP_2021_ZEMLJISCA_20260724.csv
Z-2021-ETN_008_2021_KPP_2021_ZEMLJISCA_20260724.csv-26;540619;ZEMLJISCE;1;Zemljišče na katerem je mogoče graditi stavbo in ima gradbeno dovoljenje;STAVBNO;1724;BREZOVICA;;;parcela 1005/13;1/1;1.0;35.0;35.0;;;454138.26;95803.35;333333.0;;Cena posla ni avtomatsko cena te sestavine;2021-04-23;2;Tržen posel – neustrezni podatki;2021;ETN_008_2021_KPP_2021_ZEMLJISCA_20260724.csv
Z-2021-ETN_008_2021_KPP_2021_ZEMLJISCA_20260724.csv-27;540619;ZEMLJISCE;1;Zemljišče na katerem je mogoče graditi stavbo in ima gradbeno dovoljenje;STAVBNO;1724;BREZOVICA;;;parcela 1005/6;1/9;0.1111111111111111;103.0;11.444444444444445;;;454049.91;95796.49;333333.0;;Cena posla ni avtomatsko cena te sestavine;2021-04-23;2;Tržen posel – neustrezni podatki;2021;ETN_008_2021_KPP_2021_ZEMLJISCA_20260724.csv
Z-2021-ETN_008_2021_KPP_2021_ZEMLJISCA_20260724.csv-28;540599;ZEMLJISCE;4;Zemljišče, na katerem je ali bo mogoče graditi prometno ali energetsko infrastrukturo (cesta, plinovod in drugo);INFRASTRUKTURA;1704;KAMNIK;;;parcela 841/3;1/8;0.125;338.0;42.25;;;453391.29;90983.44;200.0;;Cena posla ni avtomatsko cena te sestavine;2021-03-23;3;Drug posel;2021;ETN_008_2021_KPP_2021_ZEMLJISCA_20260724.csv
Z-2021-ETN_008_2021_KPP_2021_ZEMLJISCA_20260724.csv-29;540731;ZEMLJISCE;7;Zemljišče za kmetijsko rabo (njiva, travnik, pašnik);KMETIJSKO;1652;RAKITNA;;;parcela 1014;1/1;1.0;2266.0;2266.0;;;455404.9;84577.67;2950.0;;Cena posla ni avtomatsko cena te sestavine;2021-03-24;1;Tržen posel;2021;ETN_008_2021_KPP_2021_ZEMLJISCA_20260724.csv
Z-2021-ETN_008_2021_KPP_2021_ZEMLJISCA_20260724.csv-30;540711;ZEMLJISCE;5;Zemljišče pod stavbo ali drugo stavbi ali delu stavbe pripadajoče zemljišče (zemljišče pod stavbo, dvorišče, dovozna pot, vrt, zelenica, stanovanjski atrij in podobno);PRIPADAJOCE;1704;KAMNIK;;;parcela 3068/1;1/1;1.0;471.0;471.0;;;454364.35;90363.93;314000.0;;Cena posla ni avtomatsko cena te sestavine;2021-04-26;2;Tržen posel – neustrezni podatki;2021;ETN_008_2021_KPP_2021_ZEMLJISCA_20260724.csv
Z-2021-ETN_008_2021_KPP_2021_ZEMLJISCA_20260724.csv-31;540711;ZEMLJISCE;1;Zemljišče na katerem je mogoče graditi stavbo in ima gradbeno dovoljenje;STAVBNO;1704;KAMNIK;;;parcela 3068/2;1/1;1.0;29.0;29.0;;;454368.26;90353.52;314000.0;;Cena posla ni avtomatsko cena te sestavine;2021-04-26;2;Tržen posel – neustrezni podatki;2021;ETN_008_2021_KPP_2021_ZEMLJISCA_20260724.csv
Z-2021-ETN_008_2021_KPP_2021_ZEMLJISCA_20260724.csv-32;522494;ZEMLJISCE;5;Zemljišče pod stavbo ali drugo stavbi ali delu stavbe pripadajoče zemljišče (zemljišče pod stavbo, dvorišče, dovozna pot, vrt, zelenica, stanovanjski atrij in podobno);PRIPADAJOCE;1724;BREZOVICA;;;parcela 1027/2;1/1;1.0;1400.0;1400.0;;;454610.86;96095.32;258357.62;;Cena posla ni avtomatsko cena te sestavine;2020-10-24;2;Tržen posel – neustrezni podatki;2021;ETN_008_2021_KPP_2021_ZEMLJISCA_20260724.csv
Z-2021-ETN_008_2021_KPP_2021_ZEMLJISCA_20260724.csv-33;522494;ZEMLJISCE;5;Zemljišče pod stavbo ali drugo stavbi ali delu stavbe pripadajoče zemljišče (zemljišče pod stavbo, dvorišče, dovozna pot, vrt, zelenica, stanovanjski atrij in podobno);PRIPADAJOCE;1724;BREZOVICA;;;parcela 1028/1;1/1;1.0;813.0;813.0;;;454628.94;96137.3;258357.62;;Cena posla ni avtomatsko cena te sestavine;2020-10-24;2;Tržen posel – neustrezni podatki;2021;ETN_008_2021_KPP_2021_ZEMLJISCA_20260724.csv
Z-2021-ETN_008_2021_KPP_2021_ZEMLJISCA_20260724.csv-34;522494;ZEMLJISCE;5;Zemljišče pod stavbo ali drugo stavbi ali delu stavbe pripadajoče zemljišče (zemljišče pod stavbo, dvorišče, dovozna pot, vrt, zelenica, stanovanjski atrij in podobno);PRIPADAJOCE;1724;BREZOVICA;;;parcela 1028/3;1/1;1.0;39.0;39.0;;;454643.51;96150.95;258357.62;;Cena posla ni avtomatsko cena te sestavine;2020-10-24;2;Tržen posel – neustrezni podatki;2021;ETN_008_2021_KPP_2021_ZEMLJISCA_20260724.csv
Z-2021-ETN_008_2021_KPP_2021_ZEMLJISCA_20260724.csv-35;522494;ZEMLJISCE;7;Zemljišče za kmetijsko rabo (njiva, travnik, pašnik);KMETIJSKO;1724;BREZOVICA;;;parcela 2095;1/1;1.0;7247.0;7247.0;;;454929.85;94806.21;258357.62;;Cena posla ni avtomatsko cena te sestavine;2020-10-24;2;Tržen posel – neustrezni podatki;2021;ETN_008_2021_KPP_2021_ZEMLJISCA_20260724.csv
Z-2021-ETN_008_2021_KPP_2021_ZEMLJISCA_20260724.csv-36;522430;ZEMLJISCE;1;Zemljišče na katerem je mogoče graditi stavbo in ima gradbeno dovoljenje;STAVBNO;1704;KAMNIK;;;parcela 3166/2;1/1;1.0;792.0;792.0;;;454213.97;90488.23;56000.0;;Cena posla ni avtomatsko cena te sestavine;2020-11-06;2;Tržen posel – neustrezni podatki;2021;ETN_008_2021_KPP_2021_ZEMLJISCA_20260724.csv
Z-2021-ETN_008_2021_KPP_2021_ZEMLJISCA_20260724.csv-37;522526;ZEMLJISCE;5;Zemljišče pod stavbo ali drugo stavbi ali delu stavbe pripadajoče zemljišče (zemljišče pod stavbo, dvorišče, dovozna pot, vrt, zelenica, stanovanjski atrij in podobno);PRIPADAJOCE;1704;KAMNIK;;;parcela *418;1/2;0.5;419.0;209.5;;;453872.48;90901.69;90000.0;;Cena posla ni avtomatsko cena te sestavine;2020-11-18;3;Drug posel;2021;ETN_008_2021_KPP_2021_ZEMLJISCA_20260724.csv
Z-2021-ETN_008_2021_KPP_2021_ZEMLJISCA_20260724.csv-38;522526;ZEMLJISCE;5;Zemljišče pod stavbo ali drugo stavbi ali delu stavbe pripadajoče zemljišče (zemljišče pod stavbo, dvorišče, dovozna pot, vrt, zelenica, stanovanjski atrij in podobno);PRIPADAJOCE;1704;KAMNIK;;;parcela 1051/3;1/2;0.5;616.0;308.0;;;453856.76;90923.48;90000.0;;Cena posla ni avtomatsko cena te sestavine;2020-11-18;3;Drug posel;2021;ETN_008_2021_KPP_2021_ZEMLJISCA_20260724.csv
Z-2021-ETN_008_2021_KPP_2021_ZEMLJISCA_20260724.csv-39;522526;ZEMLJISCE;5;Zemljišče pod stavbo ali drugo stavbi ali delu stavbe pripadajoče zemljišče (zemljišče pod stavbo, dvorišče, dovozna pot, vrt, zelenica, stanovanjski atrij in podobno);PRIPADAJOCE;1704;KAMNIK;;;parcela 1051/4;1/2;0.5;166.0;83.0;;;453856.76;90923.48;90000.0;;Cena posla ni avtomatsko cena te sestavine;2020-11-18;3;Drug posel;2021;ETN_008_2021_KPP_2021_ZEMLJISCA_20260724.csv
Z-2021-ETN_008_2021_KPP_2021_ZEMLJISCA_20260724.csv-40;522526;ZEMLJISCE;5;Zemljišče pod stavbo ali drugo stavbi ali delu stavbe pripadajoče zemljišče (zemljišče pod stavbo, dvorišče, dovozna pot, vrt, zelenica, stanovanjski atrij in podobno);PRIPADAJOCE;1704;KAMNIK;;;parcela 1052/7;1/2;0.5;282.0;141.0;;;453870.65;90885.12;90000.0;;Cena posla ni avtomatsko cena te sestavine;2020-11-18;3;Drug posel;2021;ETN_008_2021_KPP_2021_ZEMLJISCA_20260724.csv
Z-2021-ETN_008_2021_KPP_2021_ZEMLJISCA_20260724.csv-41;524602;ZEMLJISCE;6;Zemljišče, na katerem je cesta ali parkirišče;INFRASTRUKTURA;1724;BREZOVICA;;;parcela 109/6;1/1;1.0;57.0;57.0;;;453829.64;98385.51;1140.0;;Cena posla ni avtomatsko cena te sestavine;2020-11-16;3;Drug posel;2021;ETN_008_2021_KPP_2021_ZEMLJISCA_20260724.csv
Z-2021-ETN_008_2021_KPP_2021_ZEMLJISCA_20260724.csv-42;583029;ZEMLJISCE;5;Zemljišče pod stavbo ali drugo stavbi ali delu stavbe pripadajoče zemljišče (zemljišče pod stavbo, dvorišče, dovozna pot, vrt, zelenica, stanovanjski atrij in podobno);PRIPADAJOCE;1724;BREZOVICA;;;parcela 2150/38;1/1;1.0;165.0;165.0;;;454194.66;94957.53;200000.0;;Cena posla ni avtomatsko cena te sestavine;2021-10-07;2;Tržen posel – neustrezni podatki;2021;ETN_008_2021_KPP_2021_ZEMLJISCA_20260724.csv
Z-2021-ETN_008_2021_KPP_2021_ZEMLJISCA_20260724.csv-43;583029;ZEMLJISCE;5;Zemljišče pod stavbo ali drugo stavbi ali delu stavbe pripadajoče zemljišče (zemljišče pod stavbo, dvorišče, dovozna pot, vrt, zelenica, stanovanjski atrij in podobno);PRIPADAJOCE;1724;BREZOVICA;;;parcela 2150/44;1/1;1.0;14.0;14.0;;;454219.92;94968.3;200000.0;;Cena posla ni avtomatsko cena te sestavine;2021-10-07;2;Tržen posel – neustrezni podatki;2021;ETN_008_2021_KPP_2021_ZEMLJISCA_20260724.csv
Z-2021-ETN_008_2021_KPP_2021_ZEMLJISCA_20260724.csv-44;582807;ZEMLJISCE;6;Zemljišče, na katerem je cesta ali parkirišče;INFRASTRUKTURA;1724;BREZOVICA;;;parcela 1542/132;1/1;1.0;11.0;11.0;;;456038.2;97021.15;222000.0;;Cena posla ni avtomatsko cena te sestavine;2021-09-30;2;Tržen posel – neustrezni podatki;2021;ETN_008_2021_KPP_2021_ZEMLJISCA_20260724.csv
Z-2021-ETN_008_2021_KPP_2021_ZEMLJISCA_20260724.csv-45;582807;ZEMLJISCE;6;Zemljišče, na katerem je cesta ali parkirišče;INFRASTRUKTURA;1724;BREZOVICA;;;parcela 1542/133;1/1;1.0;11.0;11.0;;;456044.45;97018.6;222000.0;;Cena posla ni avtomatsko cena te sestavine;2021-09-30;2;Tržen posel – neustrezni podatki;2021;ETN_008_2021_KPP_2021_ZEMLJISCA_20260724.csv
Z-2021-ETN_008_2021_KPP_2021_ZEMLJISCA_20260724.csv-46;582807;ZEMLJISCE;6;Zemljišče, na katerem je cesta ali parkirišče;INFRASTRUKTURA;1724;BREZOVICA;;;parcela 1542/225;1/36;0.027777777777777776;1190.0;33.05555555555556;;;456021.94;96914.66;222000.0;;Cena posla ni avtomatsko cena te sestavine;2021-09-30;2;Tržen posel – neustrezni podatki;2021;ETN_008_2021_KPP_2021_ZEMLJISCA_20260724.csv
Z-2021-ETN_008_2021_KPP_2021_ZEMLJISCA_20260724.csv-47;582807;ZEMLJISCE;6;Zemljišče, na katerem je cesta ali parkirišče;INFRASTRUKTURA;1724;BREZOVICA;;;parcela 1542/219;1/36;0.027777777777777776;95.0;2.638888888888889;;;456023.41;96972.68;222000.0;;Cena posla ni avtomatsko cena te sestavine;2021-09-30;2;Tržen posel – neustrezni podatki;2021;ETN_008_2021_KPP_2021_ZEMLJISCA_20260724.csv
Z-2021-ETN_008_2021_KPP_2021_ZEMLJISCA_20260724.csv-48;582807;ZEMLJISCE;6;Zemljišče, na katerem je cesta ali parkirišče;INFRASTRUKTURA;1724;BREZOVICA;;;parcela 1542/188;1/36;0.027777777777777776;18.0;0.5;;;456050.53;96996.95;222000.0;;Cena posla ni avtomatsko cena te sestavine;2021-09-30;2;Tržen posel – neustrezni podatki;2021;ETN_008_2021_KPP_2021_ZEMLJISCA_20260724.csv
Z-2021-ETN_008_2021_KPP_2021_ZEMLJISCA_20260724.csv-49;582807;ZEMLJISCE;6;Zemljišče, na katerem je cesta ali parkirišče;INFRASTRUKTURA;1724;BREZOVICA;;;parcela 1542/220;1/36;0.027777777777777776;590.0;16.38888888888889;;;456019.32;96963.62;222000.0;;Cena posla ni avtomatsko cena te sestavine;2021-09-30;2;Tržen posel – neustrezni podatki;2021;ETN_008_2021_KPP_2021_ZEMLJISCA_20260724.csv
Z-2021-ETN_008_2021_KPP_2021_ZEMLJISCA_20260724.csv-50;583431;ZEMLJISCE;3;Zemljišče, na katerem je ali bo mogoče graditi stavbo in je delno komunalno opremljeno ali komunalno neopremljeno;STAVBNO;1724;BREZOVICA;;;parcela 1354/20;1/1;1.0;297.0;297.0;;;455069.52;96130.49;31580.0;;Cena posla ni avtomatsko cena te sestavine;2021-09-07;2;Tržen posel – neustrezni podatki;2021;ETN_008_2021_KPP_2021_ZEMLJISCA_20260724.csv
Z-2021-ETN_008_2021_KPP_2021_ZEMLJISCA_20260724.csv-51;583536;ZEMLJISCE;5;Zemljišče pod stavbo ali drugo stavbi ali delu stavbe pripadajoče zemljišče (zemljišče pod stavbo, dvorišče, dovozna pot, vrt, zelenica, stanovanjski atrij in podobno);PRIPADAJOCE;1724;BREZOVICA;;;parcela 298/15;1/1;1.0;14.0;14.0;;;455634.6;98669.33;192500.0;;Cena posla ni avtomatsko cena te sestavine;2021-10-12;2;Tržen posel – neustrezni podatki;2021;ETN_008_2021_KPP_2021_ZEMLJISCA_20260724.csv
Z-2021-ETN_008_2021_KPP_2021_ZEMLJISCA_20260724.csv-52;583536;ZEMLJISCE;6;Zemljišče, na katerem je cesta ali parkirišče;INFRASTRUKTURA;1724;BREZOVICA;;;parcela 298/17;897/5000;0.1794;119.0;21.3486;;;455627.18;98680.0;192500.0;;Cena posla ni avtomatsko cena te sestavine;2021-10-12;2;Tržen posel – neustrezni podatki;2021;ETN_008_2021_KPP_2021_ZEMLJISCA_20260724.csv
Z-2021-ETN_008_2021_KPP_2021_ZEMLJISCA_20260724.csv-53;583536;ZEMLJISCE;6;Zemljišče, na katerem je cesta ali parkirišče;INFRASTRUKTURA;1724;BREZOVICA;;;parcela 298/26;1/9;0.1111111111111111;265.0;29.444444444444443;;;455630.65;98687.04;192500.0;;Cena posla ni avtomatsko cena te sestavine;2021-10-12;2;Tržen posel – neustrezni podatki;2021;ETN_008_2021_KPP_2021_ZEMLJISCA_20260724.csv
Z-2021-ETN_008_2021_KPP_2021_ZEMLJISCA_20260724.csv-54;582784;ZEMLJISCE;9;Zemljišče za gozdno rabo (gozd);GOZDNO;1652;RAKITNA;;;parcela 1586/119;1/1;1.0;9100.0;9100.0;;;459445.4;83062.27;3640.0;;Cena posla ni avtomatsko cena te sestavine;2021-08-28;1;Tržen posel;2021;ETN_008_2021_KPP_2021_ZEMLJISCA_20260724.csv
Z-2021-ETN_008_2021_KPP_2021_ZEMLJISCA_20260724.csv-55;630133;ZEMLJISCE;1;Zemljišče na katerem je mogoče graditi stavbo in ima gradbeno dovoljenje;STAVBNO;1652;RAKITNA;;;parcela 1208/89;1/1;1.0;394.0;394.0;;;455691.03;83305.09;64125.0;;Cena posla ni avtomatsko cena te sestavine;2021-11-09;2;Tržen posel – neustrezni podatki;2021;ETN_008_2021_KPP_2021_ZEMLJISCA_20260724.csv
Z-2021-ETN_008_2021_KPP_2021_ZEMLJISCA_20260724.csv-56;630133;ZEMLJISCE;1;Zemljišče na katerem je mogoče graditi stavbo in ima gradbeno dovoljenje;STAVBNO;1652;RAKITNA;;;parcela 1208/90;1/1;1.0;396.0;396.0;;;455680.27;83317.6;64125.0;;Cena posla ni avtomatsko cena te sestavine;2021-11-09;2;Tržen posel – neustrezni podatki;2021;ETN_008_2021_KPP_2021_ZEMLJISCA_20260724.csv
Z-2021-ETN_008_2021_KPP_2021_ZEMLJISCA_20260724.csv-57;630133;ZEMLJISCE;1;Zemljišče na katerem je mogoče graditi stavbo in ima gradbeno dovoljenje;STAVBNO;1652;RAKITNA;;;parcela 1208/247;1/1;1.0;19.0;19.0;;;455692.77;83326.27;64125.0;;Cena posla ni avtomatsko cena te sestavine;2021-11-09;2;Tržen posel – neustrezni podatki;2021;ETN_008_2021_KPP_2021_ZEMLJISCA_20260724.csv
Z-2021-ETN_008_2021_KPP_2021_ZEMLJISCA_20260724.csv-58;630133;ZEMLJISCE;1;Zemljišče na katerem je mogoče graditi stavbo in ima gradbeno dovoljenje;STAVBNO;1652;RAKITNA;;;parcela 1208/248;1/1;1.0;24.0;24.0;;;455701.07;83313.2;64125.0;;Cena posla ni avtomatsko cena te sestavine;2021-11-09;2;Tržen posel – neustrezni podatki;2021;ETN_008_2021_KPP_2021_ZEMLJISCA_20260724.csv
Z-2021-ETN_008_2021_KPP_2021_ZEMLJISCA_20260724.csv-59;630133;ZEMLJISCE;1;Zemljišče na katerem je mogoče graditi stavbo in ima gradbeno dovoljenje;STAVBNO;1652;RAKITNA;;;parcela 1208/173;3/20;0.15;150.0;22.5;;;455750.53;83291.47;64125.0;;Cena posla ni avtomatsko cena te sestavine;2021-11-09;2;Tržen posel – neustrezni podatki;2021;ETN_008_2021_KPP_2021_ZEMLJISCA_20260724.csv
Z-2021-ETN_008_2021_KPP_2021_ZEMLJISCA_20260724.csv-60;630190;ZEMLJISCE;1;Zemljišče na katerem je mogoče graditi stavbo in ima gradbeno dovoljenje;STAVBNO;1724;BREZOVICA;;;parcela 3516/1;1/1;1.0;546.0;546.0;;;454004.15;95258.49;13476.04;;Cena posla ni avtomatsko cena te sestavine;2021-11-02;4;Neopredeljen posel;2021;ETN_008_2021_KPP_2021_ZEMLJISCA_20260724.csv
Z-2021-ETN_008_2021_KPP_2021_ZEMLJISCA_20260724.csv-61;630191;ZEMLJISCE;1;Zemljišče na katerem je mogoče graditi stavbo in ima gradbeno dovoljenje;STAVBNO;1724;BREZOVICA;;;parcela 2636/7;1/1;1.0;323.0;323.0;;;453679.36;94336.28;948.08;;Cena posla ni avtomatsko cena te sestavine;2021-11-02;4;Neopredeljen posel;2021;ETN_008_2021_KPP_2021_ZEMLJISCA_20260724.csv
Z-2021-ETN_008_2021_KPP_2021_ZEMLJISCA_20260724.csv-62;558386;ZEMLJISCE;2;Zemljišče, na katerem je mogoče graditi stavbo in je komunalno opremljeno (priključki na vodo, elektriko in neposredni dostop do dovozne poti);STAVBNO;1704;KAMNIK;;;parcela 3/7;1/1;1.0;1118.0;1118.0;;;454199.76;90956.47;81456.4;;Cena posla ni avtomatsko cena te sestavine;2021-09-08;2;Tržen posel – neustrezni podatki;2021;ETN_008_2021_KPP_2021_ZEMLJISCA_20260724.csv
Z-2021-ETN_008_2021_KPP_2021_ZEMLJISCA_20260724.csv-63;558386;ZEMLJISCE;7;Zemljišče za kmetijsko rabo (njiva, travnik, pašnik);KMETIJSKO;1704;KAMNIK;;;parcela 3/6;1/1;1.0;422.0;422.0;;;454258.76;90962.47;81456.4;;Cena posla ni avtomatsko cena te sestavine;2021-09-08;2;Tržen posel – neustrezni podatki;2021;ETN_008_2021_KPP_2021_ZEMLJISCA_20260724.csv
Z-2021-ETN_008_2021_KPP_2021_ZEMLJISCA_20260724.csv-64;557626;ZEMLJISCE;7;Zemljišče za kmetijsko rabo (njiva, travnik, pašnik);KMETIJSKO;1705;PRESERJE;;;parcela 2032;1/1;1.0;1226.0;1226.0;;;456489.84;88634.81;5637.0;;Cena posla ni avtomatsko cena te sestavine;2021-04-15;1;Tržen posel;2021;ETN_008_2021_KPP_2021_ZEMLJISCA_20260724.csv
Z-2021-ETN_008_2021_KPP_2021_ZEMLJISCA_20260724.csv-65;557626;ZEMLJISCE;7;Zemljišče za kmetijsko rabo (njiva, travnik, pašnik);KMETIJSKO;1705;PRESERJE;;;parcela 1961;1/1;1.0;673.0;673.0;;;456445.56;88948.66;5637.0;;Cena posla ni avtomatsko cena te sestavine;2021-04-15;1;Tržen posel;2021;ETN_008_2021_KPP_2021_ZEMLJISCA_20260724.csv
Z-2021-ETN_008_2021_KPP_2021_ZEMLJISCA_20260724.csv-66;557625;ZEMLJISCE;7;Zemljišče za kmetijsko rabo (njiva, travnik, pašnik);KMETIJSKO;1705;PRESERJE;;;parcela 1958/1;1/1;1.0;1373.0;1373.0;;;456413.31;88992.1;7699.0;;Cena posla ni avtomatsko cena te sestavine;2021-04-15;1;Tržen posel;2021;ETN_008_2021_KPP_2021_ZEMLJISCA_20260724.csv
Z-2021-ETN_008_2021_KPP_2021_ZEMLJISCA_20260724.csv-67;557625;ZEMLJISCE;7;Zemljišče za kmetijsko rabo (njiva, travnik, pašnik);KMETIJSKO;1705;PRESERJE;;;parcela 1892/1;1/1;1.0;1707.0;1707.0;;;456154.78;89069.68;7699.0;;Cena posla ni avtomatsko cena te sestavine;2021-04-15;1;Tržen posel;2021;ETN_008_2021_KPP_2021_ZEMLJISCA_20260724.csv
Z-2021-ETN_008_2021_KPP_2021_ZEMLJISCA_20260724.csv-68;557627;ZEMLJISCE;7;Zemljišče za kmetijsko rabo (njiva, travnik, pašnik);KMETIJSKO;1705;PRESERJE;;;parcela 1894/2;1/1;1.0;741.0;741.0;;;456129.45;89067.35;1852.0;;Cena posla ni avtomatsko cena te sestavine;2021-04-15;1;Tržen posel;2021;ETN_008_2021_KPP_2021_ZEMLJISCA_20260724.csv
Z-2021-ETN_008_2021_KPP_2021_ZEMLJISCA_20260724.csv-69;532549;ZEMLJISCE;3;Zemljišče, na katerem je ali bo mogoče graditi stavbo in je delno komunalno opremljeno ali komunalno neopremljeno;STAVBNO;1704;KAMNIK;;;parcela 2717/4;1/2;0.5;100.0;50.0;;;454091.17;90507.49;52000.0;;Cena posla ni avtomatsko cena te sestavine;2021-02-16;2;Tržen posel – neustrezni podatki;2021;ETN_008_2021_KPP_2021_ZEMLJISCA_20260724.csv
Z-2021-ETN_008_2021_KPP_2021_ZEMLJISCA_20260724.csv-70;532549;ZEMLJISCE;3;Zemljišče, na katerem je ali bo mogoče graditi stavbo in je delno komunalno opremljeno ali komunalno neopremljeno;STAVBNO;1704;KAMNIK;;;parcela 2717/3;1/1;1.0;807.0;807.0;;;454104.36;90499.43;52000.0;;Cena posla ni avtomatsko cena te sestavine;2021-02-16;2;Tržen posel – neustrezni podatki;2021;ETN_008_2021_KPP_2021_ZEMLJISCA_20260724.csv
Z-2021-ETN_008_2021_KPP_2021_ZEMLJISCA_20260724.csv-71;532549;ZEMLJISCE;3;Zemljišče, na katerem je ali bo mogoče graditi stavbo in je delno komunalno opremljeno ali komunalno neopremljeno;STAVBNO;1704;KAMNIK;;;parcela 2726/6;1/2;0.5;23.0;11.5;;;454089.2;90516.05;52000.0;;Cena posla ni avtomatsko cena te sestavine;2021-02-16;2;Tržen posel – neustrezni podatki;2021;ETN_008_2021_KPP_2021_ZEMLJISCA_20260724.csv
Z-2021-ETN_008_2021_KPP_2021_ZEMLJISCA_20260724.csv-72;532555;ZEMLJISCE;6;Zemljišče, na katerem je cesta ali parkirišče;INFRASTRUKTURA;1724;BREZOVICA;;;parcela 3533/10;1/1;1.0;50.0;50.0;;;454887.89;98267.58;2500.0;;Cena posla ni avtomatsko cena te sestavine;2021-02-16;1;Tržen posel;2021;ETN_008_2021_KPP_2021_ZEMLJISCA_20260724.csv
Z-2021-ETN_008_2021_KPP_2021_ZEMLJISCA_20260724.csv-73;532502;ZEMLJISCE;5;Zemljišče pod stavbo ali drugo stavbi ali delu stavbe pripadajoče zemljišče (zemljišče pod stavbo, dvorišče, dovozna pot, vrt, zelenica, stanovanjski atrij in podobno);PRIPADAJOCE;1724;BREZOVICA;;;parcela 3388/15;1/1;1.0;153.0;153.0;;;454853.86;93109.1;35000.0;;Cena posla ni avtomatsko cena te sestavine;2021-02-09;4;Neopredeljen posel;2021;ETN_008_2021_KPP_2021_ZEMLJISCA_20260724.csv
Z-2021-ETN_008_2021_KPP_2021_ZEMLJISCA_20260724.csv-74;532502;ZEMLJISCE;1;Zemljišče na katerem je mogoče graditi stavbo in ima gradbeno dovoljenje;STAVBNO;1724;BREZOVICA;;;parcela 3388/17;1/1;1.0;103.0;103.0;;;454860.53;93106.95;35000.0;;Cena posla ni avtomatsko cena te sestavine;2021-02-09;4;Neopredeljen posel;2021;ETN_008_2021_KPP_2021_ZEMLJISCA_20260724.csv
Z-2021-ETN_008_2021_KPP_2021_ZEMLJISCA_20260724.csv-75;532551;ZEMLJISCE;7;Zemljišče za kmetijsko rabo (njiva, travnik, pašnik);KMETIJSKO;2005;BREG;;;parcela 211;1/1;1.0;2942.0;2942.0;;;450943.2;90238.68;8767.0;;Cena posla ni avtomatsko cena te sestavine;2021-02-16;1;Tržen posel;2021;ETN_008_2021_KPP_2021_ZEMLJISCA_20260724.csv
Z-2021-ETN_008_2021_KPP_2021_ZEMLJISCA_20260724.csv-76;532551;ZEMLJISCE;7;Zemljišče za kmetijsko rabo (njiva, travnik, pašnik);KMETIJSKO;1704;KAMNIK;;;parcela 1561;1/1;1.0;5825.0;5825.0;;;451005.21;90723.1;8767.0;;Cena posla ni avtomatsko cena te sestavine;2021-02-16;1;Tržen posel;2021;ETN_008_2021_KPP_2021_ZEMLJISCA_20260724.csv
Z-2021-ETN_008_2021_KPP_2021_ZEMLJISCA_20260724.csv-77;532483;ZEMLJISCE;5;Zemljišče pod stavbo ali drugo stavbi ali delu stavbe pripadajoče zemljišče (zemljišče pod stavbo, dvorišče, dovozna pot, vrt, zelenica, stanovanjski atrij in podobno);PRIPADAJOCE;1724;BREZOVICA;;;parcela 1355/21;1/1;1.0;1755.0;1755.0;;;455222.25;96128.23;370000.0;;Cena posla ni avtomatsko cena te sestavine;2021-02-12;2;Tržen posel – neustrezni podatki;2021;ETN_008_2021_KPP_2021_ZEMLJISCA_20260724.csv
Z-2021-ETN_008_2021_KPP_2021_ZEMLJISCA_20260724.csv-78;532615;ZEMLJISCE;5;Zemljišče pod stavbo ali drugo stavbi ali delu stavbe pripadajoče zemljišče (zemljišče pod stavbo, dvorišče, dovozna pot, vrt, zelenica, stanovanjski atrij in podobno);PRIPADAJOCE;1652;RAKITNA;;;parcela 1391/13;1/1;1.0;454.0;454.0;;;456786.9;82740.54;145000.0;;Cena posla ni avtomatsko cena te sestavine;2021-02-19;2;Tržen posel – neustrezni podatki;2021;ETN_008_2021_KPP_2021_ZEMLJISCA_20260724.csv
Z-2021-ETN_008_2021_KPP_2021_ZEMLJISCA_20260724.csv-79;532499;ZEMLJISCE;5;Zemljišče pod stavbo ali drugo stavbi ali delu stavbe pripadajoče zemljišče (zemljišče pod stavbo, dvorišče, dovozna pot, vrt, zelenica, stanovanjski atrij in podobno);PRIPADAJOCE;1724;BREZOVICA;;;parcela 712/17;1/1;1.0;153.0;153.0;;;454456.78;97377.89;190000.0;;Cena posla ni avtomatsko cena te sestavine;2021-02-15;2;Tržen posel – neustrezni podatki;2021;ETN_008_2021_KPP_2021_ZEMLJISCA_20260724.csv
Z-2021-ETN_008_2021_KPP_2021_ZEMLJISCA_20260724.csv-80;532506;ZEMLJISCE;1;Zemljišče na katerem je mogoče graditi stavbo in ima gradbeno dovoljenje;STAVBNO;1724;BREZOVICA;;;parcela 1124/5;1/3;0.3333333333333333;605.0;201.66666666666666;;;454816.42;96791.67;20000.0;;Cena posla ni avtomatsko cena te sestavine;2020-12-02;4;Neopredeljen posel;2021;ETN_008_2021_KPP_2021_ZEMLJISCA_20260724.csv
Z-2021-ETN_008_2021_KPP_2021_ZEMLJISCA_20260724.csv-81;532506;ZEMLJISCE;1;Zemljišče na katerem je mogoče graditi stavbo in ima gradbeno dovoljenje;STAVBNO;1724;BREZOVICA;;;parcela 1124/10;1/48;0.020833333333333332;177.0;3.6875;;;454794.32;96798.46;20000.0;;Cena posla ni avtomatsko cena te sestavine;2020-12-02;4;Neopredeljen posel;2021;ETN_008_2021_KPP_2021_ZEMLJISCA_20260724.csv
Z-2021-ETN_008_2021_KPP_2021_ZEMLJISCA_20260724.csv-82;533036;ZEMLJISCE;5;Zemljišče pod stavbo ali drugo stavbi ali delu stavbe pripadajoče zemljišče (zemljišče pod stavbo, dvorišče, dovozna pot, vrt, zelenica, stanovanjski atrij in podobno);PRIPADAJOCE;1652;RAKITNA;;;parcela 1391/23;1/1;1.0;731.0;731.0;;;456767.77;82781.89;170000.0;;Cena posla ni avtomatsko cena te sestavine;2021-02-22;2;Tržen posel – neustrezni podatki;2021;ETN_008_2021_KPP_2021_ZEMLJISCA_20260724.csv
Z-2021-ETN_008_2021_KPP_2021_ZEMLJISCA_20260724.csv-83;530314;ZEMLJISCE;1;Zemljišče na katerem je mogoče graditi stavbo in ima gradbeno dovoljenje;STAVBNO;1724;BREZOVICA;;;parcela 607/57;180/1000;0.18;145.0;26.099999999999998;;;454547.39;98387.8;35000.0;;Cena posla ni avtomatsko cena te sestavine;2021-01-20;3;Drug posel;2021;ETN_008_2021_KPP_2021_ZEMLJISCA_20260724.csv
Z-2021-ETN_008_2021_KPP_2021_ZEMLJISCA_20260724.csv-84;530314;ZEMLJISCE;1;Zemljišče na katerem je mogoče graditi stavbo in ima gradbeno dovoljenje;STAVBNO;1724;BREZOVICA;;;parcela 607/56;180/1000;0.18;188.0;33.839999999999996;;;454556.58;98382.68;35000.0;;Cena posla ni avtomatsko cena te sestavine;2021-01-20;3;Drug posel;2021;ETN_008_2021_KPP_2021_ZEMLJISCA_20260724.csv
Z-2021-ETN_008_2021_KPP_2021_ZEMLJISCA_20260724.csv-85;530314;ZEMLJISCE;1;Zemljišče na katerem je mogoče graditi stavbo in ima gradbeno dovoljenje;STAVBNO;1724;BREZOVICA;;;parcela 607/58;180/1000;0.18;2.0;0.36;;;454549.62;98394.66;35000.0;;Cena posla ni avtomatsko cena te sestavine;2021-01-20;3;Drug posel;2021;ETN_008_2021_KPP_2021_ZEMLJISCA_20260724.csv
Z-2021-ETN_008_2021_KPP_2021_ZEMLJISCA_20260724.csv-86;548840;ZEMLJISCE;7;Zemljišče za kmetijsko rabo (njiva, travnik, pašnik);KMETIJSKO;1724;BREZOVICA;;;parcela 3091/3;1/1;1.0;4550.0;4550.0;;;451568.77;94702.57;75100.0;;Cena posla ni avtomatsko cena te sestavine;2021-05-19;4;Neopredeljen posel;2021;ETN_008_2021_KPP_2021_ZEMLJISCA_20260724.csv
Z-2021-ETN_008_2021_KPP_2021_ZEMLJISCA_20260724.csv-87;548840;ZEMLJISCE;5;Zemljišče pod stavbo ali drugo stavbi ali delu stavbe pripadajoče zemljišče (zemljišče pod stavbo, dvorišče, dovozna pot, vrt, zelenica, stanovanjski atrij in podobno);PRIPADAJOCE;1724;BREZOVICA;;;parcela 2563/2;1/1;1.0;1001.0;1001.0;;;453272.83;94166.37;75100.0;;Cena posla ni avtomatsko cena te sestavine;2021-05-19;4;Neopredeljen posel;2021;ETN_008_2021_KPP_2021_ZEMLJISCA_20260724.csv
Z-2021-ETN_008_2021_KPP_2021_ZEMLJISCA_20260724.csv-88;549044;ZEMLJISCE;3;Zemljišče, na katerem je ali bo mogoče graditi stavbo in je delno komunalno opremljeno ali komunalno neopremljeno;STAVBNO;1652;RAKITNA;;;parcela 1208/331;1/1;1.0;690.0;690.0;;;455889.32;83692.19;128000.0;;Cena posla ni avtomatsko cena te sestavine;2021-06-18;2;Tržen posel – neustrezni podatki;2021;ETN_008_2021_KPP_2021_ZEMLJISCA_20260724.csv
Z-2021-ETN_008_2021_KPP_2021_ZEMLJISCA_20260724.csv-89;549044;ZEMLJISCE;3;Zemljišče, na katerem je ali bo mogoče graditi stavbo in je delno komunalno opremljeno ali komunalno neopremljeno;STAVBNO;1652;RAKITNA;;;parcela 1208/332;1/1;1.0;616.0;616.0;;;455913.84;83681.17;128000.0;;Cena posla ni avtomatsko cena te sestavine;2021-06-18;2;Tržen posel – neustrezni podatki;2021;ETN_008_2021_KPP_2021_ZEMLJISCA_20260724.csv
Z-2021-ETN_008_2021_KPP_2021_ZEMLJISCA_20260724.csv-90;549044;ZEMLJISCE;3;Zemljišče, na katerem je ali bo mogoče graditi stavbo in je delno komunalno opremljeno ali komunalno neopremljeno;STAVBNO;1652;RAKITNA;;;parcela 1208/333;1/1;1.0;618.0;618.0;;;455894.42;83665.67;128000.0;;Cena posla ni avtomatsko cena te sestavine;2021-06-18;2;Tržen posel – neustrezni podatki;2021;ETN_008_2021_KPP_2021_ZEMLJISCA_20260724.csv
Z-2021-ETN_008_2021_KPP_2021_ZEMLJISCA_20260724.csv-91;549044;ZEMLJISCE;3;Zemljišče, na katerem je ali bo mogoče graditi stavbo in je delno komunalno opremljeno ali komunalno neopremljeno;STAVBNO;1652;RAKITNA;;;parcela 1208/334;1/1;1.0;279.0;279.0;;;455875.35;83670.26;128000.0;;Cena posla ni avtomatsko cena te sestavine;2021-06-18;2;Tržen posel – neustrezni podatki;2021;ETN_008_2021_KPP_2021_ZEMLJISCA_20260724.csv
Z-2021-ETN_008_2021_KPP_2021_ZEMLJISCA_20260724.csv-92;548643;ZEMLJISCE;1;Zemljišče na katerem je mogoče graditi stavbo in ima gradbeno dovoljenje;STAVBNO;1724;BREZOVICA;;;parcela 340/41;1/1;1.0;711.0;711.0;;;455446.28;98311.97;105000.0;;Cena posla ni avtomatsko cena te sestavine;2021-06-07;4;Neopredeljen posel;2021;ETN_008_2021_KPP_2021_ZEMLJISCA_20260724.csv
Z-2021-ETN_008_2021_KPP_2021_ZEMLJISCA_20260724.csv-93;548671;ZEMLJISCE;5;Zemljišče pod stavbo ali drugo stavbi ali delu stavbe pripadajoče zemljišče (zemljišče pod stavbo, dvorišče, dovozna pot, vrt, zelenica, stanovanjski atrij in podobno);PRIPADAJOCE;1724;BREZOVICA;;;parcela 2937/2;1/1;1.0;828.0;828.0;;;453004.32;95733.74;187000.0;;Cena posla ni avtomatsko cena te sestavine;2021-06-09;2;Tržen posel – neustrezni podatki;2021;ETN_008_2021_KPP_2021_ZEMLJISCA_20260724.csv
Z-2021-ETN_008_2021_KPP_2021_ZEMLJISCA_20260724.csv-94;539890;ZEMLJISCE;1;Zemljišče na katerem je mogoče graditi stavbo in ima gradbeno dovoljenje;STAVBNO;1704;KAMNIK;;;parcela 844/8;1/1;1.0;563.0;563.0;;;453482.69;90991.19;56000.0;;Cena posla ni avtomatsko cena te sestavine;2021-04-09;2;Tržen posel – neustrezni podatki;2021;ETN_008_2021_KPP_2021_ZEMLJISCA_20260724.csv
Z-2021-ETN_008_2021_KPP_2021_ZEMLJISCA_20260724.csv-95;539890;ZEMLJISCE;1;Zemljišče na katerem je mogoče graditi stavbo in ima gradbeno dovoljenje;STAVBNO;1704;KAMNIK;;;parcela 1061/5;1/1;1.0;136.0;136.0;;;453471.54;90980.86;56000.0;;Cena posla ni avtomatsko cena te sestavine;2021-04-09;2;Tržen posel – neustrezni podatki;2021;ETN_008_2021_KPP_2021_ZEMLJISCA_20260724.csv
Z-2021-ETN_008_2021_KPP_2021_ZEMLJISCA_20260724.csv-96;539901;ZEMLJISCE;2;Zemljišče, na katerem je mogoče graditi stavbo in je komunalno opremljeno (priključki na vodo, elektriko in neposredni dostop do dovozne poti);STAVBNO;1724;BREZOVICA;;;parcela 2784/22;3/5;0.6;326.0;195.6;;;452224.19;95396.64;22500.0;;Cena posla ni avtomatsko cena te sestavine;2021-04-09;3;Drug posel;2021;ETN_008_2021_KPP_2021_ZEMLJISCA_20260724.csv
Z-2021-ETN_008_2021_KPP_2021_ZEMLJISCA_20260724.csv-97;539896;ZEMLJISCE;1;Zemljišče na katerem je mogoče graditi stavbo in ima gradbeno dovoljenje;STAVBNO;1652;RAKITNA;;;parcela 893/119;1/1;1.0;343.0;343.0;;;455990.93;83028.82;39000.0;;Cena posla ni avtomatsko cena te sestavine;2021-04-12;2;Tržen posel – neustrezni podatki;2021;ETN_008_2021_KPP_2021_ZEMLJISCA_20260724.csv
Z-2021-ETN_008_2021_KPP_2021_ZEMLJISCA_20260724.csv-98;539896;ZEMLJISCE;1;Zemljišče na katerem je mogoče graditi stavbo in ima gradbeno dovoljenje;STAVBNO;1652;RAKITNA;;;parcela 893/137;1/1;1.0;725.0;725.0;;;456017.98;83017.2;39000.0;;Cena posla ni avtomatsko cena te sestavine;2021-04-12;2;Tržen posel – neustrezni podatki;2021;ETN_008_2021_KPP_2021_ZEMLJISCA_20260724.csv
Z-2021-ETN_008_2021_KPP_2021_ZEMLJISCA_20260724.csv-99;539844;ZEMLJISCE;3;Zemljišče, na katerem je ali bo mogoče graditi stavbo in je delno komunalno opremljeno ali komunalno neopremljeno;STAVBNO;1703;JEZERO;;;parcela 397/12;1/2;0.5;551.0;275.5;;;455528.91;92595.17;80000.0;;Cena posla ni avtomatsko cena te sestavine;2021-04-12;3;Drug posel;2021;ETN_008_2021_KPP_2021_ZEMLJISCA_20260724.csv
Z-2021-ETN_008_2021_KPP_2021_ZEMLJISCA_20260724.csv-100;539844;ZEMLJISCE;3;Zemljišče, na katerem je ali bo mogoče graditi stavbo in je delno komunalno opremljeno ali komunalno neopremljeno;STAVBNO;1703;JEZERO;;;parcela 397/10;1/12;0.08333333333333333;167.0;13.916666666666666;;;455542.8;92588.14;80000.0;;Cena posla ni avtomatsko cena te sestavine;2021-04-12;3;Drug posel;2021;ETN_008_2021_KPP_2021_ZEMLJISCA_20260724.csv
Z-2021-ETN_008_2021_KPP_2021_ZEMLJISCA_20260724.csv-101;539962;ZEMLJISCE;3;Zemljišče, na katerem je ali bo mogoče graditi stavbo in je delno komunalno opremljeno ali komunalno neopremljeno;STAVBNO;1724;BREZOVICA;;;parcela 1539/12;1/1;1.0;496.0;496.0;;;456070.07;96974.14;48920.0;;Cena posla ni avtomatsko cena te sestavine;2021-04-12;2;Tržen posel – neustrezni podatki;2021;ETN_008_2021_KPP_2021_ZEMLJISCA_20260724.csv
Z-2021-ETN_008_2021_KPP_2021_ZEMLJISCA_20260724.csv-102;539962;ZEMLJISCE;6;Zemljišče, na katerem je cesta ali parkirišče;INFRASTRUKTURA;1724;BREZOVICA;;;parcela 1539/16;1/8;0.125;318.0;39.75;;;456062.97;96939.11;48920.0;;Cena posla ni avtomatsko cena te sestavine;2021-04-12;2;Tržen posel – neustrezni podatki;2021;ETN_008_2021_KPP_2021_ZEMLJISCA_20260724.csv
Z-2021-ETN_008_2021_KPP_2021_ZEMLJISCA_20260724.csv-103;522279;ZEMLJISCE;6;Zemljišče, na katerem je cesta ali parkirišče;INFRASTRUKTURA;1705;PRESERJE;;;parcela 382/5;1/12;0.08333333333333333;297.0;24.75;;;454763.28;90792.5;2000.0;;Cena posla ni avtomatsko cena te sestavine;2020-11-05;3;Drug posel;2021;ETN_008_2021_KPP_2021_ZEMLJISCA_20260724.csv
Z-2021-ETN_008_2021_KPP_2021_ZEMLJISCA_20260724.csv-104;522071;ZEMLJISCE;3;Zemljišče, na katerem je ali bo mogoče graditi stavbo in je delno komunalno opremljeno ali komunalno neopremljeno;STAVBNO;1724;BREZOVICA;;;parcela 956/5;1/1;1.0;401.0;401.0;;;453763.77;95734.67;36000.0;;Cena posla ni avtomatsko cena te sestavine;2020-09-07;4;Neopredeljen posel;2021;ETN_008_2021_KPP_2021_ZEMLJISCA_20260724.csv
Z-2021-ETN_008_2021_KPP_2021_ZEMLJISCA_20260724.csv-105;522310;ZEMLJISCE;5;Zemljišče pod stavbo ali drugo stavbi ali delu stavbe pripadajoče zemljišče (zemljišče pod stavbo, dvorišče, dovozna pot, vrt, zelenica, stanovanjski atrij in podobno);PRIPADAJOCE;1724;BREZOVICA;;;parcela 1460/6;1/1;1.0;931.0;931.0;;;455529.73;96656.87;122000.0;;Cena posla ni avtomatsko cena te sestavine;2020-11-05;2;Tržen posel – neustrezni podatki;2021;ETN_008_2021_KPP_2021_ZEMLJISCA_20260724.csv
Z-2021-ETN_008_2021_KPP_2021_ZEMLJISCA_20260724.csv-106;525853;ZEMLJISCE;5;Zemljišče pod stavbo ali drugo stavbi ali delu stavbe pripadajoče zemljišče (zemljišče pod stavbo, dvorišče, dovozna pot, vrt, zelenica, stanovanjski atrij in podobno);PRIPADAJOCE;1724;BREZOVICA;;;parcela 2903/4;1/1;1.0;528.0;528.0;;;453029.06;95505.85;80000.0;;Cena posla ni avtomatsko cena te sestavine;2020-12-11;4;Neopredeljen posel;2021;ETN_008_2021_KPP_2021_ZEMLJISCA_20260724.csv
Z-2021-ETN_008_2021_KPP_2021_ZEMLJISCA_20260724.csv-107;525853;ZEMLJISCE;5;Zemljišče pod stavbo ali drugo stavbi ali delu stavbe pripadajoče zemljišče (zemljišče pod stavbo, dvorišče, dovozna pot, vrt, zelenica, stanovanjski atrij in podobno);PRIPADAJOCE;1724;BREZOVICA;;;parcela 2903/1;1/1;1.0;1276.0;1276.0;;;453028.36;95518.46;80000.0;;Cena posla ni avtomatsko cena te sestavine;2020-12-11;4;Neopredeljen posel;2021;ETN_008_2021_KPP_2021_ZEMLJISCA_20260724.csv
Z-2021-ETN_008_2021_KPP_2021_ZEMLJISCA_20260724.csv-108;525843;ZEMLJISCE;5;Zemljišče pod stavbo ali drugo stavbi ali delu stavbe pripadajoče zemljišče (zemljišče pod stavbo, dvorišče, dovozna pot, vrt, zelenica, stanovanjski atrij in podobno);PRIPADAJOCE;1652;RAKITNA;;;parcela 893/70;1/1;1.0;785.0;785.0;;;456098.84;83088.67;160000.0;;Cena posla ni avtomatsko cena te sestavine;2020-12-15;2;Tržen posel – neustrezni podatki;2021;ETN_008_2021_KPP_2021_ZEMLJISCA_20260724.csv
Z-2021-ETN_008_2021_KPP_2021_ZEMLJISCA_20260724.csv-109;525843;ZEMLJISCE;6;Zemljišče, na katerem je cesta ali parkirišče;INFRASTRUKTURA;1652;RAKITNA;;;parcela 893/78;1/11;0.09090909090909091;504.0;45.81818181818182;;;456075.89;83096.19;160000.0;;Cena posla ni avtomatsko cena te sestavine;2020-12-15;2;Tržen posel – neustrezni podatki;2021;ETN_008_2021_KPP_2021_ZEMLJISCA_20260724.csv
Z-2021-ETN_008_2021_KPP_2021_ZEMLJISCA_20260724.csv-110;525905;ZEMLJISCE;5;Zemljišče pod stavbo ali drugo stavbi ali delu stavbe pripadajoče zemljišče (zemljišče pod stavbo, dvorišče, dovozna pot, vrt, zelenica, stanovanjski atrij in podobno);PRIPADAJOCE;1703;JEZERO;;;parcela 51/6;1/1;1.0;614.0;614.0;;;456461.8;92338.61;270968.82;;Cena posla ni avtomatsko cena te sestavine;2020-12-14;2;Tržen posel – neustrezni podatki;2021;ETN_008_2021_KPP_2021_ZEMLJISCA_20260724.csv
Z-2021-ETN_008_2021_KPP_2021_ZEMLJISCA_20260724.csv-111;525906;ZEMLJISCE;1;Zemljišče na katerem je mogoče graditi stavbo in ima gradbeno dovoljenje;STAVBNO;1705;PRESERJE;;;parcela 708/2;1/1;1.0;635.0;635.0;;;454724.44;92024.18;100000.0;;Cena posla ni avtomatsko cena te sestavine;2020-12-10;2;Tržen posel – neustrezni podatki;2021;ETN_008_2021_KPP_2021_ZEMLJISCA_20260724.csv
Z-2021-ETN_008_2021_KPP_2021_ZEMLJISCA_20260724.csv-112;525906;ZEMLJISCE;1;Zemljišče na katerem je mogoče graditi stavbo in ima gradbeno dovoljenje;STAVBNO;1705;PRESERJE;;;parcela 708/6;1/8;0.125;251.0;31.375;;;454769.72;92003.77;100000.0;;Cena posla ni avtomatsko cena te sestavine;2020-12-10;2;Tržen posel – neustrezni podatki;2021;ETN_008_2021_KPP_2021_ZEMLJISCA_20260724.csv
Z-2021-ETN_008_2021_KPP_2021_ZEMLJISCA_20260724.csv-113;525844;ZEMLJISCE;6;Zemljišče, na katerem je cesta ali parkirišče;INFRASTRUKTURA;1724;BREZOVICA;;;parcela 1542/193;1/1;1.0;12.0;12.0;;;456058.83;97010.52;180000.0;;Cena posla ni avtomatsko cena te sestavine;2020-12-14;2;Tržen posel – neustrezni podatki;2021;ETN_008_2021_KPP_2021_ZEMLJISCA_20260724.csv
Z-2021-ETN_008_2021_KPP_2021_ZEMLJISCA_20260724.csv-114;525844;ZEMLJISCE;6;Zemljišče, na katerem je cesta ali parkirišče;INFRASTRUKTURA;1724;BREZOVICA;;;parcela 1542/195;1/1;1.0;12.0;12.0;;;456064.7;97005.67;180000.0;;Cena posla ni avtomatsko cena te sestavine;2020-12-14;2;Tržen posel – neustrezni podatki;2021;ETN_008_2021_KPP_2021_ZEMLJISCA_20260724.csv
Z-2021-ETN_008_2021_KPP_2021_ZEMLJISCA_20260724.csv-115;525844;ZEMLJISCE;5;Zemljišče pod stavbo ali drugo stavbi ali delu stavbe pripadajoče zemljišče (zemljišče pod stavbo, dvorišče, dovozna pot, vrt, zelenica, stanovanjski atrij in podobno);PRIPADAJOCE;1724;BREZOVICA;;;parcela 1542/225;1/36;0.027777777777777776;1190.0;33.05555555555556;;;456021.94;96914.66;180000.0;;Cena posla ni avtomatsko cena te sestavine;2020-12-14;2;Tržen posel – neustrezni podatki;2021;ETN_008_2021_KPP_2021_ZEMLJISCA_20260724.csv
Z-2021-ETN_008_2021_KPP_2021_ZEMLJISCA_20260724.csv-116;525844;ZEMLJISCE;5;Zemljišče pod stavbo ali drugo stavbi ali delu stavbe pripadajoče zemljišče (zemljišče pod stavbo, dvorišče, dovozna pot, vrt, zelenica, stanovanjski atrij in podobno);PRIPADAJOCE;1724;BREZOVICA;;;parcela 1542/222;1/36;0.027777777777777776;5.0;0.1388888888888889;;;456024.4;96933.1;180000.0;;Cena posla ni avtomatsko cena te sestavine;2020-12-14;2;Tržen posel – neustrezni podatki;2021;ETN_008_2021_KPP_2021_ZEMLJISCA_20260724.csv
Z-2021-ETN_008_2021_KPP_2021_ZEMLJISCA_20260724.csv-117;525844;ZEMLJISCE;5;Zemljišče pod stavbo ali drugo stavbi ali delu stavbe pripadajoče zemljišče (zemljišče pod stavbo, dvorišče, dovozna pot, vrt, zelenica, stanovanjski atrij in podobno);PRIPADAJOCE;1724;BREZOVICA;;;parcela 1542/220;1/36;0.027777777777777776;590.0;16.38888888888889;;;456019.32;96963.62;180000.0;;Cena posla ni avtomatsko cena te sestavine;2020-12-14;2;Tržen posel – neustrezni podatki;2021;ETN_008_2021_KPP_2021_ZEMLJISCA_20260724.csv
Z-2021-ETN_008_2021_KPP_2021_ZEMLJISCA_20260724.csv-118;525844;ZEMLJISCE;5;Zemljišče pod stavbo ali drugo stavbi ali delu stavbe pripadajoče zemljišče (zemljišče pod stavbo, dvorišče, dovozna pot, vrt, zelenica, stanovanjski atrij in podobno);PRIPADAJOCE;1724;BREZOVICA;;;parcela 1542/219;1/36;0.027777777777777776;95.0;2.638888888888889;;;456023.41;96972.68;180000.0;;Cena posla ni avtomatsko cena te sestavine;2020-12-14;2;Tržen posel – neustrezni podatki;2021;ETN_008_2021_KPP_2021_ZEMLJISCA_20260724.csv
Z-2021-ETN_008_2021_KPP_2021_ZEMLJISCA_20260724.csv-119;525844;ZEMLJISCE;5;Zemljišče pod stavbo ali drugo stavbi ali delu stavbe pripadajoče zemljišče (zemljišče pod stavbo, dvorišče, dovozna pot, vrt, zelenica, stanovanjski atrij in podobno);PRIPADAJOCE;1724;BREZOVICA;;;parcela 1542/188;1/36;0.027777777777777776;18.0;0.5;;;456050.53;96996.95;180000.0;;Cena posla ni avtomatsko cena te sestavine;2020-12-14;2;Tržen posel – neustrezni podatki;2021;ETN_008_2021_KPP_2021_ZEMLJISCA_20260724.csv
Z-2021-ETN_008_2021_KPP_2021_ZEMLJISCA_20260724.csv-120;525798;ZEMLJISCE;5;Zemljišče pod stavbo ali drugo stavbi ali delu stavbe pripadajoče zemljišče (zemljišče pod stavbo, dvorišče, dovozna pot, vrt, zelenica, stanovanjski atrij in podobno);PRIPADAJOCE;1652;RAKITNA;;;parcela 1208/152;1/1;1.0;785.0;785.0;;;455941.37;83513.87;42000.0;;Cena posla ni avtomatsko cena te sestavine;2020-12-15;2;Tržen posel – neustrezni podatki;2021;ETN_008_2021_KPP_2021_ZEMLJISCA_20260724.csv
Z-2021-ETN_008_2021_KPP_2021_ZEMLJISCA_20260724.csv-121;525798;ZEMLJISCE;5;Zemljišče pod stavbo ali drugo stavbi ali delu stavbe pripadajoče zemljišče (zemljišče pod stavbo, dvorišče, dovozna pot, vrt, zelenica, stanovanjski atrij in podobno);PRIPADAJOCE;1652;RAKITNA;;;parcela 1208/153;1/4;0.25;201.0;50.25;;;455933.47;83500.08;42000.0;;Cena posla ni avtomatsko cena te sestavine;2020-12-15;2;Tržen posel – neustrezni podatki;2021;ETN_008_2021_KPP_2021_ZEMLJISCA_20260724.csv
Z-2021-ETN_008_2021_KPP_2021_ZEMLJISCA_20260724.csv-122;526837;ZEMLJISCE;5;Zemljišče pod stavbo ali drugo stavbi ali delu stavbe pripadajoče zemljišče (zemljišče pod stavbo, dvorišče, dovozna pot, vrt, zelenica, stanovanjski atrij in podobno);PRIPADAJOCE;1704;KAMNIK;;;parcela 3142/1;1/1;1.0;841.0;841.0;;;454150.84;90689.38;110000.0;;Cena posla ni avtomatsko cena te sestavine;2020-12-16;2;Tržen posel – neustrezni podatki;2021;ETN_008_2021_KPP_2021_ZEMLJISCA_20260724.csv
Z-2021-ETN_008_2021_KPP_2021_ZEMLJISCA_20260724.csv-123;526532;ZEMLJISCE;5;Zemljišče pod stavbo ali drugo stavbi ali delu stavbe pripadajoče zemljišče (zemljišče pod stavbo, dvorišče, dovozna pot, vrt, zelenica, stanovanjski atrij in podobno);PRIPADAJOCE;1724;BREZOVICA;;;parcela 612/4;1/1;1.0;487.0;487.0;;;454480.38;98363.36;265000.0;;Cena posla ni avtomatsko cena te sestavine;2020-11-30;4;Neopredeljen posel;2021;ETN_008_2021_KPP_2021_ZEMLJISCA_20260724.csv
Z-2021-ETN_008_2021_KPP_2021_ZEMLJISCA_20260724.csv-124;526532;ZEMLJISCE;5;Zemljišče pod stavbo ali drugo stavbi ali delu stavbe pripadajoče zemljišče (zemljišče pod stavbo, dvorišče, dovozna pot, vrt, zelenica, stanovanjski atrij in podobno);PRIPADAJOCE;1724;BREZOVICA;;;parcela 612/5;1/1;1.0;155.0;155.0;;;454481.11;98349.57;265000.0;;Cena posla ni avtomatsko cena te sestavine;2020-11-30;4;Neopredeljen posel;2021;ETN_008_2021_KPP_2021_ZEMLJISCA_20260724.csv
Z-2021-ETN_008_2021_KPP_2021_ZEMLJISCA_20260724.csv-125;528056;ZEMLJISCE;3;Zemljišče, na katerem je ali bo mogoče graditi stavbo in je delno komunalno opremljeno ali komunalno neopremljeno;STAVBNO;1703;JEZERO;;;parcela 362/127;1/1;1.0;615.0;615.0;;;455101.5;93178.08;99000.0;;Cena posla ni avtomatsko cena te sestavine;2021-01-07;2;Tržen posel – neustrezni podatki;2021;ETN_008_2021_KPP_2021_ZEMLJISCA_20260724.csv
Z-2021-ETN_008_2021_KPP_2021_ZEMLJISCA_20260724.csv-126;528056;ZEMLJISCE;6;Zemljišče, na katerem je cesta ali parkirišče;INFRASTRUKTURA;1703;JEZERO;;;parcela 362/130;1/6;0.16666666666666666;186.0;31.0;;;455082.27;93179.92;99000.0;;Cena posla ni avtomatsko cena te sestavine;2021-01-07;2;Tržen posel – neustrezni podatki;2021;ETN_008_2021_KPP_2021_ZEMLJISCA_20260724.csv
Z-2021-ETN_008_2021_KPP_2021_ZEMLJISCA_20260724.csv-127;528028;ZEMLJISCE;7;Zemljišče za kmetijsko rabo (njiva, travnik, pašnik);KMETIJSKO;1702;TOMIŠELJ;;;parcela 2156;2/3;0.6666666666666666;34930.0;23286.666666666664;;;457534.47;93321.39;24360.0;;Cena posla ni avtomatsko cena te sestavine;2021-01-16;3;Drug posel;2021;ETN_008_2021_KPP_2021_ZEMLJISCA_20260724.csv
Z-2021-ETN_008_2021_KPP_2021_ZEMLJISCA_20260724.csv-128;528028;ZEMLJISCE;7;Zemljišče za kmetijsko rabo (njiva, travnik, pašnik);KMETIJSKO;1703;JEZERO;;;parcela 693/14;2/3;0.6666666666666666;1610.0;1073.3333333333333;;;456924.28;92853.18;24360.0;;Cena posla ni avtomatsko cena te sestavine;2021-01-16;3;Drug posel;2021;ETN_008_2021_KPP_2021_ZEMLJISCA_20260724.csv
Z-2021-ETN_008_2021_KPP_2021_ZEMLJISCA_20260724.csv-129;523206;ZEMLJISCE;5;Zemljišče pod stavbo ali drugo stavbi ali delu stavbe pripadajoče zemljišče (zemljišče pod stavbo, dvorišče, dovozna pot, vrt, zelenica, stanovanjski atrij in podobno);PRIPADAJOCE;1705;PRESERJE;;;parcela 387/1;1/1;1.0;168.0;168.0;;;454793.77;90779.46;8400.0;;Cena posla ni avtomatsko cena te sestavine;2020-11-26;1;Tržen posel;2021;ETN_008_2021_KPP_2021_ZEMLJISCA_20260724.csv
Z-2021-ETN_008_2021_KPP_2021_ZEMLJISCA_20260724.csv-130;523123;ZEMLJISCE;6;Zemljišče, na katerem je cesta ali parkirišče;INFRASTRUKTURA;1724;BREZOVICA;;;parcela 1460/7;1/6;0.16666666666666666;389.0;64.83333333333333;;;455514.55;96670.56;1000.0;;Cena posla ni avtomatsko cena te sestavine;2020-11-05;3;Drug posel;2021;ETN_008_2021_KPP_2021_ZEMLJISCA_20260724.csv
Z-2021-ETN_008_2021_KPP_2021_ZEMLJISCA_20260724.csv-131;630682;ZEMLJISCE;5;Zemljišče pod stavbo ali drugo stavbi ali delu stavbe pripadajoče zemljišče (zemljišče pod stavbo, dvorišče, dovozna pot, vrt, zelenica, stanovanjski atrij in podobno);PRIPADAJOCE;1724;BREZOVICA;;;parcela 1095/16;12/100;0.12;379.0;45.48;;;454529.74;96733.35;50000.0;;Cena posla ni avtomatsko cena te sestavine;2021-11-11;2;Tržen posel – neustrezni podatki;2021;ETN_008_2021_KPP_2021_ZEMLJISCA_20260724.csv
Z-2021-ETN_008_2021_KPP_2021_ZEMLJISCA_20260724.csv-132;630674;ZEMLJISCE;1;Zemljišče na katerem je mogoče graditi stavbo in ima gradbeno dovoljenje;STAVBNO;1724;BREZOVICA;;;parcela 1095/16;17/100;0.17;379.0;64.43;;;454529.74;96733.35;135000.0;;Cena posla ni avtomatsko cena te sestavine;2021-11-11;2;Tržen posel – neustrezni podatki;2021;ETN_008_2021_KPP_2021_ZEMLJISCA_20260724.csv
Z-2021-ETN_008_2021_KPP_2021_ZEMLJISCA_20260724.csv-133;630678;ZEMLJISCE;5;Zemljišče pod stavbo ali drugo stavbi ali delu stavbe pripadajoče zemljišče (zemljišče pod stavbo, dvorišče, dovozna pot, vrt, zelenica, stanovanjski atrij in podobno);PRIPADAJOCE;1652;RAKITNA;;;parcela 1208/92;1/4;0.25;510.0;127.5;;;455680.64;83341.34;15000.0;;Cena posla ni avtomatsko cena te sestavine;2021-11-15;4;Neopredeljen posel;2021;ETN_008_2021_KPP_2021_ZEMLJISCA_20260724.csv
Z-2021-ETN_008_2021_KPP_2021_ZEMLJISCA_20260724.csv-134;629314;ZEMLJISCE;9;Zemljišče za gozdno rabo (gozd);GOZDNO;1703;JEZERO;;;parcela 846;1/1;1.0;8730.0;8730.0;;;457220.47;91013.5;4437.0;;Cena posla ni avtomatsko cena te sestavine;2021-04-10;2;Tržen posel – neustrezni podatki;2021;ETN_008_2021_KPP_2021_ZEMLJISCA_20260724.csv
Z-2021-ETN_008_2021_KPP_2021_ZEMLJISCA_20260724.csv-135;556816;ZEMLJISCE;2;Zemljišče, na katerem je mogoče graditi stavbo in je komunalno opremljeno (priključki na vodo, elektriko in neposredni dostop do dovozne poti);STAVBNO;1724;BREZOVICA;;;parcela 378/10;1/1;1.0;783.0;783.0;;;454891.8;97798.73;170000.0;;Cena posla ni avtomatsko cena te sestavine;2021-08-11;2;Tržen posel – neustrezni podatki;2021;ETN_008_2021_KPP_2021_ZEMLJISCA_20260724.csv
Z-2021-ETN_008_2021_KPP_2021_ZEMLJISCA_20260724.csv-136;556816;ZEMLJISCE;7;Zemljišče za kmetijsko rabo (njiva, travnik, pašnik);KMETIJSKO;1724;BREZOVICA;;;parcela 378/11;1/1;1.0;3931.0;3931.0;;;454891.8;97840.28;170000.0;;Cena posla ni avtomatsko cena te sestavine;2021-08-11;2;Tržen posel – neustrezni podatki;2021;ETN_008_2021_KPP_2021_ZEMLJISCA_20260724.csv
Z-2021-ETN_008_2021_KPP_2021_ZEMLJISCA_20260724.csv-137;557487;ZEMLJISCE;9;Zemljišče za gozdno rabo (gozd);GOZDNO;1705;PRESERJE;;;parcela 501/20;1/1;1.0;3492.0;3492.0;;;454520.36;91505.14;1546.0;;Cena posla ni avtomatsko cena te sestavine;2021-06-23;1;Tržen posel;2021;ETN_008_2021_KPP_2021_ZEMLJISCA_20260724.csv
Z-2021-ETN_008_2021_KPP_2021_ZEMLJISCA_20260724.csv-138;544613;ZEMLJISCE;1;Zemljišče na katerem je mogoče graditi stavbo in ima gradbeno dovoljenje;STAVBNO;1724;BREZOVICA;;;parcela 944/16;1/1;1.0;10.0;10.0;;;453715.96;95718.6;107000.0;;Cena posla ni avtomatsko cena te sestavine;2021-05-19;2;Tržen posel – neustrezni podatki;2021;ETN_008_2021_KPP_2021_ZEMLJISCA_20260724.csv
Z-2021-ETN_008_2021_KPP_2021_ZEMLJISCA_20260724.csv-139;544448;ZEMLJISCE;5;Zemljišče pod stavbo ali drugo stavbi ali delu stavbe pripadajoče zemljišče (zemljišče pod stavbo, dvorišče, dovozna pot, vrt, zelenica, stanovanjski atrij in podobno);PRIPADAJOCE;1704;KAMNIK;;;parcela 2724/3;1/1;1.0;469.0;469.0;;;454108.0;90525.0;80000.0;;Cena posla ni avtomatsko cena te sestavine;2021-05-18;3;Drug posel;2021;ETN_008_2021_KPP_2021_ZEMLJISCA_20260724.csv
Z-2021-ETN_008_2021_KPP_2021_ZEMLJISCA_20260724.csv-140;544360;ZEMLJISCE;1;Zemljišče na katerem je mogoče graditi stavbo in ima gradbeno dovoljenje;STAVBNO;1724;BREZOVICA;;;parcela 2138/52;1/1;1.0;625.0;625.0;;;454282.46;95439.46;85000.0;;Cena posla ni avtomatsko cena te sestavine;2021-02-15;2;Tržen posel – neustrezni podatki;2021;ETN_008_2021_KPP_2021_ZEMLJISCA_20260724.csv
Z-2021-ETN_008_2021_KPP_2021_ZEMLJISCA_20260724.csv-141;544360;ZEMLJISCE;1;Zemljišče na katerem je mogoče graditi stavbo in ima gradbeno dovoljenje;STAVBNO;1724;BREZOVICA;;;parcela 2138/50;1/4;0.25;265.0;66.25;;;454266.0;95463.18;85000.0;;Cena posla ni avtomatsko cena te sestavine;2021-02-15;2;Tržen posel – neustrezni podatki;2021;ETN_008_2021_KPP_2021_ZEMLJISCA_20260724.csv
Z-2021-ETN_008_2021_KPP_2021_ZEMLJISCA_20260724.csv-142;544995;ZEMLJISCE;7;Zemljišče za kmetijsko rabo (njiva, travnik, pašnik);KMETIJSKO;1724;BREZOVICA;;;parcela 3122/4;1/2;0.5;4188.0;2094.0;;;452105.39;94492.99;2004.0;;Cena posla ni avtomatsko cena te sestavine;2021-05-07;4;Neopredeljen posel;2021;ETN_008_2021_KPP_2021_ZEMLJISCA_20260724.csv
Z-2021-ETN_008_2021_KPP_2021_ZEMLJISCA_20260724.csv-143;544995;ZEMLJISCE;7;Zemljišče za kmetijsko rabo (njiva, travnik, pašnik);KMETIJSKO;1724;BREZOVICA;;;parcela 3169;1/2;0.5;9171.0;4585.5;;;452396.0;94084.65;2004.0;;Cena posla ni avtomatsko cena te sestavine;2021-05-07;4;Neopredeljen posel;2021;ETN_008_2021_KPP_2021_ZEMLJISCA_20260724.csv
Z-2021-ETN_008_2021_KPP_2021_ZEMLJISCA_20260724.csv-144;551024;ZEMLJISCE;5;Zemljišče pod stavbo ali drugo stavbi ali delu stavbe pripadajoče zemljišče (zemljišče pod stavbo, dvorišče, dovozna pot, vrt, zelenica, stanovanjski atrij in podobno);PRIPADAJOCE;1652;RAKITNA;;;parcela 1243/21;1/1;1.0;1436.0;1436.0;;;456062.11;82833.03;250000.0;;Cena posla ni avtomatsko cena te sestavine;2021-07-12;2;Tržen posel – neustrezni podatki;2021;ETN_008_2021_KPP_2021_ZEMLJISCA_20260724.csv
Z-2021-ETN_008_2021_KPP_2021_ZEMLJISCA_20260724.csv-145;551024;ZEMLJISCE;1;Zemljišče na katerem je mogoče graditi stavbo in ima gradbeno dovoljenje;STAVBNO;1652;RAKITNA;;;parcela 893/109;1/1;1.0;660.0;660.0;;;456044.39;82830.93;250000.0;;Cena posla ni avtomatsko cena te sestavine;2021-07-12;2;Tržen posel – neustrezni podatki;2021;ETN_008_2021_KPP_2021_ZEMLJISCA_20260724.csv
Z-2021-ETN_008_2021_KPP_2021_ZEMLJISCA_20260724.csv-146;550920;ZEMLJISCE;1;Zemljišče na katerem je mogoče graditi stavbo in ima gradbeno dovoljenje;STAVBNO;1704;KAMNIK;;;parcela 933/5;1/1;1.0;825.0;825.0;;;453492.5;91671.6;62000.0;;Cena posla ni avtomatsko cena te sestavine;2021-07-08;2;Tržen posel – neustrezni podatki;2021;ETN_008_2021_KPP_2021_ZEMLJISCA_20260724.csv
Z-2021-ETN_008_2021_KPP_2021_ZEMLJISCA_20260724.csv-147;550925;ZEMLJISCE;1;Zemljišče na katerem je mogoče graditi stavbo in ima gradbeno dovoljenje;STAVBNO;1724;BREZOVICA;;;parcela 2485/9;1/1;1.0;332.0;332.0;;;453096.22;94341.82;169000.0;;Cena posla ni avtomatsko cena te sestavine;2021-06-29;2;Tržen posel – neustrezni podatki;2021;ETN_008_2021_KPP_2021_ZEMLJISCA_20260724.csv
Z-2021-ETN_008_2021_KPP_2021_ZEMLJISCA_20260724.csv-148;551036;ZEMLJISCE;1;Zemljišče na katerem je mogoče graditi stavbo in ima gradbeno dovoljenje;STAVBNO;1652;RAKITNA;;;parcela 1208/315;1/1;1.0;1115.0;1115.0;;;455920.9;83530.98;57000.0;;Cena posla ni avtomatsko cena te sestavine;2021-07-05;2;Tržen posel – neustrezni podatki;2021;ETN_008_2021_KPP_2021_ZEMLJISCA_20260724.csv
Z-2021-ETN_008_2021_KPP_2021_ZEMLJISCA_20260724.csv-149;551036;ZEMLJISCE;1;Zemljišče na katerem je mogoče graditi stavbo in ima gradbeno dovoljenje;STAVBNO;1652;RAKITNA;;;parcela 1208/153;1/4;0.25;201.0;50.25;;;455933.47;83500.08;57000.0;;Cena posla ni avtomatsko cena te sestavine;2021-07-05;2;Tržen posel – neustrezni podatki;2021;ETN_008_2021_KPP_2021_ZEMLJISCA_20260724.csv
Z-2021-ETN_008_2021_KPP_2021_ZEMLJISCA_20260724.csv-150;549415;ZEMLJISCE;1;Zemljišče na katerem je mogoče graditi stavbo in ima gradbeno dovoljenje;STAVBNO;1724;BREZOVICA;;;parcela 1133/22;1/2;0.5;741.0;370.5;;;455010.07;96808.66;56907.22;;Cena posla ni avtomatsko cena te sestavine;2021-06-23;4;Neopredeljen posel;2021;ETN_008_2021_KPP_2021_ZEMLJISCA_20260724.csv
Z-2021-ETN_008_2021_KPP_2021_ZEMLJISCA_20260724.csv-151;549464;ZEMLJISCE;1;Zemljišče na katerem je mogoče graditi stavbo in ima gradbeno dovoljenje;STAVBNO;1652;RAKITNA;;;parcela 1208/16;1/1;1.0;1894.0;1894.0;;;455995.46;83544.25;94700.0;;Cena posla ni avtomatsko cena te sestavine;2021-06-27;2;Tržen posel – neustrezni podatki;2021;ETN_008_2021_KPP_2021_ZEMLJISCA_20260724.csv
Z-2021-ETN_008_2021_KPP_2021_ZEMLJISCA_20260724.csv-152;529678;ZEMLJISCE;5;Zemljišče pod stavbo ali drugo stavbi ali delu stavbe pripadajoče zemljišče (zemljišče pod stavbo, dvorišče, dovozna pot, vrt, zelenica, stanovanjski atrij in podobno);PRIPADAJOCE;1705;PRESERJE;;;parcela 213/2;1/1;1.0;951.0;951.0;;;454911.97;90923.46;78000.0;;Cena posla ni avtomatsko cena te sestavine;2021-01-15;2;Tržen posel – neustrezni podatki;2021;ETN_008_2021_KPP_2021_ZEMLJISCA_20260724.csv
Z-2021-ETN_008_2021_KPP_2021_ZEMLJISCA_20260724.csv-153;529678;ZEMLJISCE;5;Zemljišče pod stavbo ali drugo stavbi ali delu stavbe pripadajoče zemljišče (zemljišče pod stavbo, dvorišče, dovozna pot, vrt, zelenica, stanovanjski atrij in podobno);PRIPADAJOCE;1705;PRESERJE;;;parcela *56;1/1;1.0;137.0;137.0;;;454938.26;90912.18;78000.0;;Cena posla ni avtomatsko cena te sestavine;2021-01-15;2;Tržen posel – neustrezni podatki;2021;ETN_008_2021_KPP_2021_ZEMLJISCA_20260724.csv
Z-2021-ETN_008_2021_KPP_2021_ZEMLJISCA_20260724.csv-154;529535;ZEMLJISCE;7;Zemljišče za kmetijsko rabo (njiva, travnik, pašnik);KMETIJSKO;1704;KAMNIK;;;parcela 1007/2;1/1;1.0;155.0;155.0;;;453865.0;91013.0;300.0;;Cena posla ni avtomatsko cena te sestavine;2020-11-27;2;Tržen posel – neustrezni podatki;2021;ETN_008_2021_KPP_2021_ZEMLJISCA_20260724.csv
Z-2021-ETN_008_2021_KPP_2021_ZEMLJISCA_20260724.csv-155;549810;ZEMLJISCE;2;Zemljišče, na katerem je mogoče graditi stavbo in je komunalno opremljeno (priključki na vodo, elektriko in neposredni dostop do dovozne poti);STAVBNO;1724;BREZOVICA;;;parcela 2941/1;1/1;1.0;909.0;909.0;;;453039.69;95728.1;93000.0;;Cena posla ni avtomatsko cena te sestavine;2021-06-09;3;Drug posel;2021;ETN_008_2021_KPP_2021_ZEMLJISCA_20260724.csv
Z-2021-ETN_008_2021_KPP_2021_ZEMLJISCA_20260724.csv-156;549810;ZEMLJISCE;2;Zemljišče, na katerem je mogoče graditi stavbo in je komunalno opremljeno (priključki na vodo, elektriko in neposredni dostop do dovozne poti);STAVBNO;1724;BREZOVICA;;;parcela 2941/2;1/1;1.0;12.0;12.0;;;453062.44;95713.55;93000.0;;Cena posla ni avtomatsko cena te sestavine;2021-06-09;3;Drug posel;2021;ETN_008_2021_KPP_2021_ZEMLJISCA_20260724.csv
Z-2021-ETN_008_2021_KPP_2021_ZEMLJISCA_20260724.csv-157;549730;ZEMLJISCE;5;Zemljišče pod stavbo ali drugo stavbi ali delu stavbe pripadajoče zemljišče (zemljišče pod stavbo, dvorišče, dovozna pot, vrt, zelenica, stanovanjski atrij in podobno);PRIPADAJOCE;1652;RAKITNA;;;parcela 1261;1/1;1.0;1457.0;1457.0;;;456470.74;83097.12;100000.0;;Cena posla ni avtomatsko cena te sestavine;2021-06-23;2;Tržen posel – neustrezni podatki;2021;ETN_008_2021_KPP_2021_ZEMLJISCA_20260724.csv
Z-2021-ETN_008_2021_KPP_2021_ZEMLJISCA_20260724.csv-158;549730;ZEMLJISCE;5;Zemljišče pod stavbo ali drugo stavbi ali delu stavbe pripadajoče zemljišče (zemljišče pod stavbo, dvorišče, dovozna pot, vrt, zelenica, stanovanjski atrij in podobno);PRIPADAJOCE;1652;RAKITNA;;;parcela 1263/4;1/1;1.0;12.0;12.0;;;456487.26;83058.87;100000.0;;Cena posla ni avtomatsko cena te sestavine;2021-06-23;2;Tržen posel – neustrezni podatki;2021;ETN_008_2021_KPP_2021_ZEMLJISCA_20260724.csv
Z-2021-ETN_008_2021_KPP_2021_ZEMLJISCA_20260724.csv-159;582242;ZEMLJISCE;3;Zemljišče, na katerem je ali bo mogoče graditi stavbo in je delno komunalno opremljeno ali komunalno neopremljeno;STAVBNO;1652;RAKITNA;;;parcela 1304/14;1/1;1.0;447.0;447.0;;;456444.01;82569.64;25500.0;;Cena posla ni avtomatsko cena te sestavine;2021-09-27;2;Tržen posel – neustrezni podatki;2021;ETN_008_2021_KPP_2021_ZEMLJISCA_20260724.csv
Z-2021-ETN_008_2021_KPP_2021_ZEMLJISCA_20260724.csv-160;581860;ZEMLJISCE;5;Zemljišče pod stavbo ali drugo stavbi ali delu stavbe pripadajoče zemljišče (zemljišče pod stavbo, dvorišče, dovozna pot, vrt, zelenica, stanovanjski atrij in podobno);PRIPADAJOCE;1724;BREZOVICA;;;parcela 2622/2;1/3;0.3333333333333333;1259.0;419.66666666666663;;;453565.96;94224.98;25000.0;;Cena posla ni avtomatsko cena te sestavine;2021-09-20;3;Drug posel;2021;ETN_008_2021_KPP_2021_ZEMLJISCA_20260724.csv
Z-2021-ETN_008_2021_KPP_2021_ZEMLJISCA_20260724.csv-161;581861;ZEMLJISCE;7;Zemljišče za kmetijsko rabo (njiva, travnik, pašnik);KMETIJSKO;1704;KAMNIK;;;parcela 162;1/1;1.0;9794.0;9794.0;;;453813.62;91475.17;9000.0;;Cena posla ni avtomatsko cena te sestavine;2021-09-13;1;Tržen posel;2021;ETN_008_2021_KPP_2021_ZEMLJISCA_20260724.csv
Z-2021-ETN_008_2021_KPP_2021_ZEMLJISCA_20260724.csv-162;629589;ZEMLJISCE;9;Zemljišče za gozdno rabo (gozd);GOZDNO;1652;RAKITNA;;;parcela 1098;1/1;1.0;1138.0;1138.0;;;455521.69;83444.82;1000.0;;Cena posla ni avtomatsko cena te sestavine;2021-08-02;2;Tržen posel – neustrezni podatki;2021;ETN_008_2021_KPP_2021_ZEMLJISCA_20260724.csv
Z-2021-ETN_008_2021_KPP_2021_ZEMLJISCA_20260724.csv-163;629567;ZEMLJISCE;9;Zemljišče za gozdno rabo (gozd);GOZDNO;1703;JEZERO;;;parcela 501/9;1/3;0.3333333333333333;4316.0;1438.6666666666665;;;455710.3;92095.82;1295.0;;Cena posla ni avtomatsko cena te sestavine;2021-07-15;3;Drug posel;2021;ETN_008_2021_KPP_2021_ZEMLJISCA_20260724.csv
Z-2021-ETN_008_2021_KPP_2021_ZEMLJISCA_20260724.csv-164;629745;ZEMLJISCE;3;Zemljišče, na katerem je ali bo mogoče graditi stavbo in je delno komunalno opremljeno ali komunalno neopremljeno;STAVBNO;1724;BREZOVICA;;;parcela 933/1;1/1;1.0;2203.0;2203.0;;;453637.61;95727.19;220300.0;;Cena posla ni avtomatsko cena te sestavine;2021-11-08;2;Tržen posel – neustrezni podatki;2021;ETN_008_2021_KPP_2021_ZEMLJISCA_20260724.csv
Z-2021-ETN_008_2021_KPP_2021_ZEMLJISCA_20260724.csv-165;558471;ZEMLJISCE;2;Zemljišče, na katerem je mogoče graditi stavbo in je komunalno opremljeno (priključki na vodo, elektriko in neposredni dostop do dovozne poti);STAVBNO;1704;KAMNIK;;;parcela 3/8;1/1;1.0;32.0;32.0;;;454183.76;90951.47;2393.6;;Cena posla ni avtomatsko cena te sestavine;2021-09-08;4;Neopredeljen posel;2021;ETN_008_2021_KPP_2021_ZEMLJISCA_20260724.csv
Z-2021-ETN_008_2021_KPP_2021_ZEMLJISCA_20260724.csv-166;558857;ZEMLJISCE;5;Zemljišče pod stavbo ali drugo stavbi ali delu stavbe pripadajoče zemljišče (zemljišče pod stavbo, dvorišče, dovozna pot, vrt, zelenica, stanovanjski atrij in podobno);PRIPADAJOCE;1724;BREZOVICA;;;parcela 2141/5;1/6;0.16666666666666666;691.0;115.16666666666666;;;454073.97;95187.19;30000.0;;Cena posla ni avtomatsko cena te sestavine;2021-09-09;3;Drug posel;2021;ETN_008_2021_KPP_2021_ZEMLJISCA_20260724.csv
Z-2021-ETN_008_2021_KPP_2021_ZEMLJISCA_20260724.csv-167;532025;ZEMLJISCE;5;Zemljišče pod stavbo ali drugo stavbi ali delu stavbe pripadajoče zemljišče (zemljišče pod stavbo, dvorišče, dovozna pot, vrt, zelenica, stanovanjski atrij in podobno);PRIPADAJOCE;1724;BREZOVICA;;;parcela 605/31;1/1;1.0;152.0;152.0;;;454513.86;97849.35;362000.0;;Cena posla ni avtomatsko cena te sestavine;2021-01-28;2;Tržen posel – neustrezni podatki;2021;ETN_008_2021_KPP_2021_ZEMLJISCA_20260724.csv
Z-2021-ETN_008_2021_KPP_2021_ZEMLJISCA_20260724.csv-168;532025;ZEMLJISCE;1;Zemljišče na katerem je mogoče graditi stavbo in ima gradbeno dovoljenje;STAVBNO;1724;BREZOVICA;;;parcela 605/38;1/1;1.0;12.0;12.0;;;454527.1;97851.24;362000.0;;Cena posla ni avtomatsko cena te sestavine;2021-01-28;2;Tržen posel – neustrezni podatki;2021;ETN_008_2021_KPP_2021_ZEMLJISCA_20260724.csv
Z-2021-ETN_008_2021_KPP_2021_ZEMLJISCA_20260724.csv-169;532025;ZEMLJISCE;1;Zemljišče na katerem je mogoče graditi stavbo in ima gradbeno dovoljenje;STAVBNO;1724;BREZOVICA;;;parcela 605/39;1/1;1.0;12.0;12.0;;;454527.68;97848.78;362000.0;;Cena posla ni avtomatsko cena te sestavine;2021-01-28;2;Tržen posel – neustrezni podatki;2021;ETN_008_2021_KPP_2021_ZEMLJISCA_20260724.csv
Z-2021-ETN_008_2021_KPP_2021_ZEMLJISCA_20260724.csv-170;532025;ZEMLJISCE;1;Zemljišče na katerem je mogoče graditi stavbo in ima gradbeno dovoljenje;STAVBNO;1724;BREZOVICA;;;parcela 605/102;1/1;1.0;12.0;12.0;;;454536.36;97868.52;362000.0;;Cena posla ni avtomatsko cena te sestavine;2021-01-28;2;Tržen posel – neustrezni podatki;2021;ETN_008_2021_KPP_2021_ZEMLJISCA_20260724.csv
Z-2021-ETN_008_2021_KPP_2021_ZEMLJISCA_20260724.csv-171;532025;ZEMLJISCE;6;Zemljišče, na katerem je cesta ali parkirišče;INFRASTRUKTURA;1724;BREZOVICA;;;parcela 605/105;1/23;0.043478260869565216;2576.0;112.0;;;454622.62;97870.44;362000.0;;Cena posla ni avtomatsko cena te sestavine;2021-01-28;2;Tržen posel – neustrezni podatki;2021;ETN_008_2021_KPP_2021_ZEMLJISCA_20260724.csv
Z-2021-ETN_008_2021_KPP_2021_ZEMLJISCA_20260724.csv-172;533558;ZEMLJISCE;1;Zemljišče na katerem je mogoče graditi stavbo in ima gradbeno dovoljenje;STAVBNO;1724;BREZOVICA;;;parcela 371/88;1/1;1.0;28.0;28.0;;;454657.37;98217.64;3000.0;;Cena posla ni avtomatsko cena te sestavine;2021-03-02;2;Tržen posel – neustrezni podatki;2021;ETN_008_2021_KPP_2021_ZEMLJISCA_20260724.csv
Z-2021-ETN_008_2021_KPP_2021_ZEMLJISCA_20260724.csv-173;530531;ZEMLJISCE;7;Zemljišče za kmetijsko rabo (njiva, travnik, pašnik);KMETIJSKO;1704;KAMNIK;;;parcela 3035;1/1;1.0;502.0;502.0;;;454453.85;90500.63;9000.0;;Cena posla ni avtomatsko cena te sestavine;2021-01-28;1;Tržen posel;2021;ETN_008_2021_KPP_2021_ZEMLJISCA_20260724.csv
Z-2021-ETN_008_2021_KPP_2021_ZEMLJISCA_20260724.csv-174;530531;ZEMLJISCE;7;Zemljišče za kmetijsko rabo (njiva, travnik, pašnik);KMETIJSKO;1704;KAMNIK;;;parcela 3036;1/1;1.0;1418.0;1418.0;;;454509.02;90446.41;9000.0;;Cena posla ni avtomatsko cena te sestavine;2021-01-28;1;Tržen posel;2021;ETN_008_2021_KPP_2021_ZEMLJISCA_20260724.csv
Z-2021-ETN_008_2021_KPP_2021_ZEMLJISCA_20260724.csv-175;530441;ZEMLJISCE;1;Zemljišče na katerem je mogoče graditi stavbo in ima gradbeno dovoljenje;STAVBNO;1652;RAKITNA;;;parcela 1399/2;1/1;1.0;4035.0;4035.0;;;456497.33;82818.43;180000.0;;Cena posla ni avtomatsko cena te sestavine;2021-01-28;2;Tržen posel – neustrezni podatki;2021;ETN_008_2021_KPP_2021_ZEMLJISCA_20260724.csv
Z-2021-ETN_008_2021_KPP_2021_ZEMLJISCA_20260724.csv-176;551556;ZEMLJISCE;7;Zemljišče za kmetijsko rabo (njiva, travnik, pašnik);KMETIJSKO;1724;BREZOVICA;;;parcela 1470/1;3/4;0.75;3275.0;2456.25;;;455701.25;96759.01;120000.0;;Cena posla ni avtomatsko cena te sestavine;2021-07-12;3;Drug posel;2021;ETN_008_2021_KPP_2021_ZEMLJISCA_20260724.csv
Z-2021-ETN_008_2021_KPP_2021_ZEMLJISCA_20260724.csv-177;551557;ZEMLJISCE;7;Zemljišče za kmetijsko rabo (njiva, travnik, pašnik);KMETIJSKO;1652;RAKITNA;;;parcela 681/3;1/1;1.0;56.0;56.0;;;457038.48;83648.16;17.0;;Cena posla ni avtomatsko cena te sestavine;2016-06-09;4;Neopredeljen posel;2021;ETN_008_2021_KPP_2021_ZEMLJISCA_20260724.csv
Z-2021-ETN_008_2021_KPP_2021_ZEMLJISCA_20260724.csv-178;551647;ZEMLJISCE;5;Zemljišče pod stavbo ali drugo stavbi ali delu stavbe pripadajoče zemljišče (zemljišče pod stavbo, dvorišče, dovozna pot, vrt, zelenica, stanovanjski atrij in podobno);PRIPADAJOCE;1652;RAKITNA;;;parcela 1281/1;1/1;1.0;892.0;892.0;;;456416.73;82985.03;150000.0;;Cena posla ni avtomatsko cena te sestavine;2021-07-16;2;Tržen posel – neustrezni podatki;2021;ETN_008_2021_KPP_2021_ZEMLJISCA_20260724.csv
Z-2021-ETN_008_2021_KPP_2021_ZEMLJISCA_20260724.csv-179;551246;ZEMLJISCE;5;Zemljišče pod stavbo ali drugo stavbi ali delu stavbe pripadajoče zemljišče (zemljišče pod stavbo, dvorišče, dovozna pot, vrt, zelenica, stanovanjski atrij in podobno);PRIPADAJOCE;1724;BREZOVICA;;;parcela 2419/6;1/4;0.25;106.0;26.5;;;453715.55;94675.82;25000.0;;Cena posla ni avtomatsko cena te sestavine;2021-07-05;4;Neopredeljen posel;2021;ETN_008_2021_KPP_2021_ZEMLJISCA_20260724.csv
Z-2021-ETN_008_2021_KPP_2021_ZEMLJISCA_20260724.csv-180;551244;ZEMLJISCE;6;Zemljišče, na katerem je cesta ali parkirišče;INFRASTRUKTURA;1652;RAKITNA;;;parcela 1243/13;1/1;1.0;200.0;200.0;;;456124.62;82799.15;3600.0;;Cena posla ni avtomatsko cena te sestavine;2021-06-07;1;Tržen posel;2021;ETN_008_2021_KPP_2021_ZEMLJISCA_20260724.csv
Z-2021-ETN_008_2021_KPP_2021_ZEMLJISCA_20260724.csv-181;551374;ZEMLJISCE;5;Zemljišče pod stavbo ali drugo stavbi ali delu stavbe pripadajoče zemljišče (zemljišče pod stavbo, dvorišče, dovozna pot, vrt, zelenica, stanovanjski atrij in podobno);PRIPADAJOCE;1705;PRESERJE;;;parcela 260/2;1/1;1.0;5611.0;5611.0;;;455226.69;91280.94;222000.0;;Cena posla ni avtomatsko cena te sestavine;2021-07-08;2;Tržen posel – neustrezni podatki;2021;ETN_008_2021_KPP_2021_ZEMLJISCA_20260724.csv
Z-2021-ETN_008_2021_KPP_2021_ZEMLJISCA_20260724.csv-182;551374;ZEMLJISCE;7;Zemljišče za kmetijsko rabo (njiva, travnik, pašnik);KMETIJSKO;1705;PRESERJE;;;parcela 265/2;1/1;1.0;1655.0;1655.0;;;455249.9;91255.44;222000.0;;Cena posla ni avtomatsko cena te sestavine;2021-07-08;2;Tržen posel – neustrezni podatki;2021;ETN_008_2021_KPP_2021_ZEMLJISCA_20260724.csv
Z-2021-ETN_008_2021_KPP_2021_ZEMLJISCA_20260724.csv-183;551374;ZEMLJISCE;7;Zemljišče za kmetijsko rabo (njiva, travnik, pašnik);KMETIJSKO;1705;PRESERJE;;;parcela 267/1;1/1;1.0;2373.0;2373.0;;;455247.16;91364.6;222000.0;;Cena posla ni avtomatsko cena te sestavine;2021-07-08;2;Tržen posel – neustrezni podatki;2021;ETN_008_2021_KPP_2021_ZEMLJISCA_20260724.csv
Z-2021-ETN_008_2021_KPP_2021_ZEMLJISCA_20260724.csv-184;551374;ZEMLJISCE;7;Zemljišče za kmetijsko rabo (njiva, travnik, pašnik);KMETIJSKO;1705;PRESERJE;;;parcela 267/2;1/1;1.0;1313.0;1313.0;;;455225.02;91358.69;222000.0;;Cena posla ni avtomatsko cena te sestavine;2021-07-08;2;Tržen posel – neustrezni podatki;2021;ETN_008_2021_KPP_2021_ZEMLJISCA_20260724.csv
Z-2021-ETN_008_2021_KPP_2021_ZEMLJISCA_20260724.csv-185;551374;ZEMLJISCE;7;Zemljišče za kmetijsko rabo (njiva, travnik, pašnik);KMETIJSKO;1705;PRESERJE;;;parcela 282/2;1/1;1.0;1525.0;1525.0;;;455160.21;91294.53;222000.0;;Cena posla ni avtomatsko cena te sestavine;2021-07-08;2;Tržen posel – neustrezni podatki;2021;ETN_008_2021_KPP_2021_ZEMLJISCA_20260724.csv
Z-2021-ETN_008_2021_KPP_2021_ZEMLJISCA_20260724.csv-186;551374;ZEMLJISCE;7;Zemljišče za kmetijsko rabo (njiva, travnik, pašnik);KMETIJSKO;1705;PRESERJE;;;parcela 283/1;1/1;1.0;2471.0;2471.0;;;455198.85;91273.85;222000.0;;Cena posla ni avtomatsko cena te sestavine;2021-07-08;2;Tržen posel – neustrezni podatki;2021;ETN_008_2021_KPP_2021_ZEMLJISCA_20260724.csv
Z-2021-ETN_008_2021_KPP_2021_ZEMLJISCA_20260724.csv-187;551374;ZEMLJISCE;7;Zemljišče za kmetijsko rabo (njiva, travnik, pašnik);KMETIJSKO;1705;PRESERJE;;;parcela 283/2;1/1;1.0;885.0;885.0;;;455166.19;91292.43;222000.0;;Cena posla ni avtomatsko cena te sestavine;2021-07-08;2;Tržen posel – neustrezni podatki;2021;ETN_008_2021_KPP_2021_ZEMLJISCA_20260724.csv
Z-2021-ETN_008_2021_KPP_2021_ZEMLJISCA_20260724.csv-188;551374;ZEMLJISCE;5;Zemljišče pod stavbo ali drugo stavbi ali delu stavbe pripadajoče zemljišče (zemljišče pod stavbo, dvorišče, dovozna pot, vrt, zelenica, stanovanjski atrij in podobno);PRIPADAJOCE;1705;PRESERJE;;;parcela 1021/33;1/1;1.0;111.0;111.0;;;455221.87;91292.42;222000.0;;Cena posla ni avtomatsko cena te sestavine;2021-07-08;2;Tržen posel – neustrezni podatki;2021;ETN_008_2021_KPP_2021_ZEMLJISCA_20260724.csv
Z-2021-ETN_008_2021_KPP_2021_ZEMLJISCA_20260724.csv-189;551374;ZEMLJISCE;7;Zemljišče za kmetijsko rabo (njiva, travnik, pašnik);KMETIJSKO;1705;PRESERJE;;;parcela 1021/32;1/1;1.0;90.0;90.0;;;455147.52;91341.13;222000.0;;Cena posla ni avtomatsko cena te sestavine;2021-07-08;2;Tržen posel – neustrezni podatki;2021;ETN_008_2021_KPP_2021_ZEMLJISCA_20260724.csv
Z-2021-ETN_008_2021_KPP_2021_ZEMLJISCA_20260724.csv-190;551230;ZEMLJISCE;1;Zemljišče na katerem je mogoče graditi stavbo in ima gradbeno dovoljenje;STAVBNO;1704;KAMNIK;;;parcela 2726/7;1/1;1.0;448.0;448.0;;;454078.02;90498.76;40000.0;;Cena posla ni avtomatsko cena te sestavine;2021-07-13;2;Tržen posel – neustrezni podatki;2021;ETN_008_2021_KPP_2021_ZEMLJISCA_20260724.csv
Z-2021-ETN_008_2021_KPP_2021_ZEMLJISCA_20260724.csv-191;549194;ZEMLJISCE;6;Zemljišče, na katerem je cesta ali parkirišče;INFRASTRUKTURA;1724;BREZOVICA;;;parcela 1542/158;1/1;1.0;15.0;15.0;;;455989.87;96931.85;500.0;;Cena posla ni avtomatsko cena te sestavine;2021-06-19;3;Drug posel;2021;ETN_008_2021_KPP_2021_ZEMLJISCA_20260724.csv
Z-2021-ETN_008_2021_KPP_2021_ZEMLJISCA_20260724.csv-192;549351;ZEMLJISCE;5;Zemljišče pod stavbo ali drugo stavbi ali delu stavbe pripadajoče zemljišče (zemljišče pod stavbo, dvorišče, dovozna pot, vrt, zelenica, stanovanjski atrij in podobno);PRIPADAJOCE;1724;BREZOVICA;;;parcela 340/30;1/1;1.0;428.0;428.0;;;455574.8;98348.83;340000.0;;Cena posla ni avtomatsko cena te sestavine;2021-06-22;2;Tržen posel – neustrezni podatki;2021;ETN_008_2021_KPP_2021_ZEMLJISCA_20260724.csv
Z-2021-ETN_008_2021_KPP_2021_ZEMLJISCA_20260724.csv-193;549351;ZEMLJISCE;5;Zemljišče pod stavbo ali drugo stavbi ali delu stavbe pripadajoče zemljišče (zemljišče pod stavbo, dvorišče, dovozna pot, vrt, zelenica, stanovanjski atrij in podobno);PRIPADAJOCE;1724;BREZOVICA;;;parcela 340/31;1/1;1.0;18.0;18.0;;;455565.45;98336.81;340000.0;;Cena posla ni avtomatsko cena te sestavine;2021-06-22;2;Tržen posel – neustrezni podatki;2021;ETN_008_2021_KPP_2021_ZEMLJISCA_20260724.csv
Z-2021-ETN_008_2021_KPP_2021_ZEMLJISCA_20260724.csv-194;549878;ZEMLJISCE;5;Zemljišče pod stavbo ali drugo stavbi ali delu stavbe pripadajoče zemljišče (zemljišče pod stavbo, dvorišče, dovozna pot, vrt, zelenica, stanovanjski atrij in podobno);PRIPADAJOCE;1652;RAKITNA;;;parcela 1273/31;1/1;1.0;467.0;467.0;;;456166.08;82634.8;107000.0;;Cena posla ni avtomatsko cena te sestavine;2021-06-28;2;Tržen posel – neustrezni podatki;2021;ETN_008_2021_KPP_2021_ZEMLJISCA_20260724.csv
Z-2021-ETN_008_2021_KPP_2021_ZEMLJISCA_20260724.csv-195;542720;ZEMLJISCE;5;Zemljišče pod stavbo ali drugo stavbi ali delu stavbe pripadajoče zemljišče (zemljišče pod stavbo, dvorišče, dovozna pot, vrt, zelenica, stanovanjski atrij in podobno);PRIPADAJOCE;1724;BREZOVICA;;;parcela 565/8;1/1;1.0;23.0;23.0;;;454454.56;97275.74;337000.0;;Cena posla ni avtomatsko cena te sestavine;2021-05-19;2;Tržen posel – neustrezni podatki;2021;ETN_008_2021_KPP_2021_ZEMLJISCA_20260724.csv
Z-2021-ETN_008_2021_KPP_2021_ZEMLJISCA_20260724.csv-196;542720;ZEMLJISCE;5;Zemljišče pod stavbo ali drugo stavbi ali delu stavbe pripadajoče zemljišče (zemljišče pod stavbo, dvorišče, dovozna pot, vrt, zelenica, stanovanjski atrij in podobno);PRIPADAJOCE;1724;BREZOVICA;;;parcela 712/27;1/1;1.0;291.0;291.0;;;454447.21;97275.72;337000.0;;Cena posla ni avtomatsko cena te sestavine;2021-05-19;2;Tržen posel – neustrezni podatki;2021;ETN_008_2021_KPP_2021_ZEMLJISCA_20260724.csv
Z-2021-ETN_008_2021_KPP_2021_ZEMLJISCA_20260724.csv-197;536654;ZEMLJISCE;6;Zemljišče, na katerem je cesta ali parkirišče;INFRASTRUKTURA;1724;BREZOVICA;;;parcela 372/32;1/1;1.0;197.0;197.0;;;454728.76;98333.4;61240.0;;Cena posla ni avtomatsko cena te sestavine;2021-03-29;1;Tržen posel;2021;ETN_008_2021_KPP_2021_ZEMLJISCA_20260724.csv
Z-2021-ETN_008_2021_KPP_2021_ZEMLJISCA_20260724.csv-198;536654;ZEMLJISCE;6;Zemljišče, na katerem je cesta ali parkirišče;INFRASTRUKTURA;1724;BREZOVICA;;;parcela 372/15;1/1;1.0;510.0;510.0;;;454828.85;98361.81;61240.0;;Cena posla ni avtomatsko cena te sestavine;2021-03-29;1;Tržen posel;2021;ETN_008_2021_KPP_2021_ZEMLJISCA_20260724.csv
Z-2021-ETN_008_2021_KPP_2021_ZEMLJISCA_20260724.csv-199;536654;ZEMLJISCE;6;Zemljišče, na katerem je cesta ali parkirišče;INFRASTRUKTURA;1724;BREZOVICA;;;parcela 371/31;1/1;1.0;490.0;490.0;;;454733.34;98219.72;61240.0;;Cena posla ni avtomatsko cena te sestavine;2021-03-29;1;Tržen posel;2021;ETN_008_2021_KPP_2021_ZEMLJISCA_20260724.csv
Z-2021-ETN_008_2021_KPP_2021_ZEMLJISCA_20260724.csv-200;536654;ZEMLJISCE;6;Zemljišče, na katerem je cesta ali parkirišče;INFRASTRUKTURA;1724;BREZOVICA;;;parcela 372/44;1/1;1.0;304.0;304.0;;;454891.67;98277.67;61240.0;;Cena posla ni avtomatsko cena te sestavine;2021-03-29;1;Tržen posel;2021;ETN_008_2021_KPP_2021_ZEMLJISCA_20260724.csv
Z-2021-ETN_008_2021_KPP_2021_ZEMLJISCA_20260724.csv-201;536654;ZEMLJISCE;6;Zemljišče, na katerem je cesta ali parkirišče;INFRASTRUKTURA;1724;BREZOVICA;;;parcela 372/45;1/1;1.0;30.0;30.0;;;454892.43;98246.65;61240.0;;Cena posla ni avtomatsko cena te sestavine;2021-03-29;1;Tržen posel;2021;ETN_008_2021_KPP_2021_ZEMLJISCA_20260724.csv
Z-2021-ETN_008_2021_KPP_2021_ZEMLJISCA_20260724.csv-202;536737;ZEMLJISCE;5;Zemljišče pod stavbo ali drugo stavbi ali delu stavbe pripadajoče zemljišče (zemljišče pod stavbo, dvorišče, dovozna pot, vrt, zelenica, stanovanjski atrij in podobno);PRIPADAJOCE;1724;BREZOVICA;;;parcela 2566/6;1/1;1.0;305.0;305.0;;;453304.62;94236.5;350000.0;;Cena posla ni avtomatsko cena te sestavine;2021-03-30;2;Tržen posel – neustrezni podatki;2021;ETN_008_2021_KPP_2021_ZEMLJISCA_20260724.csv
Z-2021-ETN_008_2021_KPP_2021_ZEMLJISCA_20260724.csv-203;536737;ZEMLJISCE;6;Zemljišče, na katerem je cesta ali parkirišče;INFRASTRUKTURA;1724;BREZOVICA;;;parcela 2566/14;1/1;1.0;76.0;76.0;;;453316.11;94236.76;350000.0;;Cena posla ni avtomatsko cena te sestavine;2021-03-30;2;Tržen posel – neustrezni podatki;2021;ETN_008_2021_KPP_2021_ZEMLJISCA_20260724.csv
Z-2021-ETN_008_2021_KPP_2021_ZEMLJISCA_20260724.csv-204;536737;ZEMLJISCE;6;Zemljišče, na katerem je cesta ali parkirišče;INFRASTRUKTURA;1724;BREZOVICA;;;parcela 2566/10;1/5;0.2;211.0;42.2;;;453316.26;94175.23;350000.0;;Cena posla ni avtomatsko cena te sestavine;2021-03-30;2;Tržen posel – neustrezni podatki;2021;ETN_008_2021_KPP_2021_ZEMLJISCA_20260724.csv
Z-2021-ETN_008_2021_KPP_2021_ZEMLJISCA_20260724.csv-205;536530;ZEMLJISCE;5;Zemljišče pod stavbo ali drugo stavbi ali delu stavbe pripadajoče zemljišče (zemljišče pod stavbo, dvorišče, dovozna pot, vrt, zelenica, stanovanjski atrij in podobno);PRIPADAJOCE;1652;RAKITNA;;;parcela 1208/98;1/1;1.0;583.0;583.0;;;455759.51;83161.27;50000.0;;Cena posla ni avtomatsko cena te sestavine;2021-03-24;2;Tržen posel – neustrezni podatki;2021;ETN_008_2021_KPP_2021_ZEMLJISCA_20260724.csv
Z-2021-ETN_008_2021_KPP_2021_ZEMLJISCA_20260724.csv-206;535711;ZEMLJISCE;5;Zemljišče pod stavbo ali drugo stavbi ali delu stavbe pripadajoče zemljišče (zemljišče pod stavbo, dvorišče, dovozna pot, vrt, zelenica, stanovanjski atrij in podobno);PRIPADAJOCE;1724;BREZOVICA;;;parcela 2399;1/1;1.0;751.0;751.0;;;453783.21;94860.95;138000.0;;Cena posla ni avtomatsko cena te sestavine;2021-03-17;2;Tržen posel – neustrezni podatki;2021;ETN_008_2021_KPP_2021_ZEMLJISCA_20260724.csv
Z-2021-ETN_008_2021_KPP_2021_ZEMLJISCA_20260724.csv-207;522808;ZEMLJISCE;5;Zemljišče pod stavbo ali drugo stavbi ali delu stavbe pripadajoče zemljišče (zemljišče pod stavbo, dvorišče, dovozna pot, vrt, zelenica, stanovanjski atrij in podobno);PRIPADAJOCE;1724;BREZOVICA;;;parcela 960/27;1/1;1.0;456.0;456.0;;;453848.72;95751.84;210000.0;;Cena posla ni avtomatsko cena te sestavine;2020-11-14;3;Drug posel;2021;ETN_008_2021_KPP_2021_ZEMLJISCA_20260724.csv
Z-2021-ETN_008_2021_KPP_2021_ZEMLJISCA_20260724.csv-208;522808;ZEMLJISCE;6;Zemljišče, na katerem je cesta ali parkirišče;INFRASTRUKTURA;1724;BREZOVICA;;;parcela 960/25;1/2;0.5;85.0;42.5;;;453846.0;95733.29;210000.0;;Cena posla ni avtomatsko cena te sestavine;2020-11-14;3;Drug posel;2021;ETN_008_2021_KPP_2021_ZEMLJISCA_20260724.csv
Z-2021-ETN_008_2021_KPP_2021_ZEMLJISCA_20260724.csv-209;532183;ZEMLJISCE;5;Zemljišče pod stavbo ali drugo stavbi ali delu stavbe pripadajoče zemljišče (zemljišče pod stavbo, dvorišče, dovozna pot, vrt, zelenica, stanovanjski atrij in podobno);PRIPADAJOCE;1724;BREZOVICA;;;parcela 3020/20;1/1;1.0;250.0;250.0;;;452103.58;96113.2;160000.0;;Cena posla ni avtomatsko cena te sestavine;2021-02-05;4;Neopredeljen posel;2021;ETN_008_2021_KPP_2021_ZEMLJISCA_20260724.csv
Z-2021-ETN_008_2021_KPP_2021_ZEMLJISCA_20260724.csv-210;532183;ZEMLJISCE;6;Zemljišče, na katerem je cesta ali parkirišče;INFRASTRUKTURA;1724;BREZOVICA;;;parcela 3020/16;1/8;0.125;463.0;57.875;;;452115.49;96097.67;160000.0;;Cena posla ni avtomatsko cena te sestavine;2021-02-05;4;Neopredeljen posel;2021;ETN_008_2021_KPP_2021_ZEMLJISCA_20260724.csv
Z-2021-ETN_008_2021_KPP_2021_ZEMLJISCA_20260724.csv-211;532191;ZEMLJISCE;3;Zemljišče, na katerem je ali bo mogoče graditi stavbo in je delno komunalno opremljeno ali komunalno neopremljeno;STAVBNO;1652;RAKITNA;;;parcela 1208/330;1/1;1.0;606.0;606.0;;;455872.95;83705.34;37500.0;;Cena posla ni avtomatsko cena te sestavine;2021-02-12;2;Tržen posel – neustrezni podatki;2021;ETN_008_2021_KPP_2021_ZEMLJISCA_20260724.csv
Z-2021-ETN_008_2021_KPP_2021_ZEMLJISCA_20260724.csv-212;555392;ZEMLJISCE;9;Zemljišče za gozdno rabo (gozd);GOZDNO;1652;RAKITNA;;;parcela 1586/115;1/1;1.0;11175.0;11175.0;;;459231.72;83315.37;4470.0;;Cena posla ni avtomatsko cena te sestavine;2021-07-07;1;Tržen posel;2021;ETN_008_2021_KPP_2021_ZEMLJISCA_20260724.csv
Z-2021-ETN_008_2021_KPP_2021_ZEMLJISCA_20260724.csv-213;554851;ZEMLJISCE;3;Zemljišče, na katerem je ali bo mogoče graditi stavbo in je delno komunalno opremljeno ali komunalno neopremljeno;STAVBNO;1704;KAMNIK;;;parcela 2735/2;1/1;1.0;833.0;833.0;;;454043.37;90483.06;70805.0;;Cena posla ni avtomatsko cena te sestavine;2021-08-11;2;Tržen posel – neustrezni podatki;2021;ETN_008_2021_KPP_2021_ZEMLJISCA_20260724.csv
Z-2021-ETN_008_2021_KPP_2021_ZEMLJISCA_20260724.csv-214;554857;ZEMLJISCE;7;Zemljišče za kmetijsko rabo (njiva, travnik, pašnik);KMETIJSKO;1724;BREZOVICA;;;parcela 2153/4;1/1;1.0;5973.0;5973.0;;;454150.16;94830.82;32851.5;;Cena posla ni avtomatsko cena te sestavine;2021-07-01;1;Tržen posel;2021;ETN_008_2021_KPP_2021_ZEMLJISCA_20260724.csv
Z-2021-ETN_008_2021_KPP_2021_ZEMLJISCA_20260724.csv-215;546625;ZEMLJISCE;5;Zemljišče pod stavbo ali drugo stavbi ali delu stavbe pripadajoče zemljišče (zemljišče pod stavbo, dvorišče, dovozna pot, vrt, zelenica, stanovanjski atrij in podobno);PRIPADAJOCE;1724;BREZOVICA;;;parcela 713/26;1/1;1.0;24.0;24.0;;;454414.6;97279.66;317500.0;;Cena posla ni avtomatsko cena te sestavine;2021-06-09;2;Tržen posel – neustrezni podatki;2021;ETN_008_2021_KPP_2021_ZEMLJISCA_20260724.csv
Z-2021-ETN_008_2021_KPP_2021_ZEMLJISCA_20260724.csv-216;546625;ZEMLJISCE;5;Zemljišče pod stavbo ali drugo stavbi ali delu stavbe pripadajoče zemljišče (zemljišče pod stavbo, dvorišče, dovozna pot, vrt, zelenica, stanovanjski atrij in podobno);PRIPADAJOCE;1724;BREZOVICA;;;parcela 714/15;1/1;1.0;335.0;335.0;;;454400.09;97281.53;317500.0;;Cena posla ni avtomatsko cena te sestavine;2021-06-09;2;Tržen posel – neustrezni podatki;2021;ETN_008_2021_KPP_2021_ZEMLJISCA_20260724.csv
Z-2021-ETN_008_2021_KPP_2021_ZEMLJISCA_20260724.csv-217;546729;ZEMLJISCE;5;Zemljišče pod stavbo ali drugo stavbi ali delu stavbe pripadajoče zemljišče (zemljišče pod stavbo, dvorišče, dovozna pot, vrt, zelenica, stanovanjski atrij in podobno);PRIPADAJOCE;1724;BREZOVICA;;;parcela 369/227;1/3;0.3333333333333333;87.0;29.0;;;455106.85;97930.34;216000.0;;Cena posla ni avtomatsko cena te sestavine;2021-06-14;2;Tržen posel – neustrezni podatki;2021;ETN_008_2021_KPP_2021_ZEMLJISCA_20260724.csv
Z-2021-ETN_008_2021_KPP_2021_ZEMLJISCA_20260724.csv-218;546729;ZEMLJISCE;5;Zemljišče pod stavbo ali drugo stavbi ali delu stavbe pripadajoče zemljišče (zemljišče pod stavbo, dvorišče, dovozna pot, vrt, zelenica, stanovanjski atrij in podobno);PRIPADAJOCE;1724;BREZOVICA;;;parcela 369/207;2/52;0.038461538461538464;1492.0;57.38461538461539;;;455064.78;97951.28;216000.0;;Cena posla ni avtomatsko cena te sestavine;2021-06-14;2;Tržen posel – neustrezni podatki;2021;ETN_008_2021_KPP_2021_ZEMLJISCA_20260724.csv
Z-2021-ETN_008_2021_KPP_2021_ZEMLJISCA_20260724.csv-219;546729;ZEMLJISCE;6;Zemljišče, na katerem je cesta ali parkirišče;INFRASTRUKTURA;1724;BREZOVICA;;;parcela 369/208;2/90;0.022222222222222223;134.0;2.977777777777778;;;455067.85;97943.86;216000.0;;Cena posla ni avtomatsko cena te sestavine;2021-06-14;2;Tržen posel – neustrezni podatki;2021;ETN_008_2021_KPP_2021_ZEMLJISCA_20260724.csv
Z-2021-ETN_008_2021_KPP_2021_ZEMLJISCA_20260724.csv-220;546729;ZEMLJISCE;6;Zemljišče, na katerem je cesta ali parkirišče;INFRASTRUKTURA;1724;BREZOVICA;;;parcela 369/182;2/90;0.022222222222222223;867.0;19.266666666666666;;;455079.93;97964.65;216000.0;;Cena posla ni avtomatsko cena te sestavine;2021-06-14;2;Tržen posel – neustrezni podatki;2021;ETN_008_2021_KPP_2021_ZEMLJISCA_20260724.csv
Z-2021-ETN_008_2021_KPP_2021_ZEMLJISCA_20260724.csv-221;546729;ZEMLJISCE;6;Zemljišče, na katerem je cesta ali parkirišče;INFRASTRUKTURA;1724;BREZOVICA;;;parcela 369/205;2/90;0.022222222222222223;122.0;2.7111111111111112;;;455063.82;97972.63;216000.0;;Cena posla ni avtomatsko cena te sestavine;2021-06-14;2;Tržen posel – neustrezni podatki;2021;ETN_008_2021_KPP_2021_ZEMLJISCA_20260724.csv
Z-2021-ETN_008_2021_KPP_2021_ZEMLJISCA_20260724.csv-222;546676;ZEMLJISCE;5;Zemljišče pod stavbo ali drugo stavbi ali delu stavbe pripadajoče zemljišče (zemljišče pod stavbo, dvorišče, dovozna pot, vrt, zelenica, stanovanjski atrij in podobno);PRIPADAJOCE;1724;BREZOVICA;;;parcela 3393/19;1/1;1.0;492.0;492.0;;;454916.48;93109.34;120000.0;;Cena posla ni avtomatsko cena te sestavine;2021-06-07;2;Tržen posel – neustrezni podatki;2021;ETN_008_2021_KPP_2021_ZEMLJISCA_20260724.csv
Z-2021-ETN_008_2021_KPP_2021_ZEMLJISCA_20260724.csv-223;546676;ZEMLJISCE;2;Zemljišče, na katerem je mogoče graditi stavbo in je komunalno opremljeno (priključki na vodo, elektriko in neposredni dostop do dovozne poti);STAVBNO;1724;BREZOVICA;;;parcela 3393/43;1/1;1.0;708.0;708.0;;;454932.23;93109.75;120000.0;;Cena posla ni avtomatsko cena te sestavine;2021-06-07;2;Tržen posel – neustrezni podatki;2021;ETN_008_2021_KPP_2021_ZEMLJISCA_20260724.csv
Z-2021-ETN_008_2021_KPP_2021_ZEMLJISCA_20260724.csv-224;550375;ZEMLJISCE;1;Zemljišče na katerem je mogoče graditi stavbo in ima gradbeno dovoljenje;STAVBNO;1652;RAKITNA;;;parcela 1208/361;1/1;1.0;930.0;930.0;;;455782.15;83303.52;35000.0;;Cena posla ni avtomatsko cena te sestavine;2021-06-10;2;Tržen posel – neustrezni podatki;2021;ETN_008_2021_KPP_2021_ZEMLJISCA_20260724.csv
Z-2021-ETN_008_2021_KPP_2021_ZEMLJISCA_20260724.csv-225;550181;ZEMLJISCE;2;Zemljišče, na katerem je mogoče graditi stavbo in je komunalno opremljeno (priključki na vodo, elektriko in neposredni dostop do dovozne poti);STAVBNO;1703;JEZERO;;;parcela 362/64;1/1;1.0;469.0;469.0;;;455188.51;92969.97;108000.0;;Cena posla ni avtomatsko cena te sestavine;2021-07-02;2;Tržen posel – neustrezni podatki;2021;ETN_008_2021_KPP_2021_ZEMLJISCA_20260724.csv
Z-2021-ETN_008_2021_KPP_2021_ZEMLJISCA_20260724.csv-226;550181;ZEMLJISCE;2;Zemljišče, na katerem je mogoče graditi stavbo in je komunalno opremljeno (priključki na vodo, elektriko in neposredni dostop do dovozne poti);STAVBNO;1703;JEZERO;;;parcela 364/19;1/1;1.0;308.0;308.0;;;455189.18;92951.25;108000.0;;Cena posla ni avtomatsko cena te sestavine;2021-07-02;2;Tržen posel – neustrezni podatki;2021;ETN_008_2021_KPP_2021_ZEMLJISCA_20260724.csv
Z-2021-ETN_008_2021_KPP_2021_ZEMLJISCA_20260724.csv-227;550181;ZEMLJISCE;6;Zemljišče, na katerem je cesta ali parkirišče;INFRASTRUKTURA;1703;JEZERO;;;parcela 362/65;1/1;1.0;20.0;20.0;;;455169.93;92957.17;108000.0;;Cena posla ni avtomatsko cena te sestavine;2021-07-02;2;Tržen posel – neustrezni podatki;2021;ETN_008_2021_KPP_2021_ZEMLJISCA_20260724.csv
Z-2021-ETN_008_2021_KPP_2021_ZEMLJISCA_20260724.csv-228;541872;ZEMLJISCE;9;Zemljišče za gozdno rabo (gozd);GOZDNO;1704;KAMNIK;;;parcela 2448;1/1;1.0;13972.0;13972.0;;;454141.37;88540.06;9000.0;;Cena posla ni avtomatsko cena te sestavine;2021-05-07;1;Tržen posel;2021;ETN_008_2021_KPP_2021_ZEMLJISCA_20260724.csv
Z-2021-ETN_008_2021_KPP_2021_ZEMLJISCA_20260724.csv-229;541889;ZEMLJISCE;5;Zemljišče pod stavbo ali drugo stavbi ali delu stavbe pripadajoče zemljišče (zemljišče pod stavbo, dvorišče, dovozna pot, vrt, zelenica, stanovanjski atrij in podobno);PRIPADAJOCE;1724;BREZOVICA;;;parcela 3020/19;1/1;1.0;257.0;257.0;;;452094.92;96109.52;240000.0;;Cena posla ni avtomatsko cena te sestavine;2021-04-12;2;Tržen posel – neustrezni podatki;2021;ETN_008_2021_KPP_2021_ZEMLJISCA_20260724.csv
Z-2021-ETN_008_2021_KPP_2021_ZEMLJISCA_20260724.csv-230;541889;ZEMLJISCE;5;Zemljišče pod stavbo ali drugo stavbi ali delu stavbe pripadajoče zemljišče (zemljišče pod stavbo, dvorišče, dovozna pot, vrt, zelenica, stanovanjski atrij in podobno);PRIPADAJOCE;1724;BREZOVICA;;;parcela 3020/26;1/1;1.0;62.0;62.0;;;452091.61;96123.51;240000.0;;Cena posla ni avtomatsko cena te sestavine;2021-04-12;2;Tržen posel – neustrezni podatki;2021;ETN_008_2021_KPP_2021_ZEMLJISCA_20260724.csv
Z-2021-ETN_008_2021_KPP_2021_ZEMLJISCA_20260724.csv-231;541889;ZEMLJISCE;5;Zemljišče pod stavbo ali drugo stavbi ali delu stavbe pripadajoče zemljišče (zemljišče pod stavbo, dvorišče, dovozna pot, vrt, zelenica, stanovanjski atrij in podobno);PRIPADAJOCE;1724;BREZOVICA;;;parcela 3020/27;1/1;1.0;62.0;62.0;;;452092.56;96128.26;240000.0;;Cena posla ni avtomatsko cena te sestavine;2021-04-12;2;Tržen posel – neustrezni podatki;2021;ETN_008_2021_KPP_2021_ZEMLJISCA_20260724.csv
Z-2021-ETN_008_2021_KPP_2021_ZEMLJISCA_20260724.csv-232;541889;ZEMLJISCE;6;Zemljišče, na katerem je cesta ali parkirišče;INFRASTRUKTURA;1724;BREZOVICA;;;parcela 3020/16;1/8;0.125;463.0;57.875;;;452115.49;96097.67;240000.0;;Cena posla ni avtomatsko cena te sestavine;2021-04-12;2;Tržen posel – neustrezni podatki;2021;ETN_008_2021_KPP_2021_ZEMLJISCA_20260724.csv
Z-2021-ETN_008_2021_KPP_2021_ZEMLJISCA_20260724.csv-233;525597;ZEMLJISCE;7;Zemljišče za kmetijsko rabo (njiva, travnik, pašnik);KMETIJSKO;1704;KAMNIK;;;parcela 315/3;1/1;1.0;2490.0;2490.0;;;453020.48;92032.4;2490.0;;Cena posla ni avtomatsko cena te sestavine;2020-11-18;1;Tržen posel;2021;ETN_008_2021_KPP_2021_ZEMLJISCA_20260724.csv
Z-2021-ETN_008_2021_KPP_2021_ZEMLJISCA_20260724.csv-234;527482;ZEMLJISCE;1;Zemljišče na katerem je mogoče graditi stavbo in ima gradbeno dovoljenje;STAVBNO;1724;BREZOVICA;;;parcela 1025/18;1/1;1.0;667.0;667.0;;;454501.36;96057.11;108000.0;;Cena posla ni avtomatsko cena te sestavine;2021-01-08;2;Tržen posel – neustrezni podatki;2021;ETN_008_2021_KPP_2021_ZEMLJISCA_20260724.csv
Z-2021-ETN_008_2021_KPP_2021_ZEMLJISCA_20260724.csv-235;527403;ZEMLJISCE;5;Zemljišče pod stavbo ali drugo stavbi ali delu stavbe pripadajoče zemljišče (zemljišče pod stavbo, dvorišče, dovozna pot, vrt, zelenica, stanovanjski atrij in podobno);PRIPADAJOCE;1724;BREZOVICA;;;parcela 571/55;1/1;1.0;10.0;10.0;;;454684.65;97395.86;1500.0;;Cena posla ni avtomatsko cena te sestavine;2021-01-12;1;Tržen posel;2021;ETN_008_2021_KPP_2021_ZEMLJISCA_20260724.csv
Z-2021-ETN_008_2021_KPP_2021_ZEMLJISCA_20260724.csv-236;527585;ZEMLJISCE;3;Zemljišče, na katerem je ali bo mogoče graditi stavbo in je delno komunalno opremljeno ali komunalno neopremljeno;STAVBNO;1652;RAKITNA;;;parcela 1303/24;1/1;1.0;105.0;105.0;;;456573.36;82558.84;546.0;;Cena posla ni avtomatsko cena te sestavine;2021-01-14;2;Tržen posel – neustrezni podatki;2021;ETN_008_2021_KPP_2021_ZEMLJISCA_20260724.csv
Z-2021-ETN_008_2021_KPP_2021_ZEMLJISCA_20260724.csv-237;523319;ZEMLJISCE;5;Zemljišče pod stavbo ali drugo stavbi ali delu stavbe pripadajoče zemljišče (zemljišče pod stavbo, dvorišče, dovozna pot, vrt, zelenica, stanovanjski atrij in podobno);PRIPADAJOCE;1724;BREZOVICA;;;parcela 607/67;1/1;1.0;403.0;403.0;;;454655.32;98305.6;75000.0;;Cena posla ni avtomatsko cena te sestavine;2020-11-26;1;Tržen posel;2021;ETN_008_2021_KPP_2021_ZEMLJISCA_20260724.csv
Z-2021-ETN_008_2021_KPP_2021_ZEMLJISCA_20260724.csv-238;523446;ZEMLJISCE;5;Zemljišče pod stavbo ali drugo stavbi ali delu stavbe pripadajoče zemljišče (zemljišče pod stavbo, dvorišče, dovozna pot, vrt, zelenica, stanovanjski atrij in podobno);PRIPADAJOCE;1724;BREZOVICA;;;parcela 2150/18;1/1;1.0;104.0;104.0;;;454140.71;94949.47;190000.0;;Cena posla ni avtomatsko cena te sestavine;2020-12-03;2;Tržen posel – neustrezni podatki;2021;ETN_008_2021_KPP_2021_ZEMLJISCA_20260724.csv
Z-2021-ETN_008_2021_KPP_2021_ZEMLJISCA_20260724.csv-239;523446;ZEMLJISCE;5;Zemljišče pod stavbo ali drugo stavbi ali delu stavbe pripadajoče zemljišče (zemljišče pod stavbo, dvorišče, dovozna pot, vrt, zelenica, stanovanjski atrij in podobno);PRIPADAJOCE;1724;BREZOVICA;;;parcela 2150/24;1/1;1.0;14.0;14.0;;;454153.19;94938.65;190000.0;;Cena posla ni avtomatsko cena te sestavine;2020-12-03;2;Tržen posel – neustrezni podatki;2021;ETN_008_2021_KPP_2021_ZEMLJISCA_20260724.csv
Z-2021-ETN_008_2021_KPP_2021_ZEMLJISCA_20260724.csv-240;523046;ZEMLJISCE;6;Zemljišče, na katerem je cesta ali parkirišče;INFRASTRUKTURA;1704;KAMNIK;;;parcela 882/2;1/1;1.0;45.0;45.0;;;453255.55;91863.95;2250.0;;Cena posla ni avtomatsko cena te sestavine;2020-11-18;1;Tržen posel;2021;ETN_008_2021_KPP_2021_ZEMLJISCA_20260724.csv
Z-2021-ETN_008_2021_KPP_2021_ZEMLJISCA_20260724.csv-241;582481;ZEMLJISCE;5;Zemljišče pod stavbo ali drugo stavbi ali delu stavbe pripadajoče zemljišče (zemljišče pod stavbo, dvorišče, dovozna pot, vrt, zelenica, stanovanjski atrij in podobno);PRIPADAJOCE;1724;BREZOVICA;;;parcela 2610;1/1;1.0;333.0;333.0;;;453496.39;94256.05;55000.0;;Cena posla ni avtomatsko cena te sestavine;2021-09-13;2;Tržen posel – neustrezni podatki;2021;ETN_008_2021_KPP_2021_ZEMLJISCA_20260724.csv
Z-2021-ETN_008_2021_KPP_2021_ZEMLJISCA_20260724.csv-242;582466;ZEMLJISCE;7;Zemljišče za kmetijsko rabo (njiva, travnik, pašnik);KMETIJSKO;1652;RAKITNA;;;parcela 631;1/1;1.0;10132.0;10132.0;;;456573.28;84214.42;27000.0;;Cena posla ni avtomatsko cena te sestavine;2021-08-23;2;Tržen posel – neustrezni podatki;2021;ETN_008_2021_KPP_2021_ZEMLJISCA_20260724.csv
Z-2021-ETN_008_2021_KPP_2021_ZEMLJISCA_20260724.csv-243;582466;ZEMLJISCE;7;Zemljišče za kmetijsko rabo (njiva, travnik, pašnik);KMETIJSKO;1652;RAKITNA;;;parcela 632;1/1;1.0;9490.0;9490.0;;;456631.86;84166.15;27000.0;;Cena posla ni avtomatsko cena te sestavine;2021-08-23;2;Tržen posel – neustrezni podatki;2021;ETN_008_2021_KPP_2021_ZEMLJISCA_20260724.csv
Z-2021-ETN_008_2021_KPP_2021_ZEMLJISCA_20260724.csv-244;582466;ZEMLJISCE;7;Zemljišče za kmetijsko rabo (njiva, travnik, pašnik);KMETIJSKO;1652;RAKITNA;;;parcela 635;1/1;1.0;878.0;878.0;;;456662.98;84156.97;27000.0;;Cena posla ni avtomatsko cena te sestavine;2021-08-23;2;Tržen posel – neustrezni podatki;2021;ETN_008_2021_KPP_2021_ZEMLJISCA_20260724.csv
Z-2021-ETN_008_2021_KPP_2021_ZEMLJISCA_20260724.csv-245;582466;ZEMLJISCE;7;Zemljišče za kmetijsko rabo (njiva, travnik, pašnik);KMETIJSKO;1652;RAKITNA;;;parcela 594;1/1;1.0;923.0;923.0;;;456627.84;84300.0;27000.0;;Cena posla ni avtomatsko cena te sestavine;2021-08-23;2;Tržen posel – neustrezni podatki;2021;ETN_008_2021_KPP_2021_ZEMLJISCA_20260724.csv
Z-2021-ETN_008_2021_KPP_2021_ZEMLJISCA_20260724.csv-246;629203;ZEMLJISCE;1;Zemljišče na katerem je mogoče graditi stavbo in ima gradbeno dovoljenje;STAVBNO;1724;BREZOVICA;;;parcela 252/25;1/1;1.0;466.0;466.0;;;455069.83;98775.33;40640.0;;Cena posla ni avtomatsko cena te sestavine;2021-10-30;2;Tržen posel – neustrezni podatki;2021;ETN_008_2021_KPP_2021_ZEMLJISCA_20260724.csv
Z-2021-ETN_008_2021_KPP_2021_ZEMLJISCA_20260724.csv-247;629203;ZEMLJISCE;1;Zemljišče na katerem je mogoče graditi stavbo in ima gradbeno dovoljenje;STAVBNO;1724;BREZOVICA;;;parcela 252/32;1/1;1.0;56.0;56.0;;;455082.36;98779.41;40640.0;;Cena posla ni avtomatsko cena te sestavine;2021-10-30;2;Tržen posel – neustrezni podatki;2021;ETN_008_2021_KPP_2021_ZEMLJISCA_20260724.csv
Z-2021-ETN_008_2021_KPP_2021_ZEMLJISCA_20260724.csv-248;629059;ZEMLJISCE;3;Zemljišče, na katerem je ali bo mogoče graditi stavbo in je delno komunalno opremljeno ali komunalno neopremljeno;STAVBNO;1724;BREZOVICA;;;parcela 2466/8;1/1;1.0;298.0;298.0;;;453294.58;94471.54;113000.0;;Cena posla ni avtomatsko cena te sestavine;2021-11-02;2;Tržen posel – neustrezni podatki;2021;ETN_008_2021_KPP_2021_ZEMLJISCA_20260724.csv
Z-2021-ETN_008_2021_KPP_2021_ZEMLJISCA_20260724.csv-249;629059;ZEMLJISCE;3;Zemljišče, na katerem je ali bo mogoče graditi stavbo in je delno komunalno opremljeno ali komunalno neopremljeno;STAVBNO;1724;BREZOVICA;;;parcela 2466/9;1/1;1.0;336.0;336.0;;;453297.67;94465.05;113000.0;;Cena posla ni avtomatsko cena te sestavine;2021-11-02;2;Tržen posel – neustrezni podatki;2021;ETN_008_2021_KPP_2021_ZEMLJISCA_20260724.csv
Z-2021-ETN_008_2021_KPP_2021_ZEMLJISCA_20260724.csv-250;629059;ZEMLJISCE;3;Zemljišče, na katerem je ali bo mogoče graditi stavbo in je delno komunalno opremljeno ali komunalno neopremljeno;STAVBNO;1724;BREZOVICA;;;parcela 2466/10;1/1;1.0;295.0;295.0;;;453321.71;94468.67;113000.0;;Cena posla ni avtomatsko cena te sestavine;2021-11-02;2;Tržen posel – neustrezni podatki;2021;ETN_008_2021_KPP_2021_ZEMLJISCA_20260724.csv
Z-2021-ETN_008_2021_KPP_2021_ZEMLJISCA_20260724.csv-251;629059;ZEMLJISCE;3;Zemljišče, na katerem je ali bo mogoče graditi stavbo in je delno komunalno opremljeno ali komunalno neopremljeno;STAVBNO;1724;BREZOVICA;;;parcela 2466/11;1/1;1.0;784.0;784.0;;;453358.5;94480.68;113000.0;;Cena posla ni avtomatsko cena te sestavine;2021-11-02;2;Tržen posel – neustrezni podatki;2021;ETN_008_2021_KPP_2021_ZEMLJISCA_20260724.csv
Z-2021-ETN_008_2021_KPP_2021_ZEMLJISCA_20260724.csv-252;628648;ZEMLJISCE;3;Zemljišče, na katerem je ali bo mogoče graditi stavbo in je delno komunalno opremljeno ali komunalno neopremljeno;STAVBNO;1704;KAMNIK;;;parcela 2717/2;1/1;1.0;806.0;806.0;;;454096.31;90477.9;85000.0;;Cena posla ni avtomatsko cena te sestavine;2021-10-22;2;Tržen posel – neustrezni podatki;2021;ETN_008_2021_KPP_2021_ZEMLJISCA_20260724.csv
Z-2021-ETN_008_2021_KPP_2021_ZEMLJISCA_20260724.csv-253;628648;ZEMLJISCE;3;Zemljišče, na katerem je ali bo mogoče graditi stavbo in je delno komunalno opremljeno ali komunalno neopremljeno;STAVBNO;1704;KAMNIK;;;parcela 2717/4;1/2;0.5;100.0;50.0;;;454091.17;90507.49;85000.0;;Cena posla ni avtomatsko cena te sestavine;2021-10-22;2;Tržen posel – neustrezni podatki;2021;ETN_008_2021_KPP_2021_ZEMLJISCA_20260724.csv
Z-2021-ETN_008_2021_KPP_2021_ZEMLJISCA_20260724.csv-254;628648;ZEMLJISCE;3;Zemljišče, na katerem je ali bo mogoče graditi stavbo in je delno komunalno opremljeno ali komunalno neopremljeno;STAVBNO;1704;KAMNIK;;;parcela 2726/6;1/2;0.5;23.0;11.5;;;454089.2;90516.05;85000.0;;Cena posla ni avtomatsko cena te sestavine;2021-10-22;2;Tržen posel – neustrezni podatki;2021;ETN_008_2021_KPP_2021_ZEMLJISCA_20260724.csv
Z-2021-ETN_008_2021_KPP_2021_ZEMLJISCA_20260724.csv-255;557841;ZEMLJISCE;7;Zemljišče za kmetijsko rabo (njiva, travnik, pašnik);KMETIJSKO;1724;BREZOVICA;;;parcela 3109;1/1;1.0;5449.0;5449.0;;;452034.66;94591.06;18001.0;;Cena posla ni avtomatsko cena te sestavine;2021-08-31;1;Tržen posel;2021;ETN_008_2021_KPP_2021_ZEMLJISCA_20260724.csv
Z-2021-ETN_008_2021_KPP_2021_ZEMLJISCA_20260724.csv-256;557841;ZEMLJISCE;7;Zemljišče za kmetijsko rabo (njiva, travnik, pašnik);KMETIJSKO;1724;BREZOVICA;;;parcela 3107;1/1;1.0;7157.0;7157.0;;;451696.58;94465.42;18001.0;;Cena posla ni avtomatsko cena te sestavine;2021-08-31;1;Tržen posel;2021;ETN_008_2021_KPP_2021_ZEMLJISCA_20260724.csv
Z-2021-ETN_008_2021_KPP_2021_ZEMLJISCA_20260724.csv-257;557841;ZEMLJISCE;7;Zemljišče za kmetijsko rabo (njiva, travnik, pašnik);KMETIJSKO;1724;BREZOVICA;;;parcela 3106;1/1;1.0;5395.0;5395.0;;;452025.09;94604.33;18001.0;;Cena posla ni avtomatsko cena te sestavine;2021-08-31;1;Tržen posel;2021;ETN_008_2021_KPP_2021_ZEMLJISCA_20260724.csv
Z-2021-ETN_008_2021_KPP_2021_ZEMLJISCA_20260724.csv-258;559543;ZEMLJISCE;7;Zemljišče za kmetijsko rabo (njiva, travnik, pašnik);KMETIJSKO;1705;PRESERJE;;;parcela 465/1;1/1;1.0;15020.0;15020.0;;;454586.29;91095.85;51500.0;;Cena posla ni avtomatsko cena te sestavine;2021-08-13;2;Tržen posel – neustrezni podatki;2021;ETN_008_2021_KPP_2021_ZEMLJISCA_20260724.csv
Z-2021-ETN_008_2021_KPP_2021_ZEMLJISCA_20260724.csv-259;559543;ZEMLJISCE;9;Zemljišče za gozdno rabo (gozd);GOZDNO;1705;PRESERJE;;;parcela 467;1/1;1.0;3381.0;3381.0;;;454530.39;91171.84;51500.0;;Cena posla ni avtomatsko cena te sestavine;2021-08-13;2;Tržen posel – neustrezni podatki;2021;ETN_008_2021_KPP_2021_ZEMLJISCA_20260724.csv
Z-2021-ETN_008_2021_KPP_2021_ZEMLJISCA_20260724.csv-260;559584;ZEMLJISCE;5;Zemljišče pod stavbo ali drugo stavbi ali delu stavbe pripadajoče zemljišče (zemljišče pod stavbo, dvorišče, dovozna pot, vrt, zelenica, stanovanjski atrij in podobno);PRIPADAJOCE;1652;RAKITNA;;;parcela 1208/100;1/1;1.0;991.0;991.0;;;455736.2;83140.66;153000.0;;Cena posla ni avtomatsko cena te sestavine;2021-09-17;2;Tržen posel – neustrezni podatki;2021;ETN_008_2021_KPP_2021_ZEMLJISCA_20260724.csv
Z-2021-ETN_008_2021_KPP_2021_ZEMLJISCA_20260724.csv-261;559584;ZEMLJISCE;5;Zemljišče pod stavbo ali drugo stavbi ali delu stavbe pripadajoče zemljišče (zemljišče pod stavbo, dvorišče, dovozna pot, vrt, zelenica, stanovanjski atrij in podobno);PRIPADAJOCE;1652;RAKITNA;;;parcela 1208/222;1/1;1.0;92.0;92.0;;;455712.93;83148.25;153000.0;;Cena posla ni avtomatsko cena te sestavine;2021-09-17;2;Tržen posel – neustrezni podatki;2021;ETN_008_2021_KPP_2021_ZEMLJISCA_20260724.csv
Z-2021-ETN_008_2021_KPP_2021_ZEMLJISCA_20260724.csv-262;547198;ZEMLJISCE;7;Zemljišče za kmetijsko rabo (njiva, travnik, pašnik);KMETIJSKO;1704;KAMNIK;;;parcela 2893/9;1/1;1.0;664.0;664.0;;;454291.43;90858.29;4600.0;;Cena posla ni avtomatsko cena te sestavine;2021-06-18;1;Tržen posel;2021;ETN_008_2021_KPP_2021_ZEMLJISCA_20260724.csv
Z-2021-ETN_008_2021_KPP_2021_ZEMLJISCA_20260724.csv-263;536875;ZEMLJISCE;7;Zemljišče za kmetijsko rabo (njiva, travnik, pašnik);KMETIJSKO;1652;RAKITNA;;;parcela 1208/37;1/1;1.0;1844.0;1844.0;;;455856.09;83204.79;43800.0;;Cena posla ni avtomatsko cena te sestavine;2021-01-15;3;Drug posel;2021;ETN_008_2021_KPP_2021_ZEMLJISCA_20260724.csv
Z-2021-ETN_008_2021_KPP_2021_ZEMLJISCA_20260724.csv-264;536875;ZEMLJISCE;7;Zemljišče za kmetijsko rabo (njiva, travnik, pašnik);KMETIJSKO;1652;RAKITNA;;;parcela 1208/175;1/1;1.0;1074.0;1074.0;;;455836.84;83156.1;43800.0;;Cena posla ni avtomatsko cena te sestavine;2021-01-15;3;Drug posel;2021;ETN_008_2021_KPP_2021_ZEMLJISCA_20260724.csv
Z-2021-ETN_008_2021_KPP_2021_ZEMLJISCA_20260724.csv-265;542225;ZEMLJISCE;9;Zemljišče za gozdno rabo (gozd);GOZDNO;1652;RAKITNA;;;parcela 1337;1/1;1.0;9927.0;9927.0;;;456396.9;82093.69;9972.0;;Cena posla ni avtomatsko cena te sestavine;2021-05-12;1;Tržen posel;2021;ETN_008_2021_KPP_2021_ZEMLJISCA_20260724.csv
Z-2021-ETN_008_2021_KPP_2021_ZEMLJISCA_20260724.csv-266;581784;ZEMLJISCE;1;Zemljišče na katerem je mogoče graditi stavbo in ima gradbeno dovoljenje;STAVBNO;1652;RAKITNA;;;parcela 1208/89;1/1;1.0;394.0;394.0;;;455691.03;83305.09;64125.0;;Cena posla ni avtomatsko cena te sestavine;2021-09-22;2;Tržen posel – neustrezni podatki;2021;ETN_008_2021_KPP_2021_ZEMLJISCA_20260724.csv
Z-2021-ETN_008_2021_KPP_2021_ZEMLJISCA_20260724.csv-267;581784;ZEMLJISCE;1;Zemljišče na katerem je mogoče graditi stavbo in ima gradbeno dovoljenje;STAVBNO;1652;RAKITNA;;;parcela 1208/90;1/1;1.0;396.0;396.0;;;455680.27;83317.6;64125.0;;Cena posla ni avtomatsko cena te sestavine;2021-09-22;2;Tržen posel – neustrezni podatki;2021;ETN_008_2021_KPP_2021_ZEMLJISCA_20260724.csv
Z-2021-ETN_008_2021_KPP_2021_ZEMLJISCA_20260724.csv-268;581784;ZEMLJISCE;1;Zemljišče na katerem je mogoče graditi stavbo in ima gradbeno dovoljenje;STAVBNO;1652;RAKITNA;;;parcela 1208/247;1/1;1.0;19.0;19.0;;;455692.77;83326.27;64125.0;;Cena posla ni avtomatsko cena te sestavine;2021-09-22;2;Tržen posel – neustrezni podatki;2021;ETN_008_2021_KPP_2021_ZEMLJISCA_20260724.csv
Z-2021-ETN_008_2021_KPP_2021_ZEMLJISCA_20260724.csv-269;581784;ZEMLJISCE;1;Zemljišče na katerem je mogoče graditi stavbo in ima gradbeno dovoljenje;STAVBNO;1652;RAKITNA;;;parcela 1208/248;1/1;1.0;24.0;24.0;;;455701.07;83313.2;64125.0;;Cena posla ni avtomatsko cena te sestavine;2021-09-22;2;Tržen posel – neustrezni podatki;2021;ETN_008_2021_KPP_2021_ZEMLJISCA_20260724.csv
Z-2021-ETN_008_2021_KPP_2021_ZEMLJISCA_20260724.csv-270;581784;ZEMLJISCE;1;Zemljišče na katerem je mogoče graditi stavbo in ima gradbeno dovoljenje;STAVBNO;1652;RAKITNA;;;parcela 1208/173;3/20;0.15;150.0;22.5;;;455750.53;83291.47;64125.0;;Cena posla ni avtomatsko cena te sestavine;2021-09-22;2;Tržen posel – neustrezni podatki;2021;ETN_008_2021_KPP_2021_ZEMLJISCA_20260724.csv
Z-2021-ETN_008_2021_KPP_2021_ZEMLJISCA_20260724.csv-271;630345;ZEMLJISCE;7;Zemljišče za kmetijsko rabo (njiva, travnik, pašnik);KMETIJSKO;1724;BREZOVICA;;;parcela 834;1/1;1.0;4039.0;4039.0;;;453900.69;96022.83;20195.0;;Cena posla ni avtomatsko cena te sestavine;2021-09-08;1;Tržen posel;2021;ETN_008_2021_KPP_2021_ZEMLJISCA_20260724.csv
Z-2021-ETN_008_2021_KPP_2021_ZEMLJISCA_20260724.csv-272;630351;ZEMLJISCE;3;Zemljišče, na katerem je ali bo mogoče graditi stavbo in je delno komunalno opremljeno ali komunalno neopremljeno;STAVBNO;1724;BREZOVICA;;;parcela 607/77;1/1;1.0;701.0;701.0;;;454507.35;97892.22;112160.0;;Cena posla ni avtomatsko cena te sestavine;2021-11-04;4;Neopredeljen posel;2021;ETN_008_2021_KPP_2021_ZEMLJISCA_20260724.csv
Z-2021-ETN_008_2021_KPP_2021_ZEMLJISCA_20260724.csv-273;556972;ZEMLJISCE;5;Zemljišče pod stavbo ali drugo stavbi ali delu stavbe pripadajoče zemljišče (zemljišče pod stavbo, dvorišče, dovozna pot, vrt, zelenica, stanovanjski atrij in podobno);PRIPADAJOCE;1724;BREZOVICA;;;parcela 607/57;306/2000;0.153;145.0;22.185;;;454547.39;98387.8;85000.0;;Cena posla ni avtomatsko cena te sestavine;2021-08-19;2;Tržen posel – neustrezni podatki;2021;ETN_008_2021_KPP_2021_ZEMLJISCA_20260724.csv
Z-2021-ETN_008_2021_KPP_2021_ZEMLJISCA_20260724.csv-274;556972;ZEMLJISCE;5;Zemljišče pod stavbo ali drugo stavbi ali delu stavbe pripadajoče zemljišče (zemljišče pod stavbo, dvorišče, dovozna pot, vrt, zelenica, stanovanjski atrij in podobno);PRIPADAJOCE;1724;BREZOVICA;;;parcela 607/56;306/2000;0.153;188.0;28.764;;;454556.58;98382.68;85000.0;;Cena posla ni avtomatsko cena te sestavine;2021-08-19;2;Tržen posel – neustrezni podatki;2021;ETN_008_2021_KPP_2021_ZEMLJISCA_20260724.csv
Z-2021-ETN_008_2021_KPP_2021_ZEMLJISCA_20260724.csv-275;556972;ZEMLJISCE;5;Zemljišče pod stavbo ali drugo stavbi ali delu stavbe pripadajoče zemljišče (zemljišče pod stavbo, dvorišče, dovozna pot, vrt, zelenica, stanovanjski atrij in podobno);PRIPADAJOCE;1724;BREZOVICA;;;parcela 607/58;306/2000;0.153;2.0;0.306;;;454549.62;98394.66;85000.0;;Cena posla ni avtomatsko cena te sestavine;2021-08-19;2;Tržen posel – neustrezni podatki;2021;ETN_008_2021_KPP_2021_ZEMLJISCA_20260724.csv
Z-2021-ETN_008_2021_KPP_2021_ZEMLJISCA_20260724.csv-276;553574;ZEMLJISCE;1;Zemljišče na katerem je mogoče graditi stavbo in ima gradbeno dovoljenje;STAVBNO;1724;BREZOVICA;;;parcela 348/11;1/1;1.0;776.0;776.0;;;455425.39;98083.94;75000.0;;Cena posla ni avtomatsko cena te sestavine;2021-07-21;2;Tržen posel – neustrezni podatki;2021;ETN_008_2021_KPP_2021_ZEMLJISCA_20260724.csv
Z-2021-ETN_008_2021_KPP_2021_ZEMLJISCA_20260724.csv-277;553576;ZEMLJISCE;5;Zemljišče pod stavbo ali drugo stavbi ali delu stavbe pripadajoče zemljišče (zemljišče pod stavbo, dvorišče, dovozna pot, vrt, zelenica, stanovanjski atrij in podobno);PRIPADAJOCE;1652;RAKITNA;;;parcela 1208/97;1/1;1.0;586.0;586.0;;;455774.37;83169.98;82000.0;;Cena posla ni avtomatsko cena te sestavine;2021-07-26;2;Tržen posel – neustrezni podatki;2021;ETN_008_2021_KPP_2021_ZEMLJISCA_20260724.csv
Z-2021-ETN_008_2021_KPP_2021_ZEMLJISCA_20260724.csv-278;553470;ZEMLJISCE;5;Zemljišče pod stavbo ali drugo stavbi ali delu stavbe pripadajoče zemljišče (zemljišče pod stavbo, dvorišče, dovozna pot, vrt, zelenica, stanovanjski atrij in podobno);PRIPADAJOCE;1724;BREZOVICA;;;parcela 2784/22;1/5;0.2;326.0;65.2;;;452224.19;95396.64;22500.0;;Cena posla ni avtomatsko cena te sestavine;2021-07-20;3;Drug posel;2021;ETN_008_2021_KPP_2021_ZEMLJISCA_20260724.csv
Z-2021-ETN_008_2021_KPP_2021_ZEMLJISCA_20260724.csv-279;553470;ZEMLJISCE;7;Zemljišče za kmetijsko rabo (njiva, travnik, pašnik);KMETIJSKO;1724;BREZOVICA;;;parcela 2784/10;4/5;0.8;8075.0;6460.0;;;452257.05;95185.73;22500.0;;Cena posla ni avtomatsko cena te sestavine;2021-07-20;3;Drug posel;2021;ETN_008_2021_KPP_2021_ZEMLJISCA_20260724.csv
Z-2021-ETN_008_2021_KPP_2021_ZEMLJISCA_20260724.csv-280;544772;ZEMLJISCE;7;Zemljišče za kmetijsko rabo (njiva, travnik, pašnik);KMETIJSKO;1724;BREZOVICA;;;parcela 2998/23;1/1;1.0;2697.0;2697.0;;;452530.37;96410.82;13675.0;;Cena posla ni avtomatsko cena te sestavine;2021-02-18;1;Tržen posel;2021;ETN_008_2021_KPP_2021_ZEMLJISCA_20260724.csv
Z-2021-ETN_008_2021_KPP_2021_ZEMLJISCA_20260724.csv-281;544772;ZEMLJISCE;7;Zemljišče za kmetijsko rabo (njiva, travnik, pašnik);KMETIJSKO;1724;BREZOVICA;;;parcela 2998/24;1/1;1.0;2773.0;2773.0;;;452553.79;96514.44;13675.0;;Cena posla ni avtomatsko cena te sestavine;2021-02-18;1;Tržen posel;2021;ETN_008_2021_KPP_2021_ZEMLJISCA_20260724.csv
Z-2021-ETN_008_2021_KPP_2021_ZEMLJISCA_20260724.csv-282;546144;ZEMLJISCE;1;Zemljišče na katerem je mogoče graditi stavbo in ima gradbeno dovoljenje;STAVBNO;1703;JEZERO;;;parcela 73/3;1/1;1.0;1502.0;1502.0;;;456561.88;92484.16;125000.0;;Cena posla ni avtomatsko cena te sestavine;2021-06-08;2;Tržen posel – neustrezni podatki;2021;ETN_008_2021_KPP_2021_ZEMLJISCA_20260724.csv
Z-2021-ETN_008_2021_KPP_2021_ZEMLJISCA_20260724.csv-283;546943;ZEMLJISCE;5;Zemljišče pod stavbo ali drugo stavbi ali delu stavbe pripadajoče zemljišče (zemljišče pod stavbo, dvorišče, dovozna pot, vrt, zelenica, stanovanjski atrij in podobno);PRIPADAJOCE;1724;BREZOVICA;;;parcela 2343/3;1/1;1.0;619.0;619.0;;;453498.44;95246.02;300000.0;;Cena posla ni avtomatsko cena te sestavine;2021-06-14;2;Tržen posel – neustrezni podatki;2021;ETN_008_2021_KPP_2021_ZEMLJISCA_20260724.csv
Z-2021-ETN_008_2021_KPP_2021_ZEMLJISCA_20260724.csv-284;541286;ZEMLJISCE;5;Zemljišče pod stavbo ali drugo stavbi ali delu stavbe pripadajoče zemljišče (zemljišče pod stavbo, dvorišče, dovozna pot, vrt, zelenica, stanovanjski atrij in podobno);PRIPADAJOCE;1724;BREZOVICA;;;parcela 1095/16;1800/10000;0.18;379.0;68.22;;;454529.74;96733.35;110000.0;;Cena posla ni avtomatsko cena te sestavine;2021-04-26;2;Tržen posel – neustrezni podatki;2021;ETN_008_2021_KPP_2021_ZEMLJISCA_20260724.csv
Z-2021-ETN_008_2021_KPP_2021_ZEMLJISCA_20260724.csv-285;528345;ZEMLJISCE;3;Zemljišče, na katerem je ali bo mogoče graditi stavbo in je delno komunalno opremljeno ali komunalno neopremljeno;STAVBNO;1652;RAKITNA;;;parcela 63/3;1/4;0.25;173.0;43.25;;;456903.1;83736.87;2200.0;;Cena posla ni avtomatsko cena te sestavine;2020-10-09;4;Neopredeljen posel;2021;ETN_008_2021_KPP_2021_ZEMLJISCA_20260724.csv
Z-2021-ETN_008_2021_KPP_2021_ZEMLJISCA_20260724.csv-286;528345;ZEMLJISCE;3;Zemljišče, na katerem je ali bo mogoče graditi stavbo in je delno komunalno opremljeno ali komunalno neopremljeno;STAVBNO;1652;RAKITNA;;;parcela 57/14;1/2;0.5;273.0;136.5;;;456884.66;83687.56;2200.0;;Cena posla ni avtomatsko cena te sestavine;2020-10-09;4;Neopredeljen posel;2021;ETN_008_2021_KPP_2021_ZEMLJISCA_20260724.csv
Z-2021-ETN_008_2021_KPP_2021_ZEMLJISCA_20260724.csv-287;528345;ZEMLJISCE;3;Zemljišče, na katerem je ali bo mogoče graditi stavbo in je delno komunalno opremljeno ali komunalno neopremljeno;STAVBNO;1652;RAKITNA;;;parcela 57/15;1/2;0.5;467.0;233.5;;;456894.49;83698.13;2200.0;;Cena posla ni avtomatsko cena te sestavine;2020-10-09;4;Neopredeljen posel;2021;ETN_008_2021_KPP_2021_ZEMLJISCA_20260724.csv
Z-2021-ETN_008_2021_KPP_2021_ZEMLJISCA_20260724.csv-288;528345;ZEMLJISCE;3;Zemljišče, na katerem je ali bo mogoče graditi stavbo in je delno komunalno opremljeno ali komunalno neopremljeno;STAVBNO;1652;RAKITNA;;;parcela 57/16;1/2;0.5;33.0;16.5;;;456882.42;83703.98;2200.0;;Cena posla ni avtomatsko cena te sestavine;2020-10-09;4;Neopredeljen posel;2021;ETN_008_2021_KPP_2021_ZEMLJISCA_20260724.csv
Z-2021-ETN_008_2021_KPP_2021_ZEMLJISCA_20260724.csv-289;528345;ZEMLJISCE;3;Zemljišče, na katerem je ali bo mogoče graditi stavbo in je delno komunalno opremljeno ali komunalno neopremljeno;STAVBNO;1652;RAKITNA;;;parcela 57/17;1/2;0.5;40.0;20.0;;;456875.88;83694.79;2200.0;;Cena posla ni avtomatsko cena te sestavine;2020-10-09;4;Neopredeljen posel;2021;ETN_008_2021_KPP_2021_ZEMLJISCA_20260724.csv
Z-2021-ETN_008_2021_KPP_2021_ZEMLJISCA_20260724.csv-290;523811;ZEMLJISCE;3;Zemljišče, na katerem je ali bo mogoče graditi stavbo in je delno komunalno opremljeno ali komunalno neopremljeno;STAVBNO;1724;BREZOVICA;;;parcela 3620/2;1/1;1.0;22.0;22.0;;;454204.21;95681.8;1100.0;;Cena posla ni avtomatsko cena te sestavine;2020-11-27;2;Tržen posel – neustrezni podatki;2021;ETN_008_2021_KPP_2021_ZEMLJISCA_20260724.csv
Z-2021-ETN_008_2021_KPP_2021_ZEMLJISCA_20260724.csv-291;584235;ZEMLJISCE;7;Zemljišče za kmetijsko rabo (njiva, travnik, pašnik);KMETIJSKO;1724;BREZOVICA;;;parcela 1349/7;1/1;1.0;162.0;162.0;;;454861.99;95885.36;2690.0;;Cena posla ni avtomatsko cena te sestavine;2021-09-27;2;Tržen posel – neustrezni podatki;2021;ETN_008_2021_KPP_2021_ZEMLJISCA_20260724.csv
Z-2021-ETN_008_2021_KPP_2021_ZEMLJISCA_20260724.csv-292;584116;ZEMLJISCE;3;Zemljišče, na katerem je ali bo mogoče graditi stavbo in je delno komunalno opremljeno ali komunalno neopremljeno;STAVBNO;1652;RAKITNA;;;parcela 893/11;1/1;1.0;547.0;547.0;;;456062.4;83360.2;92430.0;;Cena posla ni avtomatsko cena te sestavine;2021-10-19;2;Tržen posel – neustrezni podatki;2021;ETN_008_2021_KPP_2021_ZEMLJISCA_20260724.csv
Z-2021-ETN_008_2021_KPP_2021_ZEMLJISCA_20260724.csv-293;584116;ZEMLJISCE;3;Zemljišče, na katerem je ali bo mogoče graditi stavbo in je delno komunalno opremljeno ali komunalno neopremljeno;STAVBNO;1652;RAKITNA;;;parcela 893/93;1/1;1.0;747.0;747.0;;;456047.82;83358.98;92430.0;;Cena posla ni avtomatsko cena te sestavine;2021-10-19;2;Tržen posel – neustrezni podatki;2021;ETN_008_2021_KPP_2021_ZEMLJISCA_20260724.csv
Z-2021-ETN_008_2021_KPP_2021_ZEMLJISCA_20260724.csv-294;584116;ZEMLJISCE;3;Zemljišče, na katerem je ali bo mogoče graditi stavbo in je delno komunalno opremljeno ali komunalno neopremljeno;STAVBNO;1652;RAKITNA;;;parcela 893/84;1/1;1.0;760.0;760.0;;;456025.43;83354.61;92430.0;;Cena posla ni avtomatsko cena te sestavine;2021-10-19;2;Tržen posel – neustrezni podatki;2021;ETN_008_2021_KPP_2021_ZEMLJISCA_20260724.csv
Z-2021-ETN_008_2021_KPP_2021_ZEMLJISCA_20260724.csv-295;623017;ZEMLJISCE;1;Zemljišče na katerem je mogoče graditi stavbo in ima gradbeno dovoljenje;STAVBNO;1705;PRESERJE;;;parcela 100/20;100/100;1.0;922.0;922.0;;;455257.33;90538.44;247660.0;;Cena posla ni avtomatsko cena te sestavine;2021-06-11;4;Neopredeljen posel;2021;ETN_008_2021_KPP_2021_ZEMLJISCA_20260724.csv
Z-2021-ETN_008_2021_KPP_2021_ZEMLJISCA_20260724.csv-296;623017;ZEMLJISCE;6;Zemljišče, na katerem je cesta ali parkirišče;INFRASTRUKTURA;1705;PRESERJE;;;parcela 100/19;146/1000;0.146;1236.0;180.456;;;455150.85;90636.19;247660.0;;Cena posla ni avtomatsko cena te sestavine;2021-06-11;4;Neopredeljen posel;2021;ETN_008_2021_KPP_2021_ZEMLJISCA_20260724.csv
Z-2021-ETN_008_2021_KPP_2021_ZEMLJISCA_20260724.csv-297;544181;ZEMLJISCE;7;Zemljišče za kmetijsko rabo (njiva, travnik, pašnik);KMETIJSKO;1652;RAKITNA;;;parcela 943;1/1;1.0;1650.0;1650.0;;;455301.96;84417.39;2475.0;;Cena posla ni avtomatsko cena te sestavine;2021-03-16;2;Tržen posel – neustrezni podatki;2021;ETN_008_2021_KPP_2021_ZEMLJISCA_20260724.csv
Z-2021-ETN_008_2021_KPP_2021_ZEMLJISCA_20260724.csv-298;544113;ZEMLJISCE;7;Zemljišče za kmetijsko rabo (njiva, travnik, pašnik);KMETIJSKO;1724;BREZOVICA;;;parcela 674/8;1/1;1.0;88.0;88.0;;;454066.62;97392.58;260000.0;;Cena posla ni avtomatsko cena te sestavine;2021-05-14;2;Tržen posel – neustrezni podatki;2021;ETN_008_2021_KPP_2021_ZEMLJISCA_20260724.csv
Z-2021-ETN_008_2021_KPP_2021_ZEMLJISCA_20260724.csv-299;544113;ZEMLJISCE;5;Zemljišče pod stavbo ali drugo stavbi ali delu stavbe pripadajoče zemljišče (zemljišče pod stavbo, dvorišče, dovozna pot, vrt, zelenica, stanovanjski atrij in podobno);PRIPADAJOCE;1724;BREZOVICA;;;parcela 674/4;1/1;1.0;629.0;629.0;;;454076.41;97384.87;260000.0;;Cena posla ni avtomatsko cena te sestavine;2021-05-14;2;Tržen posel – neustrezni podatki;2021;ETN_008_2021_KPP_2021_ZEMLJISCA_20260724.csv
Z-2021-ETN_008_2021_KPP_2021_ZEMLJISCA_20260724.csv-300;545260;ZEMLJISCE;5;Zemljišče pod stavbo ali drugo stavbi ali delu stavbe pripadajoče zemljišče (zemljišče pod stavbo, dvorišče, dovozna pot, vrt, zelenica, stanovanjski atrij in podobno);PRIPADAJOCE;1724;BREZOVICA;;;parcela 3020/21;1/1;1.0;244.0;244.0;;;452129.0;96113.92;260000.0;;Cena posla ni avtomatsko cena te sestavine;2021-05-20;2;Tržen posel – neustrezni podatki;2021;ETN_008_2021_KPP_2021_ZEMLJISCA_20260724.csv
Z-2021-ETN_008_2021_KPP_2021_ZEMLJISCA_20260724.csv-301;545260;ZEMLJISCE;6;Zemljišče, na katerem je cesta ali parkirišče;INFRASTRUKTURA;1724;BREZOVICA;;;parcela 3020/16;1/8;0.125;463.0;57.875;;;452115.49;96097.67;260000.0;;Cena posla ni avtomatsko cena te sestavine;2021-05-20;2;Tržen posel – neustrezni podatki;2021;ETN_008_2021_KPP_2021_ZEMLJISCA_20260724.csv
Z-2021-ETN_008_2021_KPP_2021_ZEMLJISCA_20260724.csv-302;545260;ZEMLJISCE;5;Zemljišče pod stavbo ali drugo stavbi ali delu stavbe pripadajoče zemljišče (zemljišče pod stavbo, dvorišče, dovozna pot, vrt, zelenica, stanovanjski atrij in podobno);PRIPADAJOCE;1724;BREZOVICA;;;parcela 3020/29;1/1;1.0;170.0;170.0;;;452122.91;96122.67;260000.0;;Cena posla ni avtomatsko cena te sestavine;2021-05-20;2;Tržen posel – neustrezni podatki;2021;ETN_008_2021_KPP_2021_ZEMLJISCA_20260724.csv
Z-2021-ETN_008_2021_KPP_2021_ZEMLJISCA_20260724.csv-303;549053;ZEMLJISCE;5;Zemljišče pod stavbo ali drugo stavbi ali delu stavbe pripadajoče zemljišče (zemljišče pod stavbo, dvorišče, dovozna pot, vrt, zelenica, stanovanjski atrij in podobno);PRIPADAJOCE;1705;PRESERJE;;;parcela 387/4;1/1;1.0;379.0;379.0;;;454773.52;90759.96;190000.0;;Cena posla ni avtomatsko cena te sestavine;2021-05-18;2;Tržen posel – neustrezni podatki;2021;ETN_008_2021_KPP_2021_ZEMLJISCA_20260724.csv
Z-2021-ETN_008_2021_KPP_2021_ZEMLJISCA_20260724.csv-304;535876;ZEMLJISCE;3;Zemljišče, na katerem je ali bo mogoče graditi stavbo in je delno komunalno opremljeno ali komunalno neopremljeno;STAVBNO;1724;BREZOVICA;;;parcela 593/40;1/1;1.0;464.0;464.0;;;454850.27;97671.18;130000.0;;Cena posla ni avtomatsko cena te sestavine;2021-03-10;2;Tržen posel – neustrezni podatki;2021;ETN_008_2021_KPP_2021_ZEMLJISCA_20260724.csv
Z-2021-ETN_008_2021_KPP_2021_ZEMLJISCA_20260724.csv-305;536973;ZEMLJISCE;6;Zemljišče, na katerem je cesta ali parkirišče;INFRASTRUKTURA;1724;BREZOVICA;;;parcela 1542/159;1/1;1.0;12.0;12.0;;;455988.4;96929.09;209000.0;;Cena posla ni avtomatsko cena te sestavine;2021-03-31;2;Tržen posel – neustrezni podatki;2021;ETN_008_2021_KPP_2021_ZEMLJISCA_20260724.csv
Z-2021-ETN_008_2021_KPP_2021_ZEMLJISCA_20260724.csv-306;536973;ZEMLJISCE;6;Zemljišče, na katerem je cesta ali parkirišče;INFRASTRUKTURA;1724;BREZOVICA;;;parcela 1542/229;1/1;1.0;5.0;5.0;;;455997.9;96927.58;209000.0;;Cena posla ni avtomatsko cena te sestavine;2021-03-31;2;Tržen posel – neustrezni podatki;2021;ETN_008_2021_KPP_2021_ZEMLJISCA_20260724.csv
Z-2021-ETN_008_2021_KPP_2021_ZEMLJISCA_20260724.csv-307;536973;ZEMLJISCE;6;Zemljišče, na katerem je cesta ali parkirišče;INFRASTRUKTURA;1724;BREZOVICA;;;parcela 1542/230;1/1;1.0;5.0;5.0;;;456000.23;96926.42;209000.0;;Cena posla ni avtomatsko cena te sestavine;2021-03-31;2;Tržen posel – neustrezni podatki;2021;ETN_008_2021_KPP_2021_ZEMLJISCA_20260724.csv
Z-2021-ETN_008_2021_KPP_2021_ZEMLJISCA_20260724.csv-308;536973;ZEMLJISCE;6;Zemljišče, na katerem je cesta ali parkirišče;INFRASTRUKTURA;1724;BREZOVICA;;;parcela 1542/231;1/1;1.0;2.0;2.0;;;456001.9;96925.75;209000.0;;Cena posla ni avtomatsko cena te sestavine;2021-03-31;2;Tržen posel – neustrezni podatki;2021;ETN_008_2021_KPP_2021_ZEMLJISCA_20260724.csv
Z-2021-ETN_008_2021_KPP_2021_ZEMLJISCA_20260724.csv-309;536973;ZEMLJISCE;6;Zemljišče, na katerem je cesta ali parkirišče;INFRASTRUKTURA;1724;BREZOVICA;;;parcela 1542/234;1/1;1.0;8.0;8.0;;;455996.89;96925.26;209000.0;;Cena posla ni avtomatsko cena te sestavine;2021-03-31;2;Tržen posel – neustrezni podatki;2021;ETN_008_2021_KPP_2021_ZEMLJISCA_20260724.csv
Z-2021-ETN_008_2021_KPP_2021_ZEMLJISCA_20260724.csv-310;536973;ZEMLJISCE;6;Zemljišče, na katerem je cesta ali parkirišče;INFRASTRUKTURA;1724;BREZOVICA;;;parcela 1542/235;1/1;1.0;8.0;8.0;;;455999.19;96924.05;209000.0;;Cena posla ni avtomatsko cena te sestavine;2021-03-31;2;Tržen posel – neustrezni podatki;2021;ETN_008_2021_KPP_2021_ZEMLJISCA_20260724.csv
Z-2021-ETN_008_2021_KPP_2021_ZEMLJISCA_20260724.csv-311;536973;ZEMLJISCE;6;Zemljišče, na katerem je cesta ali parkirišče;INFRASTRUKTURA;1724;BREZOVICA;;;parcela 1542/220;2/72;0.027777777777777776;590.0;16.38888888888889;;;456019.32;96963.62;209000.0;;Cena posla ni avtomatsko cena te sestavine;2021-03-31;2;Tržen posel – neustrezni podatki;2021;ETN_008_2021_KPP_2021_ZEMLJISCA_20260724.csv
Z-2021-ETN_008_2021_KPP_2021_ZEMLJISCA_20260724.csv-312;525693;ZEMLJISCE;4;Zemljišče, na katerem je ali bo mogoče graditi prometno ali energetsko infrastrukturo (cesta, plinovod in drugo);INFRASTRUKTURA;1652;RAKITNA;;;parcela 893/28;1/1;1.0;2233.0;2233.0;;;455986.62;82897.43;5500.0;;Cena posla ni avtomatsko cena te sestavine;2020-12-10;2;Tržen posel – neustrezni podatki;2021;ETN_008_2021_KPP_2021_ZEMLJISCA_20260724.csv
Z-2021-ETN_008_2021_KPP_2021_ZEMLJISCA_20260724.csv-313;522673;ZEMLJISCE;5;Zemljišče pod stavbo ali drugo stavbi ali delu stavbe pripadajoče zemljišče (zemljišče pod stavbo, dvorišče, dovozna pot, vrt, zelenica, stanovanjski atrij in podobno);PRIPADAJOCE;1724;BREZOVICA;;;parcela 369/221;2/6;0.3333333333333333;77.0;25.666666666666664;;;455079.43;97928.0;210000.0;;Cena posla ni avtomatsko cena te sestavine;2020-11-15;2;Tržen posel – neustrezni podatki;2021;ETN_008_2021_KPP_2021_ZEMLJISCA_20260724.csv
Z-2021-ETN_008_2021_KPP_2021_ZEMLJISCA_20260724.csv-314;522673;ZEMLJISCE;6;Zemljišče, na katerem je cesta ali parkirišče;INFRASTRUKTURA;1724;BREZOVICA;;;parcela 369/208;2/90;0.022222222222222223;134.0;2.977777777777778;;;455067.85;97943.86;210000.0;;Cena posla ni avtomatsko cena te sestavine;2020-11-15;2;Tržen posel – neustrezni podatki;2021;ETN_008_2021_KPP_2021_ZEMLJISCA_20260724.csv
Z-2021-ETN_008_2021_KPP_2021_ZEMLJISCA_20260724.csv-315;522673;ZEMLJISCE;6;Zemljišče, na katerem je cesta ali parkirišče;INFRASTRUKTURA;1724;BREZOVICA;;;parcela 369/182;2/90;0.022222222222222223;867.0;19.266666666666666;;;455079.93;97964.65;210000.0;;Cena posla ni avtomatsko cena te sestavine;2020-11-15;2;Tržen posel – neustrezni podatki;2021;ETN_008_2021_KPP_2021_ZEMLJISCA_20260724.csv
Z-2021-ETN_008_2021_KPP_2021_ZEMLJISCA_20260724.csv-316;522673;ZEMLJISCE;6;Zemljišče, na katerem je cesta ali parkirišče;INFRASTRUKTURA;1724;BREZOVICA;;;parcela 369/205;2/90;0.022222222222222223;122.0;2.7111111111111112;;;455063.82;97972.63;210000.0;;Cena posla ni avtomatsko cena te sestavine;2020-11-15;2;Tržen posel – neustrezni podatki;2021;ETN_008_2021_KPP_2021_ZEMLJISCA_20260724.csv
Z-2021-ETN_008_2021_KPP_2021_ZEMLJISCA_20260724.csv-317;522673;ZEMLJISCE;5;Zemljišče pod stavbo ali drugo stavbi ali delu stavbe pripadajoče zemljišče (zemljišče pod stavbo, dvorišče, dovozna pot, vrt, zelenica, stanovanjski atrij in podobno);PRIPADAJOCE;1724;BREZOVICA;;;parcela 369/207;2/52;0.038461538461538464;1492.0;57.38461538461539;;;455064.78;97951.28;210000.0;;Cena posla ni avtomatsko cena te sestavine;2020-11-15;2;Tržen posel – neustrezni podatki;2021;ETN_008_2021_KPP_2021_ZEMLJISCA_20260724.csv
Z-2021-ETN_008_2021_KPP_2021_ZEMLJISCA_20260724.csv-318;531728;ZEMLJISCE;1;Zemljišče na katerem je mogoče graditi stavbo in ima gradbeno dovoljenje;STAVBNO;1724;BREZOVICA;;;parcela 356/33;1;1.0;410.0;410.0;;;455052.12;98036.24;277712.0;;Cena posla ni avtomatsko cena te sestavine;2020-07-16;2;Tržen posel – neustrezni podatki;2021;ETN_008_2021_KPP_2021_ZEMLJISCA_20260724.csv
Z-2021-ETN_008_2021_KPP_2021_ZEMLJISCA_20260724.csv-319;523106;ZEMLJISCE;9;Zemljišče za gozdno rabo (gozd);GOZDNO;1704;KAMNIK;;;parcela 1344/18;1/1;1.0;4596.0;4596.0;;;452222.34;90268.97;47000.0;;Cena posla ni avtomatsko cena te sestavine;2020-11-04;2;Tržen posel – neustrezni podatki;2021;ETN_008_2021_KPP_2021_ZEMLJISCA_20260724.csv
Z-2021-ETN_008_2021_KPP_2021_ZEMLJISCA_20260724.csv-320;523106;ZEMLJISCE;3;Zemljišče, na katerem je ali bo mogoče graditi stavbo in je delno komunalno opremljeno ali komunalno neopremljeno;STAVBNO;1704;KAMNIK;;;parcela 1344/21;1/1;1.0;35.0;35.0;;;452192.77;90277.31;47000.0;;Cena posla ni avtomatsko cena te sestavine;2020-11-04;2;Tržen posel – neustrezni podatki;2021;ETN_008_2021_KPP_2021_ZEMLJISCA_20260724.csv
Z-2021-ETN_008_2021_KPP_2021_ZEMLJISCA_20260724.csv-321;523106;ZEMLJISCE;3;Zemljišče, na katerem je ali bo mogoče graditi stavbo in je delno komunalno opremljeno ali komunalno neopremljeno;STAVBNO;1704;KAMNIK;;;parcela 1344/22;1/1;1.0;592.0;592.0;;;452197.74;90285.4;47000.0;;Cena posla ni avtomatsko cena te sestavine;2020-11-04;2;Tržen posel – neustrezni podatki;2021;ETN_008_2021_KPP_2021_ZEMLJISCA_20260724.csv
Z-2021-ETN_008_2021_KPP_2021_ZEMLJISCA_20260724.csv-322;523106;ZEMLJISCE;9;Zemljišče za gozdno rabo (gozd);GOZDNO;1704;KAMNIK;;;parcela 1344/6;1/4;0.25;479.0;119.75;;;452250.8;90251.88;47000.0;;Cena posla ni avtomatsko cena te sestavine;2020-11-04;2;Tržen posel – neustrezni podatki;2021;ETN_008_2021_KPP_2021_ZEMLJISCA_20260724.csv
Z-2021-ETN_008_2021_KPP_2021_ZEMLJISCA_20260724.csv-323;628866;ZEMLJISCE;1;Zemljišče na katerem je mogoče graditi stavbo in ima gradbeno dovoljenje;STAVBNO;1703;JEZERO;;;parcela 362/178;1/1;1.0;47.0;47.0;;;455043.3;93200.31;3000.01;;Cena posla ni avtomatsko cena te sestavine;2021-10-25;2;Tržen posel – neustrezni podatki;2021;ETN_008_2021_KPP_2021_ZEMLJISCA_20260724.csv
Z-2021-ETN_008_2021_KPP_2021_ZEMLJISCA_20260724.csv-324;537270;ZEMLJISCE;10;Neplodno ali vodno zemljišče ali drugo neuporabno zemljišče;DRUGO;1652;RAKITNA;;;parcela 1397/24;1/1;1.0;254.0;254.0;;;456611.44;82808.56;500.0;;Cena posla ni avtomatsko cena te sestavine;2021-04-07;2;Tržen posel – neustrezni podatki;2021;ETN_008_2021_KPP_2021_ZEMLJISCA_20260724.csv
Z-2021-ETN_008_2021_KPP_2021_ZEMLJISCA_20260724.csv-325;526168;ZEMLJISCE;9;Zemljišče za gozdno rabo (gozd);GOZDNO;1705;PRESERJE;;;parcela 1021/19;1/2;0.5;8430.0;4215.0;;;455074.86;92256.09;7722.0;;Cena posla ni avtomatsko cena te sestavine;2020-09-02;3;Drug posel;2021;ETN_008_2021_KPP_2021_ZEMLJISCA_20260724.csv
Z-2021-ETN_008_2021_KPP_2021_ZEMLJISCA_20260724.csv-326;526168;ZEMLJISCE;9;Zemljišče za gozdno rabo (gozd);GOZDNO;1705;PRESERJE;;;parcela 1035/2;1/2;0.5;43.0;21.5;;;455789.26;91364.96;7722.0;;Cena posla ni avtomatsko cena te sestavine;2020-09-02;3;Drug posel;2021;ETN_008_2021_KPP_2021_ZEMLJISCA_20260724.csv
Z-2021-ETN_008_2021_KPP_2021_ZEMLJISCA_20260724.csv-327;526168;ZEMLJISCE;9;Zemljišče za gozdno rabo (gozd);GOZDNO;1705;PRESERJE;;;parcela 2281;1/2;0.5;8481.0;4240.5;;;458098.94;87309.88;7722.0;;Cena posla ni avtomatsko cena te sestavine;2020-09-02;3;Drug posel;2021;ETN_008_2021_KPP_2021_ZEMLJISCA_20260724.csv
Z-2021-ETN_008_2021_KPP_2021_ZEMLJISCA_20260724.csv-328;526168;ZEMLJISCE;9;Zemljišče za gozdno rabo (gozd);GOZDNO;1705;PRESERJE;;;parcela 967;1/2;0.5;1876.0;938.0;;;454964.42;92546.35;7722.0;;Cena posla ni avtomatsko cena te sestavine;2020-09-02;3;Drug posel;2021;ETN_008_2021_KPP_2021_ZEMLJISCA_20260724.csv
Z-2021-ETN_008_2021_KPP_2021_ZEMLJISCA_20260724.csv-329;526168;ZEMLJISCE;9;Zemljišče za gozdno rabo (gozd);GOZDNO;1705;PRESERJE;;;parcela 1035/1;1/2;0.5;4251.0;2125.5;;;455780.82;91373.47;7722.0;;Cena posla ni avtomatsko cena te sestavine;2020-09-02;3;Drug posel;2021;ETN_008_2021_KPP_2021_ZEMLJISCA_20260724.csv
Z-2021-ETN_008_2021_KPP_2021_ZEMLJISCA_20260724.csv-330;526168;ZEMLJISCE;9;Zemljišče za gozdno rabo (gozd);GOZDNO;1705;PRESERJE;;;parcela 1055;1/2;0.5;15530.0;7765.0;;;455695.51;91301.39;7722.0;;Cena posla ni avtomatsko cena te sestavine;2020-09-02;3;Drug posel;2021;ETN_008_2021_KPP_2021_ZEMLJISCA_20260724.csv
Z-2021-ETN_008_2021_KPP_2021_ZEMLJISCA_20260724.csv-331;527283;ZEMLJISCE;7;Zemljišče za kmetijsko rabo (njiva, travnik, pašnik);KMETIJSKO;1702;TOMIŠELJ;;;parcela 2156;1/6;0.16666666666666666;34930.0;5821.666666666666;;;457534.47;93321.39;6090.0;;Cena posla ni avtomatsko cena te sestavine;2021-01-08;3;Drug posel;2021;ETN_008_2021_KPP_2021_ZEMLJISCA_20260724.csv
Z-2021-ETN_008_2021_KPP_2021_ZEMLJISCA_20260724.csv-332;527283;ZEMLJISCE;7;Zemljišče za kmetijsko rabo (njiva, travnik, pašnik);KMETIJSKO;1703;JEZERO;;;parcela 693/14;1/6;0.16666666666666666;1610.0;268.3333333333333;;;456924.28;92853.18;6090.0;;Cena posla ni avtomatsko cena te sestavine;2021-01-08;3;Drug posel;2021;ETN_008_2021_KPP_2021_ZEMLJISCA_20260724.csv
Z-2022-ETN_008_2022_KPP_2022_ZEMLJISCA_20260724.csv-2;673177;ZEMLJISCE;9;Zemljišče za gozdno rabo (gozd);GOZDNO;1705;PRESERJE;;;parcela 1182/8;1/1;1.0;42099.0;42099.0;;;455953.28;90137.07;23154.45;;Cena posla ni avtomatsko cena te sestavine;2022-09-22;1;Tržen posel;2022;ETN_008_2022_KPP_2022_ZEMLJISCA_20260724.csv
Z-2022-ETN_008_2022_KPP_2022_ZEMLJISCA_20260724.csv-3;675925;ZEMLJISCE;2;Zemljišče, na katerem je mogoče graditi stavbo in je komunalno opremljeno (priključki na vodo, elektriko in neposredni dostop do dovozne poti);STAVBNO;1704;KAMNIK;;;parcela 2321/4;1/1;1.0;543.0;543.0;;;452036.7;90161.88;54225.0;;Cena posla ni avtomatsko cena te sestavine;2022-10-18;2;Tržen posel – neustrezni podatki;2022;ETN_008_2022_KPP_2022_ZEMLJISCA_20260724.csv
Z-2022-ETN_008_2022_KPP_2022_ZEMLJISCA_20260724.csv-4;675925;ZEMLJISCE;3;Zemljišče, na katerem je ali bo mogoče graditi stavbo in je delno komunalno opremljeno ali komunalno neopremljeno;STAVBNO;1704;KAMNIK;;;parcela 2322/2;1/1;1.0;180.0;180.0;;;452047.39;90183.6;54225.0;;Cena posla ni avtomatsko cena te sestavine;2022-10-18;2;Tržen posel – neustrezni podatki;2022;ETN_008_2022_KPP_2022_ZEMLJISCA_20260724.csv
Z-2022-ETN_008_2022_KPP_2022_ZEMLJISCA_20260724.csv-5;677595;ZEMLJISCE;7;Zemljišče za kmetijsko rabo (njiva, travnik, pašnik);KMETIJSKO;1724;BREZOVICA;;;parcela 2134/1;1/1;1.0;4007.0;4007.0;;;454432.3;95261.42;79500.0;;Cena posla ni avtomatsko cena te sestavine;2022-10-27;3;Drug posel;2022;ETN_008_2022_KPP_2022_ZEMLJISCA_20260724.csv
Z-2022-ETN_008_2022_KPP_2022_ZEMLJISCA_20260724.csv-6;676104;ZEMLJISCE;3;Zemljišče, na katerem je ali bo mogoče graditi stavbo in je delno komunalno opremljeno ali komunalno neopremljeno;STAVBNO;1705;PRESERJE;;;parcela 346/2;1/1;1.0;495.0;495.0;;;454928.75;91029.06;26000.0;;Cena posla ni avtomatsko cena te sestavine;2022-10-26;2;Tržen posel – neustrezni podatki;2022;ETN_008_2022_KPP_2022_ZEMLJISCA_20260724.csv
Z-2022-ETN_008_2022_KPP_2022_ZEMLJISCA_20260724.csv-7;677792;ZEMLJISCE;5;Zemljišče pod stavbo ali drugo stavbi ali delu stavbe pripadajoče zemljišče (zemljišče pod stavbo, dvorišče, dovozna pot, vrt, zelenica, stanovanjski atrij in podobno);PRIPADAJOCE;1704;KAMNIK;;;parcela 3394/44;13/100;0.13;151.0;19.63;;;453216.27;91843.32;122000.0;;Cena posla ni avtomatsko cena te sestavine;2022-11-10;3;Drug posel;2022;ETN_008_2022_KPP_2022_ZEMLJISCA_20260724.csv
Z-2022-ETN_008_2022_KPP_2022_ZEMLJISCA_20260724.csv-8;677792;ZEMLJISCE;5;Zemljišče pod stavbo ali drugo stavbi ali delu stavbe pripadajoče zemljišče (zemljišče pod stavbo, dvorišče, dovozna pot, vrt, zelenica, stanovanjski atrij in podobno);PRIPADAJOCE;1704;KAMNIK;;;parcela 3394/45;13/100;0.13;207.0;26.91;;;453224.65;91837.56;122000.0;;Cena posla ni avtomatsko cena te sestavine;2022-11-10;3;Drug posel;2022;ETN_008_2022_KPP_2022_ZEMLJISCA_20260724.csv
Z-2022-ETN_008_2022_KPP_2022_ZEMLJISCA_20260724.csv-9;642456;ZEMLJISCE;1;Zemljišče na katerem je mogoče graditi stavbo in ima gradbeno dovoljenje;STAVBNO;1724;BREZOVICA;;;parcela 266/8;1/1;1.0;549.0;549.0;;;454627.33;98475.6;71236.96;;Cena posla ni avtomatsko cena te sestavine;2022-02-07;5;V preverjanju;2022;ETN_008_2022_KPP_2022_ZEMLJISCA_20260724.csv
Z-2022-ETN_008_2022_KPP_2022_ZEMLJISCA_20260724.csv-10;638736;ZEMLJISCE;5;Zemljišče pod stavbo ali drugo stavbi ali delu stavbe pripadajoče zemljišče (zemljišče pod stavbo, dvorišče, dovozna pot, vrt, zelenica, stanovanjski atrij in podobno);PRIPADAJOCE;1704;KAMNIK;;;parcela 2927/3;1/1;1.0;276.0;276.0;;;454529.22;90709.73;30000.0;;Cena posla ni avtomatsko cena te sestavine;2022-01-04;3;Drug posel;2022;ETN_008_2022_KPP_2022_ZEMLJISCA_20260724.csv
Z-2022-ETN_008_2022_KPP_2022_ZEMLJISCA_20260724.csv-11;638680;ZEMLJISCE;6;Zemljišče, na katerem je cesta ali parkirišče;INFRASTRUKTURA;1724;BREZOVICA;;;parcela 266/15;1/4;0.25;48.0;12.0;;;454628.93;98466.76;612.5;;Cena posla ni avtomatsko cena te sestavine;2021-12-23;4;Neopredeljen posel;2022;ETN_008_2022_KPP_2022_ZEMLJISCA_20260724.csv
Z-2022-ETN_008_2022_KPP_2022_ZEMLJISCA_20260724.csv-12;638680;ZEMLJISCE;6;Zemljišče, na katerem je cesta ali parkirišče;INFRASTRUKTURA;1724;BREZOVICA;;;parcela 266/16;1/4;0.25;48.0;12.0;;;454635.28;98468.87;612.5;;Cena posla ni avtomatsko cena te sestavine;2021-12-23;4;Neopredeljen posel;2022;ETN_008_2022_KPP_2022_ZEMLJISCA_20260724.csv
Z-2022-ETN_008_2022_KPP_2022_ZEMLJISCA_20260724.csv-13;638671;ZEMLJISCE;6;Zemljišče, na katerem je cesta ali parkirišče;INFRASTRUKTURA;1724;BREZOVICA;;;parcela 266/11;1/2;0.5;79.0;39.5;;;454612.42;98451.0;1975.0;;Cena posla ni avtomatsko cena te sestavine;2021-12-23;4;Neopredeljen posel;2022;ETN_008_2022_KPP_2022_ZEMLJISCA_20260724.csv
Z-2022-ETN_008_2022_KPP_2022_ZEMLJISCA_20260724.csv-14;646018;ZEMLJISCE;9;Zemljišče za gozdno rabo (gozd);GOZDNO;1724;BREZOVICA;;;parcela 2967/2;1/1;1.0;3880.0;3880.0;;;453201.42;95689.48;3656.01;;Cena posla ni avtomatsko cena te sestavine;2022-01-25;1;Tržen posel;2022;ETN_008_2022_KPP_2022_ZEMLJISCA_20260724.csv
Z-2022-ETN_008_2022_KPP_2022_ZEMLJISCA_20260724.csv-15;646018;ZEMLJISCE;9;Zemljišče za gozdno rabo (gozd);GOZDNO;1724;BREZOVICA;;;parcela 2968/1;1/1;1.0;1343.0;1343.0;;;453219.74;95670.83;3656.01;;Cena posla ni avtomatsko cena te sestavine;2022-01-25;1;Tržen posel;2022;ETN_008_2022_KPP_2022_ZEMLJISCA_20260724.csv
Z-2022-ETN_008_2022_KPP_2022_ZEMLJISCA_20260724.csv-16;646028;ZEMLJISCE;5;Zemljišče pod stavbo ali drugo stavbi ali delu stavbe pripadajoče zemljišče (zemljišče pod stavbo, dvorišče, dovozna pot, vrt, zelenica, stanovanjski atrij in podobno);PRIPADAJOCE;1703;JEZERO;;;parcela 109/1;1/1;1.0;864.0;864.0;;;456583.9;92547.7;355000.0;;Cena posla ni avtomatsko cena te sestavine;2022-03-03;2;Tržen posel – neustrezni podatki;2022;ETN_008_2022_KPP_2022_ZEMLJISCA_20260724.csv
Z-2022-ETN_008_2022_KPP_2022_ZEMLJISCA_20260724.csv-17;646028;ZEMLJISCE;5;Zemljišče pod stavbo ali drugo stavbi ali delu stavbe pripadajoče zemljišče (zemljišče pod stavbo, dvorišče, dovozna pot, vrt, zelenica, stanovanjski atrij in podobno);PRIPADAJOCE;1703;JEZERO;;;parcela 118/2;1/1;1.0;22.0;22.0;;;456592.13;92546.71;355000.0;;Cena posla ni avtomatsko cena te sestavine;2022-03-03;2;Tržen posel – neustrezni podatki;2022;ETN_008_2022_KPP_2022_ZEMLJISCA_20260724.csv
Z-2022-ETN_008_2022_KPP_2022_ZEMLJISCA_20260724.csv-18;646028;ZEMLJISCE;5;Zemljišče pod stavbo ali drugo stavbi ali delu stavbe pripadajoče zemljišče (zemljišče pod stavbo, dvorišče, dovozna pot, vrt, zelenica, stanovanjski atrij in podobno);PRIPADAJOCE;1703;JEZERO;;;parcela 117/2;1/1;1.0;69.0;69.0;;;456594.72;92550.1;355000.0;;Cena posla ni avtomatsko cena te sestavine;2022-03-03;2;Tržen posel – neustrezni podatki;2022;ETN_008_2022_KPP_2022_ZEMLJISCA_20260724.csv
Z-2022-ETN_008_2022_KPP_2022_ZEMLJISCA_20260724.csv-19;646028;ZEMLJISCE;5;Zemljišče pod stavbo ali drugo stavbi ali delu stavbe pripadajoče zemljišče (zemljišče pod stavbo, dvorišče, dovozna pot, vrt, zelenica, stanovanjski atrij in podobno);PRIPADAJOCE;1703;JEZERO;;;parcela 115/5;1/1;1.0;343.0;343.0;;;456574.35;92570.91;355000.0;;Cena posla ni avtomatsko cena te sestavine;2022-03-03;2;Tržen posel – neustrezni podatki;2022;ETN_008_2022_KPP_2022_ZEMLJISCA_20260724.csv
Z-2022-ETN_008_2022_KPP_2022_ZEMLJISCA_20260724.csv-20;648527;ZEMLJISCE;5;Zemljišče pod stavbo ali drugo stavbi ali delu stavbe pripadajoče zemljišče (zemljišče pod stavbo, dvorišče, dovozna pot, vrt, zelenica, stanovanjski atrij in podobno);PRIPADAJOCE;1724;BREZOVICA;;;parcela 1542/225;1/36;0.027777777777777776;1190.0;33.05555555555556;;;456021.94;96914.66;445.0;;Cena posla ni avtomatsko cena te sestavine;2022-03-08;3;Drug posel;2022;ETN_008_2022_KPP_2022_ZEMLJISCA_20260724.csv
Z-2022-ETN_008_2022_KPP_2022_ZEMLJISCA_20260724.csv-21;648527;ZEMLJISCE;5;Zemljišče pod stavbo ali drugo stavbi ali delu stavbe pripadajoče zemljišče (zemljišče pod stavbo, dvorišče, dovozna pot, vrt, zelenica, stanovanjski atrij in podobno);PRIPADAJOCE;1724;BREZOVICA;;;parcela 1542/220;1/36;0.027777777777777776;590.0;16.38888888888889;;;456019.32;96963.62;445.0;;Cena posla ni avtomatsko cena te sestavine;2022-03-08;3;Drug posel;2022;ETN_008_2022_KPP_2022_ZEMLJISCA_20260724.csv
Z-2022-ETN_008_2022_KPP_2022_ZEMLJISCA_20260724.csv-22;648552;ZEMLJISCE;9;Zemljišče za gozdno rabo (gozd);GOZDNO;1705;PRESERJE;;;parcela 2172;1/1;1.0;6265.0;6265.0;;;456551.1;87483.81;8673.0;;Cena posla ni avtomatsko cena te sestavine;2021-12-27;1;Tržen posel;2022;ETN_008_2022_KPP_2022_ZEMLJISCA_20260724.csv
Z-2022-ETN_008_2022_KPP_2022_ZEMLJISCA_20260724.csv-23;648552;ZEMLJISCE;9;Zemljišče za gozdno rabo (gozd);GOZDNO;1705;PRESERJE;;;parcela 2161;1/1;1.0;8190.0;8190.0;;;456512.44;87509.62;8673.0;;Cena posla ni avtomatsko cena te sestavine;2021-12-27;1;Tržen posel;2022;ETN_008_2022_KPP_2022_ZEMLJISCA_20260724.csv
Z-2022-ETN_008_2022_KPP_2022_ZEMLJISCA_20260724.csv-24;648625;ZEMLJISCE;9;Zemljišče za gozdno rabo (gozd);GOZDNO;1705;PRESERJE;;;parcela 1687;1/1;1.0;3161.0;3161.0;;;455931.77;89030.95;5888.0;;Cena posla ni avtomatsko cena te sestavine;2021-12-27;1;Tržen posel;2022;ETN_008_2022_KPP_2022_ZEMLJISCA_20260724.csv
Z-2022-ETN_008_2022_KPP_2022_ZEMLJISCA_20260724.csv-25;648625;ZEMLJISCE;9;Zemljišče za gozdno rabo (gozd);GOZDNO;1705;PRESERJE;;;parcela 2178/1;1/1;1.0;6654.0;6654.0;;;456725.22;87949.97;5888.0;;Cena posla ni avtomatsko cena te sestavine;2021-12-27;1;Tržen posel;2022;ETN_008_2022_KPP_2022_ZEMLJISCA_20260724.csv
Z-2022-ETN_008_2022_KPP_2022_ZEMLJISCA_20260724.csv-26;646355;ZEMLJISCE;5;Zemljišče pod stavbo ali drugo stavbi ali delu stavbe pripadajoče zemljišče (zemljišče pod stavbo, dvorišče, dovozna pot, vrt, zelenica, stanovanjski atrij in podobno);PRIPADAJOCE;1724;BREZOVICA;;;parcela 2622/2;1/3;0.3333333333333333;1259.0;419.66666666666663;;;453565.96;94224.98;35000.0;;Cena posla ni avtomatsko cena te sestavine;2022-03-09;3;Drug posel;2022;ETN_008_2022_KPP_2022_ZEMLJISCA_20260724.csv
Z-2022-ETN_008_2022_KPP_2022_ZEMLJISCA_20260724.csv-27;646241;ZEMLJISCE;3;Zemljišče, na katerem je ali bo mogoče graditi stavbo in je delno komunalno opremljeno ali komunalno neopremljeno;STAVBNO;1724;BREZOVICA;;;parcela 3020/8;1/1;1.0;879.0;879.0;;;452013.3;96106.07;97000.0;;Cena posla ni avtomatsko cena te sestavine;2022-03-08;2;Tržen posel – neustrezni podatki;2022;ETN_008_2022_KPP_2022_ZEMLJISCA_20260724.csv
Z-2022-ETN_008_2022_KPP_2022_ZEMLJISCA_20260724.csv-28;646222;ZEMLJISCE;5;Zemljišče pod stavbo ali drugo stavbi ali delu stavbe pripadajoče zemljišče (zemljišče pod stavbo, dvorišče, dovozna pot, vrt, zelenica, stanovanjski atrij in podobno);PRIPADAJOCE;1724;BREZOVICA;;;parcela 2407/2;1/1;1.0;1208.0;1208.0;;;453720.33;94838.24;360000.0;;Cena posla ni avtomatsko cena te sestavine;2021-12-24;2;Tržen posel – neustrezni podatki;2022;ETN_008_2022_KPP_2022_ZEMLJISCA_20260724.csv
Z-2022-ETN_008_2022_KPP_2022_ZEMLJISCA_20260724.csv-29;646222;ZEMLJISCE;1;Zemljišče na katerem je mogoče graditi stavbo in ima gradbeno dovoljenje;STAVBNO;1724;BREZOVICA;;;parcela 2407/1;1/1;1.0;1125.0;1125.0;;;453658.11;94854.24;360000.0;;Cena posla ni avtomatsko cena te sestavine;2021-12-24;2;Tržen posel – neustrezni podatki;2022;ETN_008_2022_KPP_2022_ZEMLJISCA_20260724.csv
Z-2022-ETN_008_2022_KPP_2022_ZEMLJISCA_20260724.csv-30;646222;ZEMLJISCE;7;Zemljišče za kmetijsko rabo (njiva, travnik, pašnik);KMETIJSKO;1724;BREZOVICA;;;parcela 2406/1;1/1;1.0;2415.0;2415.0;;;453584.33;94879.65;360000.0;;Cena posla ni avtomatsko cena te sestavine;2021-12-24;2;Tržen posel – neustrezni podatki;2022;ETN_008_2022_KPP_2022_ZEMLJISCA_20260724.csv
Z-2022-ETN_008_2022_KPP_2022_ZEMLJISCA_20260724.csv-31;632261;ZEMLJISCE;7;Zemljišče za kmetijsko rabo (njiva, travnik, pašnik);KMETIJSKO;1724;BREZOVICA;;;parcela 1095/16;17/100;0.17;379.0;64.43;;;454529.74;96733.35;90000.0;;Cena posla ni avtomatsko cena te sestavine;2021-11-11;2;Tržen posel – neustrezni podatki;2022;ETN_008_2022_KPP_2022_ZEMLJISCA_20260724.csv
Z-2022-ETN_008_2022_KPP_2022_ZEMLJISCA_20260724.csv-32;632261;ZEMLJISCE;5;Zemljišče pod stavbo ali drugo stavbi ali delu stavbe pripadajoče zemljišče (zemljišče pod stavbo, dvorišče, dovozna pot, vrt, zelenica, stanovanjski atrij in podobno);PRIPADAJOCE;1724;BREZOVICA;;;parcela 1095/18;1/1;1.0;58.0;58.0;;;454540.71;96717.79;90000.0;;Cena posla ni avtomatsko cena te sestavine;2021-11-11;2;Tržen posel – neustrezni podatki;2022;ETN_008_2022_KPP_2022_ZEMLJISCA_20260724.csv
Z-2022-ETN_008_2022_KPP_2022_ZEMLJISCA_20260724.csv-33;632190;ZEMLJISCE;5;Zemljišče pod stavbo ali drugo stavbi ali delu stavbe pripadajoče zemljišče (zemljišče pod stavbo, dvorišče, dovozna pot, vrt, zelenica, stanovanjski atrij in podobno);PRIPADAJOCE;1724;BREZOVICA;;;parcela 1095/16;17/100;0.17;379.0;64.43;;;454529.74;96733.35;105000.0;;Cena posla ni avtomatsko cena te sestavine;2021-11-11;2;Tržen posel – neustrezni podatki;2022;ETN_008_2022_KPP_2022_ZEMLJISCA_20260724.csv
Z-2022-ETN_008_2022_KPP_2022_ZEMLJISCA_20260724.csv-34;632262;ZEMLJISCE;3;Zemljišče, na katerem je ali bo mogoče graditi stavbo in je delno komunalno opremljeno ali komunalno neopremljeno;STAVBNO;1724;BREZOVICA;;;parcela 3021/3;1/1;1.0;560.0;560.0;;;451957.97;96142.45;85000.0;;Cena posla ni avtomatsko cena te sestavine;2021-11-12;2;Tržen posel – neustrezni podatki;2022;ETN_008_2022_KPP_2022_ZEMLJISCA_20260724.csv
Z-2022-ETN_008_2022_KPP_2022_ZEMLJISCA_20260724.csv-35;632262;ZEMLJISCE;7;Zemljišče za kmetijsko rabo (njiva, travnik, pašnik);KMETIJSKO;1724;BREZOVICA;;;parcela 3021/5;1/1;1.0;387.0;387.0;;;451946.67;96158.72;85000.0;;Cena posla ni avtomatsko cena te sestavine;2021-11-12;2;Tržen posel – neustrezni podatki;2022;ETN_008_2022_KPP_2022_ZEMLJISCA_20260724.csv
Z-2022-ETN_008_2022_KPP_2022_ZEMLJISCA_20260724.csv-36;632262;ZEMLJISCE;7;Zemljišče za kmetijsko rabo (njiva, travnik, pašnik);KMETIJSKO;1724;BREZOVICA;;;parcela 3021/6;1/1;1.0;111.0;111.0;;;451951.95;96152.17;85000.0;;Cena posla ni avtomatsko cena te sestavine;2021-11-12;2;Tržen posel – neustrezni podatki;2022;ETN_008_2022_KPP_2022_ZEMLJISCA_20260724.csv
Z-2022-ETN_008_2022_KPP_2022_ZEMLJISCA_20260724.csv-37;632227;ZEMLJISCE;7;Zemljišče za kmetijsko rabo (njiva, travnik, pašnik);KMETIJSKO;1724;BREZOVICA;;;parcela 1780;1/1;1.0;6172.0;6172.0;;;458232.14;96610.04;8500.0;;Cena posla ni avtomatsko cena te sestavine;2021-09-15;2;Tržen posel – neustrezni podatki;2022;ETN_008_2022_KPP_2022_ZEMLJISCA_20260724.csv
Z-2022-ETN_008_2022_KPP_2022_ZEMLJISCA_20260724.csv-38;634899;ZEMLJISCE;5;Zemljišče pod stavbo ali drugo stavbi ali delu stavbe pripadajoče zemljišče (zemljišče pod stavbo, dvorišče, dovozna pot, vrt, zelenica, stanovanjski atrij in podobno);PRIPADAJOCE;1724;BREZOVICA;;;parcela 949/4;1/1;1.0;191.0;191.0;;;453753.68;95783.05;153000.0;;Cena posla ni avtomatsko cena te sestavine;2021-11-17;5;V preverjanju;2022;ETN_008_2022_KPP_2022_ZEMLJISCA_20260724.csv
Z-2022-ETN_008_2022_KPP_2022_ZEMLJISCA_20260724.csv-39;634899;ZEMLJISCE;5;Zemljišče pod stavbo ali drugo stavbi ali delu stavbe pripadajoče zemljišče (zemljišče pod stavbo, dvorišče, dovozna pot, vrt, zelenica, stanovanjski atrij in podobno);PRIPADAJOCE;1724;BREZOVICA;;;parcela 949/5;1/1;1.0;144.0;144.0;;;453754.42;95773.44;153000.0;;Cena posla ni avtomatsko cena te sestavine;2021-11-17;5;V preverjanju;2022;ETN_008_2022_KPP_2022_ZEMLJISCA_20260724.csv
Z-2022-ETN_008_2022_KPP_2022_ZEMLJISCA_20260724.csv-40;635113;ZEMLJISCE;5;Zemljišče pod stavbo ali drugo stavbi ali delu stavbe pripadajoče zemljišče (zemljišče pod stavbo, dvorišče, dovozna pot, vrt, zelenica, stanovanjski atrij in podobno);PRIPADAJOCE;1724;BREZOVICA;;;parcela 2147/21;1/1;1.0;226.0;226.0;;;454096.37;94986.41;265000.0;;Cena posla ni avtomatsko cena te sestavine;2021-11-18;5;V preverjanju;2022;ETN_008_2022_KPP_2022_ZEMLJISCA_20260724.csv
Z-2022-ETN_008_2022_KPP_2022_ZEMLJISCA_20260724.csv-41;634956;ZEMLJISCE;7;Zemljišče za kmetijsko rabo (njiva, travnik, pašnik);KMETIJSKO;1724;BREZOVICA;;;parcela 3380/1;1/1;1.0;5150.0;5150.0;;;455400.12;94256.66;14856.6;;Cena posla ni avtomatsko cena te sestavine;2021-09-07;1;Tržen posel;2022;ETN_008_2022_KPP_2022_ZEMLJISCA_20260724.csv
Z-2022-ETN_008_2022_KPP_2022_ZEMLJISCA_20260724.csv-42;634956;ZEMLJISCE;7;Zemljišče za kmetijsko rabo (njiva, travnik, pašnik);KMETIJSKO;1724;BREZOVICA;;;parcela 3381;1/1;1.0;8356.0;8356.0;;;455436.18;94275.7;14856.6;;Cena posla ni avtomatsko cena te sestavine;2021-09-07;1;Tržen posel;2022;ETN_008_2022_KPP_2022_ZEMLJISCA_20260724.csv
Z-2022-ETN_008_2022_KPP_2022_ZEMLJISCA_20260724.csv-43;657333;ZEMLJISCE;3;Zemljišče, na katerem je ali bo mogoče graditi stavbo in je delno komunalno opremljeno ali komunalno neopremljeno;STAVBNO;1724;BREZOVICA;;;parcela 1337/15;1/4;0.25;576.0;144.0;;;454954.76;96164.49;37129.25;;Cena posla ni avtomatsko cena te sestavine;2022-05-25;3;Drug posel;2022;ETN_008_2022_KPP_2022_ZEMLJISCA_20260724.csv
Z-2022-ETN_008_2022_KPP_2022_ZEMLJISCA_20260724.csv-44;657333;ZEMLJISCE;5;Zemljišče pod stavbo ali drugo stavbi ali delu stavbe pripadajoče zemljišče (zemljišče pod stavbo, dvorišče, dovozna pot, vrt, zelenica, stanovanjski atrij in podobno);PRIPADAJOCE;1724;BREZOVICA;;;parcela 1337/16;1/4;0.25;425.0;106.25;;;454965.56;96143.96;37129.25;;Cena posla ni avtomatsko cena te sestavine;2022-05-25;3;Drug posel;2022;ETN_008_2022_KPP_2022_ZEMLJISCA_20260724.csv
Z-2022-ETN_008_2022_KPP_2022_ZEMLJISCA_20260724.csv-45;657401;ZEMLJISCE;5;Zemljišče pod stavbo ali drugo stavbi ali delu stavbe pripadajoče zemljišče (zemljišče pod stavbo, dvorišče, dovozna pot, vrt, zelenica, stanovanjski atrij in podobno);PRIPADAJOCE;1724;BREZOVICA;;;parcela 1095/16;18/100;0.18;379.0;68.22;;;454529.74;96733.35;140000.0;;Cena posla ni avtomatsko cena te sestavine;2022-05-25;2;Tržen posel – neustrezni podatki;2022;ETN_008_2022_KPP_2022_ZEMLJISCA_20260724.csv
Z-2022-ETN_008_2022_KPP_2022_ZEMLJISCA_20260724.csv-46;657538;ZEMLJISCE;3;Zemljišče, na katerem je ali bo mogoče graditi stavbo in je delno komunalno opremljeno ali komunalno neopremljeno;STAVBNO;1724;BREZOVICA;;;parcela 1462/17;1/1;1.0;693.0;693.0;;;455547.74;96772.39;119600.0;;Cena posla ni avtomatsko cena te sestavine;2022-05-20;2;Tržen posel – neustrezni podatki;2022;ETN_008_2022_KPP_2022_ZEMLJISCA_20260724.csv
Z-2022-ETN_008_2022_KPP_2022_ZEMLJISCA_20260724.csv-47;657538;ZEMLJISCE;3;Zemljišče, na katerem je ali bo mogoče graditi stavbo in je delno komunalno opremljeno ali komunalno neopremljeno;STAVBNO;1724;BREZOVICA;;;parcela 1462/18;1/2;0.5;188.0;94.0;;;455548.76;96781.06;119600.0;;Cena posla ni avtomatsko cena te sestavine;2022-05-20;2;Tržen posel – neustrezni podatki;2022;ETN_008_2022_KPP_2022_ZEMLJISCA_20260724.csv
Z-2022-ETN_008_2022_KPP_2022_ZEMLJISCA_20260724.csv-48;657538;ZEMLJISCE;3;Zemljišče, na katerem je ali bo mogoče graditi stavbo in je delno komunalno opremljeno ali komunalno neopremljeno;STAVBNO;1724;BREZOVICA;;;parcela 1462/13;1/2;0.5;16.0;8.0;;;455603.12;96773.46;119600.0;;Cena posla ni avtomatsko cena te sestavine;2022-05-20;2;Tržen posel – neustrezni podatki;2022;ETN_008_2022_KPP_2022_ZEMLJISCA_20260724.csv
Z-2022-ETN_008_2022_KPP_2022_ZEMLJISCA_20260724.csv-49;657538;ZEMLJISCE;3;Zemljišče, na katerem je ali bo mogoče graditi stavbo in je delno komunalno opremljeno ali komunalno neopremljeno;STAVBNO;1724;BREZOVICA;;;parcela 1462/14;1/2;0.5;159.0;79.5;;;455581.65;96779.26;119600.0;;Cena posla ni avtomatsko cena te sestavine;2022-05-20;2;Tržen posel – neustrezni podatki;2022;ETN_008_2022_KPP_2022_ZEMLJISCA_20260724.csv
Z-2022-ETN_008_2022_KPP_2022_ZEMLJISCA_20260724.csv-50;658111;ZEMLJISCE;9;Zemljišče za gozdno rabo (gozd);GOZDNO;1724;BREZOVICA;;;parcela 2406/5;1/1;1.0;2288.0;2288.0;;;453593.0;94859.82;10000.0;;Cena posla ni avtomatsko cena te sestavine;2022-02-15;1;Tržen posel;2022;ETN_008_2022_KPP_2022_ZEMLJISCA_20260724.csv
Z-2022-ETN_008_2022_KPP_2022_ZEMLJISCA_20260724.csv-51;675703;ZEMLJISCE;2;Zemljišče, na katerem je mogoče graditi stavbo in je komunalno opremljeno (priključki na vodo, elektriko in neposredni dostop do dovozne poti);STAVBNO;1704;KAMNIK;;;parcela 102/11;1/1;1.0;550.0;550.0;;;453884.44;91088.94;77000.0;;Cena posla ni avtomatsko cena te sestavine;2022-10-19;2;Tržen posel – neustrezni podatki;2022;ETN_008_2022_KPP_2022_ZEMLJISCA_20260724.csv
Z-2022-ETN_008_2022_KPP_2022_ZEMLJISCA_20260724.csv-52;654147;ZEMLJISCE;7;Zemljišče za kmetijsko rabo (njiva, travnik, pašnik);KMETIJSKO;1652;RAKITNA;;;parcela 13/1;1/1;1.0;2235.0;2235.0;;;456446.82;83500.27;70000.0;;Cena posla ni avtomatsko cena te sestavine;2022-03-10;4;Neopredeljen posel;2022;ETN_008_2022_KPP_2022_ZEMLJISCA_20260724.csv
Z-2022-ETN_008_2022_KPP_2022_ZEMLJISCA_20260724.csv-53;654147;ZEMLJISCE;7;Zemljišče za kmetijsko rabo (njiva, travnik, pašnik);KMETIJSKO;1652;RAKITNA;;;parcela 13/2;1/1;1.0;44.0;44.0;;;456412.91;83518.01;70000.0;;Cena posla ni avtomatsko cena te sestavine;2022-03-10;4;Neopredeljen posel;2022;ETN_008_2022_KPP_2022_ZEMLJISCA_20260724.csv
Z-2022-ETN_008_2022_KPP_2022_ZEMLJISCA_20260724.csv-54;654147;ZEMLJISCE;7;Zemljišče za kmetijsko rabo (njiva, travnik, pašnik);KMETIJSKO;1652;RAKITNA;;;parcela 13/3;1/1;1.0;53.0;53.0;;;456430.05;83523.9;70000.0;;Cena posla ni avtomatsko cena te sestavine;2022-03-10;4;Neopredeljen posel;2022;ETN_008_2022_KPP_2022_ZEMLJISCA_20260724.csv
Z-2022-ETN_008_2022_KPP_2022_ZEMLJISCA_20260724.csv-55;654147;ZEMLJISCE;7;Zemljišče za kmetijsko rabo (njiva, travnik, pašnik);KMETIJSKO;1652;RAKITNA;;;parcela 12/4;1/1;1.0;116.0;116.0;;;456469.8;83558.55;70000.0;;Cena posla ni avtomatsko cena te sestavine;2022-03-10;4;Neopredeljen posel;2022;ETN_008_2022_KPP_2022_ZEMLJISCA_20260724.csv
Z-2022-ETN_008_2022_KPP_2022_ZEMLJISCA_20260724.csv-56;654147;ZEMLJISCE;3;Zemljišče, na katerem je ali bo mogoče graditi stavbo in je delno komunalno opremljeno ali komunalno neopremljeno;STAVBNO;1652;RAKITNA;;;parcela 12/5;1/1;1.0;364.0;364.0;;;456488.79;83563.2;70000.0;;Cena posla ni avtomatsko cena te sestavine;2022-03-10;4;Neopredeljen posel;2022;ETN_008_2022_KPP_2022_ZEMLJISCA_20260724.csv
Z-2022-ETN_008_2022_KPP_2022_ZEMLJISCA_20260724.csv-57;654147;ZEMLJISCE;3;Zemljišče, na katerem je ali bo mogoče graditi stavbo in je delno komunalno opremljeno ali komunalno neopremljeno;STAVBNO;1652;RAKITNA;;;parcela 12/6;1/1;1.0;1386.0;1386.0;;;456469.82;83534.73;70000.0;;Cena posla ni avtomatsko cena te sestavine;2022-03-10;4;Neopredeljen posel;2022;ETN_008_2022_KPP_2022_ZEMLJISCA_20260724.csv
Z-2022-ETN_008_2022_KPP_2022_ZEMLJISCA_20260724.csv-58;654147;ZEMLJISCE;3;Zemljišče, na katerem je ali bo mogoče graditi stavbo in je delno komunalno opremljeno ali komunalno neopremljeno;STAVBNO;1652;RAKITNA;;;parcela 28/1;1/1;1.0;2286.0;2286.0;;;456735.54;83483.51;70000.0;;Cena posla ni avtomatsko cena te sestavine;2022-03-10;4;Neopredeljen posel;2022;ETN_008_2022_KPP_2022_ZEMLJISCA_20260724.csv
Z-2022-ETN_008_2022_KPP_2022_ZEMLJISCA_20260724.csv-59;654147;ZEMLJISCE;3;Zemljišče, na katerem je ali bo mogoče graditi stavbo in je delno komunalno opremljeno ali komunalno neopremljeno;STAVBNO;1652;RAKITNA;;;parcela 28/3;1/1;1.0;17.0;17.0;;;456787.53;83445.61;70000.0;;Cena posla ni avtomatsko cena te sestavine;2022-03-10;4;Neopredeljen posel;2022;ETN_008_2022_KPP_2022_ZEMLJISCA_20260724.csv
Z-2022-ETN_008_2022_KPP_2022_ZEMLJISCA_20260724.csv-60;654147;ZEMLJISCE;3;Zemljišče, na katerem je ali bo mogoče graditi stavbo in je delno komunalno opremljeno ali komunalno neopremljeno;STAVBNO;1652;RAKITNA;;;parcela 28/4;1/1;1.0;147.0;147.0;;;456790.62;83450.53;70000.0;;Cena posla ni avtomatsko cena te sestavine;2022-03-10;4;Neopredeljen posel;2022;ETN_008_2022_KPP_2022_ZEMLJISCA_20260724.csv
Z-2022-ETN_008_2022_KPP_2022_ZEMLJISCA_20260724.csv-61;654055;ZEMLJISCE;5;Zemljišče pod stavbo ali drugo stavbi ali delu stavbe pripadajoče zemljišče (zemljišče pod stavbo, dvorišče, dovozna pot, vrt, zelenica, stanovanjski atrij in podobno);PRIPADAJOCE;1705;PRESERJE;;;parcela 240/1;1/1;1.0;2362.0;2362.0;;;455234.61;90752.07;810000.0;;Cena posla ni avtomatsko cena te sestavine;2022-04-28;2;Tržen posel – neustrezni podatki;2022;ETN_008_2022_KPP_2022_ZEMLJISCA_20260724.csv
Z-2022-ETN_008_2022_KPP_2022_ZEMLJISCA_20260724.csv-62;654068;ZEMLJISCE;5;Zemljišče pod stavbo ali drugo stavbi ali delu stavbe pripadajoče zemljišče (zemljišče pod stavbo, dvorišče, dovozna pot, vrt, zelenica, stanovanjski atrij in podobno);PRIPADAJOCE;1652;RAKITNA;;;parcela 1272/11;1/1;1.0;269.0;269.0;;;456254.73;82911.71;146000.0;;Cena posla ni avtomatsko cena te sestavine;2022-05-06;2;Tržen posel – neustrezni podatki;2022;ETN_008_2022_KPP_2022_ZEMLJISCA_20260724.csv
Z-2022-ETN_008_2022_KPP_2022_ZEMLJISCA_20260724.csv-63;654068;ZEMLJISCE;5;Zemljišče pod stavbo ali drugo stavbi ali delu stavbe pripadajoče zemljišče (zemljišče pod stavbo, dvorišče, dovozna pot, vrt, zelenica, stanovanjski atrij in podobno);PRIPADAJOCE;1652;RAKITNA;;;parcela 1272/23;1/1;1.0;3.0;3.0;;;456256.67;82924.29;146000.0;;Cena posla ni avtomatsko cena te sestavine;2022-05-06;2;Tržen posel – neustrezni podatki;2022;ETN_008_2022_KPP_2022_ZEMLJISCA_20260724.csv
Z-2022-ETN_008_2022_KPP_2022_ZEMLJISCA_20260724.csv-64;654068;ZEMLJISCE;5;Zemljišče pod stavbo ali drugo stavbi ali delu stavbe pripadajoče zemljišče (zemljišče pod stavbo, dvorišče, dovozna pot, vrt, zelenica, stanovanjski atrij in podobno);PRIPADAJOCE;1652;RAKITNA;;;parcela 1273/2;1/1;1.0;360.0;360.0;;;456289.24;82886.97;146000.0;;Cena posla ni avtomatsko cena te sestavine;2022-05-06;2;Tržen posel – neustrezni podatki;2022;ETN_008_2022_KPP_2022_ZEMLJISCA_20260724.csv
Z-2022-ETN_008_2022_KPP_2022_ZEMLJISCA_20260724.csv-65;654068;ZEMLJISCE;5;Zemljišče pod stavbo ali drugo stavbi ali delu stavbe pripadajoče zemljišče (zemljišče pod stavbo, dvorišče, dovozna pot, vrt, zelenica, stanovanjski atrij in podobno);PRIPADAJOCE;1652;RAKITNA;;;parcela 1273/32;1/1;1.0;502.0;502.0;;;456274.07;82885.46;146000.0;;Cena posla ni avtomatsko cena te sestavine;2022-05-06;2;Tržen posel – neustrezni podatki;2022;ETN_008_2022_KPP_2022_ZEMLJISCA_20260724.csv
Z-2022-ETN_008_2022_KPP_2022_ZEMLJISCA_20260724.csv-66;654068;ZEMLJISCE;3;Zemljišče, na katerem je ali bo mogoče graditi stavbo in je delno komunalno opremljeno ali komunalno neopremljeno;STAVBNO;1652;RAKITNA;;;parcela 1273/36;1/1;1.0;366.0;366.0;;;456304.74;82873.93;146000.0;;Cena posla ni avtomatsko cena te sestavine;2022-05-06;2;Tržen posel – neustrezni podatki;2022;ETN_008_2022_KPP_2022_ZEMLJISCA_20260724.csv
Z-2022-ETN_008_2022_KPP_2022_ZEMLJISCA_20260724.csv-67;654068;ZEMLJISCE;5;Zemljišče pod stavbo ali drugo stavbi ali delu stavbe pripadajoče zemljišče (zemljišče pod stavbo, dvorišče, dovozna pot, vrt, zelenica, stanovanjski atrij in podobno);PRIPADAJOCE;1652;RAKITNA;;;parcela 1273/37;1/1;1.0;544.0;544.0;;;456263.08;82816.39;146000.0;;Cena posla ni avtomatsko cena te sestavine;2022-05-06;2;Tržen posel – neustrezni podatki;2022;ETN_008_2022_KPP_2022_ZEMLJISCA_20260724.csv
Z-2022-ETN_008_2022_KPP_2022_ZEMLJISCA_20260724.csv-68;665232;ZEMLJISCE;7;Zemljišče za kmetijsko rabo (njiva, travnik, pašnik);KMETIJSKO;1724;BREZOVICA;;;parcela 1239/10;1/1;1.0;620.0;620.0;;;454703.35;95933.27;125910.0;;Cena posla ni avtomatsko cena te sestavine;2022-07-12;1;Tržen posel;2022;ETN_008_2022_KPP_2022_ZEMLJISCA_20260724.csv
Z-2022-ETN_008_2022_KPP_2022_ZEMLJISCA_20260724.csv-69;665232;ZEMLJISCE;7;Zemljišče za kmetijsko rabo (njiva, travnik, pašnik);KMETIJSKO;1724;BREZOVICA;;;parcela 1239/11;1/1;1.0;779.0;779.0;;;454684.24;95937.97;125910.0;;Cena posla ni avtomatsko cena te sestavine;2022-07-12;1;Tržen posel;2022;ETN_008_2022_KPP_2022_ZEMLJISCA_20260724.csv
Z-2022-ETN_008_2022_KPP_2022_ZEMLJISCA_20260724.csv-70;665239;ZEMLJISCE;5;Zemljišče pod stavbo ali drugo stavbi ali delu stavbe pripadajoče zemljišče (zemljišče pod stavbo, dvorišče, dovozna pot, vrt, zelenica, stanovanjski atrij in podobno);PRIPADAJOCE;1724;BREZOVICA;;;parcela 340/41;1/1;1.0;711.0;711.0;;;455446.28;98311.97;110000.0;;Cena posla ni avtomatsko cena te sestavine;2022-08-02;2;Tržen posel – neustrezni podatki;2022;ETN_008_2022_KPP_2022_ZEMLJISCA_20260724.csv
Z-2022-ETN_008_2022_KPP_2022_ZEMLJISCA_20260724.csv-71;661296;ZEMLJISCE;9;Zemljišče za gozdno rabo (gozd);GOZDNO;1652;RAKITNA;;;parcela 1770;1/1;1.0;8301.0;8301.0;;;457809.81;84418.36;10500.0;;Cena posla ni avtomatsko cena te sestavine;2022-06-23;1;Tržen posel;2022;ETN_008_2022_KPP_2022_ZEMLJISCA_20260724.csv
Z-2022-ETN_008_2022_KPP_2022_ZEMLJISCA_20260724.csv-72;661204;ZEMLJISCE;5;Zemljišče pod stavbo ali drugo stavbi ali delu stavbe pripadajoče zemljišče (zemljišče pod stavbo, dvorišče, dovozna pot, vrt, zelenica, stanovanjski atrij in podobno);PRIPADAJOCE;1724;BREZOVICA;;;parcela 2141/5;1/6;0.16666666666666666;691.0;115.16666666666666;;;454073.97;95187.19;30000.0;;Cena posla ni avtomatsko cena te sestavine;2022-06-20;3;Drug posel;2022;ETN_008_2022_KPP_2022_ZEMLJISCA_20260724.csv
Z-2022-ETN_008_2022_KPP_2022_ZEMLJISCA_20260724.csv-73;661187;ZEMLJISCE;9;Zemljišče za gozdno rabo (gozd);GOZDNO;1705;PRESERJE;;;parcela 2178/26;1/1;1.0;17606.0;17606.0;;;457409.4;87561.65;18597.0;;Cena posla ni avtomatsko cena te sestavine;2022-04-16;1;Tržen posel;2022;ETN_008_2022_KPP_2022_ZEMLJISCA_20260724.csv
Z-2022-ETN_008_2022_KPP_2022_ZEMLJISCA_20260724.csv-74;661187;ZEMLJISCE;9;Zemljišče za gozdno rabo (gozd);GOZDNO;1705;PRESERJE;;;parcela 2178/25;1/1;1.0;4143.0;4143.0;;;457348.56;87449.18;18597.0;;Cena posla ni avtomatsko cena te sestavine;2022-04-16;1;Tržen posel;2022;ETN_008_2022_KPP_2022_ZEMLJISCA_20260724.csv
Z-2022-ETN_008_2022_KPP_2022_ZEMLJISCA_20260724.csv-75;661187;ZEMLJISCE;9;Zemljišče za gozdno rabo (gozd);GOZDNO;1705;PRESERJE;;;parcela 2178/43;1/1;1.0;11931.0;11931.0;;;457330.44;87382.74;18597.0;;Cena posla ni avtomatsko cena te sestavine;2022-04-16;1;Tržen posel;2022;ETN_008_2022_KPP_2022_ZEMLJISCA_20260724.csv
Z-2022-ETN_008_2022_KPP_2022_ZEMLJISCA_20260724.csv-76;661187;ZEMLJISCE;9;Zemljišče za gozdno rabo (gozd);GOZDNO;1705;PRESERJE;;;parcela 2178/44;1/1;1.0;136.0;136.0;;;457349.44;87389.98;18597.0;;Cena posla ni avtomatsko cena te sestavine;2022-04-16;1;Tržen posel;2022;ETN_008_2022_KPP_2022_ZEMLJISCA_20260724.csv
Z-2022-ETN_008_2022_KPP_2022_ZEMLJISCA_20260724.csv-77;661284;ZEMLJISCE;5;Zemljišče pod stavbo ali drugo stavbi ali delu stavbe pripadajoče zemljišče (zemljišče pod stavbo, dvorišče, dovozna pot, vrt, zelenica, stanovanjski atrij in podobno);PRIPADAJOCE;1703;JEZERO;;;parcela 662/4;1/1;1.0;698.0;698.0;;;456384.17;92172.46;50000.0;;Cena posla ni avtomatsko cena te sestavine;2022-06-24;3;Drug posel;2022;ETN_008_2022_KPP_2022_ZEMLJISCA_20260724.csv
Z-2022-ETN_008_2022_KPP_2022_ZEMLJISCA_20260724.csv-78;661284;ZEMLJISCE;3;Zemljišče, na katerem je ali bo mogoče graditi stavbo in je delno komunalno opremljeno ali komunalno neopremljeno;STAVBNO;1703;JEZERO;;;parcela 662/7;1/1;1.0;12.0;12.0;;;456376.94;92168.63;50000.0;;Cena posla ni avtomatsko cena te sestavine;2022-06-24;3;Drug posel;2022;ETN_008_2022_KPP_2022_ZEMLJISCA_20260724.csv
Z-2022-ETN_008_2022_KPP_2022_ZEMLJISCA_20260724.csv-79;661451;ZEMLJISCE;5;Zemljišče pod stavbo ali drugo stavbi ali delu stavbe pripadajoče zemljišče (zemljišče pod stavbo, dvorišče, dovozna pot, vrt, zelenica, stanovanjski atrij in podobno);PRIPADAJOCE;1705;PRESERJE;;;parcela 2254/11;1/1;1.0;91.0;91.0;;;454283.0;91400.0;6370.0;;Cena posla ni avtomatsko cena te sestavine;2022-06-22;4;Neopredeljen posel;2022;ETN_008_2022_KPP_2022_ZEMLJISCA_20260724.csv
Z-2022-ETN_008_2022_KPP_2022_ZEMLJISCA_20260724.csv-80;673754;ZEMLJISCE;9;Zemljišče za gozdno rabo (gozd);GOZDNO;1724;BREZOVICA;;;parcela 76;1/1;1.0;8913.0;8913.0;;;454125.09;99006.58;15000.0;;Cena posla ni avtomatsko cena te sestavine;2022-09-02;1;Tržen posel;2022;ETN_008_2022_KPP_2022_ZEMLJISCA_20260724.csv
Z-2022-ETN_008_2022_KPP_2022_ZEMLJISCA_20260724.csv-81;673933;ZEMLJISCE;5;Zemljišče pod stavbo ali drugo stavbi ali delu stavbe pripadajoče zemljišče (zemljišče pod stavbo, dvorišče, dovozna pot, vrt, zelenica, stanovanjski atrij in podobno);PRIPADAJOCE;1724;BREZOVICA;;;parcela 1005/21;1/1;1.0;150.0;150.0;;;453988.17;95800.93;260000.0;;Cena posla ni avtomatsko cena te sestavine;2022-10-18;2;Tržen posel – neustrezni podatki;2022;ETN_008_2022_KPP_2022_ZEMLJISCA_20260724.csv
Z-2022-ETN_008_2022_KPP_2022_ZEMLJISCA_20260724.csv-82;673933;ZEMLJISCE;5;Zemljišče pod stavbo ali drugo stavbi ali delu stavbe pripadajoče zemljišče (zemljišče pod stavbo, dvorišče, dovozna pot, vrt, zelenica, stanovanjski atrij in podobno);PRIPADAJOCE;1724;BREZOVICA;;;parcela 1005/19;1/1;1.0;30.0;30.0;;;453990.1;95793.6;260000.0;;Cena posla ni avtomatsko cena te sestavine;2022-10-18;2;Tržen posel – neustrezni podatki;2022;ETN_008_2022_KPP_2022_ZEMLJISCA_20260724.csv
Z-2022-ETN_008_2022_KPP_2022_ZEMLJISCA_20260724.csv-83;662398;ZEMLJISCE;3;Zemljišče, na katerem je ali bo mogoče graditi stavbo in je delno komunalno opremljeno ali komunalno neopremljeno;STAVBNO;1652;RAKITNA;;;parcela 1208/337;1/1;1.0;1129.0;1129.0;;;455943.55;83664.68;129000.0;;Cena posla ni avtomatsko cena te sestavine;2022-07-06;2;Tržen posel – neustrezni podatki;2022;ETN_008_2022_KPP_2022_ZEMLJISCA_20260724.csv
Z-2022-ETN_008_2022_KPP_2022_ZEMLJISCA_20260724.csv-84;662398;ZEMLJISCE;6;Zemljišče, na katerem je cesta ali parkirišče;INFRASTRUKTURA;1652;RAKITNA;;;parcela 1208/157;1/10;0.1;719.0;71.9;;;455840.85;83575.99;129000.0;;Cena posla ni avtomatsko cena te sestavine;2022-07-06;2;Tržen posel – neustrezni podatki;2022;ETN_008_2022_KPP_2022_ZEMLJISCA_20260724.csv
Z-2022-ETN_008_2022_KPP_2022_ZEMLJISCA_20260724.csv-85;662372;ZEMLJISCE;5;Zemljišče pod stavbo ali drugo stavbi ali delu stavbe pripadajoče zemljišče (zemljišče pod stavbo, dvorišče, dovozna pot, vrt, zelenica, stanovanjski atrij in podobno);PRIPADAJOCE;1652;RAKITNA;;;parcela 892/9;1/1;1.0;950.0;950.0;;;456167.98;83202.58;222500.0;;Cena posla ni avtomatsko cena te sestavine;2022-07-07;2;Tržen posel – neustrezni podatki;2022;ETN_008_2022_KPP_2022_ZEMLJISCA_20260724.csv
Z-2022-ETN_008_2022_KPP_2022_ZEMLJISCA_20260724.csv-86;674177;ZEMLJISCE;5;Zemljišče pod stavbo ali drugo stavbi ali delu stavbe pripadajoče zemljišče (zemljišče pod stavbo, dvorišče, dovozna pot, vrt, zelenica, stanovanjski atrij in podobno);PRIPADAJOCE;1652;RAKITNA;;;parcela 1391/22;1/1;1.0;706.0;706.0;;;456742.26;82800.5;210000.0;;Cena posla ni avtomatsko cena te sestavine;2022-10-19;2;Tržen posel – neustrezni podatki;2022;ETN_008_2022_KPP_2022_ZEMLJISCA_20260724.csv
Z-2022-ETN_008_2022_KPP_2022_ZEMLJISCA_20260724.csv-87;674123;ZEMLJISCE;9;Zemljišče za gozdno rabo (gozd);GOZDNO;1705;PRESERJE;;;parcela 2337;1/1;1.0;40401.0;40401.0;;;457698.16;86182.15;28280.1;;Cena posla ni avtomatsko cena te sestavine;2022-09-30;1;Tržen posel;2022;ETN_008_2022_KPP_2022_ZEMLJISCA_20260724.csv
Z-2022-ETN_008_2022_KPP_2022_ZEMLJISCA_20260724.csv-88;669369;ZEMLJISCE;5;Zemljišče pod stavbo ali drugo stavbi ali delu stavbe pripadajoče zemljišče (zemljišče pod stavbo, dvorišče, dovozna pot, vrt, zelenica, stanovanjski atrij in podobno);PRIPADAJOCE;1724;BREZOVICA;;;parcela 1005/10;45/100;0.45;229.0;103.05;;;454101.31;95802.5;117500.0;;Cena posla ni avtomatsko cena te sestavine;2022-08-31;3;Drug posel;2022;ETN_008_2022_KPP_2022_ZEMLJISCA_20260724.csv
Z-2022-ETN_008_2022_KPP_2022_ZEMLJISCA_20260724.csv-89;669369;ZEMLJISCE;5;Zemljišče pod stavbo ali drugo stavbi ali delu stavbe pripadajoče zemljišče (zemljišče pod stavbo, dvorišče, dovozna pot, vrt, zelenica, stanovanjski atrij in podobno);PRIPADAJOCE;1724;BREZOVICA;;;parcela 1005/6;1/18;0.05555555555555555;103.0;5.722222222222222;;;454049.91;95796.49;117500.0;;Cena posla ni avtomatsko cena te sestavine;2022-08-31;3;Drug posel;2022;ETN_008_2022_KPP_2022_ZEMLJISCA_20260724.csv
Z-2022-ETN_008_2022_KPP_2022_ZEMLJISCA_20260724.csv-90;669375;ZEMLJISCE;7;Zemljišče za kmetijsko rabo (njiva, travnik, pašnik);KMETIJSKO;1652;RAKITNA;;;parcela 1150/4;1/1;1.0;1323.0;1323.0;;;455485.24;83988.37;6615.0;;Cena posla ni avtomatsko cena te sestavine;2022-09-01;2;Tržen posel – neustrezni podatki;2022;ETN_008_2022_KPP_2022_ZEMLJISCA_20260724.csv
Z-2022-ETN_008_2022_KPP_2022_ZEMLJISCA_20260724.csv-91;669247;ZEMLJISCE;5;Zemljišče pod stavbo ali drugo stavbi ali delu stavbe pripadajoče zemljišče (zemljišče pod stavbo, dvorišče, dovozna pot, vrt, zelenica, stanovanjski atrij in podobno);PRIPADAJOCE;1724;BREZOVICA;;;parcela 2581;1/1;1.0;592.0;592.0;;;453473.33;94375.01;100000.0;;Cena posla ni avtomatsko cena te sestavine;2022-09-01;2;Tržen posel – neustrezni podatki;2022;ETN_008_2022_KPP_2022_ZEMLJISCA_20260724.csv
Z-2022-ETN_008_2022_KPP_2022_ZEMLJISCA_20260724.csv-92;638331;ZEMLJISCE;2;Zemljišče, na katerem je mogoče graditi stavbo in je komunalno opremljeno (priključki na vodo, elektriko in neposredni dostop do dovozne poti);STAVBNO;1724;BREZOVICA;;;parcela 1453/7;1/1;1.0;860.0;860.0;;;455478.67;96506.98;193500.0;;Cena posla ni avtomatsko cena te sestavine;2021-12-13;2;Tržen posel – neustrezni podatki;2022;ETN_008_2022_KPP_2022_ZEMLJISCA_20260724.csv
Z-2022-ETN_008_2022_KPP_2022_ZEMLJISCA_20260724.csv-93;638331;ZEMLJISCE;2;Zemljišče, na katerem je mogoče graditi stavbo in je komunalno opremljeno (priključki na vodo, elektriko in neposredni dostop do dovozne poti);STAVBNO;1724;BREZOVICA;;;parcela 1453/8;1/1;1.0;78.0;78.0;;;455481.94;96515.74;193500.0;;Cena posla ni avtomatsko cena te sestavine;2021-12-13;2;Tržen posel – neustrezni podatki;2022;ETN_008_2022_KPP_2022_ZEMLJISCA_20260724.csv
Z-2022-ETN_008_2022_KPP_2022_ZEMLJISCA_20260724.csv-94;638401;ZEMLJISCE;3;Zemljišče, na katerem je ali bo mogoče graditi stavbo in je delno komunalno opremljeno ali komunalno neopremljeno;STAVBNO;1704;KAMNIK;;;parcela 844/7;1/1;1.0;437.0;437.0;;;453448.97;91000.16;56000.0;;Cena posla ni avtomatsko cena te sestavine;2022-01-06;2;Tržen posel – neustrezni podatki;2022;ETN_008_2022_KPP_2022_ZEMLJISCA_20260724.csv
Z-2022-ETN_008_2022_KPP_2022_ZEMLJISCA_20260724.csv-95;638401;ZEMLJISCE;3;Zemljišče, na katerem je ali bo mogoče graditi stavbo in je delno komunalno opremljeno ali komunalno neopremljeno;STAVBNO;1704;KAMNIK;;;parcela 1061/4;1/1;1.0;263.0;263.0;;;453445.1;90982.33;56000.0;;Cena posla ni avtomatsko cena te sestavine;2022-01-06;2;Tržen posel – neustrezni podatki;2022;ETN_008_2022_KPP_2022_ZEMLJISCA_20260724.csv
Z-2022-ETN_008_2022_KPP_2022_ZEMLJISCA_20260724.csv-96;670054;ZEMLJISCE;3;Zemljišče, na katerem je ali bo mogoče graditi stavbo in je delno komunalno opremljeno ali komunalno neopremljeno;STAVBNO;1652;RAKITNA;;;parcela 1208/365;1/1;1.0;66.0;66.0;;;455948.32;83504.01;3300.0;;Cena posla ni avtomatsko cena te sestavine;2022-09-08;2;Tržen posel – neustrezni podatki;2022;ETN_008_2022_KPP_2022_ZEMLJISCA_20260724.csv
Z-2022-ETN_008_2022_KPP_2022_ZEMLJISCA_20260724.csv-97;670064;ZEMLJISCE;5;Zemljišče pod stavbo ali drugo stavbi ali delu stavbe pripadajoče zemljišče (zemljišče pod stavbo, dvorišče, dovozna pot, vrt, zelenica, stanovanjski atrij in podobno);PRIPADAJOCE;1652;RAKITNA;;;parcela 1378/2;1/1;1.0;618.0;618.0;;;456635.6;82512.69;332000.0;;Cena posla ni avtomatsko cena te sestavine;2022-09-09;2;Tržen posel – neustrezni podatki;2022;ETN_008_2022_KPP_2022_ZEMLJISCA_20260724.csv
Z-2022-ETN_008_2022_KPP_2022_ZEMLJISCA_20260724.csv-98;670056;ZEMLJISCE;7;Zemljišče za kmetijsko rabo (njiva, travnik, pašnik);KMETIJSKO;1724;BREZOVICA;;;parcela 1315/12;1/1;1.0;800.0;800.0;;;455629.22;95581.96;4000.0;;Cena posla ni avtomatsko cena te sestavine;2022-08-25;1;Tržen posel;2022;ETN_008_2022_KPP_2022_ZEMLJISCA_20260724.csv
Z-2022-ETN_008_2022_KPP_2022_ZEMLJISCA_20260724.csv-99;670057;ZEMLJISCE;7;Zemljišče za kmetijsko rabo (njiva, travnik, pašnik);KMETIJSKO;1724;BREZOVICA;;;parcela 3399/1;1/1;1.0;5201.0;5201.0;;;451240.09;92107.04;25000.0;;Cena posla ni avtomatsko cena te sestavine;2022-09-12;1;Tržen posel;2022;ETN_008_2022_KPP_2022_ZEMLJISCA_20260724.csv
Z-2022-ETN_008_2022_KPP_2022_ZEMLJISCA_20260724.csv-100;637328;ZEMLJISCE;3;Zemljišče, na katerem je ali bo mogoče graditi stavbo in je delno komunalno opremljeno ali komunalno neopremljeno;STAVBNO;1724;BREZOVICA;;;parcela 607/78;1/1;1.0;700.0;700.0;;;454503.47;97914.95;112000.0;;Cena posla ni avtomatsko cena te sestavine;2021-12-23;4;Neopredeljen posel;2022;ETN_008_2022_KPP_2022_ZEMLJISCA_20260724.csv
Z-2022-ETN_008_2022_KPP_2022_ZEMLJISCA_20260724.csv-101;637151;ZEMLJISCE;7;Zemljišče za kmetijsko rabo (njiva, travnik, pašnik);KMETIJSKO;1724;BREZOVICA;;;parcela 3367/1;1/1;1.0;3190.0;3190.0;;;454731.42;94320.7;20518.0;;Cena posla ni avtomatsko cena te sestavine;2021-09-07;1;Tržen posel;2022;ETN_008_2022_KPP_2022_ZEMLJISCA_20260724.csv
Z-2022-ETN_008_2022_KPP_2022_ZEMLJISCA_20260724.csv-102;637151;ZEMLJISCE;7;Zemljišče za kmetijsko rabo (njiva, travnik, pašnik);KMETIJSKO;1724;BREZOVICA;;;parcela 3367/2;1/1;1.0;2115.0;2115.0;;;454733.88;94289.43;20518.0;;Cena posla ni avtomatsko cena te sestavine;2021-09-07;1;Tržen posel;2022;ETN_008_2022_KPP_2022_ZEMLJISCA_20260724.csv
Z-2022-ETN_008_2022_KPP_2022_ZEMLJISCA_20260724.csv-103;637151;ZEMLJISCE;7;Zemljišče za kmetijsko rabo (njiva, travnik, pašnik);KMETIJSKO;1724;BREZOVICA;;;parcela 3386/48;1/1;1.0;2548.0;2548.0;;;455581.42;94144.95;20518.0;;Cena posla ni avtomatsko cena te sestavine;2021-09-07;1;Tržen posel;2022;ETN_008_2022_KPP_2022_ZEMLJISCA_20260724.csv
Z-2022-ETN_008_2022_KPP_2022_ZEMLJISCA_20260724.csv-104;637151;ZEMLJISCE;7;Zemljišče za kmetijsko rabo (njiva, travnik, pašnik);KMETIJSKO;1724;BREZOVICA;;;parcela 3386/49;1/1;1.0;2535.0;2535.0;;;455586.73;94148.9;20518.0;;Cena posla ni avtomatsko cena te sestavine;2021-09-07;1;Tržen posel;2022;ETN_008_2022_KPP_2022_ZEMLJISCA_20260724.csv
Z-2022-ETN_008_2022_KPP_2022_ZEMLJISCA_20260724.csv-105;637151;ZEMLJISCE;7;Zemljišče za kmetijsko rabo (njiva, travnik, pašnik);KMETIJSKO;1724;BREZOVICA;;;parcela 3386/50;1/1;1.0;2520.0;2520.0;;;455592.39;94153.67;20518.0;;Cena posla ni avtomatsko cena te sestavine;2021-09-07;1;Tržen posel;2022;ETN_008_2022_KPP_2022_ZEMLJISCA_20260724.csv
Z-2022-ETN_008_2022_KPP_2022_ZEMLJISCA_20260724.csv-106;637151;ZEMLJISCE;7;Zemljišče za kmetijsko rabo (njiva, travnik, pašnik);KMETIJSKO;1724;BREZOVICA;;;parcela 3386/51;1/1;1.0;2542.0;2542.0;;;455641.16;94104.84;20518.0;;Cena posla ni avtomatsko cena te sestavine;2021-09-07;1;Tržen posel;2022;ETN_008_2022_KPP_2022_ZEMLJISCA_20260724.csv
Z-2022-ETN_008_2022_KPP_2022_ZEMLJISCA_20260724.csv-107;637151;ZEMLJISCE;7;Zemljišče za kmetijsko rabo (njiva, travnik, pašnik);KMETIJSKO;1724;BREZOVICA;;;parcela 3386/59;1/1;1.0;2525.0;2525.0;;;455819.8;93993.87;20518.0;;Cena posla ni avtomatsko cena te sestavine;2021-09-07;1;Tržen posel;2022;ETN_008_2022_KPP_2022_ZEMLJISCA_20260724.csv
Z-2022-ETN_008_2022_KPP_2022_ZEMLJISCA_20260724.csv-108;637151;ZEMLJISCE;7;Zemljišče za kmetijsko rabo (njiva, travnik, pašnik);KMETIJSKO;1724;BREZOVICA;;;parcela 3386/61;1/1;1.0;2543.0;2543.0;;;455763.5;94079.22;20518.0;;Cena posla ni avtomatsko cena te sestavine;2021-09-07;1;Tržen posel;2022;ETN_008_2022_KPP_2022_ZEMLJISCA_20260724.csv
Z-2022-ETN_008_2022_KPP_2022_ZEMLJISCA_20260724.csv-109;637190;ZEMLJISCE;3;Zemljišče, na katerem je ali bo mogoče graditi stavbo in je delno komunalno opremljeno ali komunalno neopremljeno;STAVBNO;1724;BREZOVICA;;;parcela 961/6;1/1;1.0;527.0;527.0;;;453795.23;95680.09;65000.0;;Cena posla ni avtomatsko cena te sestavine;2021-12-24;2;Tržen posel – neustrezni podatki;2022;ETN_008_2022_KPP_2022_ZEMLJISCA_20260724.csv
Z-2022-ETN_008_2022_KPP_2022_ZEMLJISCA_20260724.csv-110;637214;ZEMLJISCE;5;Zemljišče pod stavbo ali drugo stavbi ali delu stavbe pripadajoče zemljišče (zemljišče pod stavbo, dvorišče, dovozna pot, vrt, zelenica, stanovanjski atrij in podobno);PRIPADAJOCE;1704;KAMNIK;;;parcela 877/14;1/2;0.5;311.0;155.5;;;453247.4;91839.92;64000.0;;Cena posla ni avtomatsko cena te sestavine;2021-11-17;3;Drug posel;2022;ETN_008_2022_KPP_2022_ZEMLJISCA_20260724.csv
Z-2022-ETN_008_2022_KPP_2022_ZEMLJISCA_20260724.csv-111;637214;ZEMLJISCE;5;Zemljišče pod stavbo ali drugo stavbi ali delu stavbe pripadajoče zemljišče (zemljišče pod stavbo, dvorišče, dovozna pot, vrt, zelenica, stanovanjski atrij in podobno);PRIPADAJOCE;1704;KAMNIK;;;parcela 877/15;1/2;0.5;64.0;32.0;;;453254.34;91834.97;64000.0;;Cena posla ni avtomatsko cena te sestavine;2021-11-17;3;Drug posel;2022;ETN_008_2022_KPP_2022_ZEMLJISCA_20260724.csv
Z-2022-ETN_008_2022_KPP_2022_ZEMLJISCA_20260724.csv-112;648783;ZEMLJISCE;1;Zemljišče na katerem je mogoče graditi stavbo in ima gradbeno dovoljenje;STAVBNO;1652;RAKITNA;;;parcela 119/3;1/1;1.0;226.0;226.0;;;456524.01;83798.59;5000.0;;Cena posla ni avtomatsko cena te sestavine;2022-03-18;2;Tržen posel – neustrezni podatki;2022;ETN_008_2022_KPP_2022_ZEMLJISCA_20260724.csv
Z-2022-ETN_008_2022_KPP_2022_ZEMLJISCA_20260724.csv-113;648775;ZEMLJISCE;5;Zemljišče pod stavbo ali drugo stavbi ali delu stavbe pripadajoče zemljišče (zemljišče pod stavbo, dvorišče, dovozna pot, vrt, zelenica, stanovanjski atrij in podobno);PRIPADAJOCE;1652;RAKITNA;;;parcela 1208/86;1/1;1.0;421.0;421.0;;;455734.31;83383.7;235000.0;;Cena posla ni avtomatsko cena te sestavine;2022-03-25;2;Tržen posel – neustrezni podatki;2022;ETN_008_2022_KPP_2022_ZEMLJISCA_20260724.csv
Z-2022-ETN_008_2022_KPP_2022_ZEMLJISCA_20260724.csv-114;648775;ZEMLJISCE;6;Zemljišče, na katerem je cesta ali parkirišče;INFRASTRUKTURA;1652;RAKITNA;;;parcela 1208/254;1/1;1.0;91.0;91.0;;;455737.65;83365.55;235000.0;;Cena posla ni avtomatsko cena te sestavine;2022-03-25;2;Tržen posel – neustrezni podatki;2022;ETN_008_2022_KPP_2022_ZEMLJISCA_20260724.csv
Z-2022-ETN_008_2022_KPP_2022_ZEMLJISCA_20260724.csv-115;648984;ZEMLJISCE;1;Zemljišče na katerem je mogoče graditi stavbo in ima gradbeno dovoljenje;STAVBNO;1652;RAKITNA;;;parcela 1293/16;1/1;1.0;391.0;391.0;;;456314.16;82764.63;32583.33;;Cena posla ni avtomatsko cena te sestavine;2022-03-24;2;Tržen posel – neustrezni podatki;2022;ETN_008_2022_KPP_2022_ZEMLJISCA_20260724.csv
Z-2022-ETN_008_2022_KPP_2022_ZEMLJISCA_20260724.csv-116;648984;ZEMLJISCE;1;Zemljišče na katerem je mogoče graditi stavbo in ima gradbeno dovoljenje;STAVBNO;1652;RAKITNA;;;parcela 1293/12;1/1;1.0;109.0;109.0;;;456305.32;82761.36;32583.33;;Cena posla ni avtomatsko cena te sestavine;2022-03-24;2;Tržen posel – neustrezni podatki;2022;ETN_008_2022_KPP_2022_ZEMLJISCA_20260724.csv
Z-2022-ETN_008_2022_KPP_2022_ZEMLJISCA_20260724.csv-117;649043;ZEMLJISCE;5;Zemljišče pod stavbo ali drugo stavbi ali delu stavbe pripadajoče zemljišče (zemljišče pod stavbo, dvorišče, dovozna pot, vrt, zelenica, stanovanjski atrij in podobno);PRIPADAJOCE;1652;RAKITNA;;;parcela 49/4;1/3;0.3333333333333333;402.0;134.0;;;456656.34;83621.81;25000.0;;Cena posla ni avtomatsko cena te sestavine;2022-03-16;3;Drug posel;2022;ETN_008_2022_KPP_2022_ZEMLJISCA_20260724.csv
Z-2022-ETN_008_2022_KPP_2022_ZEMLJISCA_20260724.csv-118;649043;ZEMLJISCE;5;Zemljišče pod stavbo ali drugo stavbi ali delu stavbe pripadajoče zemljišče (zemljišče pod stavbo, dvorišče, dovozna pot, vrt, zelenica, stanovanjski atrij in podobno);PRIPADAJOCE;1652;RAKITNA;;;parcela *11;1/1;1.0;271.0;271.0;;;456659.1;83633.41;25000.0;;Cena posla ni avtomatsko cena te sestavine;2022-03-16;3;Drug posel;2022;ETN_008_2022_KPP_2022_ZEMLJISCA_20260724.csv
Z-2022-ETN_008_2022_KPP_2022_ZEMLJISCA_20260724.csv-119;651444;ZEMLJISCE;3;Zemljišče, na katerem je ali bo mogoče graditi stavbo in je delno komunalno opremljeno ali komunalno neopremljeno;STAVBNO;1652;RAKITNA;;;parcela 1295/9;7/16;0.4375;440.0;192.5;;;456397.89;82714.03;941.5;;Cena posla ni avtomatsko cena te sestavine;2022-03-21;4;Neopredeljen posel;2022;ETN_008_2022_KPP_2022_ZEMLJISCA_20260724.csv
Z-2022-ETN_008_2022_KPP_2022_ZEMLJISCA_20260724.csv-120;649057;ZEMLJISCE;1;Zemljišče na katerem je mogoče graditi stavbo in ima gradbeno dovoljenje;STAVBNO;1652;RAKITNA;;;parcela 1294/11;1/1;1.0;509.0;509.0;;;456324.42;82773.82;42416.67;;Cena posla ni avtomatsko cena te sestavine;2022-03-24;2;Tržen posel – neustrezni podatki;2022;ETN_008_2022_KPP_2022_ZEMLJISCA_20260724.csv
Z-2022-ETN_008_2022_KPP_2022_ZEMLJISCA_20260724.csv-121;647970;ZEMLJISCE;4;Zemljišče, na katerem je ali bo mogoče graditi prometno ali energetsko infrastrukturo (cesta, plinovod in drugo);INFRASTRUKTURA;1724;BREZOVICA;;;parcela 3512/64;1/1;1.0;125.0;125.0;;;453750.12;94461.18;12331.76;;Cena posla ni avtomatsko cena te sestavine;2022-03-17;2;Tržen posel – neustrezni podatki;2022;ETN_008_2022_KPP_2022_ZEMLJISCA_20260724.csv
Z-2022-ETN_008_2022_KPP_2022_ZEMLJISCA_20260724.csv-122;647970;ZEMLJISCE;4;Zemljišče, na katerem je ali bo mogoče graditi prometno ali energetsko infrastrukturo (cesta, plinovod in drugo);INFRASTRUKTURA;1724;BREZOVICA;;;parcela 3512/67;1/1;1.0;8.0;8.0;;;453728.33;94389.97;12331.76;;Cena posla ni avtomatsko cena te sestavine;2022-03-17;2;Tržen posel – neustrezni podatki;2022;ETN_008_2022_KPP_2022_ZEMLJISCA_20260724.csv
Z-2022-ETN_008_2022_KPP_2022_ZEMLJISCA_20260724.csv-123;637574;ZEMLJISCE;3;Zemljišče, na katerem je ali bo mogoče graditi stavbo in je delno komunalno opremljeno ali komunalno neopremljeno;STAVBNO;1724;BREZOVICA;;;parcela 369/124;1/1;1.0;600.0;600.0;;;455170.65;98347.4;120000.0;;Cena posla ni avtomatsko cena te sestavine;2021-12-28;2;Tržen posel – neustrezni podatki;2022;ETN_008_2022_KPP_2022_ZEMLJISCA_20260724.csv
Z-2022-ETN_008_2022_KPP_2022_ZEMLJISCA_20260724.csv-124;640225;ZEMLJISCE;5;Zemljišče pod stavbo ali drugo stavbi ali delu stavbe pripadajoče zemljišče (zemljišče pod stavbo, dvorišče, dovozna pot, vrt, zelenica, stanovanjski atrij in podobno);PRIPADAJOCE;1724;BREZOVICA;;;parcela 2445/18;1/1;1.0;264.0;264.0;;;453618.26;94462.62;197100.0;;Cena posla ni avtomatsko cena te sestavine;2021-11-18;5;V preverjanju;2022;ETN_008_2022_KPP_2022_ZEMLJISCA_20260724.csv
Z-2022-ETN_008_2022_KPP_2022_ZEMLJISCA_20260724.csv-125;633775;ZEMLJISCE;5;Zemljišče pod stavbo ali drugo stavbi ali delu stavbe pripadajoče zemljišče (zemljišče pod stavbo, dvorišče, dovozna pot, vrt, zelenica, stanovanjski atrij in podobno);PRIPADAJOCE;1724;BREZOVICA;;;parcela 2622/2;1/3;0.3333333333333333;1259.0;419.66666666666663;;;453565.96;94224.98;35515.0;;Cena posla ni avtomatsko cena te sestavine;2021-09-15;3;Drug posel;2022;ETN_008_2022_KPP_2022_ZEMLJISCA_20260724.csv
Z-2022-ETN_008_2022_KPP_2022_ZEMLJISCA_20260724.csv-126;633737;ZEMLJISCE;5;Zemljišče pod stavbo ali drugo stavbi ali delu stavbe pripadajoče zemljišče (zemljišče pod stavbo, dvorišče, dovozna pot, vrt, zelenica, stanovanjski atrij in podobno);PRIPADAJOCE;1704;KAMNIK;;;parcela 3540;1/8;0.125;66.0;8.25;;;453463.26;91578.68;8297.8;;Cena posla ni avtomatsko cena te sestavine;2021-11-24;3;Drug posel;2022;ETN_008_2022_KPP_2022_ZEMLJISCA_20260724.csv
Z-2022-ETN_008_2022_KPP_2022_ZEMLJISCA_20260724.csv-127;633737;ZEMLJISCE;5;Zemljišče pod stavbo ali drugo stavbi ali delu stavbe pripadajoče zemljišče (zemljišče pod stavbo, dvorišče, dovozna pot, vrt, zelenica, stanovanjski atrij in podobno);PRIPADAJOCE;1704;KAMNIK;;;parcela 899/1;1/8;0.125;377.0;47.125;;;453468.55;91588.17;8297.8;;Cena posla ni avtomatsko cena te sestavine;2021-11-24;3;Drug posel;2022;ETN_008_2022_KPP_2022_ZEMLJISCA_20260724.csv
Z-2022-ETN_008_2022_KPP_2022_ZEMLJISCA_20260724.csv-128;633761;ZEMLJISCE;5;Zemljišče pod stavbo ali drugo stavbi ali delu stavbe pripadajoče zemljišče (zemljišče pod stavbo, dvorišče, dovozna pot, vrt, zelenica, stanovanjski atrij in podobno);PRIPADAJOCE;1724;BREZOVICA;;;parcela 1330;1/2;0.5;478.0;239.0;;;455280.16;96167.58;100000.0;;Cena posla ni avtomatsko cena te sestavine;2021-11-30;4;Neopredeljen posel;2022;ETN_008_2022_KPP_2022_ZEMLJISCA_20260724.csv
Z-2022-ETN_008_2022_KPP_2022_ZEMLJISCA_20260724.csv-129;633610;ZEMLJISCE;5;Zemljišče pod stavbo ali drugo stavbi ali delu stavbe pripadajoče zemljišče (zemljišče pod stavbo, dvorišče, dovozna pot, vrt, zelenica, stanovanjski atrij in podobno);PRIPADAJOCE;1652;RAKITNA;;;parcela 1398/13;1/1;1.0;718.0;718.0;;;456604.82;82739.88;260000.0;;Cena posla ni avtomatsko cena te sestavine;2021-12-24;2;Tržen posel – neustrezni podatki;2022;ETN_008_2022_KPP_2022_ZEMLJISCA_20260724.csv
Z-2022-ETN_008_2022_KPP_2022_ZEMLJISCA_20260724.csv-130;658975;ZEMLJISCE;5;Zemljišče pod stavbo ali drugo stavbi ali delu stavbe pripadajoče zemljišče (zemljišče pod stavbo, dvorišče, dovozna pot, vrt, zelenica, stanovanjski atrij in podobno);PRIPADAJOCE;1724;BREZOVICA;;;parcela 571/62;1/1;1.0;250.0;250.0;;;454733.58;97402.31;170000.0;;Cena posla ni avtomatsko cena te sestavine;2022-06-10;3;Drug posel;2022;ETN_008_2022_KPP_2022_ZEMLJISCA_20260724.csv
Z-2022-ETN_008_2022_KPP_2022_ZEMLJISCA_20260724.csv-131;659065;ZEMLJISCE;5;Zemljišče pod stavbo ali drugo stavbi ali delu stavbe pripadajoče zemljišče (zemljišče pod stavbo, dvorišče, dovozna pot, vrt, zelenica, stanovanjski atrij in podobno);PRIPADAJOCE;1652;RAKITNA;;;parcela 1289/3;1/1;1.0;748.0;748.0;;;456348.73;82879.39;125000.0;;Cena posla ni avtomatsko cena te sestavine;2022-06-14;4;Neopredeljen posel;2022;ETN_008_2022_KPP_2022_ZEMLJISCA_20260724.csv
Z-2022-ETN_008_2022_KPP_2022_ZEMLJISCA_20260724.csv-132;658998;ZEMLJISCE;1;Zemljišče na katerem je mogoče graditi stavbo in ima gradbeno dovoljenje;STAVBNO;1724;BREZOVICA;;;parcela 369/184;1/3;0.3333333333333333;111.0;37.0;;;455021.34;97985.72;286000.0;;Cena posla ni avtomatsko cena te sestavine;2022-06-13;2;Tržen posel – neustrezni podatki;2022;ETN_008_2022_KPP_2022_ZEMLJISCA_20260724.csv
Z-2022-ETN_008_2022_KPP_2022_ZEMLJISCA_20260724.csv-133;658998;ZEMLJISCE;1;Zemljišče na katerem je mogoče graditi stavbo in ima gradbeno dovoljenje;STAVBNO;1724;BREZOVICA;;;parcela 369/206;1/19;0.05263157894736842;774.0;40.73684210526316;;;455063.93;97968.23;286000.0;;Cena posla ni avtomatsko cena te sestavine;2022-06-13;2;Tržen posel – neustrezni podatki;2022;ETN_008_2022_KPP_2022_ZEMLJISCA_20260724.csv
Z-2022-ETN_008_2022_KPP_2022_ZEMLJISCA_20260724.csv-134;658998;ZEMLJISCE;1;Zemljišče na katerem je mogoče graditi stavbo in ima gradbeno dovoljenje;STAVBNO;1724;BREZOVICA;;;parcela 369/182;1/45;0.022222222222222223;867.0;19.266666666666666;;;455079.93;97964.65;286000.0;;Cena posla ni avtomatsko cena te sestavine;2022-06-13;2;Tržen posel – neustrezni podatki;2022;ETN_008_2022_KPP_2022_ZEMLJISCA_20260724.csv
Z-2022-ETN_008_2022_KPP_2022_ZEMLJISCA_20260724.csv-135;658998;ZEMLJISCE;1;Zemljišče na katerem je mogoče graditi stavbo in ima gradbeno dovoljenje;STAVBNO;1724;BREZOVICA;;;parcela 369/205;1/45;0.022222222222222223;122.0;2.7111111111111112;;;455063.82;97972.63;286000.0;;Cena posla ni avtomatsko cena te sestavine;2022-06-13;2;Tržen posel – neustrezni podatki;2022;ETN_008_2022_KPP_2022_ZEMLJISCA_20260724.csv
Z-2022-ETN_008_2022_KPP_2022_ZEMLJISCA_20260724.csv-136;658998;ZEMLJISCE;1;Zemljišče na katerem je mogoče graditi stavbo in ima gradbeno dovoljenje;STAVBNO;1724;BREZOVICA;;;parcela 369/208;1/45;0.022222222222222223;134.0;2.977777777777778;;;455067.85;97943.86;286000.0;;Cena posla ni avtomatsko cena te sestavine;2022-06-13;2;Tržen posel – neustrezni podatki;2022;ETN_008_2022_KPP_2022_ZEMLJISCA_20260724.csv
Z-2022-ETN_008_2022_KPP_2022_ZEMLJISCA_20260724.csv-137;658750;ZEMLJISCE;3;Zemljišče, na katerem je ali bo mogoče graditi stavbo in je delno komunalno opremljeno ali komunalno neopremljeno;STAVBNO;1652;RAKITNA;;;parcela 714/2;1/1;1.0;709.0;709.0;;;457096.74;83168.7;140000.0;;Cena posla ni avtomatsko cena te sestavine;2022-06-07;3;Drug posel;2022;ETN_008_2022_KPP_2022_ZEMLJISCA_20260724.csv
Z-2022-ETN_008_2022_KPP_2022_ZEMLJISCA_20260724.csv-138;658750;ZEMLJISCE;3;Zemljišče, na katerem je ali bo mogoče graditi stavbo in je delno komunalno opremljeno ali komunalno neopremljeno;STAVBNO;1652;RAKITNA;;;parcela 1498;1/1;1.0;327.0;327.0;;;457104.26;83144.08;140000.0;;Cena posla ni avtomatsko cena te sestavine;2022-06-07;3;Drug posel;2022;ETN_008_2022_KPP_2022_ZEMLJISCA_20260724.csv
Z-2022-ETN_008_2022_KPP_2022_ZEMLJISCA_20260724.csv-139;658750;ZEMLJISCE;7;Zemljišče za kmetijsko rabo (njiva, travnik, pašnik);KMETIJSKO;1652;RAKITNA;;;parcela 713/1;1/1;1.0;2381.0;2381.0;;;457140.02;83146.88;140000.0;;Cena posla ni avtomatsko cena te sestavine;2022-06-07;3;Drug posel;2022;ETN_008_2022_KPP_2022_ZEMLJISCA_20260724.csv
Z-2022-ETN_008_2022_KPP_2022_ZEMLJISCA_20260724.csv-140;658750;ZEMLJISCE;5;Zemljišče pod stavbo ali drugo stavbi ali delu stavbe pripadajoče zemljišče (zemljišče pod stavbo, dvorišče, dovozna pot, vrt, zelenica, stanovanjski atrij in podobno);PRIPADAJOCE;1652;RAKITNA;;;parcela *169;1/1;1.0;83.0;83.0;;;457105.47;83156.63;140000.0;;Cena posla ni avtomatsko cena te sestavine;2022-06-07;3;Drug posel;2022;ETN_008_2022_KPP_2022_ZEMLJISCA_20260724.csv
Z-2022-ETN_008_2022_KPP_2022_ZEMLJISCA_20260724.csv-141;658729;ZEMLJISCE;3;Zemljišče, na katerem je ali bo mogoče graditi stavbo in je delno komunalno opremljeno ali komunalno neopremljeno;STAVBNO;1652;RAKITNA;;;parcela 1208/362;1/1;1.0;101.0;101.0;;;455973.28;83478.71;9540.0;;Cena posla ni avtomatsko cena te sestavine;2022-05-20;2;Tržen posel – neustrezni podatki;2022;ETN_008_2022_KPP_2022_ZEMLJISCA_20260724.csv
Z-2022-ETN_008_2022_KPP_2022_ZEMLJISCA_20260724.csv-142;658729;ZEMLJISCE;3;Zemljišče, na katerem je ali bo mogoče graditi stavbo in je delno komunalno opremljeno ali komunalno neopremljeno;STAVBNO;1652;RAKITNA;;;parcela 1711/3;1/1;1.0;58.0;58.0;;;455956.95;83461.54;9540.0;;Cena posla ni avtomatsko cena te sestavine;2022-05-20;2;Tržen posel – neustrezni podatki;2022;ETN_008_2022_KPP_2022_ZEMLJISCA_20260724.csv
Z-2022-ETN_008_2022_KPP_2022_ZEMLJISCA_20260724.csv-143;658748;ZEMLJISCE;9;Zemljišče za gozdno rabo (gozd);GOZDNO;1652;RAKITNA;;;parcela 1482;1/1;1.0;3215.0;3215.0;;;457670.27;82711.8;8912.0;;Cena posla ni avtomatsko cena te sestavine;2022-06-07;2;Tržen posel – neustrezni podatki;2022;ETN_008_2022_KPP_2022_ZEMLJISCA_20260724.csv
Z-2022-ETN_008_2022_KPP_2022_ZEMLJISCA_20260724.csv-144;658748;ZEMLJISCE;9;Zemljišče za gozdno rabo (gozd);GOZDNO;1652;RAKITNA;;;parcela 1511;1/1;1.0;13242.0;13242.0;;;457651.8;82774.06;8912.0;;Cena posla ni avtomatsko cena te sestavine;2022-06-07;2;Tržen posel – neustrezni podatki;2022;ETN_008_2022_KPP_2022_ZEMLJISCA_20260724.csv
Z-2022-ETN_008_2022_KPP_2022_ZEMLJISCA_20260724.csv-145;658741;ZEMLJISCE;7;Zemljišče za kmetijsko rabo (njiva, travnik, pašnik);KMETIJSKO;1724;BREZOVICA;;;parcela 2830/1;1/1;1.0;2600.0;2600.0;;;453407.64;94971.01;40000.0;;Cena posla ni avtomatsko cena te sestavine;2022-05-16;3;Drug posel;2022;ETN_008_2022_KPP_2022_ZEMLJISCA_20260724.csv
Z-2022-ETN_008_2022_KPP_2022_ZEMLJISCA_20260724.csv-146;658741;ZEMLJISCE;9;Zemljišče za gozdno rabo (gozd);GOZDNO;1724;BREZOVICA;;;parcela 2833;1/1;1.0;5636.0;5636.0;;;453360.7;95023.58;40000.0;;Cena posla ni avtomatsko cena te sestavine;2022-05-16;3;Drug posel;2022;ETN_008_2022_KPP_2022_ZEMLJISCA_20260724.csv
Z-2022-ETN_008_2022_KPP_2022_ZEMLJISCA_20260724.csv-147;658741;ZEMLJISCE;7;Zemljišče za kmetijsko rabo (njiva, travnik, pašnik);KMETIJSKO;1724;BREZOVICA;;;parcela 2832/2;1/1;1.0;2162.0;2162.0;;;453440.72;95015.71;40000.0;;Cena posla ni avtomatsko cena te sestavine;2022-05-16;3;Drug posel;2022;ETN_008_2022_KPP_2022_ZEMLJISCA_20260724.csv
Z-2022-ETN_008_2022_KPP_2022_ZEMLJISCA_20260724.csv-148;658774;ZEMLJISCE;7;Zemljišče za kmetijsko rabo (njiva, travnik, pašnik);KMETIJSKO;1652;RAKITNA;;;parcela 1509/2;1/1;1.0;3310.0;3310.0;;;457312.77;82978.05;13493.0;;Cena posla ni avtomatsko cena te sestavine;2022-06-07;3;Drug posel;2022;ETN_008_2022_KPP_2022_ZEMLJISCA_20260724.csv
Z-2022-ETN_008_2022_KPP_2022_ZEMLJISCA_20260724.csv-149;658774;ZEMLJISCE;7;Zemljišče za kmetijsko rabo (njiva, travnik, pašnik);KMETIJSKO;1652;RAKITNA;;;parcela 1485/1;1/1;1.0;26633.0;26633.0;;;457323.39;82894.32;13493.0;;Cena posla ni avtomatsko cena te sestavine;2022-06-07;3;Drug posel;2022;ETN_008_2022_KPP_2022_ZEMLJISCA_20260724.csv
Z-2022-ETN_008_2022_KPP_2022_ZEMLJISCA_20260724.csv-150;658902;ZEMLJISCE;5;Zemljišče pod stavbo ali drugo stavbi ali delu stavbe pripadajoče zemljišče (zemljišče pod stavbo, dvorišče, dovozna pot, vrt, zelenica, stanovanjski atrij in podobno);PRIPADAJOCE;1705;PRESERJE;;;parcela 756/3;1/1;1.0;291.0;291.0;;;454515.52;92022.06;147000.0;;Cena posla ni avtomatsko cena te sestavine;2022-06-13;4;Neopredeljen posel;2022;ETN_008_2022_KPP_2022_ZEMLJISCA_20260724.csv
Z-2022-ETN_008_2022_KPP_2022_ZEMLJISCA_20260724.csv-151;654803;ZEMLJISCE;2;Zemljišče, na katerem je mogoče graditi stavbo in je komunalno opremljeno (priključki na vodo, elektriko in neposredni dostop do dovozne poti);STAVBNO;1724;BREZOVICA;;;parcela 2557/6;1/1;1.0;104.0;104.0;;;453195.64;94298.03;320000.0;;Cena posla ni avtomatsko cena te sestavine;2022-05-16;2;Tržen posel – neustrezni podatki;2022;ETN_008_2022_KPP_2022_ZEMLJISCA_20260724.csv
Z-2022-ETN_008_2022_KPP_2022_ZEMLJISCA_20260724.csv-152;654803;ZEMLJISCE;2;Zemljišče, na katerem je mogoče graditi stavbo in je komunalno opremljeno (priključki na vodo, elektriko in neposredni dostop do dovozne poti);STAVBNO;1724;BREZOVICA;;;parcela 2557/9;1/1;1.0;209.0;209.0;;;453200.71;94272.91;320000.0;;Cena posla ni avtomatsko cena te sestavine;2022-05-16;2;Tržen posel – neustrezni podatki;2022;ETN_008_2022_KPP_2022_ZEMLJISCA_20260724.csv
Z-2022-ETN_008_2022_KPP_2022_ZEMLJISCA_20260724.csv-153;654803;ZEMLJISCE;2;Zemljišče, na katerem je mogoče graditi stavbo in je komunalno opremljeno (priključki na vodo, elektriko in neposredni dostop do dovozne poti);STAVBNO;1724;BREZOVICA;;;parcela 2557/10;2/3;0.6666666666666666;409.0;272.66666666666663;;;453208.51;94261.16;320000.0;;Cena posla ni avtomatsko cena te sestavine;2022-05-16;2;Tržen posel – neustrezni podatki;2022;ETN_008_2022_KPP_2022_ZEMLJISCA_20260724.csv
Z-2022-ETN_008_2022_KPP_2022_ZEMLJISCA_20260724.csv-154;665748;ZEMLJISCE;5;Zemljišče pod stavbo ali drugo stavbi ali delu stavbe pripadajoče zemljišče (zemljišče pod stavbo, dvorišče, dovozna pot, vrt, zelenica, stanovanjski atrij in podobno);PRIPADAJOCE;1724;BREZOVICA;;;parcela 1005/11;1/1;1.0;168.0;168.0;;;454116.09;95803.77;329000.0;;Cena posla ni avtomatsko cena te sestavine;2022-08-10;2;Tržen posel – neustrezni podatki;2022;ETN_008_2022_KPP_2022_ZEMLJISCA_20260724.csv
Z-2022-ETN_008_2022_KPP_2022_ZEMLJISCA_20260724.csv-155;665748;ZEMLJISCE;5;Zemljišče pod stavbo ali drugo stavbi ali delu stavbe pripadajoče zemljišče (zemljišče pod stavbo, dvorišče, dovozna pot, vrt, zelenica, stanovanjski atrij in podobno);PRIPADAJOCE;1724;BREZOVICA;;;parcela 1005/6;1/9;0.1111111111111111;103.0;11.444444444444445;;;454049.91;95796.49;329000.0;;Cena posla ni avtomatsko cena te sestavine;2022-08-10;2;Tržen posel – neustrezni podatki;2022;ETN_008_2022_KPP_2022_ZEMLJISCA_20260724.csv
Z-2022-ETN_008_2022_KPP_2022_ZEMLJISCA_20260724.csv-156;665731;ZEMLJISCE;5;Zemljišče pod stavbo ali drugo stavbi ali delu stavbe pripadajoče zemljišče (zemljišče pod stavbo, dvorišče, dovozna pot, vrt, zelenica, stanovanjski atrij in podobno);PRIPADAJOCE;1724;BREZOVICA;;;parcela 3523/24;1/1;1.0;74.0;74.0;;;453898.35;98381.6;5180.0;;Cena posla ni avtomatsko cena te sestavine;2022-07-27;2;Tržen posel – neustrezni podatki;2022;ETN_008_2022_KPP_2022_ZEMLJISCA_20260724.csv
Z-2022-ETN_008_2022_KPP_2022_ZEMLJISCA_20260724.csv-157;662172;ZEMLJISCE;5;Zemljišče pod stavbo ali drugo stavbi ali delu stavbe pripadajoče zemljišče (zemljišče pod stavbo, dvorišče, dovozna pot, vrt, zelenica, stanovanjski atrij in podobno);PRIPADAJOCE;1705;PRESERJE;;;parcela 2254/12;1/1;1.0;107.0;107.0;;;454283.0;91373.0;7490.0;;Cena posla ni avtomatsko cena te sestavine;2022-06-22;2;Tržen posel – neustrezni podatki;2022;ETN_008_2022_KPP_2022_ZEMLJISCA_20260724.csv
Z-2022-ETN_008_2022_KPP_2022_ZEMLJISCA_20260724.csv-158;652980;ZEMLJISCE;5;Zemljišče pod stavbo ali drugo stavbi ali delu stavbe pripadajoče zemljišče (zemljišče pod stavbo, dvorišče, dovozna pot, vrt, zelenica, stanovanjski atrij in podobno);PRIPADAJOCE;1724;BREZOVICA;;;parcela 252/15;1/1;1.0;371.0;371.0;;;455061.87;98793.06;30700.0;;Cena posla ni avtomatsko cena te sestavine;2022-04-22;2;Tržen posel – neustrezni podatki;2022;ETN_008_2022_KPP_2022_ZEMLJISCA_20260724.csv
Z-2022-ETN_008_2022_KPP_2022_ZEMLJISCA_20260724.csv-159;652980;ZEMLJISCE;5;Zemljišče pod stavbo ali drugo stavbi ali delu stavbe pripadajoče zemljišče (zemljišče pod stavbo, dvorišče, dovozna pot, vrt, zelenica, stanovanjski atrij in podobno);PRIPADAJOCE;1724;BREZOVICA;;;parcela 252/33;1/1;1.0;53.0;53.0;;;455070.97;98801.13;30700.0;;Cena posla ni avtomatsko cena te sestavine;2022-04-22;2;Tržen posel – neustrezni podatki;2022;ETN_008_2022_KPP_2022_ZEMLJISCA_20260724.csv
Z-2022-ETN_008_2022_KPP_2022_ZEMLJISCA_20260724.csv-160;673336;ZEMLJISCE;4;Zemljišče, na katerem je ali bo mogoče graditi prometno ali energetsko infrastrukturo (cesta, plinovod in drugo);INFRASTRUKTURA;1724;BREZOVICA;;;parcela 747/1;1/32;0.03125;628.0;19.625;;;454499.98;96648.76;1398.84;;Cena posla ni avtomatsko cena te sestavine;2022-09-26;3;Drug posel;2022;ETN_008_2022_KPP_2022_ZEMLJISCA_20260724.csv
Z-2022-ETN_008_2022_KPP_2022_ZEMLJISCA_20260724.csv-161;673420;ZEMLJISCE;5;Zemljišče pod stavbo ali drugo stavbi ali delu stavbe pripadajoče zemljišče (zemljišče pod stavbo, dvorišče, dovozna pot, vrt, zelenica, stanovanjski atrij in podobno);PRIPADAJOCE;1652;RAKITNA;;;parcela 869/8;1/1;1.0;692.0;692.0;;;456171.1;83407.1;182000.0;;Cena posla ni avtomatsko cena te sestavine;2022-10-12;2;Tržen posel – neustrezni podatki;2022;ETN_008_2022_KPP_2022_ZEMLJISCA_20260724.csv
Z-2022-ETN_008_2022_KPP_2022_ZEMLJISCA_20260724.csv-162;673427;ZEMLJISCE;3;Zemljišče, na katerem je ali bo mogoče graditi stavbo in je delno komunalno opremljeno ali komunalno neopremljeno;STAVBNO;1652;RAKITNA;;;parcela 904/6;1/1;1.0;501.0;501.0;;;455650.26;83744.66;49599.0;;Cena posla ni avtomatsko cena te sestavine;2022-10-11;2;Tržen posel – neustrezni podatki;2022;ETN_008_2022_KPP_2022_ZEMLJISCA_20260724.csv
Z-2022-ETN_008_2022_KPP_2022_ZEMLJISCA_20260724.csv-163;673427;ZEMLJISCE;3;Zemljišče, na katerem je ali bo mogoče graditi stavbo in je delno komunalno opremljeno ali komunalno neopremljeno;STAVBNO;1652;RAKITNA;;;parcela 904/9;1/2;0.5;40.0;20.0;;;455637.97;83730.3;49599.0;;Cena posla ni avtomatsko cena te sestavine;2022-10-11;2;Tržen posel – neustrezni podatki;2022;ETN_008_2022_KPP_2022_ZEMLJISCA_20260724.csv
Z-2022-ETN_008_2022_KPP_2022_ZEMLJISCA_20260724.csv-164;673427;ZEMLJISCE;3;Zemljišče, na katerem je ali bo mogoče graditi stavbo in je delno komunalno opremljeno ali komunalno neopremljeno;STAVBNO;1652;RAKITNA;;;parcela 906/10;1/2;0.5;57.0;28.5;;;455627.67;83724.89;49599.0;;Cena posla ni avtomatsko cena te sestavine;2022-10-11;2;Tržen posel – neustrezni podatki;2022;ETN_008_2022_KPP_2022_ZEMLJISCA_20260724.csv
Z-2022-ETN_008_2022_KPP_2022_ZEMLJISCA_20260724.csv-165;673338;ZEMLJISCE;3;Zemljišče, na katerem je ali bo mogoče graditi stavbo in je delno komunalno opremljeno ali komunalno neopremljeno;STAVBNO;1724;BREZOVICA;;;parcela 594/6;1/1;1.0;330.0;330.0;;;454881.0;97717.14;73000.0;;Cena posla ni avtomatsko cena te sestavine;2022-10-10;2;Tržen posel – neustrezni podatki;2022;ETN_008_2022_KPP_2022_ZEMLJISCA_20260724.csv
Z-2022-ETN_008_2022_KPP_2022_ZEMLJISCA_20260724.csv-166;673271;ZEMLJISCE;5;Zemljišče pod stavbo ali drugo stavbi ali delu stavbe pripadajoče zemljišče (zemljišče pod stavbo, dvorišče, dovozna pot, vrt, zelenica, stanovanjski atrij in podobno);PRIPADAJOCE;1724;BREZOVICA;;;parcela 2134/9;1/1;1.0;464.0;464.0;;;454173.46;95154.76;200000.0;;Cena posla ni avtomatsko cena te sestavine;2022-10-10;2;Tržen posel – neustrezni podatki;2022;ETN_008_2022_KPP_2022_ZEMLJISCA_20260724.csv
Z-2022-ETN_008_2022_KPP_2022_ZEMLJISCA_20260724.csv-167;671761;ZEMLJISCE;1;Zemljišče na katerem je mogoče graditi stavbo in ima gradbeno dovoljenje;STAVBNO;1704;KAMNIK;;;parcela 1401/5;1/1;1.0;1000.0;1000.0;;;452082.37;90479.2;75000.0;;Cena posla ni avtomatsko cena te sestavine;2022-07-27;2;Tržen posel – neustrezni podatki;2022;ETN_008_2022_KPP_2022_ZEMLJISCA_20260724.csv
Z-2022-ETN_008_2022_KPP_2022_ZEMLJISCA_20260724.csv-168;671758;ZEMLJISCE;7;Zemljišče za kmetijsko rabo (njiva, travnik, pašnik);KMETIJSKO;1724;BREZOVICA;;;parcela 3130;1/1;1.0;8380.0;8380.0;;;452173.01;94396.98;25537.0;;Cena posla ni avtomatsko cena te sestavine;2022-08-18;1;Tržen posel;2022;ETN_008_2022_KPP_2022_ZEMLJISCA_20260724.csv
Z-2022-ETN_008_2022_KPP_2022_ZEMLJISCA_20260724.csv-169;671758;ZEMLJISCE;7;Zemljišče za kmetijsko rabo (njiva, travnik, pašnik);KMETIJSKO;1724;BREZOVICA;;;parcela 3134;1/1;1.0;5539.0;5539.0;;;452201.23;94357.87;25537.0;;Cena posla ni avtomatsko cena te sestavine;2022-08-18;1;Tržen posel;2022;ETN_008_2022_KPP_2022_ZEMLJISCA_20260724.csv
Z-2022-ETN_008_2022_KPP_2022_ZEMLJISCA_20260724.csv-170;671758;ZEMLJISCE;7;Zemljišče za kmetijsko rabo (njiva, travnik, pašnik);KMETIJSKO;1724;BREZOVICA;;;parcela 3137;1/1;1.0;5809.0;5809.0;;;452209.8;94346.15;25537.0;;Cena posla ni avtomatsko cena te sestavine;2022-08-18;1;Tržen posel;2022;ETN_008_2022_KPP_2022_ZEMLJISCA_20260724.csv
Z-2022-ETN_008_2022_KPP_2022_ZEMLJISCA_20260724.csv-171;671758;ZEMLJISCE;7;Zemljišče za kmetijsko rabo (njiva, travnik, pašnik);KMETIJSKO;1724;BREZOVICA;;;parcela 3138;1/1;1.0;5809.0;5809.0;;;452218.07;94334.38;25537.0;;Cena posla ni avtomatsko cena te sestavine;2022-08-18;1;Tržen posel;2022;ETN_008_2022_KPP_2022_ZEMLJISCA_20260724.csv
Z-2022-ETN_008_2022_KPP_2022_ZEMLJISCA_20260724.csv-172;668114;ZEMLJISCE;9;Zemljišče za gozdno rabo (gozd);GOZDNO;1652;RAKITNA;;;parcela 1586/30;1/1;1.0;14525.0;14525.0;;;459303.7;82476.18;13106.25;;Cena posla ni avtomatsko cena te sestavine;2022-07-07;1;Tržen posel;2022;ETN_008_2022_KPP_2022_ZEMLJISCA_20260724.csv
Z-2022-ETN_008_2022_KPP_2022_ZEMLJISCA_20260724.csv-173;668114;ZEMLJISCE;9;Zemljišče za gozdno rabo (gozd);GOZDNO;1652;RAKITNA;;;parcela 1586/96;1/1;1.0;14600.0;14600.0;;;459212.74;82896.28;13106.25;;Cena posla ni avtomatsko cena te sestavine;2022-07-07;1;Tržen posel;2022;ETN_008_2022_KPP_2022_ZEMLJISCA_20260724.csv
Z-2022-ETN_008_2022_KPP_2022_ZEMLJISCA_20260724.csv-174;668076;ZEMLJISCE;3;Zemljišče, na katerem je ali bo mogoče graditi stavbo in je delno komunalno opremljeno ali komunalno neopremljeno;STAVBNO;1703;JEZERO;;;parcela 382/6;1/6;0.16666666666666666;140.0;23.333333333333332;;;455261.78;92706.21;5300.0;;Cena posla ni avtomatsko cena te sestavine;2022-02-03;3;Drug posel;2022;ETN_008_2022_KPP_2022_ZEMLJISCA_20260724.csv
Z-2022-ETN_008_2022_KPP_2022_ZEMLJISCA_20260724.csv-175;668076;ZEMLJISCE;3;Zemljišče, na katerem je ali bo mogoče graditi stavbo in je delno komunalno opremljeno ali komunalno neopremljeno;STAVBNO;1703;JEZERO;;;parcela 386;1/6;0.16666666666666666;133.0;22.166666666666664;;;455289.94;92693.78;5300.0;;Cena posla ni avtomatsko cena te sestavine;2022-02-03;3;Drug posel;2022;ETN_008_2022_KPP_2022_ZEMLJISCA_20260724.csv
Z-2022-ETN_008_2022_KPP_2022_ZEMLJISCA_20260724.csv-176;668076;ZEMLJISCE;3;Zemljišče, na katerem je ali bo mogoče graditi stavbo in je delno komunalno opremljeno ali komunalno neopremljeno;STAVBNO;1703;JEZERO;;;parcela *56/2;1/6;0.16666666666666666;130.0;21.666666666666664;;;455269.97;92697.51;5300.0;;Cena posla ni avtomatsko cena te sestavine;2022-02-03;3;Drug posel;2022;ETN_008_2022_KPP_2022_ZEMLJISCA_20260724.csv
Z-2022-ETN_008_2022_KPP_2022_ZEMLJISCA_20260724.csv-177;668076;ZEMLJISCE;3;Zemljišče, na katerem je ali bo mogoče graditi stavbo in je delno komunalno opremljeno ali komunalno neopremljeno;STAVBNO;1703;JEZERO;;;parcela *56/5;1/6;0.16666666666666666;139.0;23.166666666666664;;;455280.4;92690.54;5300.0;;Cena posla ni avtomatsko cena te sestavine;2022-02-03;3;Drug posel;2022;ETN_008_2022_KPP_2022_ZEMLJISCA_20260724.csv
Z-2022-ETN_008_2022_KPP_2022_ZEMLJISCA_20260724.csv-178;668081;ZEMLJISCE;10;Neplodno ali vodno zemljišče ali drugo neuporabno zemljišče;DRUGO;1724;BREZOVICA;;;parcela 241/1;1/1;1.0;619.0;619.0;;;455113.63;98730.31;3300.0;;Cena posla ni avtomatsko cena te sestavine;2022-06-20;2;Tržen posel – neustrezni podatki;2022;ETN_008_2022_KPP_2022_ZEMLJISCA_20260724.csv
Z-2022-ETN_008_2022_KPP_2022_ZEMLJISCA_20260724.csv-179;670505;ZEMLJISCE;1;Zemljišče na katerem je mogoče graditi stavbo in ima gradbeno dovoljenje;STAVBNO;1724;BREZOVICA;;;parcela 340/32;1/1;1.0;500.0;500.0;;;455550.5;98346.49;155000.0;;Cena posla ni avtomatsko cena te sestavine;2022-09-19;2;Tržen posel – neustrezni podatki;2022;ETN_008_2022_KPP_2022_ZEMLJISCA_20260724.csv
Z-2022-ETN_008_2022_KPP_2022_ZEMLJISCA_20260724.csv-180;636856;ZEMLJISCE;3;Zemljišče, na katerem je ali bo mogoče graditi stavbo in je delno komunalno opremljeno ali komunalno neopremljeno;STAVBNO;1652;RAKITNA;;;parcela 120/8;1/1;1.0;892.0;892.0;;;456545.45;83728.08;80000.0;;Cena posla ni avtomatsko cena te sestavine;2021-12-15;2;Tržen posel – neustrezni podatki;2022;ETN_008_2022_KPP_2022_ZEMLJISCA_20260724.csv
Z-2022-ETN_008_2022_KPP_2022_ZEMLJISCA_20260724.csv-181;636856;ZEMLJISCE;6;Zemljišče, na katerem je cesta ali parkirišče;INFRASTRUKTURA;1652;RAKITNA;;;parcela 120/11;1/1;1.0;365.0;365.0;;;456544.12;83749.8;80000.0;;Cena posla ni avtomatsko cena te sestavine;2021-12-15;2;Tržen posel – neustrezni podatki;2022;ETN_008_2022_KPP_2022_ZEMLJISCA_20260724.csv
Z-2022-ETN_008_2022_KPP_2022_ZEMLJISCA_20260724.csv-182;636747;ZEMLJISCE;5;Zemljišče pod stavbo ali drugo stavbi ali delu stavbe pripadajoče zemljišče (zemljišče pod stavbo, dvorišče, dovozna pot, vrt, zelenica, stanovanjski atrij in podobno);PRIPADAJOCE;1724;BREZOVICA;;;parcela 960/22;1/2;0.5;454.0;227.0;;;453903.9;95754.53;64500.0;;Cena posla ni avtomatsko cena te sestavine;2021-09-17;3;Drug posel;2022;ETN_008_2022_KPP_2022_ZEMLJISCA_20260724.csv
Z-2022-ETN_008_2022_KPP_2022_ZEMLJISCA_20260724.csv-183;644296;ZEMLJISCE;5;Zemljišče pod stavbo ali drugo stavbi ali delu stavbe pripadajoče zemljišče (zemljišče pod stavbo, dvorišče, dovozna pot, vrt, zelenica, stanovanjski atrij in podobno);PRIPADAJOCE;1703;JEZERO;;;parcela 17;1/1;1.0;351.0;351.0;;;456302.17;92397.15;132307.0;;Cena posla ni avtomatsko cena te sestavine;2022-02-03;2;Tržen posel – neustrezni podatki;2022;ETN_008_2022_KPP_2022_ZEMLJISCA_20260724.csv
Z-2022-ETN_008_2022_KPP_2022_ZEMLJISCA_20260724.csv-184;644296;ZEMLJISCE;5;Zemljišče pod stavbo ali drugo stavbi ali delu stavbe pripadajoče zemljišče (zemljišče pod stavbo, dvorišče, dovozna pot, vrt, zelenica, stanovanjski atrij in podobno);PRIPADAJOCE;1703;JEZERO;;;parcela *36;1/1;1.0;568.0;568.0;;;456316.88;92377.15;132307.0;;Cena posla ni avtomatsko cena te sestavine;2022-02-03;2;Tržen posel – neustrezni podatki;2022;ETN_008_2022_KPP_2022_ZEMLJISCA_20260724.csv
Z-2022-ETN_008_2022_KPP_2022_ZEMLJISCA_20260724.csv-185;640550;ZEMLJISCE;7;Zemljišče za kmetijsko rabo (njiva, travnik, pašnik);KMETIJSKO;1704;KAMNIK;;;parcela 980;1/1;1.0;1993.0;1993.0;;;453362.22;91408.83;96000.0;;Cena posla ni avtomatsko cena te sestavine;2022-01-17;5;V preverjanju;2022;ETN_008_2022_KPP_2022_ZEMLJISCA_20260724.csv
Z-2022-ETN_008_2022_KPP_2022_ZEMLJISCA_20260724.csv-186;640504;ZEMLJISCE;7;Zemljišče za kmetijsko rabo (njiva, travnik, pašnik);KMETIJSKO;1724;BREZOVICA;;;parcela 2777/4;1/1;1.0;11157.0;11157.0;;;452382.04;94499.72;16735.5;;Cena posla ni avtomatsko cena te sestavine;2022-01-10;5;V preverjanju;2022;ETN_008_2022_KPP_2022_ZEMLJISCA_20260724.csv
Z-2022-ETN_008_2022_KPP_2022_ZEMLJISCA_20260724.csv-187;659391;ZEMLJISCE;5;Zemljišče pod stavbo ali drugo stavbi ali delu stavbe pripadajoče zemljišče (zemljišče pod stavbo, dvorišče, dovozna pot, vrt, zelenica, stanovanjski atrij in podobno);PRIPADAJOCE;1724;BREZOVICA;;;parcela 2318/15;1/1;1.0;63.0;63.0;;;453921.43;95579.74;360000.0;;Cena posla ni avtomatsko cena te sestavine;2022-06-07;2;Tržen posel – neustrezni podatki;2022;ETN_008_2022_KPP_2022_ZEMLJISCA_20260724.csv
Z-2022-ETN_008_2022_KPP_2022_ZEMLJISCA_20260724.csv-188;659391;ZEMLJISCE;5;Zemljišče pod stavbo ali drugo stavbi ali delu stavbe pripadajoče zemljišče (zemljišče pod stavbo, dvorišče, dovozna pot, vrt, zelenica, stanovanjski atrij in podobno);PRIPADAJOCE;1724;BREZOVICA;;;parcela 2318/11;1/1;1.0;236.0;236.0;;;453927.9;95569.24;360000.0;;Cena posla ni avtomatsko cena te sestavine;2022-06-07;2;Tržen posel – neustrezni podatki;2022;ETN_008_2022_KPP_2022_ZEMLJISCA_20260724.csv
Z-2022-ETN_008_2022_KPP_2022_ZEMLJISCA_20260724.csv-189;659453;ZEMLJISCE;5;Zemljišče pod stavbo ali drugo stavbi ali delu stavbe pripadajoče zemljišče (zemljišče pod stavbo, dvorišče, dovozna pot, vrt, zelenica, stanovanjski atrij in podobno);PRIPADAJOCE;1704;KAMNIK;;;parcela 877/15;1/2;0.5;64.0;32.0;;;453254.34;91834.97;150000.0;;Cena posla ni avtomatsko cena te sestavine;2022-02-21;3;Drug posel;2022;ETN_008_2022_KPP_2022_ZEMLJISCA_20260724.csv
Z-2022-ETN_008_2022_KPP_2022_ZEMLJISCA_20260724.csv-190;659453;ZEMLJISCE;5;Zemljišče pod stavbo ali drugo stavbi ali delu stavbe pripadajoče zemljišče (zemljišče pod stavbo, dvorišče, dovozna pot, vrt, zelenica, stanovanjski atrij in podobno);PRIPADAJOCE;1704;KAMNIK;;;parcela 877/14;1/2;0.5;311.0;155.5;;;453247.4;91839.92;150000.0;;Cena posla ni avtomatsko cena te sestavine;2022-02-21;3;Drug posel;2022;ETN_008_2022_KPP_2022_ZEMLJISCA_20260724.csv
Z-2022-ETN_008_2022_KPP_2022_ZEMLJISCA_20260724.csv-191;664416;ZEMLJISCE;9;Zemljišče za gozdno rabo (gozd);GOZDNO;1703;JEZERO;;;parcela 40/1;1/1;1.0;1447.0;1447.0;;;456473.82;92250.3;310000.0;;Cena posla ni avtomatsko cena te sestavine;2022-07-18;2;Tržen posel – neustrezni podatki;2022;ETN_008_2022_KPP_2022_ZEMLJISCA_20260724.csv
Z-2022-ETN_008_2022_KPP_2022_ZEMLJISCA_20260724.csv-192;664416;ZEMLJISCE;7;Zemljišče za kmetijsko rabo (njiva, travnik, pašnik);KMETIJSKO;1703;JEZERO;;;parcela 40/2;1/1;1.0;791.0;791.0;;;456476.03;92289.98;310000.0;;Cena posla ni avtomatsko cena te sestavine;2022-07-18;2;Tržen posel – neustrezni podatki;2022;ETN_008_2022_KPP_2022_ZEMLJISCA_20260724.csv
Z-2022-ETN_008_2022_KPP_2022_ZEMLJISCA_20260724.csv-193;664416;ZEMLJISCE;5;Zemljišče pod stavbo ali drugo stavbi ali delu stavbe pripadajoče zemljišče (zemljišče pod stavbo, dvorišče, dovozna pot, vrt, zelenica, stanovanjski atrij in podobno);PRIPADAJOCE;1703;JEZERO;;;parcela 40/3;1/1;1.0;578.0;578.0;;;456473.47;92301.74;310000.0;;Cena posla ni avtomatsko cena te sestavine;2022-07-18;2;Tržen posel – neustrezni podatki;2022;ETN_008_2022_KPP_2022_ZEMLJISCA_20260724.csv
Z-2022-ETN_008_2022_KPP_2022_ZEMLJISCA_20260724.csv-194;664443;ZEMLJISCE;5;Zemljišče pod stavbo ali drugo stavbi ali delu stavbe pripadajoče zemljišče (zemljišče pod stavbo, dvorišče, dovozna pot, vrt, zelenica, stanovanjski atrij in podobno);PRIPADAJOCE;1724;BREZOVICA;;;parcela 1134/1;1/1;1.0;450.0;450.0;;;454990.53;96496.88;240000.0;;Cena posla ni avtomatsko cena te sestavine;2022-07-14;2;Tržen posel – neustrezni podatki;2022;ETN_008_2022_KPP_2022_ZEMLJISCA_20260724.csv
Z-2022-ETN_008_2022_KPP_2022_ZEMLJISCA_20260724.csv-195;664448;ZEMLJISCE;3;Zemljišče, na katerem je ali bo mogoče graditi stavbo in je delno komunalno opremljeno ali komunalno neopremljeno;STAVBNO;1652;RAKITNA;;;parcela 46/6;1/1;1.0;510.0;510.0;;;456783.92;83579.05;10000.0;;Cena posla ni avtomatsko cena te sestavine;2022-07-19;2;Tržen posel – neustrezni podatki;2022;ETN_008_2022_KPP_2022_ZEMLJISCA_20260724.csv
Z-2022-ETN_008_2022_KPP_2022_ZEMLJISCA_20260724.csv-196;664317;ZEMLJISCE;5;Zemljišče pod stavbo ali drugo stavbi ali delu stavbe pripadajoče zemljišče (zemljišče pod stavbo, dvorišče, dovozna pot, vrt, zelenica, stanovanjski atrij in podobno);PRIPADAJOCE;1724;BREZOVICA;;;parcela 1455/3;1/2;0.5;920.0;460.0;;;455466.45;96573.64;100000.0;;Cena posla ni avtomatsko cena te sestavine;2022-07-12;4;Neopredeljen posel;2022;ETN_008_2022_KPP_2022_ZEMLJISCA_20260724.csv
Z-2022-ETN_008_2022_KPP_2022_ZEMLJISCA_20260724.csv-197;666246;ZEMLJISCE;5;Zemljišče pod stavbo ali drugo stavbi ali delu stavbe pripadajoče zemljišče (zemljišče pod stavbo, dvorišče, dovozna pot, vrt, zelenica, stanovanjski atrij in podobno);PRIPADAJOCE;1703;JEZERO;;;parcela 399/19;1/1;1.0;798.0;798.0;;;455730.23;92575.37;150000.0;;Cena posla ni avtomatsko cena te sestavine;2022-08-10;3;Drug posel;2022;ETN_008_2022_KPP_2022_ZEMLJISCA_20260724.csv
Z-2022-ETN_008_2022_KPP_2022_ZEMLJISCA_20260724.csv-198;666085;ZEMLJISCE;3;Zemljišče, na katerem je ali bo mogoče graditi stavbo in je delno komunalno opremljeno ali komunalno neopremljeno;STAVBNO;1703;JEZERO;;;parcela 398/7;1/1;1.0;932.0;932.0;;;455465.22;92645.86;122000.0;;Cena posla ni avtomatsko cena te sestavine;2022-08-16;2;Tržen posel – neustrezni podatki;2022;ETN_008_2022_KPP_2022_ZEMLJISCA_20260724.csv
Z-2022-ETN_008_2022_KPP_2022_ZEMLJISCA_20260724.csv-199;666085;ZEMLJISCE;3;Zemljišče, na katerem je ali bo mogoče graditi stavbo in je delno komunalno opremljeno ali komunalno neopremljeno;STAVBNO;1703;JEZERO;;;parcela 398/12;1/1;1.0;28.0;28.0;;;455464.86;92619.07;122000.0;;Cena posla ni avtomatsko cena te sestavine;2022-08-16;2;Tržen posel – neustrezni podatki;2022;ETN_008_2022_KPP_2022_ZEMLJISCA_20260724.csv
Z-2022-ETN_008_2022_KPP_2022_ZEMLJISCA_20260724.csv-200;669562;ZEMLJISCE;9;Zemljišče za gozdno rabo (gozd);GOZDNO;1704;KAMNIK;;;parcela 1587/2;1/1;1.0;12582.0;12582.0;;;450853.93;91008.36;7506.5;;Cena posla ni avtomatsko cena te sestavine;2022-09-06;3;Drug posel;2022;ETN_008_2022_KPP_2022_ZEMLJISCA_20260724.csv
Z-2022-ETN_008_2022_KPP_2022_ZEMLJISCA_20260724.csv-201;669562;ZEMLJISCE;7;Zemljišče za kmetijsko rabo (njiva, travnik, pašnik);KMETIJSKO;1704;KAMNIK;;;parcela 1587/3;1/1;1.0;2431.0;2431.0;;;450839.57;91034.87;7506.5;;Cena posla ni avtomatsko cena te sestavine;2022-09-06;3;Drug posel;2022;ETN_008_2022_KPP_2022_ZEMLJISCA_20260724.csv
Z-2022-ETN_008_2022_KPP_2022_ZEMLJISCA_20260724.csv-202;669426;ZEMLJISCE;5;Zemljišče pod stavbo ali drugo stavbi ali delu stavbe pripadajoče zemljišče (zemljišče pod stavbo, dvorišče, dovozna pot, vrt, zelenica, stanovanjski atrij in podobno);PRIPADAJOCE;1652;RAKITNA;;;parcela 256/17;1/1;1.0;90.0;90.0;;;456316.19;83626.52;90000.0;;Cena posla ni avtomatsko cena te sestavine;2022-09-06;2;Tržen posel – neustrezni podatki;2022;ETN_008_2022_KPP_2022_ZEMLJISCA_20260724.csv
Z-2022-ETN_008_2022_KPP_2022_ZEMLJISCA_20260724.csv-203;669426;ZEMLJISCE;5;Zemljišče pod stavbo ali drugo stavbi ali delu stavbe pripadajoče zemljišče (zemljišče pod stavbo, dvorišče, dovozna pot, vrt, zelenica, stanovanjski atrij in podobno);PRIPADAJOCE;1652;RAKITNA;;;parcela 255;1/1;1.0;481.0;481.0;;;456307.43;83638.47;90000.0;;Cena posla ni avtomatsko cena te sestavine;2022-09-06;2;Tržen posel – neustrezni podatki;2022;ETN_008_2022_KPP_2022_ZEMLJISCA_20260724.csv
Z-2022-ETN_008_2022_KPP_2022_ZEMLJISCA_20260724.csv-204;677432;ZEMLJISCE;9;Zemljišče za gozdno rabo (gozd);GOZDNO;1724;BREZOVICA;;;parcela 2417/5;1/1;1.0;585.0;585.0;;;453558.82;94680.47;55050.0;;Cena posla ni avtomatsko cena te sestavine;2022-11-10;2;Tržen posel – neustrezni podatki;2022;ETN_008_2022_KPP_2022_ZEMLJISCA_20260724.csv
Z-2022-ETN_008_2022_KPP_2022_ZEMLJISCA_20260724.csv-205;677432;ZEMLJISCE;3;Zemljišče, na katerem je ali bo mogoče graditi stavbo in je delno komunalno opremljeno ali komunalno neopremljeno;STAVBNO;1724;BREZOVICA;;;parcela 2417/14;1/1;1.0;30.0;30.0;;;453581.92;94679.03;55050.0;;Cena posla ni avtomatsko cena te sestavine;2022-11-10;2;Tržen posel – neustrezni podatki;2022;ETN_008_2022_KPP_2022_ZEMLJISCA_20260724.csv
Z-2022-ETN_008_2022_KPP_2022_ZEMLJISCA_20260724.csv-206;677931;ZEMLJISCE;2;Zemljišče, na katerem je mogoče graditi stavbo in je komunalno opremljeno (priključki na vodo, elektriko in neposredni dostop do dovozne poti);STAVBNO;1652;RAKITNA;;;parcela 1304/22;1/1;1.0;973.0;973.0;;;456483.74;82600.86;250000.0;;Cena posla ni avtomatsko cena te sestavine;2022-11-12;2;Tržen posel – neustrezni podatki;2022;ETN_008_2022_KPP_2022_ZEMLJISCA_20260724.csv
Z-2022-ETN_008_2022_KPP_2022_ZEMLJISCA_20260724.csv-207;677931;ZEMLJISCE;6;Zemljišče, na katerem je cesta ali parkirišče;INFRASTRUKTURA;1652;RAKITNA;;;parcela 1304/31;1/1;1.0;92.0;92.0;;;456462.46;82603.15;250000.0;;Cena posla ni avtomatsko cena te sestavine;2022-11-12;2;Tržen posel – neustrezni podatki;2022;ETN_008_2022_KPP_2022_ZEMLJISCA_20260724.csv
Z-2022-ETN_008_2022_KPP_2022_ZEMLJISCA_20260724.csv-208;677792;ZEMLJISCE;3;Zemljišče, na katerem je ali bo mogoče graditi stavbo in je delno komunalno opremljeno ali komunalno neopremljeno;STAVBNO;1704;KAMNIK;;;parcela 3394/46;13/100;0.13;14.0;1.82;;;453234.14;91845.4;122000.0;;Cena posla ni avtomatsko cena te sestavine;2022-11-10;3;Drug posel;2022;ETN_008_2022_KPP_2022_ZEMLJISCA_20260724.csv
Z-2022-ETN_008_2022_KPP_2022_ZEMLJISCA_20260724.csv-209;677792;ZEMLJISCE;3;Zemljišče, na katerem je ali bo mogoče graditi stavbo in je delno komunalno opremljeno ali komunalno neopremljeno;STAVBNO;1704;KAMNIK;;;parcela 3394/47;13/100;0.13;14.0;1.82;;;453237.26;91848.36;122000.0;;Cena posla ni avtomatsko cena te sestavine;2022-11-10;3;Drug posel;2022;ETN_008_2022_KPP_2022_ZEMLJISCA_20260724.csv
Z-2022-ETN_008_2022_KPP_2022_ZEMLJISCA_20260724.csv-210;677792;ZEMLJISCE;3;Zemljišče, na katerem je ali bo mogoče graditi stavbo in je delno komunalno opremljeno ali komunalno neopremljeno;STAVBNO;1704;KAMNIK;;;parcela 3394/48;13/100;0.13;706.0;91.78;;;453210.51;91833.53;122000.0;;Cena posla ni avtomatsko cena te sestavine;2022-11-10;3;Drug posel;2022;ETN_008_2022_KPP_2022_ZEMLJISCA_20260724.csv
Z-2022-ETN_008_2022_KPP_2022_ZEMLJISCA_20260724.csv-211;640991;ZEMLJISCE;9;Zemljišče za gozdno rabo (gozd);GOZDNO;1724;BREZOVICA;;;parcela 2929/8;1/1;1.0;589.0;589.0;;;452848.76;95679.87;3609.6;;Cena posla ni avtomatsko cena te sestavine;2021-12-14;5;V preverjanju;2022;ETN_008_2022_KPP_2022_ZEMLJISCA_20260724.csv
Z-2022-ETN_008_2022_KPP_2022_ZEMLJISCA_20260724.csv-212;640991;ZEMLJISCE;9;Zemljišče za gozdno rabo (gozd);GOZDNO;1724;BREZOVICA;;;parcela 2953;1/1;1.0;3086.0;3086.0;;;453128.39;95826.03;3609.6;;Cena posla ni avtomatsko cena te sestavine;2021-12-14;5;V preverjanju;2022;ETN_008_2022_KPP_2022_ZEMLJISCA_20260724.csv
Z-2022-ETN_008_2022_KPP_2022_ZEMLJISCA_20260724.csv-213;640991;ZEMLJISCE;9;Zemljišče za gozdno rabo (gozd);GOZDNO;1724;BREZOVICA;;;parcela 2954;1/1;1.0;2341.0;2341.0;;;453151.61;95775.77;3609.6;;Cena posla ni avtomatsko cena te sestavine;2021-12-14;5;V preverjanju;2022;ETN_008_2022_KPP_2022_ZEMLJISCA_20260724.csv
Z-2022-ETN_008_2022_KPP_2022_ZEMLJISCA_20260724.csv-214;641685;ZEMLJISCE;7;Zemljišče za kmetijsko rabo (njiva, travnik, pašnik);KMETIJSKO;1704;KAMNIK;;;parcela 1571/11;1/1;1.0;1759.0;1759.0;;;451375.22;91134.5;4399.0;;Cena posla ni avtomatsko cena te sestavine;2022-02-02;5;V preverjanju;2022;ETN_008_2022_KPP_2022_ZEMLJISCA_20260724.csv
Z-2022-ETN_008_2022_KPP_2022_ZEMLJISCA_20260724.csv-215;641685;ZEMLJISCE;7;Zemljišče za kmetijsko rabo (njiva, travnik, pašnik);KMETIJSKO;1704;KAMNIK;;;parcela 1571/12;1/1;1.0;2640.0;2640.0;;;451383.26;91119.39;4399.0;;Cena posla ni avtomatsko cena te sestavine;2022-02-02;5;V preverjanju;2022;ETN_008_2022_KPP_2022_ZEMLJISCA_20260724.csv
Z-2022-ETN_008_2022_KPP_2022_ZEMLJISCA_20260724.csv-216;642568;ZEMLJISCE;5;Zemljišče pod stavbo ali drugo stavbi ali delu stavbe pripadajoče zemljišče (zemljišče pod stavbo, dvorišče, dovozna pot, vrt, zelenica, stanovanjski atrij in podobno);PRIPADAJOCE;1724;BREZOVICA;;;parcela 2701/45;1/1;1.0;312.0;312.0;;;453376.55;94146.43;204000.0;;Cena posla ni avtomatsko cena te sestavine;2022-02-14;5;V preverjanju;2022;ETN_008_2022_KPP_2022_ZEMLJISCA_20260724.csv
Z-2022-ETN_008_2022_KPP_2022_ZEMLJISCA_20260724.csv-217;642477;ZEMLJISCE;3;Zemljišče, na katerem je ali bo mogoče graditi stavbo in je delno komunalno opremljeno ali komunalno neopremljeno;STAVBNO;1703;JEZERO;;;parcela 366/3;1/1;1.0;739.0;739.0;;;455296.81;93031.95;55000.0;;Cena posla ni avtomatsko cena te sestavine;2022-01-26;5;V preverjanju;2022;ETN_008_2022_KPP_2022_ZEMLJISCA_20260724.csv
Z-2022-ETN_008_2022_KPP_2022_ZEMLJISCA_20260724.csv-218;642477;ZEMLJISCE;3;Zemljišče, na katerem je ali bo mogoče graditi stavbo in je delno komunalno opremljeno ali komunalno neopremljeno;STAVBNO;1703;JEZERO;;;parcela 1040/3;1/1;1.0;322.0;322.0;;;455286.68;93040.46;55000.0;;Cena posla ni avtomatsko cena te sestavine;2022-01-26;5;V preverjanju;2022;ETN_008_2022_KPP_2022_ZEMLJISCA_20260724.csv
Z-2022-ETN_008_2022_KPP_2022_ZEMLJISCA_20260724.csv-219;639121;ZEMLJISCE;5;Zemljišče pod stavbo ali drugo stavbi ali delu stavbe pripadajoče zemljišče (zemljišče pod stavbo, dvorišče, dovozna pot, vrt, zelenica, stanovanjski atrij in podobno);PRIPADAJOCE;1724;BREZOVICA;;;parcela 713/15;1/1;1.0;145.0;145.0;;;454432.4;97378.85;205000.0;;Cena posla ni avtomatsko cena te sestavine;2022-01-19;4;Neopredeljen posel;2022;ETN_008_2022_KPP_2022_ZEMLJISCA_20260724.csv
Z-2022-ETN_008_2022_KPP_2022_ZEMLJISCA_20260724.csv-220;638970;ZEMLJISCE;9;Zemljišče za gozdno rabo (gozd);GOZDNO;1724;BREZOVICA;;;parcela 3386/14;1/1;1.0;10154.0;10154.0;;;455345.19;93887.16;9138.6;;Cena posla ni avtomatsko cena te sestavine;2021-12-14;2;Tržen posel – neustrezni podatki;2022;ETN_008_2022_KPP_2022_ZEMLJISCA_20260724.csv
Z-2022-ETN_008_2022_KPP_2022_ZEMLJISCA_20260724.csv-221;647151;ZEMLJISCE;1;Zemljišče na katerem je mogoče graditi stavbo in ima gradbeno dovoljenje;STAVBNO;1724;BREZOVICA;;;parcela 2557/7;1/1;1.0;70.0;70.0;;;453201.95;94301.74;218000.0;;Cena posla ni avtomatsko cena te sestavine;2022-03-18;2;Tržen posel – neustrezni podatki;2022;ETN_008_2022_KPP_2022_ZEMLJISCA_20260724.csv
Z-2022-ETN_008_2022_KPP_2022_ZEMLJISCA_20260724.csv-222;647151;ZEMLJISCE;1;Zemljišče na katerem je mogoče graditi stavbo in ima gradbeno dovoljenje;STAVBNO;1724;BREZOVICA;;;parcela 2557/10;2/6;0.3333333333333333;409.0;136.33333333333331;;;453208.51;94261.16;218000.0;;Cena posla ni avtomatsko cena te sestavine;2022-03-18;2;Tržen posel – neustrezni podatki;2022;ETN_008_2022_KPP_2022_ZEMLJISCA_20260724.csv
Z-2022-ETN_008_2022_KPP_2022_ZEMLJISCA_20260724.csv-223;647011;ZEMLJISCE;9;Zemljišče za gozdno rabo (gozd);GOZDNO;1652;RAKITNA;;;parcela 1082/80;1/1;1.0;13984.0;13984.0;;;456937.48;80681.52;7838.88;;Cena posla ni avtomatsko cena te sestavine;2022-03-14;1;Tržen posel;2022;ETN_008_2022_KPP_2022_ZEMLJISCA_20260724.csv
Z-2022-ETN_008_2022_KPP_2022_ZEMLJISCA_20260724.csv-224;647011;ZEMLJISCE;9;Zemljišče za gozdno rabo (gozd);GOZDNO;1652;RAKITNA;;;parcela 1082/81;1/1;1.0;10603.0;10603.0;;;456885.35;80677.78;7838.88;;Cena posla ni avtomatsko cena te sestavine;2022-03-14;1;Tržen posel;2022;ETN_008_2022_KPP_2022_ZEMLJISCA_20260724.csv
Z-2022-ETN_008_2022_KPP_2022_ZEMLJISCA_20260724.csv-225;633373;ZEMLJISCE;1;Zemljišče na katerem je mogoče graditi stavbo in ima gradbeno dovoljenje;STAVBNO;1724;BREZOVICA;;;parcela 571/63;1/1;1.0;13.0;13.0;;;454731.13;97393.33;260.0;;Cena posla ni avtomatsko cena te sestavine;2021-12-10;2;Tržen posel – neustrezni podatki;2022;ETN_008_2022_KPP_2022_ZEMLJISCA_20260724.csv
Z-2022-ETN_008_2022_KPP_2022_ZEMLJISCA_20260724.csv-226;633901;ZEMLJISCE;5;Zemljišče pod stavbo ali drugo stavbi ali delu stavbe pripadajoče zemljišče (zemljišče pod stavbo, dvorišče, dovozna pot, vrt, zelenica, stanovanjski atrij in podobno);PRIPADAJOCE;1724;BREZOVICA;;;parcela 1095/16;11/100;0.11;379.0;41.69;;;454529.74;96733.35;60000.0;;Cena posla ni avtomatsko cena te sestavine;2021-11-11;2;Tržen posel – neustrezni podatki;2022;ETN_008_2022_KPP_2022_ZEMLJISCA_20260724.csv
Z-2022-ETN_008_2022_KPP_2022_ZEMLJISCA_20260724.csv-227;633901;ZEMLJISCE;5;Zemljišče pod stavbo ali drugo stavbi ali delu stavbe pripadajoče zemljišče (zemljišče pod stavbo, dvorišče, dovozna pot, vrt, zelenica, stanovanjski atrij in podobno);PRIPADAJOCE;1724;BREZOVICA;;;parcela 1095/17;1/1;1.0;15.0;15.0;;;454535.46;96736.2;60000.0;;Cena posla ni avtomatsko cena te sestavine;2021-11-11;2;Tržen posel – neustrezni podatki;2022;ETN_008_2022_KPP_2022_ZEMLJISCA_20260724.csv
Z-2022-ETN_008_2022_KPP_2022_ZEMLJISCA_20260724.csv-228;633849;ZEMLJISCE;5;Zemljišče pod stavbo ali drugo stavbi ali delu stavbe pripadajoče zemljišče (zemljišče pod stavbo, dvorišče, dovozna pot, vrt, zelenica, stanovanjski atrij in podobno);PRIPADAJOCE;1724;BREZOVICA;;;parcela 2143/3;1/1;1.0;818.0;818.0;;;454026.25;95081.25;85000.0;;Cena posla ni avtomatsko cena te sestavine;2021-10-26;3;Drug posel;2022;ETN_008_2022_KPP_2022_ZEMLJISCA_20260724.csv
Z-2022-ETN_008_2022_KPP_2022_ZEMLJISCA_20260724.csv-229;653512;ZEMLJISCE;5;Zemljišče pod stavbo ali drugo stavbi ali delu stavbe pripadajoče zemljišče (zemljišče pod stavbo, dvorišče, dovozna pot, vrt, zelenica, stanovanjski atrij in podobno);PRIPADAJOCE;1704;KAMNIK;;;parcela 877/14;1/2;0.5;311.0;155.5;;;453247.4;91839.92;70000.0;;Cena posla ni avtomatsko cena te sestavine;2022-04-21;3;Drug posel;2022;ETN_008_2022_KPP_2022_ZEMLJISCA_20260724.csv
Z-2022-ETN_008_2022_KPP_2022_ZEMLJISCA_20260724.csv-230;653512;ZEMLJISCE;5;Zemljišče pod stavbo ali drugo stavbi ali delu stavbe pripadajoče zemljišče (zemljišče pod stavbo, dvorišče, dovozna pot, vrt, zelenica, stanovanjski atrij in podobno);PRIPADAJOCE;1704;KAMNIK;;;parcela 877/15;1/2;0.5;64.0;32.0;;;453254.34;91834.97;70000.0;;Cena posla ni avtomatsko cena te sestavine;2022-04-21;3;Drug posel;2022;ETN_008_2022_KPP_2022_ZEMLJISCA_20260724.csv
Z-2022-ETN_008_2022_KPP_2022_ZEMLJISCA_20260724.csv-231;653566;ZEMLJISCE;3;Zemljišče, na katerem je ali bo mogoče graditi stavbo in je delno komunalno opremljeno ali komunalno neopremljeno;STAVBNO;1724;BREZOVICA;;;parcela 583/37;1/1;1.0;235.0;235.0;;;454814.6;97564.45;66272.5;;Cena posla ni avtomatsko cena te sestavine;2022-04-25;3;Drug posel;2022;ETN_008_2022_KPP_2022_ZEMLJISCA_20260724.csv
Z-2022-ETN_008_2022_KPP_2022_ZEMLJISCA_20260724.csv-232;653572;ZEMLJISCE;3;Zemljišče, na katerem je ali bo mogoče graditi stavbo in je delno komunalno opremljeno ali komunalno neopremljeno;STAVBNO;1724;BREZOVICA;;;parcela 583/39;1/1;1.0;306.0;306.0;;;454828.46;97566.37;66272.5;;Cena posla ni avtomatsko cena te sestavine;2022-04-25;2;Tržen posel – neustrezni podatki;2022;ETN_008_2022_KPP_2022_ZEMLJISCA_20260724.csv
Z-2022-ETN_008_2022_KPP_2022_ZEMLJISCA_20260724.csv-233;664659;ZEMLJISCE;1;Zemljišče na katerem je mogoče graditi stavbo in ima gradbeno dovoljenje;STAVBNO;1703;JEZERO;;;parcela 51/5;1/1;1.0;904.0;904.0;;;456499.31;92335.76;175000.0;;Cena posla ni avtomatsko cena te sestavine;2022-07-23;2;Tržen posel – neustrezni podatki;2022;ETN_008_2022_KPP_2022_ZEMLJISCA_20260724.csv
Z-2022-ETN_008_2022_KPP_2022_ZEMLJISCA_20260724.csv-234;664659;ZEMLJISCE;6;Zemljišče, na katerem je cesta ali parkirišče;INFRASTRUKTURA;1703;JEZERO;;;parcela 52;1/9;0.1111111111111111;682.0;75.77777777777777;;;456476.96;92329.63;175000.0;;Cena posla ni avtomatsko cena te sestavine;2022-07-23;2;Tržen posel – neustrezni podatki;2022;ETN_008_2022_KPP_2022_ZEMLJISCA_20260724.csv
Z-2022-ETN_008_2022_KPP_2022_ZEMLJISCA_20260724.csv-235;669852;ZEMLJISCE;5;Zemljišče pod stavbo ali drugo stavbi ali delu stavbe pripadajoče zemljišče (zemljišče pod stavbo, dvorišče, dovozna pot, vrt, zelenica, stanovanjski atrij in podobno);PRIPADAJOCE;1724;BREZOVICA;;;parcela 346/8;1/1;1.0;384.0;384.0;;;455353.88;98121.24;320000.0;;Cena posla ni avtomatsko cena te sestavine;2022-09-08;2;Tržen posel – neustrezni podatki;2022;ETN_008_2022_KPP_2022_ZEMLJISCA_20260724.csv
Z-2022-ETN_008_2022_KPP_2022_ZEMLJISCA_20260724.csv-236;669852;ZEMLJISCE;6;Zemljišče, na katerem je cesta ali parkirišče;INFRASTRUKTURA;1724;BREZOVICA;;;parcela 346/9;1/1;1.0;175.0;175.0;;;455372.1;98118.21;320000.0;;Cena posla ni avtomatsko cena te sestavine;2022-09-08;2;Tržen posel – neustrezni podatki;2022;ETN_008_2022_KPP_2022_ZEMLJISCA_20260724.csv
Z-2022-ETN_008_2022_KPP_2022_ZEMLJISCA_20260724.csv-237;669852;ZEMLJISCE;5;Zemljišče pod stavbo ali drugo stavbi ali delu stavbe pripadajoče zemljišče (zemljišče pod stavbo, dvorišče, dovozna pot, vrt, zelenica, stanovanjski atrij in podobno);PRIPADAJOCE;1724;BREZOVICA;;;parcela 347/2;1/1;1.0;612.0;612.0;;;455387.76;98110.99;320000.0;;Cena posla ni avtomatsko cena te sestavine;2022-09-08;2;Tržen posel – neustrezni podatki;2022;ETN_008_2022_KPP_2022_ZEMLJISCA_20260724.csv
Z-2022-ETN_008_2022_KPP_2022_ZEMLJISCA_20260724.csv-238;669852;ZEMLJISCE;3;Zemljišče, na katerem je ali bo mogoče graditi stavbo in je delno komunalno opremljeno ali komunalno neopremljeno;STAVBNO;1724;BREZOVICA;;;parcela 347/11;1/1;1.0;242.0;242.0;;;455346.64;98108.39;320000.0;;Cena posla ni avtomatsko cena te sestavine;2022-09-08;2;Tržen posel – neustrezni podatki;2022;ETN_008_2022_KPP_2022_ZEMLJISCA_20260724.csv
Z-2022-ETN_008_2022_KPP_2022_ZEMLJISCA_20260724.csv-239;669852;ZEMLJISCE;6;Zemljišče, na katerem je cesta ali parkirišče;INFRASTRUKTURA;1724;BREZOVICA;;;parcela 347/12;1/1;1.0;82.0;82.0;;;455370.51;98106.24;320000.0;;Cena posla ni avtomatsko cena te sestavine;2022-09-08;2;Tržen posel – neustrezni podatki;2022;ETN_008_2022_KPP_2022_ZEMLJISCA_20260724.csv
Z-2022-ETN_008_2022_KPP_2022_ZEMLJISCA_20260724.csv-240;672903;ZEMLJISCE;5;Zemljišče pod stavbo ali drugo stavbi ali delu stavbe pripadajoče zemljišče (zemljišče pod stavbo, dvorišče, dovozna pot, vrt, zelenica, stanovanjski atrij in podobno);PRIPADAJOCE;1703;JEZERO;;;parcela 693/9;1/32;0.03125;180.0;5.625;;;457084.98;92864.92;5.23;;Cena posla ni avtomatsko cena te sestavine;2022-09-29;3;Drug posel;2022;ETN_008_2022_KPP_2022_ZEMLJISCA_20260724.csv
Z-2022-ETN_008_2022_KPP_2022_ZEMLJISCA_20260724.csv-241;668638;ZEMLJISCE;6;Zemljišče, na katerem je cesta ali parkirišče;INFRASTRUKTURA;1724;BREZOVICA;;;parcela 369/199;2/6;0.3333333333333333;93.0;31.0;;;455092.14;97992.4;257000.0;;Cena posla ni avtomatsko cena te sestavine;2022-08-24;2;Tržen posel – neustrezni podatki;2022;ETN_008_2022_KPP_2022_ZEMLJISCA_20260724.csv
Z-2022-ETN_008_2022_KPP_2022_ZEMLJISCA_20260724.csv-242;668638;ZEMLJISCE;6;Zemljišče, na katerem je cesta ali parkirišče;INFRASTRUKTURA;1724;BREZOVICA;;;parcela 369/206;2/38;0.05263157894736842;774.0;40.73684210526316;;;455063.93;97968.23;257000.0;;Cena posla ni avtomatsko cena te sestavine;2022-08-24;2;Tržen posel – neustrezni podatki;2022;ETN_008_2022_KPP_2022_ZEMLJISCA_20260724.csv
Z-2022-ETN_008_2022_KPP_2022_ZEMLJISCA_20260724.csv-243;668638;ZEMLJISCE;6;Zemljišče, na katerem je cesta ali parkirišče;INFRASTRUKTURA;1724;BREZOVICA;;;parcela 369/182;2/90;0.022222222222222223;867.0;19.266666666666666;;;455079.93;97964.65;257000.0;;Cena posla ni avtomatsko cena te sestavine;2022-08-24;2;Tržen posel – neustrezni podatki;2022;ETN_008_2022_KPP_2022_ZEMLJISCA_20260724.csv
Z-2022-ETN_008_2022_KPP_2022_ZEMLJISCA_20260724.csv-244;668638;ZEMLJISCE;6;Zemljišče, na katerem je cesta ali parkirišče;INFRASTRUKTURA;1724;BREZOVICA;;;parcela 369/205;2/90;0.022222222222222223;122.0;2.7111111111111112;;;455063.82;97972.63;257000.0;;Cena posla ni avtomatsko cena te sestavine;2022-08-24;2;Tržen posel – neustrezni podatki;2022;ETN_008_2022_KPP_2022_ZEMLJISCA_20260724.csv
Z-2022-ETN_008_2022_KPP_2022_ZEMLJISCA_20260724.csv-245;668638;ZEMLJISCE;6;Zemljišče, na katerem je cesta ali parkirišče;INFRASTRUKTURA;1724;BREZOVICA;;;parcela 369/208;2/90;0.022222222222222223;134.0;2.977777777777778;;;455067.85;97943.86;257000.0;;Cena posla ni avtomatsko cena te sestavine;2022-08-24;2;Tržen posel – neustrezni podatki;2022;ETN_008_2022_KPP_2022_ZEMLJISCA_20260724.csv
Z-2022-ETN_008_2022_KPP_2022_ZEMLJISCA_20260724.csv-246;644573;ZEMLJISCE;7;Zemljišče za kmetijsko rabo (njiva, travnik, pašnik);KMETIJSKO;1724;BREZOVICA;;;parcela 1358/4;1/1;1.0;161.0;161.0;;;455306.97;96203.12;135000.0;;Cena posla ni avtomatsko cena te sestavine;2021-12-10;2;Tržen posel – neustrezni podatki;2022;ETN_008_2022_KPP_2022_ZEMLJISCA_20260724.csv
Z-2022-ETN_008_2022_KPP_2022_ZEMLJISCA_20260724.csv-247;644573;ZEMLJISCE;3;Zemljišče, na katerem je ali bo mogoče graditi stavbo in je delno komunalno opremljeno ali komunalno neopremljeno;STAVBNO;1724;BREZOVICA;;;parcela 1360/2;1/1;1.0;442.0;442.0;;;455308.52;96194.7;135000.0;;Cena posla ni avtomatsko cena te sestavine;2021-12-10;2;Tržen posel – neustrezni podatki;2022;ETN_008_2022_KPP_2022_ZEMLJISCA_20260724.csv
Z-2022-ETN_008_2022_KPP_2022_ZEMLJISCA_20260724.csv-248;644573;ZEMLJISCE;7;Zemljišče za kmetijsko rabo (njiva, travnik, pašnik);KMETIJSKO;1724;BREZOVICA;;;parcela 1360/4;1/1;1.0;48.0;48.0;;;455323.35;96202.15;135000.0;;Cena posla ni avtomatsko cena te sestavine;2021-12-10;2;Tržen posel – neustrezni podatki;2022;ETN_008_2022_KPP_2022_ZEMLJISCA_20260724.csv
Z-2022-ETN_008_2022_KPP_2022_ZEMLJISCA_20260724.csv-249;642954;ZEMLJISCE;7;Zemljišče za kmetijsko rabo (njiva, travnik, pašnik);KMETIJSKO;1724;BREZOVICA;;;parcela 2506/2;13/15;0.8666666666666667;1127.0;976.7333333333333;;;452912.82;94703.95;1954.0;;Cena posla ni avtomatsko cena te sestavine;2022-01-12;5;V preverjanju;2022;ETN_008_2022_KPP_2022_ZEMLJISCA_20260724.csv
Z-2022-ETN_008_2022_KPP_2022_ZEMLJISCA_20260724.csv-250;651006;ZEMLJISCE;5;Zemljišče pod stavbo ali drugo stavbi ali delu stavbe pripadajoče zemljišče (zemljišče pod stavbo, dvorišče, dovozna pot, vrt, zelenica, stanovanjski atrij in podobno);PRIPADAJOCE;1724;BREZOVICA;;;parcela 574/20;4984/100000;0.04984;367.0;18.29128;;;454460.96;97466.74;80000.0;;Cena posla ni avtomatsko cena te sestavine;2022-04-14;2;Tržen posel – neustrezni podatki;2022;ETN_008_2022_KPP_2022_ZEMLJISCA_20260724.csv
Z-2022-ETN_008_2022_KPP_2022_ZEMLJISCA_20260724.csv-251;632500;ZEMLJISCE;1;Zemljišče na katerem je mogoče graditi stavbo in ima gradbeno dovoljenje;STAVBNO;1652;RAKITNA;;;parcela 893/150;1/1;1.0;700.0;700.0;;;456126.24;83030.44;60000.0;;Cena posla ni avtomatsko cena te sestavine;2021-11-22;2;Tržen posel – neustrezni podatki;2022;ETN_008_2022_KPP_2022_ZEMLJISCA_20260724.csv
Z-2022-ETN_008_2022_KPP_2022_ZEMLJISCA_20260724.csv-252;632637;ZEMLJISCE;3;Zemljišče, na katerem je ali bo mogoče graditi stavbo in je delno komunalno opremljeno ali komunalno neopremljeno;STAVBNO;1652;RAKITNA;;;parcela 1273/26;1/1;1.0;1000.0;1000.0;;;456110.15;82648.63;22500.0;;Cena posla ni avtomatsko cena te sestavine;2021-11-30;2;Tržen posel – neustrezni podatki;2022;ETN_008_2022_KPP_2022_ZEMLJISCA_20260724.csv
Z-2022-ETN_008_2022_KPP_2022_ZEMLJISCA_20260724.csv-253;649413;ZEMLJISCE;9;Zemljišče za gozdno rabo (gozd);GOZDNO;1704;KAMNIK;;;parcela 2264/25;1/1;1.0;3150.0;3150.0;;;453094.13;89690.62;3000.0;;Cena posla ni avtomatsko cena te sestavine;2022-03-03;3;Drug posel;2022;ETN_008_2022_KPP_2022_ZEMLJISCA_20260724.csv
Z-2022-ETN_008_2022_KPP_2022_ZEMLJISCA_20260724.csv-254;649413;ZEMLJISCE;7;Zemljišče za kmetijsko rabo (njiva, travnik, pašnik);KMETIJSKO;1704;KAMNIK;;;parcela 174;1/1;1.0;856.0;856.0;;;453860.94;91615.84;3000.0;;Cena posla ni avtomatsko cena te sestavine;2022-03-03;3;Drug posel;2022;ETN_008_2022_KPP_2022_ZEMLJISCA_20260724.csv
Z-2022-ETN_008_2022_KPP_2022_ZEMLJISCA_20260724.csv-255;653867;ZEMLJISCE;3;Zemljišče, na katerem je ali bo mogoče graditi stavbo in je delno komunalno opremljeno ali komunalno neopremljeno;STAVBNO;1724;BREZOVICA;;;parcela 369/96;1/1;1.0;1058.0;1058.0;;;454807.54;97983.41;195000.0;;Cena posla ni avtomatsko cena te sestavine;2022-05-09;2;Tržen posel – neustrezni podatki;2022;ETN_008_2022_KPP_2022_ZEMLJISCA_20260724.csv
Z-2022-ETN_008_2022_KPP_2022_ZEMLJISCA_20260724.csv-256;653868;ZEMLJISCE;5;Zemljišče pod stavbo ali drugo stavbi ali delu stavbe pripadajoče zemljišče (zemljišče pod stavbo, dvorišče, dovozna pot, vrt, zelenica, stanovanjski atrij in podobno);PRIPADAJOCE;1652;RAKITNA;;;parcela 1289/6;1/1;1.0;78.0;78.0;;;456321.53;82922.49;217000.0;;Cena posla ni avtomatsko cena te sestavine;2022-05-06;2;Tržen posel – neustrezni podatki;2022;ETN_008_2022_KPP_2022_ZEMLJISCA_20260724.csv
Z-2022-ETN_008_2022_KPP_2022_ZEMLJISCA_20260724.csv-257;653868;ZEMLJISCE;5;Zemljišče pod stavbo ali drugo stavbi ali delu stavbe pripadajoče zemljišče (zemljišče pod stavbo, dvorišče, dovozna pot, vrt, zelenica, stanovanjski atrij in podobno);PRIPADAJOCE;1652;RAKITNA;;;parcela 1288/2;1/1;1.0;1567.0;1567.0;;;456370.66;82943.61;217000.0;;Cena posla ni avtomatsko cena te sestavine;2022-05-06;2;Tržen posel – neustrezni podatki;2022;ETN_008_2022_KPP_2022_ZEMLJISCA_20260724.csv
Z-2022-ETN_008_2022_KPP_2022_ZEMLJISCA_20260724.csv-258;653868;ZEMLJISCE;6;Zemljišče, na katerem je cesta ali parkirišče;INFRASTRUKTURA;1652;RAKITNA;;;parcela 893/121;2/84;0.023809523809523808;402.0;9.571428571428571;;;456079.74;83025.05;217000.0;;Cena posla ni avtomatsko cena te sestavine;2022-05-06;2;Tržen posel – neustrezni podatki;2022;ETN_008_2022_KPP_2022_ZEMLJISCA_20260724.csv
Z-2022-ETN_008_2022_KPP_2022_ZEMLJISCA_20260724.csv-259;665087;ZEMLJISCE;7;Zemljišče za kmetijsko rabo (njiva, travnik, pašnik);KMETIJSKO;1724;BREZOVICA;;;parcela 3020/9;1/1;1.0;243.0;243.0;;;452023.89;96105.53;27000.0;;Cena posla ni avtomatsko cena te sestavine;2022-07-14;2;Tržen posel – neustrezni podatki;2022;ETN_008_2022_KPP_2022_ZEMLJISCA_20260724.csv
Z-2022-ETN_008_2022_KPP_2022_ZEMLJISCA_20260724.csv-260;665606;ZEMLJISCE;3;Zemljišče, na katerem je ali bo mogoče graditi stavbo in je delno komunalno opremljeno ali komunalno neopremljeno;STAVBNO;1652;RAKITNA;;;parcela 1273/12;1/1;1.0;787.0;787.0;;;456227.89;82746.65;84000.0;;Cena posla ni avtomatsko cena te sestavine;2022-08-08;2;Tržen posel – neustrezni podatki;2022;ETN_008_2022_KPP_2022_ZEMLJISCA_20260724.csv
Z-2022-ETN_008_2022_KPP_2022_ZEMLJISCA_20260724.csv-261;672360;ZEMLJISCE;5;Zemljišče pod stavbo ali drugo stavbi ali delu stavbe pripadajoče zemljišče (zemljišče pod stavbo, dvorišče, dovozna pot, vrt, zelenica, stanovanjski atrij in podobno);PRIPADAJOCE;1705;PRESERJE;;;parcela 988/6;1/1;1.0;635.0;635.0;;;454807.6;92322.17;420000.0;;Cena posla ni avtomatsko cena te sestavine;2022-09-29;2;Tržen posel – neustrezni podatki;2022;ETN_008_2022_KPP_2022_ZEMLJISCA_20260724.csv
Z-2022-ETN_008_2022_KPP_2022_ZEMLJISCA_20260724.csv-262;639324;ZEMLJISCE;5;Zemljišče pod stavbo ali drugo stavbi ali delu stavbe pripadajoče zemljišče (zemljišče pod stavbo, dvorišče, dovozna pot, vrt, zelenica, stanovanjski atrij in podobno);PRIPADAJOCE;1724;BREZOVICA;;;parcela 369/229;1/1;1.0;45.0;45.0;;;455101.39;97932.31;275000.0;;Cena posla ni avtomatsko cena te sestavine;2022-01-19;2;Tržen posel – neustrezni podatki;2022;ETN_008_2022_KPP_2022_ZEMLJISCA_20260724.csv
Z-2022-ETN_008_2022_KPP_2022_ZEMLJISCA_20260724.csv-263;639324;ZEMLJISCE;5;Zemljišče pod stavbo ali drugo stavbi ali delu stavbe pripadajoče zemljišče (zemljišče pod stavbo, dvorišče, dovozna pot, vrt, zelenica, stanovanjski atrij in podobno);PRIPADAJOCE;1724;BREZOVICA;;;parcela 369/227;1/3;0.3333333333333333;87.0;29.0;;;455106.85;97930.34;275000.0;;Cena posla ni avtomatsko cena te sestavine;2022-01-19;2;Tržen posel – neustrezni podatki;2022;ETN_008_2022_KPP_2022_ZEMLJISCA_20260724.csv
Z-2022-ETN_008_2022_KPP_2022_ZEMLJISCA_20260724.csv-264;639324;ZEMLJISCE;6;Zemljišče, na katerem je cesta ali parkirišče;INFRASTRUKTURA;1724;BREZOVICA;;;parcela 369/207;1/26;0.038461538461538464;1492.0;57.38461538461539;;;455064.78;97951.28;275000.0;;Cena posla ni avtomatsko cena te sestavine;2022-01-19;2;Tržen posel – neustrezni podatki;2022;ETN_008_2022_KPP_2022_ZEMLJISCA_20260724.csv
Z-2022-ETN_008_2022_KPP_2022_ZEMLJISCA_20260724.csv-265;639324;ZEMLJISCE;6;Zemljišče, na katerem je cesta ali parkirišče;INFRASTRUKTURA;1724;BREZOVICA;;;parcela 369/182;1/45;0.022222222222222223;867.0;19.266666666666666;;;455079.93;97964.65;275000.0;;Cena posla ni avtomatsko cena te sestavine;2022-01-19;2;Tržen posel – neustrezni podatki;2022;ETN_008_2022_KPP_2022_ZEMLJISCA_20260724.csv
Z-2022-ETN_008_2022_KPP_2022_ZEMLJISCA_20260724.csv-266;639324;ZEMLJISCE;6;Zemljišče, na katerem je cesta ali parkirišče;INFRASTRUKTURA;1724;BREZOVICA;;;parcela 369/205;1/45;0.022222222222222223;122.0;2.7111111111111112;;;455063.82;97972.63;275000.0;;Cena posla ni avtomatsko cena te sestavine;2022-01-19;2;Tržen posel – neustrezni podatki;2022;ETN_008_2022_KPP_2022_ZEMLJISCA_20260724.csv
Z-2022-ETN_008_2022_KPP_2022_ZEMLJISCA_20260724.csv-267;639324;ZEMLJISCE;6;Zemljišče, na katerem je cesta ali parkirišče;INFRASTRUKTURA;1724;BREZOVICA;;;parcela 369/208;1/45;0.022222222222222223;134.0;2.977777777777778;;;455067.85;97943.86;275000.0;;Cena posla ni avtomatsko cena te sestavine;2022-01-19;2;Tržen posel – neustrezni podatki;2022;ETN_008_2022_KPP_2022_ZEMLJISCA_20260724.csv
Z-2022-ETN_008_2022_KPP_2022_ZEMLJISCA_20260724.csv-268;645810;ZEMLJISCE;5;Zemljišče pod stavbo ali drugo stavbi ali delu stavbe pripadajoče zemljišče (zemljišče pod stavbo, dvorišče, dovozna pot, vrt, zelenica, stanovanjski atrij in podobno);PRIPADAJOCE;1724;BREZOVICA;;;parcela 2212/24;1/1;1.0;166.0;166.0;;;454014.21;95000.36;150000.0;;Cena posla ni avtomatsko cena te sestavine;2022-02-28;2;Tržen posel – neustrezni podatki;2022;ETN_008_2022_KPP_2022_ZEMLJISCA_20260724.csv
Z-2022-ETN_008_2022_KPP_2022_ZEMLJISCA_20260724.csv-269;646464;ZEMLJISCE;5;Zemljišče pod stavbo ali drugo stavbi ali delu stavbe pripadajoče zemljišče (zemljišče pod stavbo, dvorišče, dovozna pot, vrt, zelenica, stanovanjski atrij in podobno);PRIPADAJOCE;1652;RAKITNA;;;parcela 1243/10;1/1;1.0;618.0;618.0;;;456160.94;82832.43;140000.0;;Cena posla ni avtomatsko cena te sestavine;2022-03-07;2;Tržen posel – neustrezni podatki;2022;ETN_008_2022_KPP_2022_ZEMLJISCA_20260724.csv
Z-2022-ETN_008_2022_KPP_2022_ZEMLJISCA_20260724.csv-270;646813;ZEMLJISCE;5;Zemljišče pod stavbo ali drugo stavbi ali delu stavbe pripadajoče zemljišče (zemljišče pod stavbo, dvorišče, dovozna pot, vrt, zelenica, stanovanjski atrij in podobno);PRIPADAJOCE;1724;BREZOVICA;;;parcela 1460/14;1/1;1.0;482.0;482.0;;;455447.47;96695.51;445000.0;;Cena posla ni avtomatsko cena te sestavine;2022-03-15;2;Tržen posel – neustrezni podatki;2022;ETN_008_2022_KPP_2022_ZEMLJISCA_20260724.csv
Z-2022-ETN_008_2022_KPP_2022_ZEMLJISCA_20260724.csv-271;632844;ZEMLJISCE;3;Zemljišče, na katerem je ali bo mogoče graditi stavbo in je delno komunalno opremljeno ali komunalno neopremljeno;STAVBNO;1724;BREZOVICA;;;parcela 369/54;1/1;1.0;218.0;218.0;;;455173.36;98331.69;43600.0;;Cena posla ni avtomatsko cena te sestavine;2021-11-30;2;Tržen posel – neustrezni podatki;2022;ETN_008_2022_KPP_2022_ZEMLJISCA_20260724.csv
Z-2022-ETN_008_2022_KPP_2022_ZEMLJISCA_20260724.csv-272;658532;ZEMLJISCE;7;Zemljišče za kmetijsko rabo (njiva, travnik, pašnik);KMETIJSKO;1704;KAMNIK;;;parcela 315/5;1/8;0.125;12083.0;1510.375;;;453042.94;91940.91;239.4;;Cena posla ni avtomatsko cena te sestavine;2022-05-12;3;Drug posel;2022;ETN_008_2022_KPP_2022_ZEMLJISCA_20260724.csv
Z-2022-ETN_008_2022_KPP_2022_ZEMLJISCA_20260724.csv-273;656460;ZEMLJISCE;1;Zemljišče na katerem je mogoče graditi stavbo in ima gradbeno dovoljenje;STAVBNO;1724;BREZOVICA;;;parcela 759/25;1/4;0.25;188.0;47.0;;;454493.76;96335.09;250000.0;;Cena posla ni avtomatsko cena te sestavine;2022-04-19;4;Neopredeljen posel;2022;ETN_008_2022_KPP_2022_ZEMLJISCA_20260724.csv
Z-2022-ETN_008_2022_KPP_2022_ZEMLJISCA_20260724.csv-274;656460;ZEMLJISCE;1;Zemljišče na katerem je mogoče graditi stavbo in ima gradbeno dovoljenje;STAVBNO;1724;BREZOVICA;;;parcela 759/26;1/4;0.25;12.0;3.0;;;454514.93;96325.47;250000.0;;Cena posla ni avtomatsko cena te sestavine;2022-04-19;4;Neopredeljen posel;2022;ETN_008_2022_KPP_2022_ZEMLJISCA_20260724.csv
Z-2022-ETN_008_2022_KPP_2022_ZEMLJISCA_20260724.csv-275;656460;ZEMLJISCE;1;Zemljišče na katerem je mogoče graditi stavbo in ima gradbeno dovoljenje;STAVBNO;1724;BREZOVICA;;;parcela 759/27;1/4;0.25;3.0;0.75;;;454507.85;96325.91;250000.0;;Cena posla ni avtomatsko cena te sestavine;2022-04-19;4;Neopredeljen posel;2022;ETN_008_2022_KPP_2022_ZEMLJISCA_20260724.csv
Z-2022-ETN_008_2022_KPP_2022_ZEMLJISCA_20260724.csv-276;656460;ZEMLJISCE;1;Zemljišče na katerem je mogoče graditi stavbo in ima gradbeno dovoljenje;STAVBNO;1724;BREZOVICA;;;parcela 759/19;1/4;0.25;41.0;10.25;;;454520.23;96327.66;250000.0;;Cena posla ni avtomatsko cena te sestavine;2022-04-19;4;Neopredeljen posel;2022;ETN_008_2022_KPP_2022_ZEMLJISCA_20260724.csv
Z-2022-ETN_008_2022_KPP_2022_ZEMLJISCA_20260724.csv-277;656460;ZEMLJISCE;1;Zemljišče na katerem je mogoče graditi stavbo in ima gradbeno dovoljenje;STAVBNO;1724;BREZOVICA;;;parcela 759/20;1/4;0.25;89.0;22.25;;;454523.93;96332.22;250000.0;;Cena posla ni avtomatsko cena te sestavine;2022-04-19;4;Neopredeljen posel;2022;ETN_008_2022_KPP_2022_ZEMLJISCA_20260724.csv
Z-2022-ETN_008_2022_KPP_2022_ZEMLJISCA_20260724.csv-278;656460;ZEMLJISCE;1;Zemljišče na katerem je mogoče graditi stavbo in ima gradbeno dovoljenje;STAVBNO;1724;BREZOVICA;;;parcela 759/21;1/4;0.25;269.0;67.25;;;454510.32;96335.53;250000.0;;Cena posla ni avtomatsko cena te sestavine;2022-04-19;4;Neopredeljen posel;2022;ETN_008_2022_KPP_2022_ZEMLJISCA_20260724.csv
Z-2022-ETN_008_2022_KPP_2022_ZEMLJISCA_20260724.csv-279;656460;ZEMLJISCE;1;Zemljišče na katerem je mogoče graditi stavbo in ima gradbeno dovoljenje;STAVBNO;1724;BREZOVICA;;;parcela 759/22;1/4;0.25;28.0;7.0;;;454527.36;96329.17;250000.0;;Cena posla ni avtomatsko cena te sestavine;2022-04-19;4;Neopredeljen posel;2022;ETN_008_2022_KPP_2022_ZEMLJISCA_20260724.csv
Z-2022-ETN_008_2022_KPP_2022_ZEMLJISCA_20260724.csv-280;656460;ZEMLJISCE;1;Zemljišče na katerem je mogoče graditi stavbo in ima gradbeno dovoljenje;STAVBNO;1724;BREZOVICA;;;parcela 759/23;1/4;0.25;19.0;4.75;;;454510.88;96340.74;250000.0;;Cena posla ni avtomatsko cena te sestavine;2022-04-19;4;Neopredeljen posel;2022;ETN_008_2022_KPP_2022_ZEMLJISCA_20260724.csv
Z-2022-ETN_008_2022_KPP_2022_ZEMLJISCA_20260724.csv-281;656460;ZEMLJISCE;1;Zemljišče na katerem je mogoče graditi stavbo in ima gradbeno dovoljenje;STAVBNO;1724;BREZOVICA;;;parcela 759/24;1/4;0.25;20.0;5.0;;;454510.34;96325.59;250000.0;;Cena posla ni avtomatsko cena te sestavine;2022-04-19;4;Neopredeljen posel;2022;ETN_008_2022_KPP_2022_ZEMLJISCA_20260724.csv
Z-2022-ETN_008_2022_KPP_2022_ZEMLJISCA_20260724.csv-282;663421;ZEMLJISCE;7;Zemljišče za kmetijsko rabo (njiva, travnik, pašnik);KMETIJSKO;1652;RAKITNA;;;parcela 623;1/2;0.5;485.0;242.5;;;456489.02;84140.04;363.75;;Cena posla ni avtomatsko cena te sestavine;2022-06-13;3;Drug posel;2022;ETN_008_2022_KPP_2022_ZEMLJISCA_20260724.csv
Z-2022-ETN_008_2022_KPP_2022_ZEMLJISCA_20260724.csv-283;666386;ZEMLJISCE;7;Zemljišče za kmetijsko rabo (njiva, travnik, pašnik);KMETIJSKO;1724;BREZOVICA;;;parcela 2649/7;1/1;1.0;5525.0;5525.0;;;454075.8;94159.84;21204.0;;Cena posla ni avtomatsko cena te sestavine;2022-08-03;1;Tržen posel;2022;ETN_008_2022_KPP_2022_ZEMLJISCA_20260724.csv
Z-2022-ETN_008_2022_KPP_2022_ZEMLJISCA_20260724.csv-284;666386;ZEMLJISCE;7;Zemljišče za kmetijsko rabo (njiva, travnik, pašnik);KMETIJSKO;1724;BREZOVICA;;;parcela 2792/2;1/1;1.0;5077.0;5077.0;;;452188.09;95928.02;21204.0;;Cena posla ni avtomatsko cena te sestavine;2022-08-03;1;Tržen posel;2022;ETN_008_2022_KPP_2022_ZEMLJISCA_20260724.csv
Z-2022-ETN_008_2022_KPP_2022_ZEMLJISCA_20260724.csv-285;644288;ZEMLJISCE;7;Zemljišče za kmetijsko rabo (njiva, travnik, pašnik);KMETIJSKO;1704;KAMNIK;;;parcela 981;1/1;1.0;1874.0;1874.0;;;453401.41;91398.32;102000.0;;Cena posla ni avtomatsko cena te sestavine;2022-02-04;2;Tržen posel – neustrezni podatki;2022;ETN_008_2022_KPP_2022_ZEMLJISCA_20260724.csv
Z-2022-ETN_008_2022_KPP_2022_ZEMLJISCA_20260724.csv-286;657177;ZEMLJISCE;4;Zemljišče, na katerem je ali bo mogoče graditi prometno ali energetsko infrastrukturo (cesta, plinovod in drugo);INFRASTRUKTURA;1724;BREZOVICA;;;parcela 267/10;1/1;1.0;4.0;4.0;;;454642.16;98429.65;494.4;;Cena posla ni avtomatsko cena te sestavine;2022-05-17;2;Tržen posel – neustrezni podatki;2022;ETN_008_2022_KPP_2022_ZEMLJISCA_20260724.csv
Z-2022-ETN_008_2022_KPP_2022_ZEMLJISCA_20260724.csv-287;664829;ZEMLJISCE;5;Zemljišče pod stavbo ali drugo stavbi ali delu stavbe pripadajoče zemljišče (zemljišče pod stavbo, dvorišče, dovozna pot, vrt, zelenica, stanovanjski atrij in podobno);PRIPADAJOCE;1724;BREZOVICA;;;parcela 1037/3;1/1;1.0;630.0;630.0;;;454886.55;96312.17;66400.0;;Cena posla ni avtomatsko cena te sestavine;2022-06-29;2;Tržen posel – neustrezni podatki;2022;ETN_008_2022_KPP_2022_ZEMLJISCA_20260724.csv
Z-2022-ETN_008_2022_KPP_2022_ZEMLJISCA_20260724.csv-288;664829;ZEMLJISCE;3;Zemljišče, na katerem je ali bo mogoče graditi stavbo in je delno komunalno opremljeno ali komunalno neopremljeno;STAVBNO;1724;BREZOVICA;;;parcela 1038/3;1/1;1.0;144.0;144.0;;;454890.18;96287.9;66400.0;;Cena posla ni avtomatsko cena te sestavine;2022-06-29;2;Tržen posel – neustrezni podatki;2022;ETN_008_2022_KPP_2022_ZEMLJISCA_20260724.csv
Z-2022-ETN_008_2022_KPP_2022_ZEMLJISCA_20260724.csv-289;659201;ZEMLJISCE;3;Zemljišče, na katerem je ali bo mogoče graditi stavbo in je delno komunalno opremljeno ali komunalno neopremljeno;STAVBNO;1704;KAMNIK;;;parcela 1061/10;1/1;1.0;713.0;713.0;;;453445.31;90960.93;90000.0;;Cena posla ni avtomatsko cena te sestavine;2022-06-14;2;Tržen posel – neustrezni podatki;2022;ETN_008_2022_KPP_2022_ZEMLJISCA_20260724.csv
Z-2022-ETN_008_2022_KPP_2022_ZEMLJISCA_20260724.csv-290;659201;ZEMLJISCE;6;Zemljišče, na katerem je cesta ali parkirišče;INFRASTRUKTURA;1704;KAMNIK;;;parcela 1061/15;1/1;1.0;194.0;194.0;;;453462.74;90974.3;90000.0;;Cena posla ni avtomatsko cena te sestavine;2022-06-14;2;Tržen posel – neustrezni podatki;2022;ETN_008_2022_KPP_2022_ZEMLJISCA_20260724.csv
Z-2022-ETN_008_2022_KPP_2022_ZEMLJISCA_20260724.csv-291;666666;ZEMLJISCE;9;Zemljišče za gozdno rabo (gozd);GOZDNO;1704;KAMNIK;;;parcela 2165;1/4;0.25;27511.0;6877.75;;;452082.59;89412.33;4126.65;;Cena posla ni avtomatsko cena te sestavine;2022-08-18;3;Drug posel;2022;ETN_008_2022_KPP_2022_ZEMLJISCA_20260724.csv
Z-2022-ETN_008_2022_KPP_2022_ZEMLJISCA_20260724.csv-292;647310;ZEMLJISCE;5;Zemljišče pod stavbo ali drugo stavbi ali delu stavbe pripadajoče zemljišče (zemljišče pod stavbo, dvorišče, dovozna pot, vrt, zelenica, stanovanjski atrij in podobno);PRIPADAJOCE;1724;BREZOVICA;;;parcela 754/7;1/1;1.0;587.0;587.0;;;454484.37;96396.62;330000.0;;Cena posla ni avtomatsko cena te sestavine;2022-03-07;2;Tržen posel – neustrezni podatki;2022;ETN_008_2022_KPP_2022_ZEMLJISCA_20260724.csv
Z-2022-ETN_008_2022_KPP_2022_ZEMLJISCA_20260724.csv-293;662906;ZEMLJISCE;3;Zemljišče, na katerem je ali bo mogoče graditi stavbo in je delno komunalno opremljeno ali komunalno neopremljeno;STAVBNO;1652;RAKITNA;;;parcela 1391/21;1/1;1.0;418.0;418.0;;;456832.87;82720.5;16000.0;;Cena posla ni avtomatsko cena te sestavine;2022-07-14;2;Tržen posel – neustrezni podatki;2022;ETN_008_2022_KPP_2022_ZEMLJISCA_20260724.csv
Z-2023-ETN_008_2023_KPP_2023_ZEMLJISCA_20260724.csv-2;689834;ZEMLJISCE;2;Zemljišče, na katerem je mogoče graditi stavbo in je komunalno opremljeno (priključki na vodo, elektriko in neposredni dostop do dovozne poti);STAVBNO;1705;PRESERJE;;;parcela 559/9;1/1;1.0;138.0;138.0;;;454840.17;91043.74;3000.0;;Cena posla ni avtomatsko cena te sestavine;2023-01-31;2;Tržen posel – neustrezni podatki;2023;ETN_008_2023_KPP_2023_ZEMLJISCA_20260724.csv
Z-2023-ETN_008_2023_KPP_2023_ZEMLJISCA_20260724.csv-3;688906;ZEMLJISCE;5;Zemljišče pod stavbo ali drugo stavbi ali delu stavbe pripadajoče zemljišče (zemljišče pod stavbo, dvorišče, dovozna pot, vrt, zelenica, stanovanjski atrij in podobno);PRIPADAJOCE;1724;BREZOVICA;;;parcela 2473;1/1;1.0;128.0;128.0;;;453354.24;94424.45;22700.0;;Cena posla ni avtomatsko cena te sestavine;2022-11-22;3;Drug posel;2023;ETN_008_2023_KPP_2023_ZEMLJISCA_20260724.csv
Z-2023-ETN_008_2023_KPP_2023_ZEMLJISCA_20260724.csv-4;689131;ZEMLJISCE;3;Zemljišče, na katerem je ali bo mogoče graditi stavbo in je delno komunalno opremljeno ali komunalno neopremljeno;STAVBNO;1724;BREZOVICA;;;parcela 607/98;1/1;1.0;627.0;627.0;;;454535.84;97902.43;130334.0;;Cena posla ni avtomatsko cena te sestavine;2023-01-24;4;Neopredeljen posel;2023;ETN_008_2023_KPP_2023_ZEMLJISCA_20260724.csv
Z-2023-ETN_008_2023_KPP_2023_ZEMLJISCA_20260724.csv-5;689131;ZEMLJISCE;3;Zemljišče, na katerem je ali bo mogoče graditi stavbo in je delno komunalno opremljeno ali komunalno neopremljeno;STAVBNO;1724;BREZOVICA;;;parcela 607/97;1/3;0.3333333333333333;74.0;24.666666666666664;;;454524.91;97899.86;130334.0;;Cena posla ni avtomatsko cena te sestavine;2023-01-24;4;Neopredeljen posel;2023;ETN_008_2023_KPP_2023_ZEMLJISCA_20260724.csv
Z-2023-ETN_008_2023_KPP_2023_ZEMLJISCA_20260724.csv-6;753889;ZEMLJISCE;9;Zemljišče za gozdno rabo (gozd);GOZDNO;1705;PRESERJE;;;parcela 2179/15;4/5;0.8;1597.0;1277.6000000000001;;;457040.44;88746.12;15573.2;;Cena posla ni avtomatsko cena te sestavine;2023-07-12;3;Drug posel;2023;ETN_008_2023_KPP_2023_ZEMLJISCA_20260724.csv
Z-2023-ETN_008_2023_KPP_2023_ZEMLJISCA_20260724.csv-7;753889;ZEMLJISCE;7;Zemljišče za kmetijsko rabo (njiva, travnik, pašnik);KMETIJSKO;1705;PRESERJE;;;parcela 2018;4/5;0.8;4316.0;3452.8;;;456274.57;88714.54;15573.2;;Cena posla ni avtomatsko cena te sestavine;2023-07-12;3;Drug posel;2023;ETN_008_2023_KPP_2023_ZEMLJISCA_20260724.csv
Z-2023-ETN_008_2023_KPP_2023_ZEMLJISCA_20260724.csv-8;753889;ZEMLJISCE;7;Zemljišče za kmetijsko rabo (njiva, travnik, pašnik);KMETIJSKO;1705;PRESERJE;;;parcela 1998;4/5;0.8;460.0;368.0;;;456346.72;88675.26;15573.2;;Cena posla ni avtomatsko cena te sestavine;2023-07-12;3;Drug posel;2023;ETN_008_2023_KPP_2023_ZEMLJISCA_20260724.csv
Z-2023-ETN_008_2023_KPP_2023_ZEMLJISCA_20260724.csv-9;753889;ZEMLJISCE;7;Zemljišče za kmetijsko rabo (njiva, travnik, pašnik);KMETIJSKO;1705;PRESERJE;;;parcela 1987/1;4/5;0.8;1866.0;1492.8000000000002;;;456558.49;88769.87;15573.2;;Cena posla ni avtomatsko cena te sestavine;2023-07-12;3;Drug posel;2023;ETN_008_2023_KPP_2023_ZEMLJISCA_20260724.csv
Z-2023-ETN_008_2023_KPP_2023_ZEMLJISCA_20260724.csv-10;753889;ZEMLJISCE;7;Zemljišče za kmetijsko rabo (njiva, travnik, pašnik);KMETIJSKO;1705;PRESERJE;;;parcela 1928/2;4/5;0.8;1244.0;995.2;;;456305.24;88901.45;15573.2;;Cena posla ni avtomatsko cena te sestavine;2023-07-12;3;Drug posel;2023;ETN_008_2023_KPP_2023_ZEMLJISCA_20260724.csv
Z-2023-ETN_008_2023_KPP_2023_ZEMLJISCA_20260724.csv-11;753889;ZEMLJISCE;7;Zemljišče za kmetijsko rabo (njiva, travnik, pašnik);KMETIJSKO;1705;PRESERJE;;;parcela 1315;4/5;0.8;2212.0;1769.6000000000001;;;456972.4;88843.48;15573.2;;Cena posla ni avtomatsko cena te sestavine;2023-07-12;3;Drug posel;2023;ETN_008_2023_KPP_2023_ZEMLJISCA_20260724.csv
Z-2023-ETN_008_2023_KPP_2023_ZEMLJISCA_20260724.csv-12;689132;ZEMLJISCE;3;Zemljišče, na katerem je ali bo mogoče graditi stavbo in je delno komunalno opremljeno ali komunalno neopremljeno;STAVBNO;1724;BREZOVICA;;;parcela 607/102;1/1;1.0;51.0;51.0;;;454517.69;97923.55;149066.67;;Cena posla ni avtomatsko cena te sestavine;2023-01-24;4;Neopredeljen posel;2023;ETN_008_2023_KPP_2023_ZEMLJISCA_20260724.csv
Z-2023-ETN_008_2023_KPP_2023_ZEMLJISCA_20260724.csv-13;689132;ZEMLJISCE;3;Zemljišče, na katerem je ali bo mogoče graditi stavbo in je delno komunalno opremljeno ali komunalno neopremljeno;STAVBNO;1724;BREZOVICA;;;parcela 607/103;1/1;1.0;645.0;645.0;;;454531.31;97930.9;149066.67;;Cena posla ni avtomatsko cena te sestavine;2023-01-24;4;Neopredeljen posel;2023;ETN_008_2023_KPP_2023_ZEMLJISCA_20260724.csv
Z-2023-ETN_008_2023_KPP_2023_ZEMLJISCA_20260724.csv-14;689132;ZEMLJISCE;3;Zemljišče, na katerem je ali bo mogoče graditi stavbo in je delno komunalno opremljeno ali komunalno neopremljeno;STAVBNO;1724;BREZOVICA;;;parcela 607/97;2/3;0.6666666666666666;74.0;49.33333333333333;;;454524.91;97899.86;149066.67;;Cena posla ni avtomatsko cena te sestavine;2023-01-24;4;Neopredeljen posel;2023;ETN_008_2023_KPP_2023_ZEMLJISCA_20260724.csv
Z-2023-ETN_008_2023_KPP_2023_ZEMLJISCA_20260724.csv-15;790821;ZEMLJISCE;5;Zemljišče pod stavbo ali drugo stavbi ali delu stavbe pripadajoče zemljišče (zemljišče pod stavbo, dvorišče, dovozna pot, vrt, zelenica, stanovanjski atrij in podobno);PRIPADAJOCE;1703;JEZERO;;;parcela 362/136;1/10;0.1;59.0;5.9;;;455051.79;93070.68;390000.0;;Cena posla ni avtomatsko cena te sestavine;2023-10-18;2;Tržen posel – neustrezni podatki;2023;ETN_008_2023_KPP_2023_ZEMLJISCA_20260724.csv
Z-2023-ETN_008_2023_KPP_2023_ZEMLJISCA_20260724.csv-16;790821;ZEMLJISCE;5;Zemljišče pod stavbo ali drugo stavbi ali delu stavbe pripadajoče zemljišče (zemljišče pod stavbo, dvorišče, dovozna pot, vrt, zelenica, stanovanjski atrij in podobno);PRIPADAJOCE;1703;JEZERO;;;parcela 362/147;1/10;0.1;588.0;58.800000000000004;;;455064.84;93100.23;390000.0;;Cena posla ni avtomatsko cena te sestavine;2023-10-18;2;Tržen posel – neustrezni podatki;2023;ETN_008_2023_KPP_2023_ZEMLJISCA_20260724.csv
Z-2023-ETN_008_2023_KPP_2023_ZEMLJISCA_20260724.csv-17;790821;ZEMLJISCE;5;Zemljišče pod stavbo ali drugo stavbi ali delu stavbe pripadajoče zemljišče (zemljišče pod stavbo, dvorišče, dovozna pot, vrt, zelenica, stanovanjski atrij in podobno);PRIPADAJOCE;1703;JEZERO;;;parcela 362/141;1/1;1.0;226.0;226.0;;;455094.43;93101.73;390000.0;;Cena posla ni avtomatsko cena te sestavine;2023-10-18;2;Tržen posel – neustrezni podatki;2023;ETN_008_2023_KPP_2023_ZEMLJISCA_20260724.csv
Z-2023-ETN_008_2023_KPP_2023_ZEMLJISCA_20260724.csv-18;753890;ZEMLJISCE;5;Zemljišče pod stavbo ali drugo stavbi ali delu stavbe pripadajoče zemljišče (zemljišče pod stavbo, dvorišče, dovozna pot, vrt, zelenica, stanovanjski atrij in podobno);PRIPADAJOCE;1724;BREZOVICA;;;parcela 3565/4;1/1;1.0;4.0;4.0;;;453208.72;95952.21;500.0;;Cena posla ni avtomatsko cena te sestavine;2023-06-15;2;Tržen posel – neustrezni podatki;2023;ETN_008_2023_KPP_2023_ZEMLJISCA_20260724.csv
Z-2023-ETN_008_2023_KPP_2023_ZEMLJISCA_20260724.csv-19;689129;ZEMLJISCE;3;Zemljišče, na katerem je ali bo mogoče graditi stavbo in je delno komunalno opremljeno ali komunalno neopremljeno;STAVBNO;1652;RAKITNA;;;parcela 904/11;1/1;1.0;27.0;27.0;;;455612.98;83787.21;2500.0;;Cena posla ni avtomatsko cena te sestavine;2023-01-23;3;Drug posel;2023;ETN_008_2023_KPP_2023_ZEMLJISCA_20260724.csv
Z-2023-ETN_008_2023_KPP_2023_ZEMLJISCA_20260724.csv-20;740803;ZEMLJISCE;1;Zemljišče na katerem je mogoče graditi stavbo in ima gradbeno dovoljenje;STAVBNO;1705;PRESERJE;;;parcela 209/14;1/1;1.0;34.0;34.0;;;454868.63;90801.79;2550.0;;Cena posla ni avtomatsko cena te sestavine;2023-05-16;2;Tržen posel – neustrezni podatki;2023;ETN_008_2023_KPP_2023_ZEMLJISCA_20260724.csv
Z-2023-ETN_008_2023_KPP_2023_ZEMLJISCA_20260724.csv-21;684106;ZEMLJISCE;5;Zemljišče pod stavbo ali drugo stavbi ali delu stavbe pripadajoče zemljišče (zemljišče pod stavbo, dvorišče, dovozna pot, vrt, zelenica, stanovanjski atrij in podobno);PRIPADAJOCE;1724;BREZOVICA;;;parcela 3020/2;1/1;1.0;1411.0;1411.0;;;451945.48;96184.14;226500.0;;Cena posla ni avtomatsko cena te sestavine;2023-01-12;3;Drug posel;2023;ETN_008_2023_KPP_2023_ZEMLJISCA_20260724.csv
Z-2023-ETN_008_2023_KPP_2023_ZEMLJISCA_20260724.csv-22;679551;ZEMLJISCE;1;Zemljišče na katerem je mogoče graditi stavbo in ima gradbeno dovoljenje;STAVBNO;1724;BREZOVICA;;;parcela 43/10;1/1;1.0;497.0;497.0;;;454284.98;98369.29;70000.0;;Cena posla ni avtomatsko cena te sestavine;2022-11-23;4;Neopredeljen posel;2023;ETN_008_2023_KPP_2023_ZEMLJISCA_20260724.csv
Z-2023-ETN_008_2023_KPP_2023_ZEMLJISCA_20260724.csv-23;679076;ZEMLJISCE;9;Zemljišče za gozdno rabo (gozd);GOZDNO;1724;BREZOVICA;;;parcela 2416/7;1/1;1.0;949.0;949.0;;;453561.86;94712.67;55050.0;;Cena posla ni avtomatsko cena te sestavine;2022-11-10;2;Tržen posel – neustrezni podatki;2023;ETN_008_2023_KPP_2023_ZEMLJISCA_20260724.csv
Z-2023-ETN_008_2023_KPP_2023_ZEMLJISCA_20260724.csv-24;679229;ZEMLJISCE;3;Zemljišče, na katerem je ali bo mogoče graditi stavbo in je delno komunalno opremljeno ali komunalno neopremljeno;STAVBNO;1652;RAKITNA;;;parcela 124/13;1/1;1.0;;;;;;;4680.0;;Cena posla ni avtomatsko cena te sestavine;2022-11-17;5;V preverjanju;2023;ETN_008_2023_KPP_2023_ZEMLJISCA_20260724.csv
Z-2023-ETN_008_2023_KPP_2023_ZEMLJISCA_20260724.csv-25;745065;ZEMLJISCE;5;Zemljišče pod stavbo ali drugo stavbi ali delu stavbe pripadajoče zemljišče (zemljišče pod stavbo, dvorišče, dovozna pot, vrt, zelenica, stanovanjski atrij in podobno);PRIPADAJOCE;1724;BREZOVICA;;;parcela 332/4;1/1;1.0;185.0;185.0;;;455488.53;98341.83;12265.88;;Cena posla ni avtomatsko cena te sestavine;2023-07-18;4;Neopredeljen posel;2023;ETN_008_2023_KPP_2023_ZEMLJISCA_20260724.csv
Z-2023-ETN_008_2023_KPP_2023_ZEMLJISCA_20260724.csv-26;745276;ZEMLJISCE;5;Zemljišče pod stavbo ali drugo stavbi ali delu stavbe pripadajoče zemljišče (zemljišče pod stavbo, dvorišče, dovozna pot, vrt, zelenica, stanovanjski atrij in podobno);PRIPADAJOCE;1724;BREZOVICA;;;parcela 1095/23;18/25;0.72;5.0;3.5999999999999996;;;454542.06;96729.79;400.0;;Cena posla ni avtomatsko cena te sestavine;2023-06-01;3;Drug posel;2023;ETN_008_2023_KPP_2023_ZEMLJISCA_20260724.csv
Z-2023-ETN_008_2023_KPP_2023_ZEMLJISCA_20260724.csv-27;745276;ZEMLJISCE;5;Zemljišče pod stavbo ali drugo stavbi ali delu stavbe pripadajoče zemljišče (zemljišče pod stavbo, dvorišče, dovozna pot, vrt, zelenica, stanovanjski atrij in podobno);PRIPADAJOCE;1724;BREZOVICA;;;parcela 1095/22;18/25;0.72;15.0;10.799999999999999;;;454539.81;96735.8;400.0;;Cena posla ni avtomatsko cena te sestavine;2023-06-01;3;Drug posel;2023;ETN_008_2023_KPP_2023_ZEMLJISCA_20260724.csv
Z-2023-ETN_008_2023_KPP_2023_ZEMLJISCA_20260724.csv-28;748293;ZEMLJISCE;6;Zemljišče, na katerem je cesta ali parkirišče;INFRASTRUKTURA;1652;RAKITNA;;;parcela 1208/157;2/10;0.2;719.0;143.8;;;455912.5;83629.95;120000.0;;Cena posla ni avtomatsko cena te sestavine;2023-06-09;2;Tržen posel – neustrezni podatki;2023;ETN_008_2023_KPP_2023_ZEMLJISCA_20260724.csv
Z-2023-ETN_008_2023_KPP_2023_ZEMLJISCA_20260724.csv-29;748293;ZEMLJISCE;3;Zemljišče, na katerem je ali bo mogoče graditi stavbo in je delno komunalno opremljeno ali komunalno neopremljeno;STAVBNO;1652;RAKITNA;;;parcela 1208/196;1/1;1.0;639.0;639.0;;;455916.87;83652.26;120000.0;;Cena posla ni avtomatsko cena te sestavine;2023-06-09;2;Tržen posel – neustrezni podatki;2023;ETN_008_2023_KPP_2023_ZEMLJISCA_20260724.csv
Z-2023-ETN_008_2023_KPP_2023_ZEMLJISCA_20260724.csv-30;748293;ZEMLJISCE;3;Zemljišče, na katerem je ali bo mogoče graditi stavbo in je delno komunalno opremljeno ali komunalno neopremljeno;STAVBNO;1652;RAKITNA;;;parcela 1208/238;1/1;1.0;675.0;675.0;;;455898.78;83639.9;120000.0;;Cena posla ni avtomatsko cena te sestavine;2023-06-09;2;Tržen posel – neustrezni podatki;2023;ETN_008_2023_KPP_2023_ZEMLJISCA_20260724.csv
Z-2023-ETN_008_2023_KPP_2023_ZEMLJISCA_20260724.csv-31;737801;ZEMLJISCE;6;Zemljišče, na katerem je cesta ali parkirišče;INFRASTRUKTURA;1724;BREZOVICA;;;parcela 266/19;1/1;1.0;7.0;7.0;;;454620.21;98462.13;908.32;;Cena posla ni avtomatsko cena te sestavine;2023-03-29;2;Tržen posel – neustrezni podatki;2023;ETN_008_2023_KPP_2023_ZEMLJISCA_20260724.csv
Z-2023-ETN_008_2023_KPP_2023_ZEMLJISCA_20260724.csv-32;746410;ZEMLJISCE;7;Zemljišče za kmetijsko rabo (njiva, travnik, pašnik);KMETIJSKO;1724;BREZOVICA;;;parcela 2696;1/1;1.0;5539.0;5539.0;;;452987.56;93843.2;7533.04;;Cena posla ni avtomatsko cena te sestavine;2023-07-10;2;Tržen posel – neustrezni podatki;2023;ETN_008_2023_KPP_2023_ZEMLJISCA_20260724.csv
Z-2023-ETN_008_2023_KPP_2023_ZEMLJISCA_20260724.csv-33;746535;ZEMLJISCE;3;Zemljišče, na katerem je ali bo mogoče graditi stavbo in je delno komunalno opremljeno ali komunalno neopremljeno;STAVBNO;1724;BREZOVICA;;;parcela 586/12;1/1;1.0;66.0;66.0;;;454777.49;97590.77;167250.0;;Cena posla ni avtomatsko cena te sestavine;2023-07-18;2;Tržen posel – neustrezni podatki;2023;ETN_008_2023_KPP_2023_ZEMLJISCA_20260724.csv
Z-2023-ETN_008_2023_KPP_2023_ZEMLJISCA_20260724.csv-34;746535;ZEMLJISCE;3;Zemljišče, na katerem je ali bo mogoče graditi stavbo in je delno komunalno opremljeno ali komunalno neopremljeno;STAVBNO;1724;BREZOVICA;;;parcela 586/13;1/1;1.0;468.0;468.0;;;454777.15;97579.38;167250.0;;Cena posla ni avtomatsko cena te sestavine;2023-07-18;2;Tržen posel – neustrezni podatki;2023;ETN_008_2023_KPP_2023_ZEMLJISCA_20260724.csv
Z-2023-ETN_008_2023_KPP_2023_ZEMLJISCA_20260724.csv-35;741215;ZEMLJISCE;7;Zemljišče za kmetijsko rabo (njiva, travnik, pašnik);KMETIJSKO;1724;BREZOVICA;;;parcela 870;1/1;1.0;1180.0;1180.0;;;453642.33;95962.46;10030.0;;Cena posla ni avtomatsko cena te sestavine;2023-04-05;2;Tržen posel – neustrezni podatki;2023;ETN_008_2023_KPP_2023_ZEMLJISCA_20260724.csv
Z-2023-ETN_008_2023_KPP_2023_ZEMLJISCA_20260724.csv-36;741139;ZEMLJISCE;9;Zemljišče za gozdno rabo (gozd);GOZDNO;1705;PRESERJE;;;parcela 238/31;1/1;1.0;3101.0;3101.0;;;455355.62;90584.65;20000.0;;Cena posla ni avtomatsko cena te sestavine;2023-03-21;2;Tržen posel – neustrezni podatki;2023;ETN_008_2023_KPP_2023_ZEMLJISCA_20260724.csv
Z-2023-ETN_008_2023_KPP_2023_ZEMLJISCA_20260724.csv-37;741335;ZEMLJISCE;3;Zemljišče, na katerem je ali bo mogoče graditi stavbo in je delno komunalno opremljeno ali komunalno neopremljeno;STAVBNO;1705;PRESERJE;;;parcela 240/10;1/1;1.0;989.0;989.0;;;455223.25;90769.64;50000.0;;Cena posla ni avtomatsko cena te sestavine;2023-05-08;1;Tržen posel;2023;ETN_008_2023_KPP_2023_ZEMLJISCA_20260724.csv
Z-2023-ETN_008_2023_KPP_2023_ZEMLJISCA_20260724.csv-38;736844;ZEMLJISCE;7;Zemljišče za kmetijsko rabo (njiva, travnik, pašnik);KMETIJSKO;1652;RAKITNA;;;parcela 46/8;1/1;1.0;70.0;70.0;;;456861.33;83588.01;5600.0;;Cena posla ni avtomatsko cena te sestavine;2023-01-26;2;Tržen posel – neustrezni podatki;2023;ETN_008_2023_KPP_2023_ZEMLJISCA_20260724.csv
Z-2023-ETN_008_2023_KPP_2023_ZEMLJISCA_20260724.csv-39;736913;ZEMLJISCE;5;Zemljišče pod stavbo ali drugo stavbi ali delu stavbe pripadajoče zemljišče (zemljišče pod stavbo, dvorišče, dovozna pot, vrt, zelenica, stanovanjski atrij in podobno);PRIPADAJOCE;1705;PRESERJE;;;parcela 801/4;1/1;1.0;683.0;683.0;;;454294.17;91590.93;103400.0;;Cena posla ni avtomatsko cena te sestavine;2023-02-28;4;Neopredeljen posel;2023;ETN_008_2023_KPP_2023_ZEMLJISCA_20260724.csv
Z-2023-ETN_008_2023_KPP_2023_ZEMLJISCA_20260724.csv-40;748936;ZEMLJISCE;5;Zemljišče pod stavbo ali drugo stavbi ali delu stavbe pripadajoče zemljišče (zemljišče pod stavbo, dvorišče, dovozna pot, vrt, zelenica, stanovanjski atrij in podobno);PRIPADAJOCE;1724;BREZOVICA;;;parcela 1094/69;1/1;1.0;91.0;91.0;;;454554.71;96707.29;12500.0;;Cena posla ni avtomatsko cena te sestavine;2023-06-27;2;Tržen posel – neustrezni podatki;2023;ETN_008_2023_KPP_2023_ZEMLJISCA_20260724.csv
Z-2023-ETN_008_2023_KPP_2023_ZEMLJISCA_20260724.csv-41;748740;ZEMLJISCE;1;Zemljišče na katerem je mogoče graditi stavbo in ima gradbeno dovoljenje;STAVBNO;1705;PRESERJE;;;parcela 223/10;1/1;1.0;929.0;929.0;;;455131.62;90852.95;137500.0;;Cena posla ni avtomatsko cena te sestavine;2023-06-20;2;Tržen posel – neustrezni podatki;2023;ETN_008_2023_KPP_2023_ZEMLJISCA_20260724.csv
Z-2023-ETN_008_2023_KPP_2023_ZEMLJISCA_20260724.csv-42;748745;ZEMLJISCE;5;Zemljišče pod stavbo ali drugo stavbi ali delu stavbe pripadajoče zemljišče (zemljišče pod stavbo, dvorišče, dovozna pot, vrt, zelenica, stanovanjski atrij in podobno);PRIPADAJOCE;1705;PRESERJE;;;parcela 783/9;1/1;1.0;932.0;932.0;;;454336.92;91952.53;45000.0;;Cena posla ni avtomatsko cena te sestavine;2023-06-28;2;Tržen posel – neustrezni podatki;2023;ETN_008_2023_KPP_2023_ZEMLJISCA_20260724.csv
Z-2023-ETN_008_2023_KPP_2023_ZEMLJISCA_20260724.csv-43;748869;ZEMLJISCE;3;Zemljišče, na katerem je ali bo mogoče graditi stavbo in je delno komunalno opremljeno ali komunalno neopremljeno;STAVBNO;1724;BREZOVICA;;;parcela 22/5;2/35;0.05714285714285714;1113.0;63.6;;;453934.2;98402.72;15000.0;;Cena posla ni avtomatsko cena te sestavine;2023-06-22;3;Drug posel;2023;ETN_008_2023_KPP_2023_ZEMLJISCA_20260724.csv
Z-2023-ETN_008_2023_KPP_2023_ZEMLJISCA_20260724.csv-44;748869;ZEMLJISCE;5;Zemljišče pod stavbo ali drugo stavbi ali delu stavbe pripadajoče zemljišče (zemljišče pod stavbo, dvorišče, dovozna pot, vrt, zelenica, stanovanjski atrij in podobno);PRIPADAJOCE;1724;BREZOVICA;;;parcela 21/2;2/35;0.05714285714285714;282.0;16.114285714285714;;;453973.31;98411.43;15000.0;;Cena posla ni avtomatsko cena te sestavine;2023-06-22;3;Drug posel;2023;ETN_008_2023_KPP_2023_ZEMLJISCA_20260724.csv
Z-2023-ETN_008_2023_KPP_2023_ZEMLJISCA_20260724.csv-45;748869;ZEMLJISCE;5;Zemljišče pod stavbo ali drugo stavbi ali delu stavbe pripadajoče zemljišče (zemljišče pod stavbo, dvorišče, dovozna pot, vrt, zelenica, stanovanjski atrij in podobno);PRIPADAJOCE;1724;BREZOVICA;;;parcela 21/1;2/35;0.05714285714285714;1840.0;105.14285714285714;;;453984.78;98438.54;15000.0;;Cena posla ni avtomatsko cena te sestavine;2023-06-22;3;Drug posel;2023;ETN_008_2023_KPP_2023_ZEMLJISCA_20260724.csv
Z-2023-ETN_008_2023_KPP_2023_ZEMLJISCA_20260724.csv-46;689413;ZEMLJISCE;3;Zemljišče, na katerem je ali bo mogoče graditi stavbo in je delno komunalno opremljeno ali komunalno neopremljeno;STAVBNO;1704;KAMNIK;;;parcela 1353;1/1;1.0;1044.0;1044.0;;;452061.45;90247.6;83520.0;;Cena posla ni avtomatsko cena te sestavine;2023-01-26;2;Tržen posel – neustrezni podatki;2023;ETN_008_2023_KPP_2023_ZEMLJISCA_20260724.csv
Z-2023-ETN_008_2023_KPP_2023_ZEMLJISCA_20260724.csv-47;738415;ZEMLJISCE;3;Zemljišče, na katerem je ali bo mogoče graditi stavbo in je delno komunalno opremljeno ali komunalno neopremljeno;STAVBNO;1704;KAMNIK;;;parcela *56;29/36;0.8055555555555556;234.0;188.5;;;454105.62;90908.68;14000.0;;Cena posla ni avtomatsko cena te sestavine;2023-04-07;3;Drug posel;2023;ETN_008_2023_KPP_2023_ZEMLJISCA_20260724.csv
Z-2023-ETN_008_2023_KPP_2023_ZEMLJISCA_20260724.csv-48;738414;ZEMLJISCE;7;Zemljišče za kmetijsko rabo (njiva, travnik, pašnik);KMETIJSKO;1703;JEZERO;;;parcela 13/1;1/1;1.0;281.0;281.0;;;456267.97;92280.18;11900.0;;Cena posla ni avtomatsko cena te sestavine;2023-02-27;2;Tržen posel – neustrezni podatki;2023;ETN_008_2023_KPP_2023_ZEMLJISCA_20260724.csv
Z-2023-ETN_008_2023_KPP_2023_ZEMLJISCA_20260724.csv-49;747798;ZEMLJISCE;3;Zemljišče, na katerem je ali bo mogoče graditi stavbo in je delno komunalno opremljeno ali komunalno neopremljeno;STAVBNO;1652;RAKITNA;;;parcela 893/155;1/1;1.0;1225.0;1225.0;;;456018.66;82676.86;80000.0;;Cena posla ni avtomatsko cena te sestavine;2023-06-26;2;Tržen posel – neustrezni podatki;2023;ETN_008_2023_KPP_2023_ZEMLJISCA_20260724.csv
Z-2023-ETN_008_2023_KPP_2023_ZEMLJISCA_20260724.csv-50;747761;ZEMLJISCE;5;Zemljišče pod stavbo ali drugo stavbi ali delu stavbe pripadajoče zemljišče (zemljišče pod stavbo, dvorišče, dovozna pot, vrt, zelenica, stanovanjski atrij in podobno);PRIPADAJOCE;1652;RAKITNA;;;parcela 893/58;1/1;1.0;972.0;972.0;;;456054.61;83309.09;264000.0;;Cena posla ni avtomatsko cena te sestavine;2023-06-19;2;Tržen posel – neustrezni podatki;2023;ETN_008_2023_KPP_2023_ZEMLJISCA_20260724.csv
Z-2023-ETN_008_2023_KPP_2023_ZEMLJISCA_20260724.csv-51;747761;ZEMLJISCE;3;Zemljišče, na katerem je ali bo mogoče graditi stavbo in je delno komunalno opremljeno ali komunalno neopremljeno;STAVBNO;1652;RAKITNA;;;parcela 893/12;1/1;1.0;482.0;482.0;;;456072.82;83327.38;264000.0;;Cena posla ni avtomatsko cena te sestavine;2023-06-19;2;Tržen posel – neustrezni podatki;2023;ETN_008_2023_KPP_2023_ZEMLJISCA_20260724.csv
Z-2023-ETN_008_2023_KPP_2023_ZEMLJISCA_20260724.csv-52;683792;ZEMLJISCE;6;Zemljišče, na katerem je cesta ali parkirišče;INFRASTRUKTURA;1724;BREZOVICA;;;parcela 523/12;1/1;1.0;;;;;;;250.0;;Cena posla ni avtomatsko cena te sestavine;2022-12-21;5;V preverjanju;2023;ETN_008_2023_KPP_2023_ZEMLJISCA_20260724.csv
Z-2023-ETN_008_2023_KPP_2023_ZEMLJISCA_20260724.csv-53;751166;ZEMLJISCE;5;Zemljišče pod stavbo ali drugo stavbi ali delu stavbe pripadajoče zemljišče (zemljišče pod stavbo, dvorišče, dovozna pot, vrt, zelenica, stanovanjski atrij in podobno);PRIPADAJOCE;1703;JEZERO;;;parcela 362/195;1/1;1.0;18.0;18.0;;;455038.78;93198.74;2400.0;;Cena posla ni avtomatsko cena te sestavine;2023-08-09;2;Tržen posel – neustrezni podatki;2023;ETN_008_2023_KPP_2023_ZEMLJISCA_20260724.csv
Z-2023-ETN_008_2023_KPP_2023_ZEMLJISCA_20260724.csv-54;751166;ZEMLJISCE;5;Zemljišče pod stavbo ali drugo stavbi ali delu stavbe pripadajoče zemljišče (zemljišče pod stavbo, dvorišče, dovozna pot, vrt, zelenica, stanovanjski atrij in podobno);PRIPADAJOCE;1703;JEZERO;;;parcela 362/198;1/1;1.0;22.0;22.0;;;455039.81;93195.95;2400.0;;Cena posla ni avtomatsko cena te sestavine;2023-08-09;2;Tržen posel – neustrezni podatki;2023;ETN_008_2023_KPP_2023_ZEMLJISCA_20260724.csv
Z-2023-ETN_008_2023_KPP_2023_ZEMLJISCA_20260724.csv-55;750691;ZEMLJISCE;7;Zemljišče za kmetijsko rabo (njiva, travnik, pašnik);KMETIJSKO;1704;KAMNIK;;;parcela 1314/1;1/1;1.0;1290.0;1290.0;;;452574.03;90723.71;1290.0;;Cena posla ni avtomatsko cena te sestavine;2023-07-10;2;Tržen posel – neustrezni podatki;2023;ETN_008_2023_KPP_2023_ZEMLJISCA_20260724.csv
Z-2023-ETN_008_2023_KPP_2023_ZEMLJISCA_20260724.csv-56;737502;ZEMLJISCE;5;Zemljišče pod stavbo ali drugo stavbi ali delu stavbe pripadajoče zemljišče (zemljišče pod stavbo, dvorišče, dovozna pot, vrt, zelenica, stanovanjski atrij in podobno);PRIPADAJOCE;1724;BREZOVICA;;;parcela 238/1;1/1;1.0;438.0;438.0;;;455272.07;98661.29;210000.0;;Cena posla ni avtomatsko cena te sestavine;2023-03-27;4;Neopredeljen posel;2023;ETN_008_2023_KPP_2023_ZEMLJISCA_20260724.csv
Z-2023-ETN_008_2023_KPP_2023_ZEMLJISCA_20260724.csv-57;737297;ZEMLJISCE;7;Zemljišče za kmetijsko rabo (njiva, travnik, pašnik);KMETIJSKO;1724;BREZOVICA;;;parcela 3386/16;1/1;1.0;5110.0;5110.0;;;455378.8;93893.83;9760.0;;Cena posla ni avtomatsko cena te sestavine;2023-03-21;3;Drug posel;2023;ETN_008_2023_KPP_2023_ZEMLJISCA_20260724.csv
Z-2023-ETN_008_2023_KPP_2023_ZEMLJISCA_20260724.csv-58;734972;ZEMLJISCE;3;Zemljišče, na katerem je ali bo mogoče graditi stavbo in je delno komunalno opremljeno ali komunalno neopremljeno;STAVBNO;1703;JEZERO;;;parcela 366/38;1/1;1.0;36.0;36.0;;;455273.62;93001.88;1800.0;;Cena posla ni avtomatsko cena te sestavine;2023-03-07;3;Drug posel;2023;ETN_008_2023_KPP_2023_ZEMLJISCA_20260724.csv
Z-2023-ETN_008_2023_KPP_2023_ZEMLJISCA_20260724.csv-59;735587;ZEMLJISCE;7;Zemljišče za kmetijsko rabo (njiva, travnik, pašnik);KMETIJSKO;1724;BREZOVICA;;;parcela 3084/3;1/2;0.5;4088.0;2044.0;;;451783.96;94946.11;89895.12;;Cena posla ni avtomatsko cena te sestavine;2023-03-03;3;Drug posel;2023;ETN_008_2023_KPP_2023_ZEMLJISCA_20260724.csv
Z-2023-ETN_008_2023_KPP_2023_ZEMLJISCA_20260724.csv-60;734155;ZEMLJISCE;6;Zemljišče, na katerem je cesta ali parkirišče;INFRASTRUKTURA;1724;BREZOVICA;;;parcela 1542/198;1/1;1.0;12.0;12.0;;;456058.89;96990.71;170000.0;;Cena posla ni avtomatsko cena te sestavine;2023-02-24;2;Tržen posel – neustrezni podatki;2023;ETN_008_2023_KPP_2023_ZEMLJISCA_20260724.csv
Z-2023-ETN_008_2023_KPP_2023_ZEMLJISCA_20260724.csv-61;734155;ZEMLJISCE;6;Zemljišče, na katerem je cesta ali parkirišče;INFRASTRUKTURA;1724;BREZOVICA;;;parcela 1542/199;1/1;1.0;12.0;12.0;;;456056.76;96985.65;170000.0;;Cena posla ni avtomatsko cena te sestavine;2023-02-24;2;Tržen posel – neustrezni podatki;2023;ETN_008_2023_KPP_2023_ZEMLJISCA_20260724.csv
Z-2023-ETN_008_2023_KPP_2023_ZEMLJISCA_20260724.csv-62;738668;ZEMLJISCE;5;Zemljišče pod stavbo ali drugo stavbi ali delu stavbe pripadajoče zemljišče (zemljišče pod stavbo, dvorišče, dovozna pot, vrt, zelenica, stanovanjski atrij in podobno);PRIPADAJOCE;1724;BREZOVICA;;;parcela 331/2;1/1;1.0;705.0;705.0;;;455575.63;98535.57;276850.0;;Cena posla ni avtomatsko cena te sestavine;2023-04-19;2;Tržen posel – neustrezni podatki;2023;ETN_008_2023_KPP_2023_ZEMLJISCA_20260724.csv
Z-2023-ETN_008_2023_KPP_2023_ZEMLJISCA_20260724.csv-63;738529;ZEMLJISCE;9;Zemljišče za gozdno rabo (gozd);GOZDNO;1705;PRESERJE;;;parcela 2433;1/2;0.5;60395.0;30197.5;;;456900.58;85747.59;36237.0;;Cena posla ni avtomatsko cena te sestavine;2023-03-28;3;Drug posel;2023;ETN_008_2023_KPP_2023_ZEMLJISCA_20260724.csv
Z-2023-ETN_008_2023_KPP_2023_ZEMLJISCA_20260724.csv-64;673272;ZEMLJISCE;3;Zemljišče, na katerem je ali bo mogoče graditi stavbo in je delno komunalno opremljeno ali komunalno neopremljeno;STAVBNO;1652;RAKITNA;;;parcela 893/221;1/1;1.0;;;;;;;5445.0;;Cena posla ni avtomatsko cena te sestavine;2022-10-11;5;V preverjanju;2023;ETN_008_2023_KPP_2023_ZEMLJISCA_20260724.csv
Z-2023-ETN_008_2023_KPP_2023_ZEMLJISCA_20260724.csv-65;669085;ZEMLJISCE;3;Zemljišče, na katerem je ali bo mogoče graditi stavbo in je delno komunalno opremljeno ali komunalno neopremljeno;STAVBNO;1724;BREZOVICA;;;parcela 1124/51;1/1;1.0;;;;;;;110000.0;;Cena posla ni avtomatsko cena te sestavine;2022-05-22;5;V preverjanju;2023;ETN_008_2023_KPP_2023_ZEMLJISCA_20260724.csv
Z-2023-ETN_008_2023_KPP_2023_ZEMLJISCA_20260724.csv-66;683381;ZEMLJISCE;3;Zemljišče, na katerem je ali bo mogoče graditi stavbo in je delno komunalno opremljeno ali komunalno neopremljeno;STAVBNO;1705;PRESERJE;;;parcela 801/13;1/1;1.0;74.0;74.0;;;454288.13;91575.57;10000.0;;Cena posla ni avtomatsko cena te sestavine;2022-12-28;2;Tržen posel – neustrezni podatki;2023;ETN_008_2023_KPP_2023_ZEMLJISCA_20260724.csv
Z-2023-ETN_008_2023_KPP_2023_ZEMLJISCA_20260724.csv-67;683382;ZEMLJISCE;6;Zemljišče, na katerem je cesta ali parkirišče;INFRASTRUKTURA;1724;BREZOVICA;;;parcela 194/3;1/1;1.0;36.0;36.0;;;454917.14;99028.69;3600.0;;Cena posla ni avtomatsko cena te sestavine;2022-12-29;2;Tržen posel – neustrezni podatki;2023;ETN_008_2023_KPP_2023_ZEMLJISCA_20260724.csv
Z-2023-ETN_008_2023_KPP_2023_ZEMLJISCA_20260724.csv-68;684666;ZEMLJISCE;5;Zemljišče pod stavbo ali drugo stavbi ali delu stavbe pripadajoče zemljišče (zemljišče pod stavbo, dvorišče, dovozna pot, vrt, zelenica, stanovanjski atrij in podobno);PRIPADAJOCE;1724;BREZOVICA;;;parcela 989/1;1/1;1.0;107.0;107.0;;;454062.0;95652.23;332000.0;;Cena posla ni avtomatsko cena te sestavine;2023-01-09;2;Tržen posel – neustrezni podatki;2023;ETN_008_2023_KPP_2023_ZEMLJISCA_20260724.csv
Z-2023-ETN_008_2023_KPP_2023_ZEMLJISCA_20260724.csv-69;684666;ZEMLJISCE;5;Zemljišče pod stavbo ali drugo stavbi ali delu stavbe pripadajoče zemljišče (zemljišče pod stavbo, dvorišče, dovozna pot, vrt, zelenica, stanovanjski atrij in podobno);PRIPADAJOCE;1724;BREZOVICA;;;parcela 989/2;1/1;1.0;354.0;354.0;;;454061.53;95659.31;332000.0;;Cena posla ni avtomatsko cena te sestavine;2023-01-09;2;Tržen posel – neustrezni podatki;2023;ETN_008_2023_KPP_2023_ZEMLJISCA_20260724.csv
Z-2023-ETN_008_2023_KPP_2023_ZEMLJISCA_20260724.csv-70;758385;ZEMLJISCE;7;Zemljišče za kmetijsko rabo (njiva, travnik, pašnik);KMETIJSKO;1652;RAKITNA;;;parcela 14/6;1/1;1.0;2072.0;2072.0;;;456486.25;83505.4;21680.0;;Cena posla ni avtomatsko cena te sestavine;2023-08-09;2;Tržen posel – neustrezni podatki;2023;ETN_008_2023_KPP_2023_ZEMLJISCA_20260724.csv
Z-2023-ETN_008_2023_KPP_2023_ZEMLJISCA_20260724.csv-71;758816;ZEMLJISCE;3;Zemljišče, na katerem je ali bo mogoče graditi stavbo in je delno komunalno opremljeno ali komunalno neopremljeno;STAVBNO;1724;BREZOVICA;;;parcela 2411/2;1/1;1.0;637.0;637.0;;;453674.25;94827.19;125000.0;;Cena posla ni avtomatsko cena te sestavine;2023-10-12;2;Tržen posel – neustrezni podatki;2023;ETN_008_2023_KPP_2023_ZEMLJISCA_20260724.csv
Z-2023-ETN_008_2023_KPP_2023_ZEMLJISCA_20260724.csv-72;758816;ZEMLJISCE;3;Zemljišče, na katerem je ali bo mogoče graditi stavbo in je delno komunalno opremljeno ali komunalno neopremljeno;STAVBNO;1724;BREZOVICA;;;parcela 2411/16;1/1;1.0;94.0;94.0;;;453694.05;94822.73;125000.0;;Cena posla ni avtomatsko cena te sestavine;2023-10-12;2;Tržen posel – neustrezni podatki;2023;ETN_008_2023_KPP_2023_ZEMLJISCA_20260724.csv
Z-2023-ETN_008_2023_KPP_2023_ZEMLJISCA_20260724.csv-73;758068;ZEMLJISCE;3;Zemljišče, na katerem je ali bo mogoče graditi stavbo in je delno komunalno opremljeno ali komunalno neopremljeno;STAVBNO;1652;RAKITNA;;;parcela 1209/11;1/2;0.5;489.0;244.5;;;455606.77;82988.41;45000.0;;Cena posla ni avtomatsko cena te sestavine;2023-10-04;3;Drug posel;2023;ETN_008_2023_KPP_2023_ZEMLJISCA_20260724.csv
Z-2023-ETN_008_2023_KPP_2023_ZEMLJISCA_20260724.csv-74;758908;ZEMLJISCE;3;Zemljišče, na katerem je ali bo mogoče graditi stavbo in je delno komunalno opremljeno ali komunalno neopremljeno;STAVBNO;1703;JEZERO;;;parcela 73/11;1/1;1.0;530.0;530.0;;;456584.04;92450.65;113300.0;;Cena posla ni avtomatsko cena te sestavine;2023-10-10;2;Tržen posel – neustrezni podatki;2023;ETN_008_2023_KPP_2023_ZEMLJISCA_20260724.csv
Z-2023-ETN_008_2023_KPP_2023_ZEMLJISCA_20260724.csv-75;758908;ZEMLJISCE;3;Zemljišče, na katerem je ali bo mogoče graditi stavbo in je delno komunalno opremljeno ali komunalno neopremljeno;STAVBNO;1703;JEZERO;;;parcela 73/10;1/1;1.0;509.0;509.0;;;456567.75;92469.53;113300.0;;Cena posla ni avtomatsko cena te sestavine;2023-10-10;2;Tržen posel – neustrezni podatki;2023;ETN_008_2023_KPP_2023_ZEMLJISCA_20260724.csv
Z-2023-ETN_008_2023_KPP_2023_ZEMLJISCA_20260724.csv-76;758869;ZEMLJISCE;7;Zemljišče za kmetijsko rabo (njiva, travnik, pašnik);KMETIJSKO;1724;BREZOVICA;;;parcela 2940;1/1;1.0;1382.0;1382.0;;;452978.02;95750.47;23000.0;;Cena posla ni avtomatsko cena te sestavine;2023-09-22;2;Tržen posel – neustrezni podatki;2023;ETN_008_2023_KPP_2023_ZEMLJISCA_20260724.csv
Z-2023-ETN_008_2023_KPP_2023_ZEMLJISCA_20260724.csv-77;754633;ZEMLJISCE;7;Zemljišče za kmetijsko rabo (njiva, travnik, pašnik);KMETIJSKO;1724;BREZOVICA;;;parcela 3092/1;1/12;0.08333333333333333;4739.0;394.91666666666663;;;451930.97;94799.79;14500.0;;Cena posla ni avtomatsko cena te sestavine;2023-08-16;3;Drug posel;2023;ETN_008_2023_KPP_2023_ZEMLJISCA_20260724.csv
Z-2023-ETN_008_2023_KPP_2023_ZEMLJISCA_20260724.csv-78;754633;ZEMLJISCE;7;Zemljišče za kmetijsko rabo (njiva, travnik, pašnik);KMETIJSKO;1724;BREZOVICA;;;parcela 2946;1/12;0.08333333333333333;4158.0;346.5;;;452990.74;95812.92;14500.0;;Cena posla ni avtomatsko cena te sestavine;2023-08-16;3;Drug posel;2023;ETN_008_2023_KPP_2023_ZEMLJISCA_20260724.csv
Z-2023-ETN_008_2023_KPP_2023_ZEMLJISCA_20260724.csv-79;754633;ZEMLJISCE;7;Zemljišče za kmetijsko rabo (njiva, travnik, pašnik);KMETIJSKO;1724;BREZOVICA;;;parcela 2902;1/12;0.08333333333333333;2489.0;207.41666666666666;;;453009.45;95503.45;14500.0;;Cena posla ni avtomatsko cena te sestavine;2023-08-16;3;Drug posel;2023;ETN_008_2023_KPP_2023_ZEMLJISCA_20260724.csv
Z-2023-ETN_008_2023_KPP_2023_ZEMLJISCA_20260724.csv-80;754633;ZEMLJISCE;7;Zemljišče za kmetijsko rabo (njiva, travnik, pašnik);KMETIJSKO;1724;BREZOVICA;;;parcela 2889/1;1/12;0.08333333333333333;3079.0;256.5833333333333;;;453186.35;95343.31;14500.0;;Cena posla ni avtomatsko cena te sestavine;2023-08-16;3;Drug posel;2023;ETN_008_2023_KPP_2023_ZEMLJISCA_20260724.csv
Z-2023-ETN_008_2023_KPP_2023_ZEMLJISCA_20260724.csv-81;754633;ZEMLJISCE;7;Zemljišče za kmetijsko rabo (njiva, travnik, pašnik);KMETIJSKO;1724;BREZOVICA;;;parcela 2998/42;1/12;0.08333333333333333;4722.0;393.5;;;452249.73;96392.44;14500.0;;Cena posla ni avtomatsko cena te sestavine;2023-08-16;3;Drug posel;2023;ETN_008_2023_KPP_2023_ZEMLJISCA_20260724.csv
Z-2023-ETN_008_2023_KPP_2023_ZEMLJISCA_20260724.csv-82;754633;ZEMLJISCE;9;Zemljišče za gozdno rabo (gozd);GOZDNO;1724;BREZOVICA;;;parcela 2945;1/12;0.08333333333333333;1695.0;141.25;;;452911.9;95799.69;14500.0;;Cena posla ni avtomatsko cena te sestavine;2023-08-16;3;Drug posel;2023;ETN_008_2023_KPP_2023_ZEMLJISCA_20260724.csv
Z-2023-ETN_008_2023_KPP_2023_ZEMLJISCA_20260724.csv-83;754633;ZEMLJISCE;5;Zemljišče pod stavbo ali drugo stavbi ali delu stavbe pripadajoče zemljišče (zemljišče pod stavbo, dvorišče, dovozna pot, vrt, zelenica, stanovanjski atrij in podobno);PRIPADAJOCE;1724;BREZOVICA;;;parcela 2970;1/12;0.08333333333333333;735.0;61.25;;;453127.68;95594.96;14500.0;;Cena posla ni avtomatsko cena te sestavine;2023-08-16;3;Drug posel;2023;ETN_008_2023_KPP_2023_ZEMLJISCA_20260724.csv
Z-2023-ETN_008_2023_KPP_2023_ZEMLJISCA_20260724.csv-84;754633;ZEMLJISCE;7;Zemljišče za kmetijsko rabo (njiva, travnik, pašnik);KMETIJSKO;1724;BREZOVICA;;;parcela 2947;1/12;0.08333333333333333;2377.0;198.08333333333331;;;453075.52;95815.51;14500.0;;Cena posla ni avtomatsko cena te sestavine;2023-08-16;3;Drug posel;2023;ETN_008_2023_KPP_2023_ZEMLJISCA_20260724.csv
Z-2023-ETN_008_2023_KPP_2023_ZEMLJISCA_20260724.csv-85;754633;ZEMLJISCE;7;Zemljišče za kmetijsko rabo (njiva, travnik, pašnik);KMETIJSKO;1724;BREZOVICA;;;parcela 3046;1/12;0.08333333333333333;5107.0;425.5833333333333;;;451808.96;95815.86;14500.0;;Cena posla ni avtomatsko cena te sestavine;2023-08-16;3;Drug posel;2023;ETN_008_2023_KPP_2023_ZEMLJISCA_20260724.csv
Z-2023-ETN_008_2023_KPP_2023_ZEMLJISCA_20260724.csv-86;754633;ZEMLJISCE;7;Zemljišče za kmetijsko rabo (njiva, travnik, pašnik);KMETIJSKO;1724;BREZOVICA;;;parcela 2875;1/12;0.08333333333333333;867.0;72.25;;;453283.11;95472.67;14500.0;;Cena posla ni avtomatsko cena te sestavine;2023-08-16;3;Drug posel;2023;ETN_008_2023_KPP_2023_ZEMLJISCA_20260724.csv
Z-2023-ETN_008_2023_KPP_2023_ZEMLJISCA_20260724.csv-87;754633;ZEMLJISCE;7;Zemljišče za kmetijsko rabo (njiva, travnik, pašnik);KMETIJSKO;1724;BREZOVICA;;;parcela 2867;1/12;0.08333333333333333;1892.0;157.66666666666666;;;453331.21;95369.88;14500.0;;Cena posla ni avtomatsko cena te sestavine;2023-08-16;3;Drug posel;2023;ETN_008_2023_KPP_2023_ZEMLJISCA_20260724.csv
Z-2023-ETN_008_2023_KPP_2023_ZEMLJISCA_20260724.csv-88;754633;ZEMLJISCE;7;Zemljišče za kmetijsko rabo (njiva, travnik, pašnik);KMETIJSKO;1724;BREZOVICA;;;parcela 3141;1/12;0.08333333333333333;5863.0;488.5833333333333;;;452293.88;94355.14;14500.0;;Cena posla ni avtomatsko cena te sestavine;2023-08-16;3;Drug posel;2023;ETN_008_2023_KPP_2023_ZEMLJISCA_20260724.csv
Z-2023-ETN_008_2023_KPP_2023_ZEMLJISCA_20260724.csv-89;754633;ZEMLJISCE;7;Zemljišče za kmetijsko rabo (njiva, travnik, pašnik);KMETIJSKO;1724;BREZOVICA;;;parcela 3045;1/12;0.08333333333333333;19039.0;1586.5833333333333;;;451684.92;95779.64;14500.0;;Cena posla ni avtomatsko cena te sestavine;2023-08-16;3;Drug posel;2023;ETN_008_2023_KPP_2023_ZEMLJISCA_20260724.csv
Z-2023-ETN_008_2023_KPP_2023_ZEMLJISCA_20260724.csv-90;754633;ZEMLJISCE;7;Zemljišče za kmetijsko rabo (njiva, travnik, pašnik);KMETIJSKO;1724;BREZOVICA;;;parcela 2888;1/12;0.08333333333333333;2805.0;233.75;;;453064.59;95315.01;14500.0;;Cena posla ni avtomatsko cena te sestavine;2023-08-16;3;Drug posel;2023;ETN_008_2023_KPP_2023_ZEMLJISCA_20260724.csv
Z-2023-ETN_008_2023_KPP_2023_ZEMLJISCA_20260724.csv-91;754633;ZEMLJISCE;7;Zemljišče za kmetijsko rabo (njiva, travnik, pašnik);KMETIJSKO;1724;BREZOVICA;;;parcela 2808/9;1/12;0.08333333333333333;9096.0;758.0;;;452758.89;95246.09;14500.0;;Cena posla ni avtomatsko cena te sestavine;2023-08-16;3;Drug posel;2023;ETN_008_2023_KPP_2023_ZEMLJISCA_20260724.csv
Z-2023-ETN_008_2023_KPP_2023_ZEMLJISCA_20260724.csv-92;754633;ZEMLJISCE;7;Zemljišče za kmetijsko rabo (njiva, travnik, pašnik);KMETIJSKO;1724;BREZOVICA;;;parcela 2871;1/12;0.08333333333333333;2956.0;246.33333333333331;;;453391.89;95347.72;14500.0;;Cena posla ni avtomatsko cena te sestavine;2023-08-16;3;Drug posel;2023;ETN_008_2023_KPP_2023_ZEMLJISCA_20260724.csv
Z-2023-ETN_008_2023_KPP_2023_ZEMLJISCA_20260724.csv-93;754633;ZEMLJISCE;7;Zemljišče za kmetijsko rabo (njiva, travnik, pašnik);KMETIJSKO;1724;BREZOVICA;;;parcela 3140;1/12;0.08333333333333333;6690.0;557.5;;;451892.31;94093.08;14500.0;;Cena posla ni avtomatsko cena te sestavine;2023-08-16;3;Drug posel;2023;ETN_008_2023_KPP_2023_ZEMLJISCA_20260724.csv
Z-2023-ETN_008_2023_KPP_2023_ZEMLJISCA_20260724.csv-94;754715;ZEMLJISCE;5;Zemljišče pod stavbo ali drugo stavbi ali delu stavbe pripadajoče zemljišče (zemljišče pod stavbo, dvorišče, dovozna pot, vrt, zelenica, stanovanjski atrij in podobno);PRIPADAJOCE;1724;BREZOVICA;;;parcela 2445/17;1/1;1.0;273.0;273.0;;;453609.29;94472.05;436275.0;;Cena posla ni avtomatsko cena te sestavine;2023-09-01;2;Tržen posel – neustrezni podatki;2023;ETN_008_2023_KPP_2023_ZEMLJISCA_20260724.csv
Z-2023-ETN_008_2023_KPP_2023_ZEMLJISCA_20260724.csv-95;749160;ZEMLJISCE;7;Zemljišče za kmetijsko rabo (njiva, travnik, pašnik);KMETIJSKO;1704;KAMNIK;;;parcela 2855/1;1/1;1.0;1030.0;1030.0;;;453999.49;90787.4;114000.0;;Cena posla ni avtomatsko cena te sestavine;2023-07-10;2;Tržen posel – neustrezni podatki;2023;ETN_008_2023_KPP_2023_ZEMLJISCA_20260724.csv
Z-2023-ETN_008_2023_KPP_2023_ZEMLJISCA_20260724.csv-96;749160;ZEMLJISCE;7;Zemljišče za kmetijsko rabo (njiva, travnik, pašnik);KMETIJSKO;1704;KAMNIK;;;parcela 2855/2;1/1;1.0;1383.0;1383.0;;;453999.51;90774.45;114000.0;;Cena posla ni avtomatsko cena te sestavine;2023-07-10;2;Tržen posel – neustrezni podatki;2023;ETN_008_2023_KPP_2023_ZEMLJISCA_20260724.csv
Z-2023-ETN_008_2023_KPP_2023_ZEMLJISCA_20260724.csv-97;749160;ZEMLJISCE;3;Zemljišče, na katerem je ali bo mogoče graditi stavbo in je delno komunalno opremljeno ali komunalno neopremljeno;STAVBNO;1704;KAMNIK;;;parcela 2847/1;1/1;1.0;650.0;650.0;;;454086.77;90743.77;114000.0;;Cena posla ni avtomatsko cena te sestavine;2023-07-10;2;Tržen posel – neustrezni podatki;2023;ETN_008_2023_KPP_2023_ZEMLJISCA_20260724.csv
Z-2023-ETN_008_2023_KPP_2023_ZEMLJISCA_20260724.csv-98;749160;ZEMLJISCE;3;Zemljišče, na katerem je ali bo mogoče graditi stavbo in je delno komunalno opremljeno ali komunalno neopremljeno;STAVBNO;1704;KAMNIK;;;parcela 2847/2;1/1;1.0;860.0;860.0;;;454058.14;90758.7;114000.0;;Cena posla ni avtomatsko cena te sestavine;2023-07-10;2;Tržen posel – neustrezni podatki;2023;ETN_008_2023_KPP_2023_ZEMLJISCA_20260724.csv
Z-2023-ETN_008_2023_KPP_2023_ZEMLJISCA_20260724.csv-99;749177;ZEMLJISCE;9;Zemljišče za gozdno rabo (gozd);GOZDNO;1724;BREZOVICA;;;parcela 2754;1/1;1.0;1155.0;1155.0;;;452722.79;94740.96;10000.0;;Cena posla ni avtomatsko cena te sestavine;2022-12-12;2;Tržen posel – neustrezni podatki;2023;ETN_008_2023_KPP_2023_ZEMLJISCA_20260724.csv
Z-2023-ETN_008_2023_KPP_2023_ZEMLJISCA_20260724.csv-100;791051;ZEMLJISCE;5;Zemljišče pod stavbo ali drugo stavbi ali delu stavbe pripadajoče zemljišče (zemljišče pod stavbo, dvorišče, dovozna pot, vrt, zelenica, stanovanjski atrij in podobno);PRIPADAJOCE;1705;PRESERJE;;;parcela 905/3;1/1;1.0;52.0;52.0;;;454903.24;92676.53;1040.0;;Cena posla ni avtomatsko cena te sestavine;2023-11-02;2;Tržen posel – neustrezni podatki;2023;ETN_008_2023_KPP_2023_ZEMLJISCA_20260724.csv
Z-2023-ETN_008_2023_KPP_2023_ZEMLJISCA_20260724.csv-101;750472;ZEMLJISCE;3;Zemljišče, na katerem je ali bo mogoče graditi stavbo in je delno komunalno opremljeno ali komunalno neopremljeno;STAVBNO;1724;BREZOVICA;;;parcela 2349/7;1/1;1.0;450.0;450.0;;;453530.27;95215.78;75000.0;;Cena posla ni avtomatsko cena te sestavine;2023-07-14;2;Tržen posel – neustrezni podatki;2023;ETN_008_2023_KPP_2023_ZEMLJISCA_20260724.csv
Z-2023-ETN_008_2023_KPP_2023_ZEMLJISCA_20260724.csv-102;747954;ZEMLJISCE;3;Zemljišče, na katerem je ali bo mogoče graditi stavbo in je delno komunalno opremljeno ali komunalno neopremljeno;STAVBNO;1724;BREZOVICA;;;parcela 2212/9;1/1;1.0;209.0;209.0;;;454015.51;94988.61;70000.0;;Cena posla ni avtomatsko cena te sestavine;2023-06-01;4;Neopredeljen posel;2023;ETN_008_2023_KPP_2023_ZEMLJISCA_20260724.csv
Z-2023-ETN_008_2023_KPP_2023_ZEMLJISCA_20260724.csv-103;689302;ZEMLJISCE;5;Zemljišče pod stavbo ali drugo stavbi ali delu stavbe pripadajoče zemljišče (zemljišče pod stavbo, dvorišče, dovozna pot, vrt, zelenica, stanovanjski atrij in podobno);PRIPADAJOCE;1652;RAKITNA;;;parcela 46/10;1/1;1.0;664.0;664.0;;;456811.51;83570.47;95000.0;;Cena posla ni avtomatsko cena te sestavine;2023-01-25;2;Tržen posel – neustrezni podatki;2023;ETN_008_2023_KPP_2023_ZEMLJISCA_20260724.csv
Z-2023-ETN_008_2023_KPP_2023_ZEMLJISCA_20260724.csv-104;690243;ZEMLJISCE;5;Zemljišče pod stavbo ali drugo stavbi ali delu stavbe pripadajoče zemljišče (zemljišče pod stavbo, dvorišče, dovozna pot, vrt, zelenica, stanovanjski atrij in podobno);PRIPADAJOCE;1724;BREZOVICA;;;parcela 2412/4;1/1;1.0;323.0;323.0;;;453706.45;94755.01;177000.0;;Cena posla ni avtomatsko cena te sestavine;2023-02-06;2;Tržen posel – neustrezni podatki;2023;ETN_008_2023_KPP_2023_ZEMLJISCA_20260724.csv
Z-2023-ETN_008_2023_KPP_2023_ZEMLJISCA_20260724.csv-105;690387;ZEMLJISCE;5;Zemljišče pod stavbo ali drugo stavbi ali delu stavbe pripadajoče zemljišče (zemljišče pod stavbo, dvorišče, dovozna pot, vrt, zelenica, stanovanjski atrij in podobno);PRIPADAJOCE;1724;BREZOVICA;;;parcela 2142/20;1/1;1.0;429.0;429.0;;;454033.08;95158.65;250000.0;;Cena posla ni avtomatsko cena te sestavine;2023-02-13;3;Drug posel;2023;ETN_008_2023_KPP_2023_ZEMLJISCA_20260724.csv
Z-2023-ETN_008_2023_KPP_2023_ZEMLJISCA_20260724.csv-106;683033;ZEMLJISCE;3;Zemljišče, na katerem je ali bo mogoče graditi stavbo in je delno komunalno opremljeno ali komunalno neopremljeno;STAVBNO;1724;BREZOVICA;;;parcela 2577/1;1/1;1.0;540.0;540.0;;;453397.1;94344.09;75000.0;;Cena posla ni avtomatsko cena te sestavine;2022-12-27;2;Tržen posel – neustrezni podatki;2023;ETN_008_2023_KPP_2023_ZEMLJISCA_20260724.csv
Z-2023-ETN_008_2023_KPP_2023_ZEMLJISCA_20260724.csv-107;683033;ZEMLJISCE;3;Zemljišče, na katerem je ali bo mogoče graditi stavbo in je delno komunalno opremljeno ali komunalno neopremljeno;STAVBNO;1724;BREZOVICA;;;parcela 2577/2;1/1;1.0;26.0;26.0;;;453382.49;94348.94;75000.0;;Cena posla ni avtomatsko cena te sestavine;2022-12-27;2;Tržen posel – neustrezni podatki;2023;ETN_008_2023_KPP_2023_ZEMLJISCA_20260724.csv
Z-2023-ETN_008_2023_KPP_2023_ZEMLJISCA_20260724.csv-108;682974;ZEMLJISCE;5;Zemljišče pod stavbo ali drugo stavbi ali delu stavbe pripadajoče zemljišče (zemljišče pod stavbo, dvorišče, dovozna pot, vrt, zelenica, stanovanjski atrij in podobno);PRIPADAJOCE;1724;BREZOVICA;;;parcela 1464/5;1/1;1.0;1480.0;1480.0;;;455585.17;96908.12;375000.0;;Cena posla ni avtomatsko cena te sestavine;2022-10-26;2;Tržen posel – neustrezni podatki;2023;ETN_008_2023_KPP_2023_ZEMLJISCA_20260724.csv
Z-2023-ETN_008_2023_KPP_2023_ZEMLJISCA_20260724.csv-109;680915;ZEMLJISCE;5;Zemljišče pod stavbo ali drugo stavbi ali delu stavbe pripadajoče zemljišče (zemljišče pod stavbo, dvorišče, dovozna pot, vrt, zelenica, stanovanjski atrij in podobno);PRIPADAJOCE;1703;JEZERO;;;parcela 362/142;1/1;1.0;229.0;229.0;;;455099.02;93113.7;320000.0;;Cena posla ni avtomatsko cena te sestavine;2022-12-12;2;Tržen posel – neustrezni podatki;2023;ETN_008_2023_KPP_2023_ZEMLJISCA_20260724.csv
Z-2023-ETN_008_2023_KPP_2023_ZEMLJISCA_20260724.csv-110;680915;ZEMLJISCE;6;Zemljišče, na katerem je cesta ali parkirišče;INFRASTRUKTURA;1703;JEZERO;;;parcela 362/136;1/10;0.1;59.0;5.9;;;455050.24;93067.55;320000.0;;Cena posla ni avtomatsko cena te sestavine;2022-12-12;2;Tržen posel – neustrezni podatki;2023;ETN_008_2023_KPP_2023_ZEMLJISCA_20260724.csv
Z-2023-ETN_008_2023_KPP_2023_ZEMLJISCA_20260724.csv-111;680915;ZEMLJISCE;1;Zemljišče na katerem je mogoče graditi stavbo in ima gradbeno dovoljenje;STAVBNO;1703;JEZERO;;;parcela 362/147;1/10;0.1;588.0;58.800000000000004;;;455093.76;93117.72;320000.0;;Cena posla ni avtomatsko cena te sestavine;2022-12-12;2;Tržen posel – neustrezni podatki;2023;ETN_008_2023_KPP_2023_ZEMLJISCA_20260724.csv
Z-2023-ETN_008_2023_KPP_2023_ZEMLJISCA_20260724.csv-112;752308;ZEMLJISCE;5;Zemljišče pod stavbo ali drugo stavbi ali delu stavbe pripadajoče zemljišče (zemljišče pod stavbo, dvorišče, dovozna pot, vrt, zelenica, stanovanjski atrij in podobno);PRIPADAJOCE;1724;BREZOVICA;;;parcela 2790/21;1/1;1.0;156.0;156.0;;;452293.16;95750.27;10920.0;;Cena posla ni avtomatsko cena te sestavine;2023-08-28;2;Tržen posel – neustrezni podatki;2023;ETN_008_2023_KPP_2023_ZEMLJISCA_20260724.csv
Z-2023-ETN_008_2023_KPP_2023_ZEMLJISCA_20260724.csv-113;751665;ZEMLJISCE;5;Zemljišče pod stavbo ali drugo stavbi ali delu stavbe pripadajoče zemljišče (zemljišče pod stavbo, dvorišče, dovozna pot, vrt, zelenica, stanovanjski atrij in podobno);PRIPADAJOCE;1704;KAMNIK;;;parcela 933/5;1/1;1.0;825.0;825.0;;;453495.68;91669.64;328000.0;;Cena posla ni avtomatsko cena te sestavine;2023-08-17;2;Tržen posel – neustrezni podatki;2023;ETN_008_2023_KPP_2023_ZEMLJISCA_20260724.csv
Z-2023-ETN_008_2023_KPP_2023_ZEMLJISCA_20260724.csv-114;751574;ZEMLJISCE;5;Zemljišče pod stavbo ali drugo stavbi ali delu stavbe pripadajoče zemljišče (zemljišče pod stavbo, dvorišče, dovozna pot, vrt, zelenica, stanovanjski atrij in podobno);PRIPADAJOCE;1724;BREZOVICA;;;parcela 2155/6;1/1;1.0;312.0;312.0;;;454048.4;94761.59;58000.0;;Cena posla ni avtomatsko cena te sestavine;2023-08-16;2;Tržen posel – neustrezni podatki;2023;ETN_008_2023_KPP_2023_ZEMLJISCA_20260724.csv
Z-2023-ETN_008_2023_KPP_2023_ZEMLJISCA_20260724.csv-115;791590;ZEMLJISCE;5;Zemljišče pod stavbo ali drugo stavbi ali delu stavbe pripadajoče zemljišče (zemljišče pod stavbo, dvorišče, dovozna pot, vrt, zelenica, stanovanjski atrij in podobno);PRIPADAJOCE;1724;BREZOVICA;;;parcela 342/17;1/1;1.0;129.0;129.0;;;455625.73;98224.46;260000.0;;Cena posla ni avtomatsko cena te sestavine;2023-11-08;2;Tržen posel – neustrezni podatki;2023;ETN_008_2023_KPP_2023_ZEMLJISCA_20260724.csv
Z-2023-ETN_008_2023_KPP_2023_ZEMLJISCA_20260724.csv-116;791672;ZEMLJISCE;3;Zemljišče, na katerem je ali bo mogoče graditi stavbo in je delno komunalno opremljeno ali komunalno neopremljeno;STAVBNO;1724;BREZOVICA;;;parcela 2701/25;1/1;1.0;69.0;69.0;;;453302.88;94152.03;600.0;;Cena posla ni avtomatsko cena te sestavine;2023-11-06;1;Tržen posel;2023;ETN_008_2023_KPP_2023_ZEMLJISCA_20260724.csv
Z-2023-ETN_008_2023_KPP_2023_ZEMLJISCA_20260724.csv-117;791672;ZEMLJISCE;3;Zemljišče, na katerem je ali bo mogoče graditi stavbo in je delno komunalno opremljeno ali komunalno neopremljeno;STAVBNO;1724;BREZOVICA;;;parcela 2701/19;1/1;1.0;51.0;51.0;;;453299.15;94148.37;600.0;;Cena posla ni avtomatsko cena te sestavine;2023-11-06;1;Tržen posel;2023;ETN_008_2023_KPP_2023_ZEMLJISCA_20260724.csv
Z-2023-ETN_008_2023_KPP_2023_ZEMLJISCA_20260724.csv-118;741394;ZEMLJISCE;5;Zemljišče pod stavbo ali drugo stavbi ali delu stavbe pripadajoče zemljišče (zemljišče pod stavbo, dvorišče, dovozna pot, vrt, zelenica, stanovanjski atrij in podobno);PRIPADAJOCE;1724;BREZOVICA;;;parcela 574/2;1/1;1.0;819.0;819.0;;;454548.83;97432.95;820000.0;;Cena posla ni avtomatsko cena te sestavine;2023-05-11;2;Tržen posel – neustrezni podatki;2023;ETN_008_2023_KPP_2023_ZEMLJISCA_20260724.csv
Z-2023-ETN_008_2023_KPP_2023_ZEMLJISCA_20260724.csv-119;739836;ZEMLJISCE;7;Zemljišče za kmetijsko rabo (njiva, travnik, pašnik);KMETIJSKO;1704;KAMNIK;;;parcela 861/3;1/1;1.0;3379.0;3379.0;;;453258.08;91562.6;4138.0;;Cena posla ni avtomatsko cena te sestavine;2023-04-19;2;Tržen posel – neustrezni podatki;2023;ETN_008_2023_KPP_2023_ZEMLJISCA_20260724.csv
Z-2023-ETN_008_2023_KPP_2023_ZEMLJISCA_20260724.csv-120;733554;ZEMLJISCE;9;Zemljišče za gozdno rabo (gozd);GOZDNO;1705;PRESERJE;;;parcela 2179/40;1/1;1.0;14692.0;14692.0;;;457602.04;89033.81;8080.6;;Cena posla ni avtomatsko cena te sestavine;2023-02-21;2;Tržen posel – neustrezni podatki;2023;ETN_008_2023_KPP_2023_ZEMLJISCA_20260724.csv
Z-2023-ETN_008_2023_KPP_2023_ZEMLJISCA_20260724.csv-121;733447;ZEMLJISCE;6;Zemljišče, na katerem je cesta ali parkirišče;INFRASTRUKTURA;1724;BREZOVICA;;;parcela 1124/37;1/1;1.0;55.0;55.0;;;454742.56;96751.21;2600.0;;Cena posla ni avtomatsko cena te sestavine;2023-02-18;2;Tržen posel – neustrezni podatki;2023;ETN_008_2023_KPP_2023_ZEMLJISCA_20260724.csv
Z-2023-ETN_008_2023_KPP_2023_ZEMLJISCA_20260724.csv-122;733513;ZEMLJISCE;7;Zemljišče za kmetijsko rabo (njiva, travnik, pašnik);KMETIJSKO;1704;KAMNIK;;;parcela 3366/11;1/1;1.0;260.0;260.0;;;451849.39;90378.69;8600.0;;Cena posla ni avtomatsko cena te sestavine;2022-11-18;2;Tržen posel – neustrezni podatki;2023;ETN_008_2023_KPP_2023_ZEMLJISCA_20260724.csv
Z-2023-ETN_008_2023_KPP_2023_ZEMLJISCA_20260724.csv-123;683512;ZEMLJISCE;5;Zemljišče pod stavbo ali drugo stavbi ali delu stavbe pripadajoče zemljišče (zemljišče pod stavbo, dvorišče, dovozna pot, vrt, zelenica, stanovanjski atrij in podobno);PRIPADAJOCE;1724;BREZOVICA;;;parcela 2549/7;1/1;1.0;234.0;234.0;;;453045.07;94294.7;260000.0;;Cena posla ni avtomatsko cena te sestavine;2022-12-24;2;Tržen posel – neustrezni podatki;2023;ETN_008_2023_KPP_2023_ZEMLJISCA_20260724.csv
Z-2023-ETN_008_2023_KPP_2023_ZEMLJISCA_20260724.csv-124;683512;ZEMLJISCE;5;Zemljišče pod stavbo ali drugo stavbi ali delu stavbe pripadajoče zemljišče (zemljišče pod stavbo, dvorišče, dovozna pot, vrt, zelenica, stanovanjski atrij in podobno);PRIPADAJOCE;1724;BREZOVICA;;;parcela 2549/4;1/1;1.0;339.0;339.0;;;453051.65;94302.48;260000.0;;Cena posla ni avtomatsko cena te sestavine;2022-12-24;2;Tržen posel – neustrezni podatki;2023;ETN_008_2023_KPP_2023_ZEMLJISCA_20260724.csv
Z-2023-ETN_008_2023_KPP_2023_ZEMLJISCA_20260724.csv-125;683599;ZEMLJISCE;3;Zemljišče, na katerem je ali bo mogoče graditi stavbo in je delno komunalno opremljeno ali komunalno neopremljeno;STAVBNO;1724;BREZOVICA;;;parcela 607/94;1/1;1.0;;;;;;;1441990.0;;Cena posla ni avtomatsko cena te sestavine;2022-12-23;5;V preverjanju;2023;ETN_008_2023_KPP_2023_ZEMLJISCA_20260724.csv
Z-2023-ETN_008_2023_KPP_2023_ZEMLJISCA_20260724.csv-126;683599;ZEMLJISCE;3;Zemljišče, na katerem je ali bo mogoče graditi stavbo in je delno komunalno opremljeno ali komunalno neopremljeno;STAVBNO;1724;BREZOVICA;;;parcela 607/95;1/1;1.0;;;;;;;1441990.0;;Cena posla ni avtomatsko cena te sestavine;2022-12-23;5;V preverjanju;2023;ETN_008_2023_KPP_2023_ZEMLJISCA_20260724.csv
Z-2023-ETN_008_2023_KPP_2023_ZEMLJISCA_20260724.csv-127;682640;ZEMLJISCE;9;Zemljišče za gozdno rabo (gozd);GOZDNO;1652;RAKITNA;;;parcela 1817/85;1/1;1.0;10522.0;10522.0;;;455168.31;82086.28;8417.6;;Cena posla ni avtomatsko cena te sestavine;2022-11-05;1;Tržen posel;2023;ETN_008_2023_KPP_2023_ZEMLJISCA_20260724.csv
Z-2023-ETN_008_2023_KPP_2023_ZEMLJISCA_20260724.csv-128;745443;ZEMLJISCE;3;Zemljišče, na katerem je ali bo mogoče graditi stavbo in je delno komunalno opremljeno ali komunalno neopremljeno;STAVBNO;1705;PRESERJE;;;parcela 223/9;1/1;1.0;739.0;739.0;;;455112.38;90867.41;160000.0;;Cena posla ni avtomatsko cena te sestavine;2023-06-15;2;Tržen posel – neustrezni podatki;2023;ETN_008_2023_KPP_2023_ZEMLJISCA_20260724.csv
Z-2023-ETN_008_2023_KPP_2023_ZEMLJISCA_20260724.csv-129;746199;ZEMLJISCE;5;Zemljišče pod stavbo ali drugo stavbi ali delu stavbe pripadajoče zemljišče (zemljišče pod stavbo, dvorišče, dovozna pot, vrt, zelenica, stanovanjski atrij in podobno);PRIPADAJOCE;1724;BREZOVICA;;;parcela 1198/2;1/3;0.3333333333333333;267.0;89.0;;;454989.55;96416.07;60000.0;;Cena posla ni avtomatsko cena te sestavine;2023-07-10;3;Drug posel;2023;ETN_008_2023_KPP_2023_ZEMLJISCA_20260724.csv
Z-2023-ETN_008_2023_KPP_2023_ZEMLJISCA_20260724.csv-130;746199;ZEMLJISCE;3;Zemljišče, na katerem je ali bo mogoče graditi stavbo in je delno komunalno opremljeno ali komunalno neopremljeno;STAVBNO;1724;BREZOVICA;;;parcela 1199/7;1/1;1.0;65.0;65.0;;;455003.72;96400.38;60000.0;;Cena posla ni avtomatsko cena te sestavine;2023-07-10;3;Drug posel;2023;ETN_008_2023_KPP_2023_ZEMLJISCA_20260724.csv
Z-2023-ETN_008_2023_KPP_2023_ZEMLJISCA_20260724.csv-131;746199;ZEMLJISCE;5;Zemljišče pod stavbo ali drugo stavbi ali delu stavbe pripadajoče zemljišče (zemljišče pod stavbo, dvorišče, dovozna pot, vrt, zelenica, stanovanjski atrij in podobno);PRIPADAJOCE;1724;BREZOVICA;;;parcela 1198/1;1/3;0.3333333333333333;105.0;35.0;;;455005.76;96407.99;60000.0;;Cena posla ni avtomatsko cena te sestavine;2023-07-10;3;Drug posel;2023;ETN_008_2023_KPP_2023_ZEMLJISCA_20260724.csv
Z-2023-ETN_008_2023_KPP_2023_ZEMLJISCA_20260724.csv-132;745561;ZEMLJISCE;3;Zemljišče, na katerem je ali bo mogoče graditi stavbo in je delno komunalno opremljeno ali komunalno neopremljeno;STAVBNO;1724;BREZOVICA;;;parcela 1094/68;1/1;1.0;31.0;31.0;;;454546.3;96724.18;760.0;;Cena posla ni avtomatsko cena te sestavine;2023-06-27;1;Tržen posel;2023;ETN_008_2023_KPP_2023_ZEMLJISCA_20260724.csv
Z-2023-ETN_008_2023_KPP_2023_ZEMLJISCA_20260724.csv-133;745561;ZEMLJISCE;3;Zemljišče, na katerem je ali bo mogoče graditi stavbo in je delno komunalno opremljeno ali komunalno neopremljeno;STAVBNO;1724;BREZOVICA;;;parcela 1094/67;1/1;1.0;7.0;7.0;;;454541.74;96734.07;760.0;;Cena posla ni avtomatsko cena te sestavine;2023-06-27;1;Tržen posel;2023;ETN_008_2023_KPP_2023_ZEMLJISCA_20260724.csv
Z-2023-ETN_008_2023_KPP_2023_ZEMLJISCA_20260724.csv-134;790270;ZEMLJISCE;3;Zemljišče, na katerem je ali bo mogoče graditi stavbo in je delno komunalno opremljeno ali komunalno neopremljeno;STAVBNO;1724;BREZOVICA;;;parcela 372/16;1/1;1.0;290.0;290.0;;;454882.29;98320.54;77400.0;;Cena posla ni avtomatsko cena te sestavine;2023-10-18;1;Tržen posel;2023;ETN_008_2023_KPP_2023_ZEMLJISCA_20260724.csv
Z-2023-ETN_008_2023_KPP_2023_ZEMLJISCA_20260724.csv-135;754098;ZEMLJISCE;1;Zemljišče na katerem je mogoče graditi stavbo in ima gradbeno dovoljenje;STAVBNO;1652;RAKITNA;;;parcela 1243/14;1/1;1.0;918.0;918.0;;;456080.83;82783.42;33000.0;;Cena posla ni avtomatsko cena te sestavine;2023-08-22;2;Tržen posel – neustrezni podatki;2023;ETN_008_2023_KPP_2023_ZEMLJISCA_20260724.csv
Z-2023-ETN_008_2023_KPP_2023_ZEMLJISCA_20260724.csv-136;754098;ZEMLJISCE;6;Zemljišče, na katerem je cesta ali parkirišče;INFRASTRUKTURA;1652;RAKITNA;;;parcela 1243/13;1/1;1.0;200.0;200.0;;;456126.29;82794.73;33000.0;;Cena posla ni avtomatsko cena te sestavine;2023-08-22;2;Tržen posel – neustrezni podatki;2023;ETN_008_2023_KPP_2023_ZEMLJISCA_20260724.csv
Z-2023-ETN_008_2023_KPP_2023_ZEMLJISCA_20260724.csv-137;790187;ZEMLJISCE;9;Zemljišče za gozdno rabo (gozd);GOZDNO;1703;JEZERO;;;parcela 988/2;1/1;1.0;5697.0;5697.0;;;458121.56;89597.31;3987.9;;Cena posla ni avtomatsko cena te sestavine;2023-10-12;2;Tržen posel – neustrezni podatki;2023;ETN_008_2023_KPP_2023_ZEMLJISCA_20260724.csv
Z-2023-ETN_008_2023_KPP_2023_ZEMLJISCA_20260724.csv-138;735905;ZEMLJISCE;3;Zemljišče, na katerem je ali bo mogoče graditi stavbo in je delno komunalno opremljeno ali komunalno neopremljeno;STAVBNO;1652;RAKITNA;;;parcela 1208/368;1/1;1.0;32.0;32.0;;;455901.05;83528.5;1600.0;;Cena posla ni avtomatsko cena te sestavine;2023-03-16;2;Tržen posel – neustrezni podatki;2023;ETN_008_2023_KPP_2023_ZEMLJISCA_20260724.csv
Z-2023-ETN_008_2023_KPP_2023_ZEMLJISCA_20260724.csv-139;735838;ZEMLJISCE;7;Zemljišče za kmetijsko rabo (njiva, travnik, pašnik);KMETIJSKO;1724;BREZOVICA;;;parcela 899/1;1/1;1.0;2089.0;2089.0;;;453673.66;96439.12;91874.22;;Cena posla ni avtomatsko cena te sestavine;2023-03-03;4;Neopredeljen posel;2023;ETN_008_2023_KPP_2023_ZEMLJISCA_20260724.csv
Z-2023-ETN_008_2023_KPP_2023_ZEMLJISCA_20260724.csv-140;747259;ZEMLJISCE;6;Zemljišče, na katerem je cesta ali parkirišče;INFRASTRUKTURA;1724;BREZOVICA;;;parcela 372/94;1/1;1.0;12.0;12.0;;;454687.89;98351.94;400.0;;Cena posla ni avtomatsko cena te sestavine;2023-06-06;3;Drug posel;2023;ETN_008_2023_KPP_2023_ZEMLJISCA_20260724.csv
Z-2023-ETN_008_2023_KPP_2023_ZEMLJISCA_20260724.csv-141;734560;ZEMLJISCE;5;Zemljišče pod stavbo ali drugo stavbi ali delu stavbe pripadajoče zemljišče (zemljišče pod stavbo, dvorišče, dovozna pot, vrt, zelenica, stanovanjski atrij in podobno);PRIPADAJOCE;1703;JEZERO;;;parcela 662/4;1/1;1.0;698.0;698.0;;;456393.71;92176.56;50000.0;;Cena posla ni avtomatsko cena te sestavine;2023-02-03;2;Tržen posel – neustrezni podatki;2023;ETN_008_2023_KPP_2023_ZEMLJISCA_20260724.csv
Z-2023-ETN_008_2023_KPP_2023_ZEMLJISCA_20260724.csv-142;734560;ZEMLJISCE;5;Zemljišče pod stavbo ali drugo stavbi ali delu stavbe pripadajoče zemljišče (zemljišče pod stavbo, dvorišče, dovozna pot, vrt, zelenica, stanovanjski atrij in podobno);PRIPADAJOCE;1703;JEZERO;;;parcela 662/7;1/1;1.0;12.0;12.0;;;456380.73;92174.1;50000.0;;Cena posla ni avtomatsko cena te sestavine;2023-02-03;2;Tržen posel – neustrezni podatki;2023;ETN_008_2023_KPP_2023_ZEMLJISCA_20260724.csv
Z-2023-ETN_008_2023_KPP_2023_ZEMLJISCA_20260724.csv-143;737054;ZEMLJISCE;3;Zemljišče, na katerem je ali bo mogoče graditi stavbo in je delno komunalno opremljeno ali komunalno neopremljeno;STAVBNO;1724;BREZOVICA;;;parcela 1123/11;1/1;1.0;300.0;300.0;;;454694.43;96760.39;30000.0;;Cena posla ni avtomatsko cena te sestavine;2023-03-21;2;Tržen posel – neustrezni podatki;2023;ETN_008_2023_KPP_2023_ZEMLJISCA_20260724.csv
Z-2023-ETN_008_2023_KPP_2023_ZEMLJISCA_20260724.csv-144;688850;ZEMLJISCE;5;Zemljišče pod stavbo ali drugo stavbi ali delu stavbe pripadajoče zemljišče (zemljišče pod stavbo, dvorišče, dovozna pot, vrt, zelenica, stanovanjski atrij in podobno);PRIPADAJOCE;1705;PRESERJE;;;parcela 100/94;1/1;1.0;156.0;156.0;;;455139.79;90681.18;230000.0;;Cena posla ni avtomatsko cena te sestavine;2022-12-23;2;Tržen posel – neustrezni podatki;2023;ETN_008_2023_KPP_2023_ZEMLJISCA_20260724.csv
Z-2023-ETN_008_2023_KPP_2023_ZEMLJISCA_20260724.csv-145;679346;ZEMLJISCE;7;Zemljišče za kmetijsko rabo (njiva, travnik, pašnik);KMETIJSKO;1704;KAMNIK;;;parcela 507;1/1;1.0;4741.0;4741.0;;;451461.8;91149.5;4741.0;;Cena posla ni avtomatsko cena te sestavine;2022-11-24;1;Tržen posel;2023;ETN_008_2023_KPP_2023_ZEMLJISCA_20260724.csv
Z-2023-ETN_008_2023_KPP_2023_ZEMLJISCA_20260724.csv-146;757583;ZEMLJISCE;9;Zemljišče za gozdno rabo (gozd);GOZDNO;1704;KAMNIK;;;parcela 2436;1/1;1.0;20454.0;20454.0;;;454428.55;89550.34;20454.0;;Cena posla ni avtomatsko cena te sestavine;2023-09-22;2;Tržen posel – neustrezni podatki;2023;ETN_008_2023_KPP_2023_ZEMLJISCA_20260724.csv
Z-2023-ETN_008_2023_KPP_2023_ZEMLJISCA_20260724.csv-147;756029;ZEMLJISCE;7;Zemljišče za kmetijsko rabo (njiva, travnik, pašnik);KMETIJSKO;1704;KAMNIK;;;parcela 2897/6;1/1;1.0;6597.0;6597.0;;;454354.75;90845.11;19800.0;;Cena posla ni avtomatsko cena te sestavine;2023-09-15;4;Neopredeljen posel;2023;ETN_008_2023_KPP_2023_ZEMLJISCA_20260724.csv
Z-2023-ETN_008_2023_KPP_2023_ZEMLJISCA_20260724.csv-148;734041;ZEMLJISCE;3;Zemljišče, na katerem je ali bo mogoče graditi stavbo in je delno komunalno opremljeno ali komunalno neopremljeno;STAVBNO;1652;RAKITNA;;;parcela 892/23;1/1;1.0;951.0;951.0;;;456171.44;83122.35;60000.0;;Cena posla ni avtomatsko cena te sestavine;2023-02-27;2;Tržen posel – neustrezni podatki;2023;ETN_008_2023_KPP_2023_ZEMLJISCA_20260724.csv
Z-2023-ETN_008_2023_KPP_2023_ZEMLJISCA_20260724.csv-149;734016;ZEMLJISCE;7;Zemljišče za kmetijsko rabo (njiva, travnik, pašnik);KMETIJSKO;1704;KAMNIK;;;parcela 2920;1/1;1.0;1269.0;1269.0;;;454325.2;90739.22;5076.0;;Cena posla ni avtomatsko cena te sestavine;2023-02-22;4;Neopredeljen posel;2023;ETN_008_2023_KPP_2023_ZEMLJISCA_20260724.csv
Z-2023-ETN_008_2023_KPP_2023_ZEMLJISCA_20260724.csv-150;751855;ZEMLJISCE;5;Zemljišče pod stavbo ali drugo stavbi ali delu stavbe pripadajoče zemljišče (zemljišče pod stavbo, dvorišče, dovozna pot, vrt, zelenica, stanovanjski atrij in podobno);PRIPADAJOCE;1724;BREZOVICA;;;parcela 571/51;1/1;1.0;851.0;851.0;;;454658.88;97378.9;550000.0;;Cena posla ni avtomatsko cena te sestavine;2023-08-21;2;Tržen posel – neustrezni podatki;2023;ETN_008_2023_KPP_2023_ZEMLJISCA_20260724.csv
Z-2023-ETN_008_2023_KPP_2023_ZEMLJISCA_20260724.csv-151;751855;ZEMLJISCE;3;Zemljišče, na katerem je ali bo mogoče graditi stavbo in je delno komunalno opremljeno ali komunalno neopremljeno;STAVBNO;1724;BREZOVICA;;;parcela 571/1;1/1;1.0;976.0;976.0;;;454699.08;97379.74;550000.0;;Cena posla ni avtomatsko cena te sestavine;2023-08-21;2;Tržen posel – neustrezni podatki;2023;ETN_008_2023_KPP_2023_ZEMLJISCA_20260724.csv
Z-2023-ETN_008_2023_KPP_2023_ZEMLJISCA_20260724.csv-152;743453;ZEMLJISCE;1;Zemljišče na katerem je mogoče graditi stavbo in ima gradbeno dovoljenje;STAVBNO;1724;BREZOVICA;;;parcela 332/12;1/1;1.0;462.0;462.0;;;455462.88;98414.47;133256.17;;Cena posla ni avtomatsko cena te sestavine;2023-05-18;4;Neopredeljen posel;2023;ETN_008_2023_KPP_2023_ZEMLJISCA_20260724.csv
Z-2023-ETN_008_2023_KPP_2023_ZEMLJISCA_20260724.csv-153;743453;ZEMLJISCE;1;Zemljišče na katerem je mogoče graditi stavbo in ima gradbeno dovoljenje;STAVBNO;1724;BREZOVICA;;;parcela 332/13;1/1;1.0;299.0;299.0;;;455451.64;98402.1;133256.17;;Cena posla ni avtomatsko cena te sestavine;2023-05-18;4;Neopredeljen posel;2023;ETN_008_2023_KPP_2023_ZEMLJISCA_20260724.csv
Z-2023-ETN_008_2023_KPP_2023_ZEMLJISCA_20260724.csv-154;743453;ZEMLJISCE;1;Zemljišče na katerem je mogoče graditi stavbo in ima gradbeno dovoljenje;STAVBNO;1724;BREZOVICA;;;parcela 332/14;1/1;1.0;293.0;293.0;;;455453.44;98397.09;133256.17;;Cena posla ni avtomatsko cena te sestavine;2023-05-18;4;Neopredeljen posel;2023;ETN_008_2023_KPP_2023_ZEMLJISCA_20260724.csv
Z-2023-ETN_008_2023_KPP_2023_ZEMLJISCA_20260724.csv-155;791912;ZEMLJISCE;5;Zemljišče pod stavbo ali drugo stavbi ali delu stavbe pripadajoče zemljišče (zemljišče pod stavbo, dvorišče, dovozna pot, vrt, zelenica, stanovanjski atrij in podobno);PRIPADAJOCE;1705;PRESERJE;;;parcela 227/2;1/1;1.0;1476.0;1476.0;;;455135.36;90810.42;340000.0;;Cena posla ni avtomatsko cena te sestavine;2023-11-16;3;Drug posel;2023;ETN_008_2023_KPP_2023_ZEMLJISCA_20260724.csv
Z-2023-ETN_008_2023_KPP_2023_ZEMLJISCA_20260724.csv-156;791912;ZEMLJISCE;3;Zemljišče, na katerem je ali bo mogoče graditi stavbo in je delno komunalno opremljeno ali komunalno neopremljeno;STAVBNO;1705;PRESERJE;;;parcela 228/6;1/1;1.0;2559.0;2559.0;;;455117.94;90833.07;340000.0;;Cena posla ni avtomatsko cena te sestavine;2023-11-16;3;Drug posel;2023;ETN_008_2023_KPP_2023_ZEMLJISCA_20260724.csv
Z-2023-ETN_008_2023_KPP_2023_ZEMLJISCA_20260724.csv-157;744061;ZEMLJISCE;5;Zemljišče pod stavbo ali drugo stavbi ali delu stavbe pripadajoče zemljišče (zemljišče pod stavbo, dvorišče, dovozna pot, vrt, zelenica, stanovanjski atrij in podobno);PRIPADAJOCE;1652;RAKITNA;;;parcela 1273/35;3/4;0.75;806.0;604.5;;;456323.95;82854.72;123000.0;;Cena posla ni avtomatsko cena te sestavine;2023-05-15;3;Drug posel;2023;ETN_008_2023_KPP_2023_ZEMLJISCA_20260724.csv
Z-2023-ETN_008_2023_KPP_2023_ZEMLJISCA_20260724.csv-158;744061;ZEMLJISCE;5;Zemljišče pod stavbo ali drugo stavbi ali delu stavbe pripadajoče zemljišče (zemljišče pod stavbo, dvorišče, dovozna pot, vrt, zelenica, stanovanjski atrij in podobno);PRIPADAJOCE;1652;RAKITNA;;;parcela 1293/17;3/4;0.75;618.0;463.5;;;456343.73;82841.9;123000.0;;Cena posla ni avtomatsko cena te sestavine;2023-05-15;3;Drug posel;2023;ETN_008_2023_KPP_2023_ZEMLJISCA_20260724.csv
Z-2023-ETN_008_2023_KPP_2023_ZEMLJISCA_20260724.csv-159;744061;ZEMLJISCE;5;Zemljišče pod stavbo ali drugo stavbi ali delu stavbe pripadajoče zemljišče (zemljišče pod stavbo, dvorišče, dovozna pot, vrt, zelenica, stanovanjski atrij in podobno);PRIPADAJOCE;1652;RAKITNA;;;parcela 1293/18;3/8;0.375;124.0;46.5;;;456306.43;82782.34;123000.0;;Cena posla ni avtomatsko cena te sestavine;2023-05-15;3;Drug posel;2023;ETN_008_2023_KPP_2023_ZEMLJISCA_20260724.csv
Z-2023-ETN_008_2023_KPP_2023_ZEMLJISCA_20260724.csv-160;747061;ZEMLJISCE;5;Zemljišče pod stavbo ali drugo stavbi ali delu stavbe pripadajoče zemljišče (zemljišče pod stavbo, dvorišče, dovozna pot, vrt, zelenica, stanovanjski atrij in podobno);PRIPADAJOCE;1652;RAKITNA;;;parcela 13/3;1/1;1.0;53.0;53.0;;;456420.3;83523.65;2650.0;;Cena posla ni avtomatsko cena te sestavine;2023-05-24;2;Tržen posel – neustrezni podatki;2023;ETN_008_2023_KPP_2023_ZEMLJISCA_20260724.csv
Z-2023-ETN_008_2023_KPP_2023_ZEMLJISCA_20260724.csv-161;737595;ZEMLJISCE;6;Zemljišče, na katerem je cesta ali parkirišče;INFRASTRUKTURA;1724;BREZOVICA;;;parcela 266/17;1/1;1.0;22.0;22.0;;;454609.5;98455.67;2854.72;;Cena posla ni avtomatsko cena te sestavine;2023-03-29;2;Tržen posel – neustrezni podatki;2023;ETN_008_2023_KPP_2023_ZEMLJISCA_20260724.csv
Z-2023-ETN_008_2023_KPP_2023_ZEMLJISCA_20260724.csv-162;737585;ZEMLJISCE;5;Zemljišče pod stavbo ali drugo stavbi ali delu stavbe pripadajoče zemljišče (zemljišče pod stavbo, dvorišče, dovozna pot, vrt, zelenica, stanovanjski atrij in podobno);PRIPADAJOCE;1724;BREZOVICA;;;parcela 607/15;1/2;0.5;772.0;386.0;;;454576.8;98228.04;115000.0;;Cena posla ni avtomatsko cena te sestavine;2023-03-31;3;Drug posel;2023;ETN_008_2023_KPP_2023_ZEMLJISCA_20260724.csv
Z-2023-ETN_008_2023_KPP_2023_ZEMLJISCA_20260724.csv-163;737585;ZEMLJISCE;5;Zemljišče pod stavbo ali drugo stavbi ali delu stavbe pripadajoče zemljišče (zemljišče pod stavbo, dvorišče, dovozna pot, vrt, zelenica, stanovanjski atrij in podobno);PRIPADAJOCE;1724;BREZOVICA;;;parcela 607/44;1/2;0.5;435.0;217.5;;;454547.76;98222.65;115000.0;;Cena posla ni avtomatsko cena te sestavine;2023-03-31;3;Drug posel;2023;ETN_008_2023_KPP_2023_ZEMLJISCA_20260724.csv
Z-2023-ETN_008_2023_KPP_2023_ZEMLJISCA_20260724.csv-164;792233;ZEMLJISCE;7;Zemljišče za kmetijsko rabo (njiva, travnik, pašnik);KMETIJSKO;1724;BREZOVICA;;;parcela 2465/4;1/1;1.0;341.0;341.0;;;453400.34;94517.0;2000.0;;Cena posla ni avtomatsko cena te sestavine;2023-11-09;2;Tržen posel – neustrezni podatki;2023;ETN_008_2023_KPP_2023_ZEMLJISCA_20260724.csv
Z-2023-ETN_008_2023_KPP_2023_ZEMLJISCA_20260724.csv-165;682562;ZEMLJISCE;3;Zemljišče, na katerem je ali bo mogoče graditi stavbo in je delno komunalno opremljeno ali komunalno neopremljeno;STAVBNO;1652;RAKITNA;;;parcela 906/6;1/1;1.0;152.0;152.0;;;455632.87;83653.78;1500.0;;Cena posla ni avtomatsko cena te sestavine;2022-10-21;3;Drug posel;2023;ETN_008_2023_KPP_2023_ZEMLJISCA_20260724.csv
Z-2023-ETN_008_2023_KPP_2023_ZEMLJISCA_20260724.csv-166;682562;ZEMLJISCE;3;Zemljišče, na katerem je ali bo mogoče graditi stavbo in je delno komunalno opremljeno ali komunalno neopremljeno;STAVBNO;1652;RAKITNA;;;parcela 906/7;1/1;1.0;41.0;41.0;;;455632.35;83667.93;1500.0;;Cena posla ni avtomatsko cena te sestavine;2022-10-21;3;Drug posel;2023;ETN_008_2023_KPP_2023_ZEMLJISCA_20260724.csv
Z-2023-ETN_008_2023_KPP_2023_ZEMLJISCA_20260724.csv-167;682562;ZEMLJISCE;3;Zemljišče, na katerem je ali bo mogoče graditi stavbo in je delno komunalno opremljeno ali komunalno neopremljeno;STAVBNO;1652;RAKITNA;;;parcela 906/8;1/1;1.0;172.0;172.0;;;455628.4;83677.03;1500.0;;Cena posla ni avtomatsko cena te sestavine;2022-10-21;3;Drug posel;2023;ETN_008_2023_KPP_2023_ZEMLJISCA_20260724.csv
Z-2023-ETN_008_2023_KPP_2023_ZEMLJISCA_20260724.csv-168;757896;ZEMLJISCE;3;Zemljišče, na katerem je ali bo mogoče graditi stavbo in je delno komunalno opremljeno ali komunalno neopremljeno;STAVBNO;1652;RAKITNA;;;parcela 921/7;1/1;1.0;674.0;674.0;;;455573.14;83966.54;148170.0;;Cena posla ni avtomatsko cena te sestavine;2023-09-29;2;Tržen posel – neustrezni podatki;2023;ETN_008_2023_KPP_2023_ZEMLJISCA_20260724.csv
Z-2023-ETN_008_2023_KPP_2023_ZEMLJISCA_20260724.csv-169;757896;ZEMLJISCE;3;Zemljišče, na katerem je ali bo mogoče graditi stavbo in je delno komunalno opremljeno ali komunalno neopremljeno;STAVBNO;1652;RAKITNA;;;parcela 921/6;1/1;1.0;673.0;673.0;;;455566.8;83991.93;148170.0;;Cena posla ni avtomatsko cena te sestavine;2023-09-29;2;Tržen posel – neustrezni podatki;2023;ETN_008_2023_KPP_2023_ZEMLJISCA_20260724.csv
Z-2023-ETN_008_2023_KPP_2023_ZEMLJISCA_20260724.csv-170;757794;ZEMLJISCE;9;Zemljišče za gozdno rabo (gozd);GOZDNO;1705;PRESERJE;;;parcela 2284;1/1;1.0;7104.0;7104.0;;;458221.93;87165.41;6000.0;;Cena posla ni avtomatsko cena te sestavine;2023-09-08;2;Tržen posel – neustrezni podatki;2023;ETN_008_2023_KPP_2023_ZEMLJISCA_20260724.csv
Z-2023-ETN_008_2023_KPP_2023_ZEMLJISCA_20260724.csv-171;791698;ZEMLJISCE;5;Zemljišče pod stavbo ali drugo stavbi ali delu stavbe pripadajoče zemljišče (zemljišče pod stavbo, dvorišče, dovozna pot, vrt, zelenica, stanovanjski atrij in podobno);PRIPADAJOCE;1724;BREZOVICA;;;parcela 1542/225;1/36;0.027777777777777776;1190.0;33.05555555555556;;;456055.22;96992.59;275000.0;;Cena posla ni avtomatsko cena te sestavine;2023-11-14;2;Tržen posel – neustrezni podatki;2023;ETN_008_2023_KPP_2023_ZEMLJISCA_20260724.csv
Z-2023-ETN_008_2023_KPP_2023_ZEMLJISCA_20260724.csv-172;791698;ZEMLJISCE;5;Zemljišče pod stavbo ali drugo stavbi ali delu stavbe pripadajoče zemljišče (zemljišče pod stavbo, dvorišče, dovozna pot, vrt, zelenica, stanovanjski atrij in podobno);PRIPADAJOCE;1724;BREZOVICA;;;parcela 1542/220;1/36;0.027777777777777776;590.0;16.38888888888889;;;456018.85;96962.2;275000.0;;Cena posla ni avtomatsko cena te sestavine;2023-11-14;2;Tržen posel – neustrezni podatki;2023;ETN_008_2023_KPP_2023_ZEMLJISCA_20260724.csv
Z-2023-ETN_008_2023_KPP_2023_ZEMLJISCA_20260724.csv-173;791698;ZEMLJISCE;3;Zemljišče, na katerem je ali bo mogoče graditi stavbo in je delno komunalno opremljeno ali komunalno neopremljeno;STAVBNO;1724;BREZOVICA;;;parcela 1543/9;1/1;1.0;12.0;12.0;;;456017.97;97031.27;275000.0;;Cena posla ni avtomatsko cena te sestavine;2023-11-14;2;Tržen posel – neustrezni podatki;2023;ETN_008_2023_KPP_2023_ZEMLJISCA_20260724.csv
Z-2023-ETN_008_2023_KPP_2023_ZEMLJISCA_20260724.csv-174;791698;ZEMLJISCE;5;Zemljišče pod stavbo ali drugo stavbi ali delu stavbe pripadajoče zemljišče (zemljišče pod stavbo, dvorišče, dovozna pot, vrt, zelenica, stanovanjski atrij in podobno);PRIPADAJOCE;1724;BREZOVICA;;;parcela 1542/188;1/36;0.027777777777777776;18.0;0.5;;;456051.16;96996.28;275000.0;;Cena posla ni avtomatsko cena te sestavine;2023-11-14;2;Tržen posel – neustrezni podatki;2023;ETN_008_2023_KPP_2023_ZEMLJISCA_20260724.csv
Z-2023-ETN_008_2023_KPP_2023_ZEMLJISCA_20260724.csv-175;791698;ZEMLJISCE;5;Zemljišče pod stavbo ali drugo stavbi ali delu stavbe pripadajoče zemljišče (zemljišče pod stavbo, dvorišče, dovozna pot, vrt, zelenica, stanovanjski atrij in podobno);PRIPADAJOCE;1724;BREZOVICA;;;parcela 1542/219;1/36;0.027777777777777776;95.0;2.638888888888889;;;456023.06;96972.53;275000.0;;Cena posla ni avtomatsko cena te sestavine;2023-11-14;2;Tržen posel – neustrezni podatki;2023;ETN_008_2023_KPP_2023_ZEMLJISCA_20260724.csv
Z-2023-ETN_008_2023_KPP_2023_ZEMLJISCA_20260724.csv-176;791698;ZEMLJISCE;3;Zemljišče, na katerem je ali bo mogoče graditi stavbo in je delno komunalno opremljeno ali komunalno neopremljeno;STAVBNO;1724;BREZOVICA;;;parcela 1542/123;1/1;1.0;3.0;3.0;;;456019.15;97030.8;275000.0;;Cena posla ni avtomatsko cena te sestavine;2023-11-14;2;Tržen posel – neustrezni podatki;2023;ETN_008_2023_KPP_2023_ZEMLJISCA_20260724.csv
Z-2023-ETN_008_2023_KPP_2023_ZEMLJISCA_20260724.csv-177;791698;ZEMLJISCE;5;Zemljišče pod stavbo ali drugo stavbi ali delu stavbe pripadajoče zemljišče (zemljišče pod stavbo, dvorišče, dovozna pot, vrt, zelenica, stanovanjski atrij in podobno);PRIPADAJOCE;1724;BREZOVICA;;;parcela 1542/222;1/36;0.027777777777777776;5.0;0.1388888888888889;;;456024.83;96933.37;275000.0;;Cena posla ni avtomatsko cena te sestavine;2023-11-14;2;Tržen posel – neustrezni podatki;2023;ETN_008_2023_KPP_2023_ZEMLJISCA_20260724.csv
Z-2023-ETN_008_2023_KPP_2023_ZEMLJISCA_20260724.csv-178;756275;ZEMLJISCE;5;Zemljišče pod stavbo ali drugo stavbi ali delu stavbe pripadajoče zemljišče (zemljišče pod stavbo, dvorišče, dovozna pot, vrt, zelenica, stanovanjski atrij in podobno);PRIPADAJOCE;1724;BREZOVICA;;;parcela 3020/2;1/1;1.0;1411.0;1411.0;;;451951.56;96179.97;300000.0;;Cena posla ni avtomatsko cena te sestavine;2023-09-26;2;Tržen posel – neustrezni podatki;2023;ETN_008_2023_KPP_2023_ZEMLJISCA_20260724.csv
Z-2023-ETN_008_2023_KPP_2023_ZEMLJISCA_20260724.csv-179;756330;ZEMLJISCE;1;Zemljišče na katerem je mogoče graditi stavbo in ima gradbeno dovoljenje;STAVBNO;1705;PRESERJE;;;parcela 240/3;1/1;1.0;900.0;900.0;;;455217.39;90812.6;350000.0;;Cena posla ni avtomatsko cena te sestavine;2023-09-27;1;Tržen posel;2023;ETN_008_2023_KPP_2023_ZEMLJISCA_20260724.csv
Z-2023-ETN_008_2023_KPP_2023_ZEMLJISCA_20260724.csv-180;756330;ZEMLJISCE;1;Zemljišče na katerem je mogoče graditi stavbo in ima gradbeno dovoljenje;STAVBNO;1705;PRESERJE;;;parcela 240/14;1/1;1.0;61.0;61.0;;;455199.65;90809.25;350000.0;;Cena posla ni avtomatsko cena te sestavine;2023-09-27;1;Tržen posel;2023;ETN_008_2023_KPP_2023_ZEMLJISCA_20260724.csv
Z-2023-ETN_008_2023_KPP_2023_ZEMLJISCA_20260724.csv-181;684666;ZEMLJISCE;5;Zemljišče pod stavbo ali drugo stavbi ali delu stavbe pripadajoče zemljišče (zemljišče pod stavbo, dvorišče, dovozna pot, vrt, zelenica, stanovanjski atrij in podobno);PRIPADAJOCE;1724;BREZOVICA;;;parcela 987/6;1/1;1.0;14.0;14.0;;;454074.91;95662.17;332000.0;;Cena posla ni avtomatsko cena te sestavine;2023-01-09;2;Tržen posel – neustrezni podatki;2023;ETN_008_2023_KPP_2023_ZEMLJISCA_20260724.csv
Z-2023-ETN_008_2023_KPP_2023_ZEMLJISCA_20260724.csv-182;684666;ZEMLJISCE;5;Zemljišče pod stavbo ali drugo stavbi ali delu stavbe pripadajoče zemljišče (zemljišče pod stavbo, dvorišče, dovozna pot, vrt, zelenica, stanovanjski atrij in podobno);PRIPADAJOCE;1724;BREZOVICA;;;parcela 988/5;1/1;1.0;24.0;24.0;;;454076.11;95658.09;332000.0;;Cena posla ni avtomatsko cena te sestavine;2023-01-09;2;Tržen posel – neustrezni podatki;2023;ETN_008_2023_KPP_2023_ZEMLJISCA_20260724.csv
Z-2023-ETN_008_2023_KPP_2023_ZEMLJISCA_20260724.csv-183;684666;ZEMLJISCE;5;Zemljišče pod stavbo ali drugo stavbi ali delu stavbe pripadajoče zemljišče (zemljišče pod stavbo, dvorišče, dovozna pot, vrt, zelenica, stanovanjski atrij in podobno);PRIPADAJOCE;1724;BREZOVICA;;;parcela 988/11;1/1;1.0;28.0;28.0;;;454077.95;95653.52;332000.0;;Cena posla ni avtomatsko cena te sestavine;2023-01-09;2;Tržen posel – neustrezni podatki;2023;ETN_008_2023_KPP_2023_ZEMLJISCA_20260724.csv
Z-2023-ETN_008_2023_KPP_2023_ZEMLJISCA_20260724.csv-184;684666;ZEMLJISCE;5;Zemljišče pod stavbo ali drugo stavbi ali delu stavbe pripadajoče zemljišče (zemljišče pod stavbo, dvorišče, dovozna pot, vrt, zelenica, stanovanjski atrij in podobno);PRIPADAJOCE;1724;BREZOVICA;;;parcela 3572/5;1/1;1.0;83.0;83.0;;;454072.37;95657.14;332000.0;;Cena posla ni avtomatsko cena te sestavine;2023-01-09;2;Tržen posel – neustrezni podatki;2023;ETN_008_2023_KPP_2023_ZEMLJISCA_20260724.csv
Z-2024-ETN_008_2024_KPP_2024_ZEMLJISCA_20260724.csv-2;820416;ZEMLJISCE;3;Zemljišče, na katerem je ali bo mogoče graditi stavbo in je delno komunalno opremljeno ali komunalno neopremljeno;STAVBNO;1704;KAMNIK;;;parcela 1394/2;1/1;1.0;466.0;466.0;;;451843.49;90422.95;87300.0;;Cena posla ni avtomatsko cena te sestavine;2024-04-04;2;Tržen posel – neustrezni podatki;2024;ETN_008_2024_KPP_2024_ZEMLJISCA_20260724.csv
Z-2024-ETN_008_2024_KPP_2024_ZEMLJISCA_20260724.csv-3;820416;ZEMLJISCE;3;Zemljišče, na katerem je ali bo mogoče graditi stavbo in je delno komunalno opremljeno ali komunalno neopremljeno;STAVBNO;1704;KAMNIK;;;parcela 1394/5;1/1;1.0;78.0;78.0;;;451827.41;90430.06;87300.0;;Cena posla ni avtomatsko cena te sestavine;2024-04-04;2;Tržen posel – neustrezni podatki;2024;ETN_008_2024_KPP_2024_ZEMLJISCA_20260724.csv
Z-2024-ETN_008_2024_KPP_2024_ZEMLJISCA_20260724.csv-4;809789;ZEMLJISCE;3;Zemljišče, na katerem je ali bo mogoče graditi stavbo in je delno komunalno opremljeno ali komunalno neopremljeno;STAVBNO;1652;RAKITNA;;;parcela 1294/23;1/1;1.0;15.0;15.0;;;456309.92;82776.4;1500.0;;Cena posla ni avtomatsko cena te sestavine;2023-06-22;1;Tržen posel;2024;ETN_008_2024_KPP_2024_ZEMLJISCA_20260724.csv
Z-2024-ETN_008_2024_KPP_2024_ZEMLJISCA_20260724.csv-5;886800;ZEMLJISCE;9;Zemljišče za gozdno rabo (gozd);GOZDNO;1652;RAKITNA;;;parcela 1586/82;1/1;1.0;13650.0;13650.0;;;459604.85;82551.8;8326.5;;Cena posla ni avtomatsko cena te sestavine;2024-11-12;2;Tržen posel – neustrezni podatki;2024;ETN_008_2024_KPP_2024_ZEMLJISCA_20260724.csv
Z-2024-ETN_008_2024_KPP_2024_ZEMLJISCA_20260724.csv-6;886946;ZEMLJISCE;3;Zemljišče, na katerem je ali bo mogoče graditi stavbo in je delno komunalno opremljeno ali komunalno neopremljeno;STAVBNO;1703;JEZERO;;;parcela 30/7;1/1;1.0;41.0;41.0;;;456394.92;92417.99;4510.0;;Cena posla ni avtomatsko cena te sestavine;2024-11-19;2;Tržen posel – neustrezni podatki;2024;ETN_008_2024_KPP_2024_ZEMLJISCA_20260724.csv
Z-2024-ETN_008_2024_KPP_2024_ZEMLJISCA_20260724.csv-7;887066;ZEMLJISCE;10;Neplodno ali vodno zemljišče ali drugo neuporabno zemljišče;DRUGO;1652;RAKITNA;;;parcela 1397/43;1/1;1.0;76.0;76.0;;;456565.19;82931.56;760.0;;Cena posla ni avtomatsko cena te sestavine;2024-11-25;2;Tržen posel – neustrezni podatki;2024;ETN_008_2024_KPP_2024_ZEMLJISCA_20260724.csv
Z-2024-ETN_008_2024_KPP_2024_ZEMLJISCA_20260724.csv-8;886941;ZEMLJISCE;6;Zemljišče, na katerem je cesta ali parkirišče;INFRASTRUKTURA;1724;BREZOVICA;;;parcela 1350/10;1/120;0.008333333333333333;376.0;3.1333333333333333;;;454803.81;95971.57;500.0;;Cena posla ni avtomatsko cena te sestavine;2024-11-19;3;Drug posel;2024;ETN_008_2024_KPP_2024_ZEMLJISCA_20260724.csv
Z-2024-ETN_008_2024_KPP_2024_ZEMLJISCA_20260724.csv-9;886941;ZEMLJISCE;6;Zemljišče, na katerem je cesta ali parkirišče;INFRASTRUKTURA;1724;BREZOVICA;;;parcela 1350/14;1/120;0.008333333333333333;235.0;1.9583333333333333;;;454871.68;95884.51;500.0;;Cena posla ni avtomatsko cena te sestavine;2024-11-19;3;Drug posel;2024;ETN_008_2024_KPP_2024_ZEMLJISCA_20260724.csv
Z-2024-ETN_008_2024_KPP_2024_ZEMLJISCA_20260724.csv-10;817678;ZEMLJISCE;5;Zemljišče pod stavbo ali drugo stavbi ali delu stavbe pripadajoče zemljišče (zemljišče pod stavbo, dvorišče, dovozna pot, vrt, zelenica, stanovanjski atrij in podobno);PRIPADAJOCE;1704;KAMNIK;;;parcela 877/15;1/1;1.0;64.0;64.0;;;453255.73;91836.04;250000.0;;Cena posla ni avtomatsko cena te sestavine;2024-02-28;4;Neopredeljen posel;2024;ETN_008_2024_KPP_2024_ZEMLJISCA_20260724.csv
Z-2024-ETN_008_2024_KPP_2024_ZEMLJISCA_20260724.csv-11;817678;ZEMLJISCE;5;Zemljišče pod stavbo ali drugo stavbi ali delu stavbe pripadajoče zemljišče (zemljišče pod stavbo, dvorišče, dovozna pot, vrt, zelenica, stanovanjski atrij in podobno);PRIPADAJOCE;1704;KAMNIK;;;parcela 877/14;1/1;1.0;311.0;311.0;;;453247.17;91838.32;250000.0;;Cena posla ni avtomatsko cena te sestavine;2024-02-28;4;Neopredeljen posel;2024;ETN_008_2024_KPP_2024_ZEMLJISCA_20260724.csv
Z-2024-ETN_008_2024_KPP_2024_ZEMLJISCA_20260724.csv-12;886830;ZEMLJISCE;3;Zemljišče, na katerem je ali bo mogoče graditi stavbo in je delno komunalno opremljeno ali komunalno neopremljeno;STAVBNO;1724;BREZOVICA;;;parcela 2471/2;1/1;1.0;501.0;501.0;;;453300.59;94408.34;79000.0;;Cena posla ni avtomatsko cena te sestavine;2024-11-18;2;Tržen posel – neustrezni podatki;2024;ETN_008_2024_KPP_2024_ZEMLJISCA_20260724.csv
Z-2024-ETN_008_2024_KPP_2024_ZEMLJISCA_20260724.csv-13;820157;ZEMLJISCE;5;Zemljišče pod stavbo ali drugo stavbi ali delu stavbe pripadajoče zemljišče (zemljišče pod stavbo, dvorišče, dovozna pot, vrt, zelenica, stanovanjski atrij in podobno);PRIPADAJOCE;1652;RAKITNA;;;parcela 1208/166;1/3;0.3333333333333333;636.0;212.0;;;455920.22;83590.03;96666.67;;Cena posla ni avtomatsko cena te sestavine;2024-04-03;3;Drug posel;2024;ETN_008_2024_KPP_2024_ZEMLJISCA_20260724.csv
Z-2024-ETN_008_2024_KPP_2024_ZEMLJISCA_20260724.csv-14;819988;ZEMLJISCE;3;Zemljišče, na katerem je ali bo mogoče graditi stavbo in je delno komunalno opremljeno ali komunalno neopremljeno;STAVBNO;1652;RAKITNA;;;parcela 1209/10;1/1;1.0;543.0;543.0;;;455635.05;82992.97;39000.0;;Cena posla ni avtomatsko cena te sestavine;2024-03-21;2;Tržen posel – neustrezni podatki;2024;ETN_008_2024_KPP_2024_ZEMLJISCA_20260724.csv
Z-2024-ETN_008_2024_KPP_2024_ZEMLJISCA_20260724.csv-15;819996;ZEMLJISCE;1;Zemljišče na katerem je mogoče graditi stavbo in ima gradbeno dovoljenje;STAVBNO;1724;BREZOVICA;;;parcela 949/8;1/1;1.0;162.0;162.0;;;453777.15;95758.04;235000.0;;Cena posla ni avtomatsko cena te sestavine;2024-03-27;4;Neopredeljen posel;2024;ETN_008_2024_KPP_2024_ZEMLJISCA_20260724.csv
Z-2024-ETN_008_2024_KPP_2024_ZEMLJISCA_20260724.csv-16;819996;ZEMLJISCE;1;Zemljišče na katerem je mogoče graditi stavbo in ima gradbeno dovoljenje;STAVBNO;1724;BREZOVICA;;;parcela 949/9;1/1;1.0;142.0;142.0;;;453776.9;95767.33;235000.0;;Cena posla ni avtomatsko cena te sestavine;2024-03-27;4;Neopredeljen posel;2024;ETN_008_2024_KPP_2024_ZEMLJISCA_20260724.csv
Z-2024-ETN_008_2024_KPP_2024_ZEMLJISCA_20260724.csv-17;825665;ZEMLJISCE;5;Zemljišče pod stavbo ali drugo stavbi ali delu stavbe pripadajoče zemljišče (zemljišče pod stavbo, dvorišče, dovozna pot, vrt, zelenica, stanovanjski atrij in podobno);PRIPADAJOCE;1724;BREZOVICA;;;parcela 1240/11;1/1;1.0;995.0;995.0;;;454736.84;95897.15;777000.0;;Cena posla ni avtomatsko cena te sestavine;2024-06-04;2;Tržen posel – neustrezni podatki;2024;ETN_008_2024_KPP_2024_ZEMLJISCA_20260724.csv
Z-2024-ETN_008_2024_KPP_2024_ZEMLJISCA_20260724.csv-18;825665;ZEMLJISCE;5;Zemljišče pod stavbo ali drugo stavbi ali delu stavbe pripadajoče zemljišče (zemljišče pod stavbo, dvorišče, dovozna pot, vrt, zelenica, stanovanjski atrij in podobno);PRIPADAJOCE;1724;BREZOVICA;;;parcela 1240/12;1/1;1.0;625.0;625.0;;;454699.36;95904.62;777000.0;;Cena posla ni avtomatsko cena te sestavine;2024-06-04;2;Tržen posel – neustrezni podatki;2024;ETN_008_2024_KPP_2024_ZEMLJISCA_20260724.csv
Z-2024-ETN_008_2024_KPP_2024_ZEMLJISCA_20260724.csv-19;825649;ZEMLJISCE;3;Zemljišče, na katerem je ali bo mogoče graditi stavbo in je delno komunalno opremljeno ali komunalno neopremljeno;STAVBNO;1724;BREZOVICA;;;parcela 3523/11;1/1;1.0;124.0;124.0;;;453865.97;98598.46;4960.0;;Cena posla ni avtomatsko cena te sestavine;2024-05-29;2;Tržen posel – neustrezni podatki;2024;ETN_008_2024_KPP_2024_ZEMLJISCA_20260724.csv
Z-2024-ETN_008_2024_KPP_2024_ZEMLJISCA_20260724.csv-20;829474;ZEMLJISCE;5;Zemljišče pod stavbo ali drugo stavbi ali delu stavbe pripadajoče zemljišče (zemljišče pod stavbo, dvorišče, dovozna pot, vrt, zelenica, stanovanjski atrij in podobno);PRIPADAJOCE;1724;BREZOVICA;;;parcela 2223/8;1/1;1.0;224.0;224.0;;;454220.99;95674.4;400000.0;;Cena posla ni avtomatsko cena te sestavine;2024-07-16;2;Tržen posel – neustrezni podatki;2024;ETN_008_2024_KPP_2024_ZEMLJISCA_20260724.csv
Z-2024-ETN_008_2024_KPP_2024_ZEMLJISCA_20260724.csv-21;829427;ZEMLJISCE;5;Zemljišče pod stavbo ali drugo stavbi ali delu stavbe pripadajoče zemljišče (zemljišče pod stavbo, dvorišče, dovozna pot, vrt, zelenica, stanovanjski atrij in podobno);PRIPADAJOCE;1724;BREZOVICA;;;parcela 2606;1/1;1.0;1390.0;1390.0;;;453464.94;94295.44;500000.0;;Cena posla ni avtomatsko cena te sestavine;2024-07-09;3;Drug posel;2024;ETN_008_2024_KPP_2024_ZEMLJISCA_20260724.csv
Z-2024-ETN_008_2024_KPP_2024_ZEMLJISCA_20260724.csv-22;829427;ZEMLJISCE;5;Zemljišče pod stavbo ali drugo stavbi ali delu stavbe pripadajoče zemljišče (zemljišče pod stavbo, dvorišče, dovozna pot, vrt, zelenica, stanovanjski atrij in podobno);PRIPADAJOCE;1724;BREZOVICA;;;parcela 2605/2;1/1;1.0;354.0;354.0;;;453442.57;94287.57;500000.0;;Cena posla ni avtomatsko cena te sestavine;2024-07-09;3;Drug posel;2024;ETN_008_2024_KPP_2024_ZEMLJISCA_20260724.csv
Z-2024-ETN_008_2024_KPP_2024_ZEMLJISCA_20260724.csv-23;831350;ZEMLJISCE;9;Zemljišče za gozdno rabo (gozd);GOZDNO;1704;KAMNIK;;;parcela 1338/5;1/1;1.0;3430.0;3430.0;;;452333.35;90412.82;6100.0;;Cena posla ni avtomatsko cena te sestavine;2024-08-05;2;Tržen posel – neustrezni podatki;2024;ETN_008_2024_KPP_2024_ZEMLJISCA_20260724.csv
Z-2024-ETN_008_2024_KPP_2024_ZEMLJISCA_20260724.csv-24;830651;ZEMLJISCE;7;Zemljišče za kmetijsko rabo (njiva, travnik, pašnik);KMETIJSKO;1704;KAMNIK;;;parcela 436;1/1;1.0;478.0;478.0;;;451893.55;91703.08;717.0;;Cena posla ni avtomatsko cena te sestavine;2024-03-21;2;Tržen posel – neustrezni podatki;2024;ETN_008_2024_KPP_2024_ZEMLJISCA_20260724.csv
Z-2024-ETN_008_2024_KPP_2024_ZEMLJISCA_20260724.csv-25;811859;ZEMLJISCE;3;Zemljišče, na katerem je ali bo mogoče graditi stavbo in je delno komunalno opremljeno ali komunalno neopremljeno;STAVBNO;1704;KAMNIK;;;parcela 907/6;1/1;1.0;852.0;852.0;;;453390.64;91838.01;115000.0;;Cena posla ni avtomatsko cena te sestavine;2023-12-22;2;Tržen posel – neustrezni podatki;2024;ETN_008_2024_KPP_2024_ZEMLJISCA_20260724.csv
Z-2024-ETN_008_2024_KPP_2024_ZEMLJISCA_20260724.csv-26;811859;ZEMLJISCE;3;Zemljišče, na katerem je ali bo mogoče graditi stavbo in je delno komunalno opremljeno ali komunalno neopremljeno;STAVBNO;1704;KAMNIK;;;parcela 907/9;1/8;0.125;524.0;65.5;;;453360.76;91841.61;115000.0;;Cena posla ni avtomatsko cena te sestavine;2023-12-22;2;Tržen posel – neustrezni podatki;2024;ETN_008_2024_KPP_2024_ZEMLJISCA_20260724.csv
Z-2024-ETN_008_2024_KPP_2024_ZEMLJISCA_20260724.csv-27;811859;ZEMLJISCE;3;Zemljišče, na katerem je ali bo mogoče graditi stavbo in je delno komunalno opremljeno ali komunalno neopremljeno;STAVBNO;1704;KAMNIK;;;parcela 906/1;1/8;0.125;11.0;1.375;;;453331.44;91815.41;115000.0;;Cena posla ni avtomatsko cena te sestavine;2023-12-22;2;Tržen posel – neustrezni podatki;2024;ETN_008_2024_KPP_2024_ZEMLJISCA_20260724.csv
Z-2024-ETN_008_2024_KPP_2024_ZEMLJISCA_20260724.csv-28;811766;ZEMLJISCE;3;Zemljišče, na katerem je ali bo mogoče graditi stavbo in je delno komunalno opremljeno ali komunalno neopremljeno;STAVBNO;1724;BREZOVICA;;;parcela 294/7;1/1;1.0;603.0;603.0;;;455585.24;98588.89;189700.0;;Cena posla ni avtomatsko cena te sestavine;2023-12-29;2;Tržen posel – neustrezni podatki;2024;ETN_008_2024_KPP_2024_ZEMLJISCA_20260724.csv
Z-2024-ETN_008_2024_KPP_2024_ZEMLJISCA_20260724.csv-29;811766;ZEMLJISCE;3;Zemljišče, na katerem je ali bo mogoče graditi stavbo in je delno komunalno opremljeno ali komunalno neopremljeno;STAVBNO;1724;BREZOVICA;;;parcela 294/8;1/2;0.5;149.0;74.5;;;455568.36;98591.4;189700.0;;Cena posla ni avtomatsko cena te sestavine;2023-12-29;2;Tržen posel – neustrezni podatki;2024;ETN_008_2024_KPP_2024_ZEMLJISCA_20260724.csv
Z-2024-ETN_008_2024_KPP_2024_ZEMLJISCA_20260724.csv-30;818119;ZEMLJISCE;5;Zemljišče pod stavbo ali drugo stavbi ali delu stavbe pripadajoče zemljišče (zemljišče pod stavbo, dvorišče, dovozna pot, vrt, zelenica, stanovanjski atrij in podobno);PRIPADAJOCE;1724;BREZOVICA;;;parcela 340/4;1/1;1.0;559.0;559.0;;;455583.54;98302.24;120000.0;;Cena posla ni avtomatsko cena te sestavine;2024-03-08;4;Neopredeljen posel;2024;ETN_008_2024_KPP_2024_ZEMLJISCA_20260724.csv
Z-2024-ETN_008_2024_KPP_2024_ZEMLJISCA_20260724.csv-31;818000;ZEMLJISCE;1;Zemljišče na katerem je mogoče graditi stavbo in ima gradbeno dovoljenje;STAVBNO;1724;BREZOVICA;;;parcela 369/242;1/1;1.0;335.0;335.0;;;455160.43;98229.14;477000.0;;Cena posla ni avtomatsko cena te sestavine;2024-02-29;2;Tržen posel – neustrezni podatki;2024;ETN_008_2024_KPP_2024_ZEMLJISCA_20260724.csv
Z-2024-ETN_008_2024_KPP_2024_ZEMLJISCA_20260724.csv-32;818000;ZEMLJISCE;5;Zemljišče pod stavbo ali drugo stavbi ali delu stavbe pripadajoče zemljišče (zemljišče pod stavbo, dvorišče, dovozna pot, vrt, zelenica, stanovanjski atrij in podobno);PRIPADAJOCE;1724;BREZOVICA;;;parcela 369/233;1/15;0.06666666666666667;20.0;1.3333333333333333;;;455093.03;98134.52;477000.0;;Cena posla ni avtomatsko cena te sestavine;2024-02-29;2;Tržen posel – neustrezni podatki;2024;ETN_008_2024_KPP_2024_ZEMLJISCA_20260724.csv
Z-2024-ETN_008_2024_KPP_2024_ZEMLJISCA_20260724.csv-33;818000;ZEMLJISCE;5;Zemljišče pod stavbo ali drugo stavbi ali delu stavbe pripadajoče zemljišče (zemljišče pod stavbo, dvorišče, dovozna pot, vrt, zelenica, stanovanjski atrij in podobno);PRIPADAJOCE;1724;BREZOVICA;;;parcela 369/234;1/15;0.06666666666666667;214.0;14.266666666666666;;;455101.08;98143.55;477000.0;;Cena posla ni avtomatsko cena te sestavine;2024-02-29;2;Tržen posel – neustrezni podatki;2024;ETN_008_2024_KPP_2024_ZEMLJISCA_20260724.csv
Z-2024-ETN_008_2024_KPP_2024_ZEMLJISCA_20260724.csv-34;818000;ZEMLJISCE;5;Zemljišče pod stavbo ali drugo stavbi ali delu stavbe pripadajoče zemljišče (zemljišče pod stavbo, dvorišče, dovozna pot, vrt, zelenica, stanovanjski atrij in podobno);PRIPADAJOCE;1724;BREZOVICA;;;parcela 369/250;1/15;0.06666666666666667;51.0;3.4;;;455169.25;98164.28;477000.0;;Cena posla ni avtomatsko cena te sestavine;2024-02-29;2;Tržen posel – neustrezni podatki;2024;ETN_008_2024_KPP_2024_ZEMLJISCA_20260724.csv
Z-2024-ETN_008_2024_KPP_2024_ZEMLJISCA_20260724.csv-35;818000;ZEMLJISCE;5;Zemljišče pod stavbo ali drugo stavbi ali delu stavbe pripadajoče zemljišče (zemljišče pod stavbo, dvorišče, dovozna pot, vrt, zelenica, stanovanjski atrij in podobno);PRIPADAJOCE;1724;BREZOVICA;;;parcela 369/251;1/15;0.06666666666666667;644.0;42.93333333333333;;;455156.57;98175.65;477000.0;;Cena posla ni avtomatsko cena te sestavine;2024-02-29;2;Tržen posel – neustrezni podatki;2024;ETN_008_2024_KPP_2024_ZEMLJISCA_20260724.csv
Z-2024-ETN_008_2024_KPP_2024_ZEMLJISCA_20260724.csv-36;811572;ZEMLJISCE;5;Zemljišče pod stavbo ali drugo stavbi ali delu stavbe pripadajoče zemljišče (zemljišče pod stavbo, dvorišče, dovozna pot, vrt, zelenica, stanovanjski atrij in podobno);PRIPADAJOCE;1705;PRESERJE;;;parcela 1182/67;3/5;0.6;890.0;534.0;;;455091.59;90951.43;300400.0;;Cena posla ni avtomatsko cena te sestavine;2023-12-20;2;Tržen posel – neustrezni podatki;2024;ETN_008_2024_KPP_2024_ZEMLJISCA_20260724.csv
Z-2024-ETN_008_2024_KPP_2024_ZEMLJISCA_20260724.csv-37;811527;ZEMLJISCE;5;Zemljišče pod stavbo ali drugo stavbi ali delu stavbe pripadajoče zemljišče (zemljišče pod stavbo, dvorišče, dovozna pot, vrt, zelenica, stanovanjski atrij in podobno);PRIPADAJOCE;1705;PRESERJE;;;parcela 1182/67;2/5;0.4;890.0;356.0;;;455091.59;90951.43;229000.0;;Cena posla ni avtomatsko cena te sestavine;2023-12-20;3;Drug posel;2024;ETN_008_2024_KPP_2024_ZEMLJISCA_20260724.csv
Z-2024-ETN_008_2024_KPP_2024_ZEMLJISCA_20260724.csv-38;811501;ZEMLJISCE;7;Zemljišče za kmetijsko rabo (njiva, travnik, pašnik);KMETIJSKO;1724;BREZOVICA;;;parcela 3279/5;1/1;1.0;5020.0;5020.0;;;452931.26;93449.72;15418.5;;Cena posla ni avtomatsko cena te sestavine;2023-12-15;2;Tržen posel – neustrezni podatki;2024;ETN_008_2024_KPP_2024_ZEMLJISCA_20260724.csv
Z-2024-ETN_008_2024_KPP_2024_ZEMLJISCA_20260724.csv-39;811501;ZEMLJISCE;7;Zemljišče za kmetijsko rabo (njiva, travnik, pašnik);KMETIJSKO;1724;BREZOVICA;;;parcela 3279/3;1/1;1.0;5259.0;5259.0;;;452900.68;93546.92;15418.5;;Cena posla ni avtomatsko cena te sestavine;2023-12-15;2;Tržen posel – neustrezni podatki;2024;ETN_008_2024_KPP_2024_ZEMLJISCA_20260724.csv
Z-2024-ETN_008_2024_KPP_2024_ZEMLJISCA_20260724.csv-40;814554;ZEMLJISCE;9;Zemljišče za gozdno rabo (gozd);GOZDNO;1704;KAMNIK;;;parcela 2498/19;1/1;1.0;1490.0;1490.0;;;454800.78;89326.18;9359.0;;Cena posla ni avtomatsko cena te sestavine;2023-12-05;2;Tržen posel – neustrezni podatki;2024;ETN_008_2024_KPP_2024_ZEMLJISCA_20260724.csv
Z-2024-ETN_008_2024_KPP_2024_ZEMLJISCA_20260724.csv-41;814554;ZEMLJISCE;9;Zemljišče za gozdno rabo (gozd);GOZDNO;1705;PRESERJE;;;parcela 2485;1/1;1.0;7085.0;7085.0;;;455801.21;87475.67;9359.0;;Cena posla ni avtomatsko cena te sestavine;2023-12-05;2;Tržen posel – neustrezni podatki;2024;ETN_008_2024_KPP_2024_ZEMLJISCA_20260724.csv
Z-2024-ETN_008_2024_KPP_2024_ZEMLJISCA_20260724.csv-42;814554;ZEMLJISCE;9;Zemljišče za gozdno rabo (gozd);GOZDNO;1704;KAMNIK;;;parcela 2498/20;1/1;1.0;4795.0;4795.0;;;454934.45;89413.78;9359.0;;Cena posla ni avtomatsko cena te sestavine;2023-12-05;2;Tržen posel – neustrezni podatki;2024;ETN_008_2024_KPP_2024_ZEMLJISCA_20260724.csv
Z-2024-ETN_008_2024_KPP_2024_ZEMLJISCA_20260724.csv-43;810077;ZEMLJISCE;9;Zemljišče za gozdno rabo (gozd);GOZDNO;1703;JEZERO;;;parcela 758/1;1/2;0.5;10380.0;5190.0;;;456565.45;91188.11;6228.0;;Cena posla ni avtomatsko cena te sestavine;2023-12-01;3;Drug posel;2024;ETN_008_2024_KPP_2024_ZEMLJISCA_20260724.csv
Z-2024-ETN_008_2024_KPP_2024_ZEMLJISCA_20260724.csv-44;810077;ZEMLJISCE;9;Zemljišče za gozdno rabo (gozd);GOZDNO;1703;JEZERO;;;parcela 758/3;1/2;0.5;5190.0;2595.0;;;456530.93;91136.2;6228.0;;Cena posla ni avtomatsko cena te sestavine;2023-12-01;3;Drug posel;2024;ETN_008_2024_KPP_2024_ZEMLJISCA_20260724.csv
Z-2024-ETN_008_2024_KPP_2024_ZEMLJISCA_20260724.csv-45;810126;ZEMLJISCE;3;Zemljišče, na katerem je ali bo mogoče graditi stavbo in je delno komunalno opremljeno ali komunalno neopremljeno;STAVBNO;1704;KAMNIK;;;parcela 2737/9;1/1;1.0;281.0;281.0;;;453944.03;90489.69;20000.0;;Cena posla ni avtomatsko cena te sestavine;2023-12-15;2;Tržen posel – neustrezni podatki;2024;ETN_008_2024_KPP_2024_ZEMLJISCA_20260724.csv
Z-2024-ETN_008_2024_KPP_2024_ZEMLJISCA_20260724.csv-46;823772;ZEMLJISCE;5;Zemljišče pod stavbo ali drugo stavbi ali delu stavbe pripadajoče zemljišče (zemljišče pod stavbo, dvorišče, dovozna pot, vrt, zelenica, stanovanjski atrij in podobno);PRIPADAJOCE;1703;JEZERO;;;parcela 24/3;1/1;1.0;674.0;674.0;;;456257.56;92353.11;70000.0;;Cena posla ni avtomatsko cena te sestavine;2024-02-16;2;Tržen posel – neustrezni podatki;2024;ETN_008_2024_KPP_2024_ZEMLJISCA_20260724.csv
Z-2024-ETN_008_2024_KPP_2024_ZEMLJISCA_20260724.csv-47;834809;ZEMLJISCE;3;Zemljišče, na katerem je ali bo mogoče graditi stavbo in je delno komunalno opremljeno ali komunalno neopremljeno;STAVBNO;1704;KAMNIK;;;parcela 3142/5;1/1;1.0;363.0;363.0;;;454177.42;90680.85;38760.0;;Cena posla ni avtomatsko cena te sestavine;2024-09-02;2;Tržen posel – neustrezni podatki;2024;ETN_008_2024_KPP_2024_ZEMLJISCA_20260724.csv
Z-2024-ETN_008_2024_KPP_2024_ZEMLJISCA_20260724.csv-48;834809;ZEMLJISCE;3;Zemljišče, na katerem je ali bo mogoče graditi stavbo in je delno komunalno opremljeno ali komunalno neopremljeno;STAVBNO;1704;KAMNIK;;;parcela 3142/7;1/2;0.5;190.0;95.0;;;454158.99;90671.8;38760.0;;Cena posla ni avtomatsko cena te sestavine;2024-09-02;2;Tržen posel – neustrezni podatki;2024;ETN_008_2024_KPP_2024_ZEMLJISCA_20260724.csv
Z-2024-ETN_008_2024_KPP_2024_ZEMLJISCA_20260724.csv-49;834805;ZEMLJISCE;3;Zemljišče, na katerem je ali bo mogoče graditi stavbo in je delno komunalno opremljeno ali komunalno neopremljeno;STAVBNO;1704;KAMNIK;;;parcela 3142/3;1/1;1.0;995.0;995.0;;;454211.96;90672.94;131120.0;;Cena posla ni avtomatsko cena te sestavine;2024-09-02;2;Tržen posel – neustrezni podatki;2024;ETN_008_2024_KPP_2024_ZEMLJISCA_20260724.csv
Z-2024-ETN_008_2024_KPP_2024_ZEMLJISCA_20260724.csv-50;834805;ZEMLJISCE;3;Zemljišče, na katerem je ali bo mogoče graditi stavbo in je delno komunalno opremljeno ali komunalno neopremljeno;STAVBNO;1704;KAMNIK;;;parcela 3142/6;1/1;1.0;361.0;361.0;;;454192.14;90677.22;131120.0;;Cena posla ni avtomatsko cena te sestavine;2024-09-02;2;Tržen posel – neustrezni podatki;2024;ETN_008_2024_KPP_2024_ZEMLJISCA_20260724.csv
Z-2024-ETN_008_2024_KPP_2024_ZEMLJISCA_20260724.csv-51;834805;ZEMLJISCE;3;Zemljišče, na katerem je ali bo mogoče graditi stavbo in je delno komunalno opremljeno ali komunalno neopremljeno;STAVBNO;1704;KAMNIK;;;parcela 3142/8;1/1;1.0;57.0;57.0;;;454190.42;90663.56;131120.0;;Cena posla ni avtomatsko cena te sestavine;2024-09-02;2;Tržen posel – neustrezni podatki;2024;ETN_008_2024_KPP_2024_ZEMLJISCA_20260724.csv
Z-2024-ETN_008_2024_KPP_2024_ZEMLJISCA_20260724.csv-52;834805;ZEMLJISCE;3;Zemljišče, na katerem je ali bo mogoče graditi stavbo in je delno komunalno opremljeno ali komunalno neopremljeno;STAVBNO;1704;KAMNIK;;;parcela 3142/7;1/2;0.5;190.0;95.0;;;454158.99;90671.8;131120.0;;Cena posla ni avtomatsko cena te sestavine;2024-09-02;2;Tržen posel – neustrezni podatki;2024;ETN_008_2024_KPP_2024_ZEMLJISCA_20260724.csv
Z-2024-ETN_008_2024_KPP_2024_ZEMLJISCA_20260724.csv-53;830970;ZEMLJISCE;6;Zemljišče, na katerem je cesta ali parkirišče;INFRASTRUKTURA;1724;BREZOVICA;;;parcela 266/15;1/1;1.0;23.0;23.0;;;454630.98;98467.78;200000.0;;Cena posla ni avtomatsko cena te sestavine;2024-07-25;2;Tržen posel – neustrezni podatki;2024;ETN_008_2024_KPP_2024_ZEMLJISCA_20260724.csv
Z-2024-ETN_008_2024_KPP_2024_ZEMLJISCA_20260724.csv-54;830838;ZEMLJISCE;5;Zemljišče pod stavbo ali drugo stavbi ali delu stavbe pripadajoče zemljišče (zemljišče pod stavbo, dvorišče, dovozna pot, vrt, zelenica, stanovanjski atrij in podobno);PRIPADAJOCE;1652;RAKITNA;;;parcela 893/80;1/1;1.0;634.0;634.0;;;456134.25;83361.41;131000.0;;Cena posla ni avtomatsko cena te sestavine;2024-07-24;2;Tržen posel – neustrezni podatki;2024;ETN_008_2024_KPP_2024_ZEMLJISCA_20260724.csv
Z-2024-ETN_008_2024_KPP_2024_ZEMLJISCA_20260724.csv-55;883673;ZEMLJISCE;1;Zemljišče na katerem je mogoče graditi stavbo in ima gradbeno dovoljenje;STAVBNO;1724;BREZOVICA;;;parcela 1542/177;1/1;1.0;43.0;43.0;;;456034.29;96970.88;3000.0;;Cena posla ni avtomatsko cena te sestavine;2024-10-08;3;Drug posel;2024;ETN_008_2024_KPP_2024_ZEMLJISCA_20260724.csv
Z-2024-ETN_008_2024_KPP_2024_ZEMLJISCA_20260724.csv-56;883673;ZEMLJISCE;1;Zemljišče na katerem je mogoče graditi stavbo in ima gradbeno dovoljenje;STAVBNO;1724;BREZOVICA;;;parcela 1542/189;1/1;1.0;15.0;15.0;;;456053.78;96999.15;3000.0;;Cena posla ni avtomatsko cena te sestavine;2024-10-08;3;Drug posel;2024;ETN_008_2024_KPP_2024_ZEMLJISCA_20260724.csv
Z-2024-ETN_008_2024_KPP_2024_ZEMLJISCA_20260724.csv-57;883522;ZEMLJISCE;3;Zemljišče, na katerem je ali bo mogoče graditi stavbo in je delno komunalno opremljeno ali komunalno neopremljeno;STAVBNO;1724;BREZOVICA;;;parcela 2147/29;1/1;1.0;17.0;17.0;;;454142.51;95014.53;1700.0;;Cena posla ni avtomatsko cena te sestavine;2024-05-21;1;Tržen posel;2024;ETN_008_2024_KPP_2024_ZEMLJISCA_20260724.csv
Z-2024-ETN_008_2024_KPP_2024_ZEMLJISCA_20260724.csv-58;833872;ZEMLJISCE;6;Zemljišče, na katerem je cesta ali parkirišče;INFRASTRUKTURA;1724;BREZOVICA;;;parcela 1350/10;1/120;0.008333333333333333;376.0;3.1333333333333333;;;454803.81;95971.57;1000.0;;Cena posla ni avtomatsko cena te sestavine;2024-07-01;3;Drug posel;2024;ETN_008_2024_KPP_2024_ZEMLJISCA_20260724.csv
Z-2024-ETN_008_2024_KPP_2024_ZEMLJISCA_20260724.csv-59;833872;ZEMLJISCE;6;Zemljišče, na katerem je cesta ali parkirišče;INFRASTRUKTURA;1724;BREZOVICA;;;parcela 1350/14;1/120;0.008333333333333333;235.0;1.9583333333333333;;;454871.68;95884.51;1000.0;;Cena posla ni avtomatsko cena te sestavine;2024-07-01;3;Drug posel;2024;ETN_008_2024_KPP_2024_ZEMLJISCA_20260724.csv
Z-2024-ETN_008_2024_KPP_2024_ZEMLJISCA_20260724.csv-60;823314;ZEMLJISCE;5;Zemljišče pod stavbo ali drugo stavbi ali delu stavbe pripadajoče zemljišče (zemljišče pod stavbo, dvorišče, dovozna pot, vrt, zelenica, stanovanjski atrij in podobno);PRIPADAJOCE;1652;RAKITNA;;;parcela 1687/4;1/1;1.0;230.0;230.0;;;456344.9;83668.72;4600.0;;Cena posla ni avtomatsko cena te sestavine;2024-04-08;2;Tržen posel – neustrezni podatki;2024;ETN_008_2024_KPP_2024_ZEMLJISCA_20260724.csv
Z-2024-ETN_008_2024_KPP_2024_ZEMLJISCA_20260724.csv-61;822563;ZEMLJISCE;5;Zemljišče pod stavbo ali drugo stavbi ali delu stavbe pripadajoče zemljišče (zemljišče pod stavbo, dvorišče, dovozna pot, vrt, zelenica, stanovanjski atrij in podobno);PRIPADAJOCE;1652;RAKITNA;;;parcela 1293/8;1/1;1.0;1441.0;1441.0;;;456231.32;82674.59;250000.0;;Cena posla ni avtomatsko cena te sestavine;2024-04-27;3;Drug posel;2024;ETN_008_2024_KPP_2024_ZEMLJISCA_20260724.csv
Z-2024-ETN_008_2024_KPP_2024_ZEMLJISCA_20260724.csv-62;817109;ZEMLJISCE;6;Zemljišče, na katerem je cesta ali parkirišče;INFRASTRUKTURA;1724;BREZOVICA;;;parcela 298/13;1/1;1.0;16.0;16.0;;;455639.22;98672.24;240000.0;;Cena posla ni avtomatsko cena te sestavine;2024-02-22;2;Tržen posel – neustrezni podatki;2024;ETN_008_2024_KPP_2024_ZEMLJISCA_20260724.csv
Z-2024-ETN_008_2024_KPP_2024_ZEMLJISCA_20260724.csv-63;817109;ZEMLJISCE;5;Zemljišče pod stavbo ali drugo stavbi ali delu stavbe pripadajoče zemljišče (zemljišče pod stavbo, dvorišče, dovozna pot, vrt, zelenica, stanovanjski atrij in podobno);PRIPADAJOCE;1724;BREZOVICA;;;parcela 298/26;2/18;0.1111111111111111;265.0;29.444444444444443;;;455630.65;98687.04;240000.0;;Cena posla ni avtomatsko cena te sestavine;2024-02-22;2;Tržen posel – neustrezni podatki;2024;ETN_008_2024_KPP_2024_ZEMLJISCA_20260724.csv
Z-2024-ETN_008_2024_KPP_2024_ZEMLJISCA_20260724.csv-64;885979;ZEMLJISCE;5;Zemljišče pod stavbo ali drugo stavbi ali delu stavbe pripadajoče zemljišče (zemljišče pod stavbo, dvorišče, dovozna pot, vrt, zelenica, stanovanjski atrij in podobno);PRIPADAJOCE;1724;BREZOVICA;;;parcela 755/30;1/1;1.0;320.0;320.0;;;454494.27;96349.58;420000.0;;Cena posla ni avtomatsko cena te sestavine;2024-10-30;2;Tržen posel – neustrezni podatki;2024;ETN_008_2024_KPP_2024_ZEMLJISCA_20260724.csv
Z-2024-ETN_008_2024_KPP_2024_ZEMLJISCA_20260724.csv-65;885852;ZEMLJISCE;3;Zemljišče, na katerem je ali bo mogoče graditi stavbo in je delno komunalno opremljeno ali komunalno neopremljeno;STAVBNO;1724;BREZOVICA;;;parcela 607/56;171/1000;0.171;188.0;32.148;;;454556.69;98383.32;125000.0;;Cena posla ni avtomatsko cena te sestavine;2024-10-28;3;Drug posel;2024;ETN_008_2024_KPP_2024_ZEMLJISCA_20260724.csv
Z-2024-ETN_008_2024_KPP_2024_ZEMLJISCA_20260724.csv-66;885852;ZEMLJISCE;3;Zemljišče, na katerem je ali bo mogoče graditi stavbo in je delno komunalno opremljeno ali komunalno neopremljeno;STAVBNO;1724;BREZOVICA;;;parcela 607/57;171/1000;0.171;145.0;24.795;;;454547.27;98387.76;125000.0;;Cena posla ni avtomatsko cena te sestavine;2024-10-28;3;Drug posel;2024;ETN_008_2024_KPP_2024_ZEMLJISCA_20260724.csv
Z-2024-ETN_008_2024_KPP_2024_ZEMLJISCA_20260724.csv-67;885852;ZEMLJISCE;3;Zemljišče, na katerem je ali bo mogoče graditi stavbo in je delno komunalno opremljeno ali komunalno neopremljeno;STAVBNO;1724;BREZOVICA;;;parcela 607/58;171/1000;0.171;2.0;0.342;;;454549.07;98394.67;125000.0;;Cena posla ni avtomatsko cena te sestavine;2024-10-28;3;Drug posel;2024;ETN_008_2024_KPP_2024_ZEMLJISCA_20260724.csv
Z-2024-ETN_008_2024_KPP_2024_ZEMLJISCA_20260724.csv-68;886025;ZEMLJISCE;9;Zemljišče za gozdno rabo (gozd);GOZDNO;1652;RAKITNA;;;parcela 1586/118;1/1;1.0;8550.0;8550.0;;;459382.01;83118.02;5215.5;;Cena posla ni avtomatsko cena te sestavine;2024-08-30;2;Tržen posel – neustrezni podatki;2024;ETN_008_2024_KPP_2024_ZEMLJISCA_20260724.csv
Z-2024-ETN_008_2024_KPP_2024_ZEMLJISCA_20260724.csv-69;813037;ZEMLJISCE;9;Zemljišče za gozdno rabo (gozd);GOZDNO;1704;KAMNIK;;;parcela 1344/9;1/1;1.0;7045.0;7045.0;;;452196.21;90114.14;18000.0;;Cena posla ni avtomatsko cena te sestavine;2024-01-25;2;Tržen posel – neustrezni podatki;2024;ETN_008_2024_KPP_2024_ZEMLJISCA_20260724.csv
Z-2024-ETN_008_2024_KPP_2024_ZEMLJISCA_20260724.csv-70;883060;ZEMLJISCE;5;Zemljišče pod stavbo ali drugo stavbi ali delu stavbe pripadajoče zemljišče (zemljišče pod stavbo, dvorišče, dovozna pot, vrt, zelenica, stanovanjski atrij in podobno);PRIPADAJOCE;1705;PRESERJE;;;parcela 6/3;1/1;1.0;656.0;656.0;;;454693.75;90668.52;240000.0;;Cena posla ni avtomatsko cena te sestavine;2024-09-30;2;Tržen posel – neustrezni podatki;2024;ETN_008_2024_KPP_2024_ZEMLJISCA_20260724.csv
Z-2024-ETN_008_2024_KPP_2024_ZEMLJISCA_20260724.csv-71;827782;ZEMLJISCE;3;Zemljišče, na katerem je ali bo mogoče graditi stavbo in je delno komunalno opremljeno ali komunalno neopremljeno;STAVBNO;1652;RAKITNA;;;parcela 906/6;1/1;1.0;152.0;152.0;;;455632.23;83663.7;20356.05;;Cena posla ni avtomatsko cena te sestavine;2024-05-30;2;Tržen posel – neustrezni podatki;2024;ETN_008_2024_KPP_2024_ZEMLJISCA_20260724.csv
Z-2024-ETN_008_2024_KPP_2024_ZEMLJISCA_20260724.csv-72;827782;ZEMLJISCE;3;Zemljišče, na katerem je ali bo mogoče graditi stavbo in je delno komunalno opremljeno ali komunalno neopremljeno;STAVBNO;1652;RAKITNA;;;parcela 906/7;1/1;1.0;41.0;41.0;;;455631.6;83674.5;20356.05;;Cena posla ni avtomatsko cena te sestavine;2024-05-30;2;Tržen posel – neustrezni podatki;2024;ETN_008_2024_KPP_2024_ZEMLJISCA_20260724.csv
Z-2024-ETN_008_2024_KPP_2024_ZEMLJISCA_20260724.csv-73;827782;ZEMLJISCE;3;Zemljišče, na katerem je ali bo mogoče graditi stavbo in je delno komunalno opremljeno ali komunalno neopremljeno;STAVBNO;1652;RAKITNA;;;parcela 906/8;1/1;1.0;172.0;172.0;;;455628.13;83683.1;20356.05;;Cena posla ni avtomatsko cena te sestavine;2024-05-30;2;Tržen posel – neustrezni podatki;2024;ETN_008_2024_KPP_2024_ZEMLJISCA_20260724.csv
Z-2024-ETN_008_2024_KPP_2024_ZEMLJISCA_20260724.csv-74;834187;ZEMLJISCE;5;Zemljišče pod stavbo ali drugo stavbi ali delu stavbe pripadajoče zemljišče (zemljišče pod stavbo, dvorišče, dovozna pot, vrt, zelenica, stanovanjski atrij in podobno);PRIPADAJOCE;1724;BREZOVICA;;;parcela 2605/2;1/1;1.0;354.0;354.0;;;453442.57;94287.57;500000.0;;Cena posla ni avtomatsko cena te sestavine;2024-07-09;4;Neopredeljen posel;2024;ETN_008_2024_KPP_2024_ZEMLJISCA_20260724.csv
Z-2024-ETN_008_2024_KPP_2024_ZEMLJISCA_20260724.csv-75;834187;ZEMLJISCE;5;Zemljišče pod stavbo ali drugo stavbi ali delu stavbe pripadajoče zemljišče (zemljišče pod stavbo, dvorišče, dovozna pot, vrt, zelenica, stanovanjski atrij in podobno);PRIPADAJOCE;1724;BREZOVICA;;;parcela 2606;1/1;1.0;1390.0;1390.0;;;453464.94;94295.44;500000.0;;Cena posla ni avtomatsko cena te sestavine;2024-07-09;4;Neopredeljen posel;2024;ETN_008_2024_KPP_2024_ZEMLJISCA_20260724.csv
Z-2024-ETN_008_2024_KPP_2024_ZEMLJISCA_20260724.csv-76;815248;ZEMLJISCE;7;Zemljišče za kmetijsko rabo (njiva, travnik, pašnik);KMETIJSKO;1724;BREZOVICA;;;parcela 2935/1;1/1;1.0;534.0;534.0;;;452875.2;95728.03;27000.0;;Cena posla ni avtomatsko cena te sestavine;2023-11-22;2;Tržen posel – neustrezni podatki;2024;ETN_008_2024_KPP_2024_ZEMLJISCA_20260724.csv
Z-2024-ETN_008_2024_KPP_2024_ZEMLJISCA_20260724.csv-77;815248;ZEMLJISCE;7;Zemljišče za kmetijsko rabo (njiva, travnik, pašnik);KMETIJSKO;1724;BREZOVICA;;;parcela 2935/2;1/1;1.0;514.0;514.0;;;452900.26;95731.96;27000.0;;Cena posla ni avtomatsko cena te sestavine;2023-11-22;2;Tržen posel – neustrezni podatki;2024;ETN_008_2024_KPP_2024_ZEMLJISCA_20260724.csv
Z-2024-ETN_008_2024_KPP_2024_ZEMLJISCA_20260724.csv-78;815248;ZEMLJISCE;7;Zemljišče za kmetijsko rabo (njiva, travnik, pašnik);KMETIJSKO;1724;BREZOVICA;;;parcela 2935/4;1/1;1.0;181.0;181.0;;;452911.59;95721.92;27000.0;;Cena posla ni avtomatsko cena te sestavine;2023-11-22;2;Tržen posel – neustrezni podatki;2024;ETN_008_2024_KPP_2024_ZEMLJISCA_20260724.csv
Z-2024-ETN_008_2024_KPP_2024_ZEMLJISCA_20260724.csv-79;815248;ZEMLJISCE;7;Zemljišče za kmetijsko rabo (njiva, travnik, pašnik);KMETIJSKO;1724;BREZOVICA;;;parcela 2937/5;1/1;1.0;99.0;99.0;;;452907.57;95743.77;27000.0;;Cena posla ni avtomatsko cena te sestavine;2023-11-22;2;Tržen posel – neustrezni podatki;2024;ETN_008_2024_KPP_2024_ZEMLJISCA_20260724.csv
Z-2024-ETN_008_2024_KPP_2024_ZEMLJISCA_20260724.csv-80;815248;ZEMLJISCE;9;Zemljišče za gozdno rabo (gozd);GOZDNO;1724;BREZOVICA;;;parcela 2937/6;1/1;1.0;81.0;81.0;;;452878.79;95741.87;27000.0;;Cena posla ni avtomatsko cena te sestavine;2023-11-22;2;Tržen posel – neustrezni podatki;2024;ETN_008_2024_KPP_2024_ZEMLJISCA_20260724.csv
Z-2024-ETN_008_2024_KPP_2024_ZEMLJISCA_20260724.csv-81;815250;ZEMLJISCE;7;Zemljišče za kmetijsko rabo (njiva, travnik, pašnik);KMETIJSKO;1724;BREZOVICA;;;parcela 2929/5;1/1;1.0;245.0;245.0;;;452924.89;95697.1;13000.0;;Cena posla ni avtomatsko cena te sestavine;2023-10-12;2;Tržen posel – neustrezni podatki;2024;ETN_008_2024_KPP_2024_ZEMLJISCA_20260724.csv
Z-2024-ETN_008_2024_KPP_2024_ZEMLJISCA_20260724.csv-82;815250;ZEMLJISCE;7;Zemljišče za kmetijsko rabo (njiva, travnik, pašnik);KMETIJSKO;1724;BREZOVICA;;;parcela 2936/10;1/1;1.0;307.0;307.0;;;452905.34;95708.78;13000.0;;Cena posla ni avtomatsko cena te sestavine;2023-10-12;2;Tržen posel – neustrezni podatki;2024;ETN_008_2024_KPP_2024_ZEMLJISCA_20260724.csv
Z-2024-ETN_008_2024_KPP_2024_ZEMLJISCA_20260724.csv-83;815250;ZEMLJISCE;7;Zemljišče za kmetijsko rabo (njiva, travnik, pašnik);KMETIJSKO;1724;BREZOVICA;;;parcela 2936/11;1/1;1.0;337.0;337.0;;;452884.88;95705.81;13000.0;;Cena posla ni avtomatsko cena te sestavine;2023-10-12;2;Tržen posel – neustrezni podatki;2024;ETN_008_2024_KPP_2024_ZEMLJISCA_20260724.csv
Z-2024-ETN_008_2024_KPP_2024_ZEMLJISCA_20260724.csv-84;815246;ZEMLJISCE;7;Zemljišče za kmetijsko rabo (njiva, travnik, pašnik);KMETIJSKO;1724;BREZOVICA;;;parcela 2929/7;1/1;1.0;179.0;179.0;;;452885.21;95691.56;15000.0;;Cena posla ni avtomatsko cena te sestavine;2023-11-22;2;Tržen posel – neustrezni podatki;2024;ETN_008_2024_KPP_2024_ZEMLJISCA_20260724.csv
Z-2024-ETN_008_2024_KPP_2024_ZEMLJISCA_20260724.csv-85;815246;ZEMLJISCE;7;Zemljišče za kmetijsko rabo (njiva, travnik, pašnik);KMETIJSKO;1724;BREZOVICA;;;parcela 2929/6;1/1;1.0;250.0;250.0;;;452904.91;95694.42;15000.0;;Cena posla ni avtomatsko cena te sestavine;2023-11-22;2;Tržen posel – neustrezni podatki;2024;ETN_008_2024_KPP_2024_ZEMLJISCA_20260724.csv
Z-2024-ETN_008_2024_KPP_2024_ZEMLJISCA_20260724.csv-86;815246;ZEMLJISCE;7;Zemljišče za kmetijsko rabo (njiva, travnik, pašnik);KMETIJSKO;1724;BREZOVICA;;;parcela 2935/5;1/1;1.0;54.0;54.0;;;452882.23;95714.41;15000.0;;Cena posla ni avtomatsko cena te sestavine;2023-11-22;2;Tržen posel – neustrezni podatki;2024;ETN_008_2024_KPP_2024_ZEMLJISCA_20260724.csv
Z-2024-ETN_008_2024_KPP_2024_ZEMLJISCA_20260724.csv-87;815246;ZEMLJISCE;7;Zemljišče za kmetijsko rabo (njiva, travnik, pašnik);KMETIJSKO;1724;BREZOVICA;;;parcela 2935/6;1/1;1.0;52.0;52.0;;;452903.53;95716.76;15000.0;;Cena posla ni avtomatsko cena te sestavine;2023-11-22;2;Tržen posel – neustrezni podatki;2024;ETN_008_2024_KPP_2024_ZEMLJISCA_20260724.csv
Z-2024-ETN_008_2024_KPP_2024_ZEMLJISCA_20260724.csv-88;815246;ZEMLJISCE;9;Zemljišče za gozdno rabo (gozd);GOZDNO;1724;BREZOVICA;;;parcela 2989/4;1/1;1.0;4551.0;4551.0;;;453087.57;95898.19;15000.0;;Cena posla ni avtomatsko cena te sestavine;2023-11-22;2;Tržen posel – neustrezni podatki;2024;ETN_008_2024_KPP_2024_ZEMLJISCA_20260724.csv
Z-2024-ETN_008_2024_KPP_2024_ZEMLJISCA_20260724.csv-89;818398;ZEMLJISCE;3;Zemljišče, na katerem je ali bo mogoče graditi stavbo in je delno komunalno opremljeno ali komunalno neopremljeno;STAVBNO;1703;JEZERO;;;parcela 362/98;1/1;1.0;102.0;102.0;;;455039.54;93178.11;83000.0;;Cena posla ni avtomatsko cena te sestavine;2024-03-12;2;Tržen posel – neustrezni podatki;2024;ETN_008_2024_KPP_2024_ZEMLJISCA_20260724.csv
Z-2024-ETN_008_2024_KPP_2024_ZEMLJISCA_20260724.csv-90;818398;ZEMLJISCE;3;Zemljišče, na katerem je ali bo mogoče graditi stavbo in je delno komunalno opremljeno ali komunalno neopremljeno;STAVBNO;1703;JEZERO;;;parcela 362/104;1/1;1.0;14.0;14.0;;;455038.57;93170.96;83000.0;;Cena posla ni avtomatsko cena te sestavine;2024-03-12;2;Tržen posel – neustrezni podatki;2024;ETN_008_2024_KPP_2024_ZEMLJISCA_20260724.csv
Z-2024-ETN_008_2024_KPP_2024_ZEMLJISCA_20260724.csv-91;818398;ZEMLJISCE;3;Zemljišče, na katerem je ali bo mogoče graditi stavbo in je delno komunalno opremljeno ali komunalno neopremljeno;STAVBNO;1703;JEZERO;;;parcela 362/123;1/1;1.0;190.0;190.0;;;455052.42;93188.41;83000.0;;Cena posla ni avtomatsko cena te sestavine;2024-03-12;2;Tržen posel – neustrezni podatki;2024;ETN_008_2024_KPP_2024_ZEMLJISCA_20260724.csv
Z-2024-ETN_008_2024_KPP_2024_ZEMLJISCA_20260724.csv-92;818398;ZEMLJISCE;3;Zemljišče, na katerem je ali bo mogoče graditi stavbo in je delno komunalno opremljeno ali komunalno neopremljeno;STAVBNO;1703;JEZERO;;;parcela 362/124;1/1;1.0;384.0;384.0;;;455056.33;93178.26;83000.0;;Cena posla ni avtomatsko cena te sestavine;2024-03-12;2;Tržen posel – neustrezni podatki;2024;ETN_008_2024_KPP_2024_ZEMLJISCA_20260724.csv
Z-2024-ETN_008_2024_KPP_2024_ZEMLJISCA_20260724.csv-93;818398;ZEMLJISCE;3;Zemljišče, na katerem je ali bo mogoče graditi stavbo in je delno komunalno opremljeno ali komunalno neopremljeno;STAVBNO;1703;JEZERO;;;parcela 362/130;1/6;0.16666666666666666;186.0;31.0;;;455069.45;93172.93;83000.0;;Cena posla ni avtomatsko cena te sestavine;2024-03-12;2;Tržen posel – neustrezni podatki;2024;ETN_008_2024_KPP_2024_ZEMLJISCA_20260724.csv
Z-2024-ETN_008_2024_KPP_2024_ZEMLJISCA_20260724.csv-94;882886;ZEMLJISCE;3;Zemljišče, na katerem je ali bo mogoče graditi stavbo in je delno komunalno opremljeno ali komunalno neopremljeno;STAVBNO;1652;RAKITNA;;;parcela 678/14;1/1;1.0;699.0;699.0;;;456895.28;83813.37;77000.0;;Cena posla ni avtomatsko cena te sestavine;2024-09-19;2;Tržen posel – neustrezni podatki;2024;ETN_008_2024_KPP_2024_ZEMLJISCA_20260724.csv
Z-2024-ETN_008_2024_KPP_2024_ZEMLJISCA_20260724.csv-95;884058;ZEMLJISCE;5;Zemljišče pod stavbo ali drugo stavbi ali delu stavbe pripadajoče zemljišče (zemljišče pod stavbo, dvorišče, dovozna pot, vrt, zelenica, stanovanjski atrij in podobno);PRIPADAJOCE;1724;BREZOVICA;;;parcela 369/223;1/1;1.0;45.0;45.0;;;455070.43;97930.3;320000.0;;Cena posla ni avtomatsko cena te sestavine;2024-10-10;2;Tržen posel – neustrezni podatki;2024;ETN_008_2024_KPP_2024_ZEMLJISCA_20260724.csv
Z-2024-ETN_008_2024_KPP_2024_ZEMLJISCA_20260724.csv-96;884058;ZEMLJISCE;1;Zemljišče na katerem je mogoče graditi stavbo in ima gradbeno dovoljenje;STAVBNO;1724;BREZOVICA;;;parcela 369/221;1/3;0.3333333333333333;77.0;25.666666666666664;;;455080.36;97936.29;320000.0;;Cena posla ni avtomatsko cena te sestavine;2024-10-10;2;Tržen posel – neustrezni podatki;2024;ETN_008_2024_KPP_2024_ZEMLJISCA_20260724.csv
Z-2024-ETN_008_2024_KPP_2024_ZEMLJISCA_20260724.csv-97;884058;ZEMLJISCE;1;Zemljišče na katerem je mogoče graditi stavbo in ima gradbeno dovoljenje;STAVBNO;1724;BREZOVICA;;;parcela 369/207;2/52;0.038461538461538464;1492.0;57.38461538461539;;;455065.03;97951.6;320000.0;;Cena posla ni avtomatsko cena te sestavine;2024-10-10;2;Tržen posel – neustrezni podatki;2024;ETN_008_2024_KPP_2024_ZEMLJISCA_20260724.csv
Z-2024-ETN_008_2024_KPP_2024_ZEMLJISCA_20260724.csv-98;884058;ZEMLJISCE;1;Zemljišče na katerem je mogoče graditi stavbo in ima gradbeno dovoljenje;STAVBNO;1724;BREZOVICA;;;parcela 369/182;1/45;0.022222222222222223;867.0;19.266666666666666;;;455113.04;97965.69;320000.0;;Cena posla ni avtomatsko cena te sestavine;2024-10-10;2;Tržen posel – neustrezni podatki;2024;ETN_008_2024_KPP_2024_ZEMLJISCA_20260724.csv
Z-2024-ETN_008_2024_KPP_2024_ZEMLJISCA_20260724.csv-99;884058;ZEMLJISCE;1;Zemljišče na katerem je mogoče graditi stavbo in ima gradbeno dovoljenje;STAVBNO;1724;BREZOVICA;;;parcela 369/205;1/45;0.022222222222222223;122.0;2.7111111111111112;;;455067.04;97973.29;320000.0;;Cena posla ni avtomatsko cena te sestavine;2024-10-10;2;Tržen posel – neustrezni podatki;2024;ETN_008_2024_KPP_2024_ZEMLJISCA_20260724.csv
Z-2024-ETN_008_2024_KPP_2024_ZEMLJISCA_20260724.csv-100;884058;ZEMLJISCE;1;Zemljišče na katerem je mogoče graditi stavbo in ima gradbeno dovoljenje;STAVBNO;1724;BREZOVICA;;;parcela 369/208;1/45;0.022222222222222223;134.0;2.977777777777778;;;455022.69;97940.65;320000.0;;Cena posla ni avtomatsko cena te sestavine;2024-10-10;2;Tržen posel – neustrezni podatki;2024;ETN_008_2024_KPP_2024_ZEMLJISCA_20260724.csv
Z-2024-ETN_008_2024_KPP_2024_ZEMLJISCA_20260724.csv-101;809467;ZEMLJISCE;3;Zemljišče, na katerem je ali bo mogoče graditi stavbo in je delno komunalno opremljeno ali komunalno neopremljeno;STAVBNO;1724;BREZOVICA;;;parcela 1094/72;1/1;1.0;23.0;23.0;;;454560.68;96704.39;9000.0;;Cena posla ni avtomatsko cena te sestavine;2023-11-30;1;Tržen posel;2024;ETN_008_2024_KPP_2024_ZEMLJISCA_20260724.csv
Z-2024-ETN_008_2024_KPP_2024_ZEMLJISCA_20260724.csv-102;809467;ZEMLJISCE;3;Zemljišče, na katerem je ali bo mogoče graditi stavbo in je delno komunalno opremljeno ali komunalno neopremljeno;STAVBNO;1724;BREZOVICA;;;parcela 1094/74;1/1;1.0;37.0;37.0;;;454563.57;96705.93;9000.0;;Cena posla ni avtomatsko cena te sestavine;2023-11-30;1;Tržen posel;2024;ETN_008_2024_KPP_2024_ZEMLJISCA_20260724.csv
Z-2024-ETN_008_2024_KPP_2024_ZEMLJISCA_20260724.csv-103;812439;ZEMLJISCE;1;Zemljišče na katerem je mogoče graditi stavbo in ima gradbeno dovoljenje;STAVBNO;1705;PRESERJE;;;parcela 223/8;1/1;1.0;885.0;885.0;;;455089.77;90889.63;110000.0;;Cena posla ni avtomatsko cena te sestavine;2024-01-15;2;Tržen posel – neustrezni podatki;2024;ETN_008_2024_KPP_2024_ZEMLJISCA_20260724.csv
Z-2024-ETN_008_2024_KPP_2024_ZEMLJISCA_20260724.csv-104;809970;ZEMLJISCE;5;Zemljišče pod stavbo ali drugo stavbi ali delu stavbe pripadajoče zemljišče (zemljišče pod stavbo, dvorišče, dovozna pot, vrt, zelenica, stanovanjski atrij in podobno);PRIPADAJOCE;1652;RAKITNA;;;parcela 1208/166;1/1;1.0;636.0;636.0;;;455920.22;83590.03;290000.0;;Cena posla ni avtomatsko cena te sestavine;2023-12-07;2;Tržen posel – neustrezni podatki;2024;ETN_008_2024_KPP_2024_ZEMLJISCA_20260724.csv
Z-2024-ETN_008_2024_KPP_2024_ZEMLJISCA_20260724.csv-105;809893;ZEMLJISCE;3;Zemljišče, na katerem je ali bo mogoče graditi stavbo in je delno komunalno opremljeno ali komunalno neopremljeno;STAVBNO;1652;RAKITNA;;;parcela 1265/39;1/1;1.0;18.0;18.0;;;456389.41;83118.33;1440.0;;Cena posla ni avtomatsko cena te sestavine;2023-12-11;1;Tržen posel;2024;ETN_008_2024_KPP_2024_ZEMLJISCA_20260724.csv
Z-2024-ETN_008_2024_KPP_2024_ZEMLJISCA_20260724.csv-106;882978;ZEMLJISCE;1;Zemljišče na katerem je mogoče graditi stavbo in ima gradbeno dovoljenje;STAVBNO;1704;KAMNIK;;;parcela *6;67/100;0.67;115.0;77.05000000000001;;;454203.83;90872.09;10010.0;;Cena posla ni avtomatsko cena te sestavine;2024-09-25;3;Drug posel;2024;ETN_008_2024_KPP_2024_ZEMLJISCA_20260724.csv
Z-2024-ETN_008_2024_KPP_2024_ZEMLJISCA_20260724.csv-107;831265;ZEMLJISCE;9;Zemljišče za gozdno rabo (gozd);GOZDNO;1652;RAKITNA;;;parcela 1829;1/1;1.0;15113.0;15113.0;;;455244.04;81538.42;10000.0;;Cena posla ni avtomatsko cena te sestavine;2024-07-03;2;Tržen posel – neustrezni podatki;2024;ETN_008_2024_KPP_2024_ZEMLJISCA_20260724.csv
Z-2024-ETN_008_2024_KPP_2024_ZEMLJISCA_20260724.csv-108;809851;ZEMLJISCE;6;Zemljišče, na katerem je cesta ali parkirišče;INFRASTRUKTURA;1724;BREZOVICA;;;parcela 266/16;1/1;1.0;26.0;26.0;;;454636.63;98470.32;200000.0;;Cena posla ni avtomatsko cena te sestavine;2023-12-11;2;Tržen posel – neustrezni podatki;2024;ETN_008_2024_KPP_2024_ZEMLJISCA_20260724.csv
Z-2024-ETN_008_2024_KPP_2024_ZEMLJISCA_20260724.csv-109;882918;ZEMLJISCE;5;Zemljišče pod stavbo ali drugo stavbi ali delu stavbe pripadajoče zemljišče (zemljišče pod stavbo, dvorišče, dovozna pot, vrt, zelenica, stanovanjski atrij in podobno);PRIPADAJOCE;1724;BREZOVICA;;;parcela 1484/5;4/10;0.4;427.0;170.8;;;455545.0;96505.95;164750.0;;Cena posla ni avtomatsko cena te sestavine;2024-09-25;3;Drug posel;2024;ETN_008_2024_KPP_2024_ZEMLJISCA_20260724.csv
Z-2024-ETN_008_2024_KPP_2024_ZEMLJISCA_20260724.csv-110;882918;ZEMLJISCE;5;Zemljišče pod stavbo ali drugo stavbi ali delu stavbe pripadajoče zemljišče (zemljišče pod stavbo, dvorišče, dovozna pot, vrt, zelenica, stanovanjski atrij in podobno);PRIPADAJOCE;1724;BREZOVICA;;;parcela 1487/2;4/30;0.13333333333333333;2.0;0.26666666666666666;;;455511.37;96497.98;164750.0;;Cena posla ni avtomatsko cena te sestavine;2024-09-25;3;Drug posel;2024;ETN_008_2024_KPP_2024_ZEMLJISCA_20260724.csv
Z-2024-ETN_008_2024_KPP_2024_ZEMLJISCA_20260724.csv-111;882918;ZEMLJISCE;5;Zemljišče pod stavbo ali drugo stavbi ali delu stavbe pripadajoče zemljišče (zemljišče pod stavbo, dvorišče, dovozna pot, vrt, zelenica, stanovanjski atrij in podobno);PRIPADAJOCE;1724;BREZOVICA;;;parcela 1484/7;4/30;0.13333333333333333;171.0;22.8;;;455532.69;96495.41;164750.0;;Cena posla ni avtomatsko cena te sestavine;2024-09-25;3;Drug posel;2024;ETN_008_2024_KPP_2024_ZEMLJISCA_20260724.csv
Z-2024-ETN_008_2024_KPP_2024_ZEMLJISCA_20260724.csv-112;834768;ZEMLJISCE;3;Zemljišče, na katerem je ali bo mogoče graditi stavbo in je delno komunalno opremljeno ali komunalno neopremljeno;STAVBNO;1704;KAMNIK;;;parcela 2316/10;1/1;1.0;163.0;163.0;;;451954.37;90217.21;10000.0;;Cena posla ni avtomatsko cena te sestavine;2024-09-09;2;Tržen posel – neustrezni podatki;2024;ETN_008_2024_KPP_2024_ZEMLJISCA_20260724.csv
Z-2024-ETN_008_2024_KPP_2024_ZEMLJISCA_20260724.csv-113;834768;ZEMLJISCE;3;Zemljišče, na katerem je ali bo mogoče graditi stavbo in je delno komunalno opremljeno ali komunalno neopremljeno;STAVBNO;1704;KAMNIK;;;parcela 2316/11;1/1;1.0;39.0;39.0;;;451942.85;90222.34;10000.0;;Cena posla ni avtomatsko cena te sestavine;2024-09-09;2;Tržen posel – neustrezni podatki;2024;ETN_008_2024_KPP_2024_ZEMLJISCA_20260724.csv
Z-2024-ETN_008_2024_KPP_2024_ZEMLJISCA_20260724.csv-114;829444;ZEMLJISCE;5;Zemljišče pod stavbo ali drugo stavbi ali delu stavbe pripadajoče zemljišče (zemljišče pod stavbo, dvorišče, dovozna pot, vrt, zelenica, stanovanjski atrij in podobno);PRIPADAJOCE;1724;BREZOVICA;;;parcela 1539/16;1/16;0.0625;318.0;19.875;;;456065.09;96942.17;304507.69;;Cena posla ni avtomatsko cena te sestavine;2024-07-05;3;Drug posel;2024;ETN_008_2024_KPP_2024_ZEMLJISCA_20260724.csv
Z-2024-ETN_008_2024_KPP_2024_ZEMLJISCA_20260724.csv-115;811768;ZEMLJISCE;5;Zemljišče pod stavbo ali drugo stavbi ali delu stavbe pripadajoče zemljišče (zemljišče pod stavbo, dvorišče, dovozna pot, vrt, zelenica, stanovanjski atrij in podobno);PRIPADAJOCE;1652;RAKITNA;;;parcela 1253/11;1/1;1.0;1776.0;1776.0;;;456441.3;83171.18;80000.0;;Cena posla ni avtomatsko cena te sestavine;2023-12-18;4;Neopredeljen posel;2024;ETN_008_2024_KPP_2024_ZEMLJISCA_20260724.csv
Z-2024-ETN_008_2024_KPP_2024_ZEMLJISCA_20260724.csv-116;811768;ZEMLJISCE;3;Zemljišče, na katerem je ali bo mogoče graditi stavbo in je delno komunalno opremljeno ali komunalno neopremljeno;STAVBNO;1652;RAKITNA;;;parcela 1253/13;1/1;1.0;24.0;24.0;;;456446.88;83198.42;80000.0;;Cena posla ni avtomatsko cena te sestavine;2023-12-18;4;Neopredeljen posel;2024;ETN_008_2024_KPP_2024_ZEMLJISCA_20260724.csv
Z-2024-ETN_008_2024_KPP_2024_ZEMLJISCA_20260724.csv-117;815249;ZEMLJISCE;7;Zemljišče za kmetijsko rabo (njiva, travnik, pašnik);KMETIJSKO;1724;BREZOVICA;;;parcela 2935/8;1/1;1.0;9.0;9.0;;;452935.52;95720.39;135.0;;Cena posla ni avtomatsko cena te sestavine;2023-11-22;2;Tržen posel – neustrezni podatki;2024;ETN_008_2024_KPP_2024_ZEMLJISCA_20260724.csv
Z-2024-ETN_008_2024_KPP_2024_ZEMLJISCA_20260724.csv-118;834748;ZEMLJISCE;5;Zemljišče pod stavbo ali drugo stavbi ali delu stavbe pripadajoče zemljišče (zemljišče pod stavbo, dvorišče, dovozna pot, vrt, zelenica, stanovanjski atrij in podobno);PRIPADAJOCE;1724;BREZOVICA;;;parcela 674/4;1/1;1.0;629.0;629.0;;;454066.1;97383.33;345000.0;;Cena posla ni avtomatsko cena te sestavine;2024-09-09;2;Tržen posel – neustrezni podatki;2024;ETN_008_2024_KPP_2024_ZEMLJISCA_20260724.csv
Z-2024-ETN_008_2024_KPP_2024_ZEMLJISCA_20260724.csv-119;834748;ZEMLJISCE;7;Zemljišče za kmetijsko rabo (njiva, travnik, pašnik);KMETIJSKO;1724;BREZOVICA;;;parcela 674/8;1/1;1.0;88.0;88.0;;;454064.13;97393.67;345000.0;;Cena posla ni avtomatsko cena te sestavine;2024-09-09;2;Tržen posel – neustrezni podatki;2024;ETN_008_2024_KPP_2024_ZEMLJISCA_20260724.csv
Z-2024-ETN_008_2024_KPP_2024_ZEMLJISCA_20260724.csv-120;822781;ZEMLJISCE;5;Zemljišče pod stavbo ali drugo stavbi ali delu stavbe pripadajoče zemljišče (zemljišče pod stavbo, dvorišče, dovozna pot, vrt, zelenica, stanovanjski atrij in podobno);PRIPADAJOCE;1704;KAMNIK;;;parcela 1348/2;1/1;1.0;894.0;894.0;;;452099.45;90133.1;430000.0;;Cena posla ni avtomatsko cena te sestavine;2024-04-15;2;Tržen posel – neustrezni podatki;2024;ETN_008_2024_KPP_2024_ZEMLJISCA_20260724.csv
Z-2024-ETN_008_2024_KPP_2024_ZEMLJISCA_20260724.csv-121;819854;ZEMLJISCE;5;Zemljišče pod stavbo ali drugo stavbi ali delu stavbe pripadajoče zemljišče (zemljišče pod stavbo, dvorišče, dovozna pot, vrt, zelenica, stanovanjski atrij in podobno);PRIPADAJOCE;1652;RAKITNA;;;parcela 1208/82;1/1;1.0;318.0;318.0;;;455820.14;83245.4;120000.0;;Cena posla ni avtomatsko cena te sestavine;2024-03-28;2;Tržen posel – neustrezni podatki;2024;ETN_008_2024_KPP_2024_ZEMLJISCA_20260724.csv
Z-2024-ETN_008_2024_KPP_2024_ZEMLJISCA_20260724.csv-122;884218;ZEMLJISCE;4;Zemljišče, na katerem je ali bo mogoče graditi prometno ali energetsko infrastrukturo (cesta, plinovod in drugo);INFRASTRUKTURA;1724;BREZOVICA;;;parcela 336/22;1/1;1.0;201.0;201.0;;;455371.98;98482.09;24556.17;;Cena posla ni avtomatsko cena te sestavine;2024-10-02;2;Tržen posel – neustrezni podatki;2024;ETN_008_2024_KPP_2024_ZEMLJISCA_20260724.csv
Z-2024-ETN_008_2024_KPP_2024_ZEMLJISCA_20260724.csv-123;886942;ZEMLJISCE;6;Zemljišče, na katerem je cesta ali parkirišče;INFRASTRUKTURA;1724;BREZOVICA;;;parcela 1350/10;1/120;0.008333333333333333;376.0;3.1333333333333333;;;454803.81;95971.57;500.0;;Cena posla ni avtomatsko cena te sestavine;2024-11-19;3;Drug posel;2024;ETN_008_2024_KPP_2024_ZEMLJISCA_20260724.csv
Z-2024-ETN_008_2024_KPP_2024_ZEMLJISCA_20260724.csv-124;886942;ZEMLJISCE;6;Zemljišče, na katerem je cesta ali parkirišče;INFRASTRUKTURA;1724;BREZOVICA;;;parcela 1350/14;1/120;0.008333333333333333;235.0;1.9583333333333333;;;454871.68;95884.51;500.0;;Cena posla ni avtomatsko cena te sestavine;2024-11-19;3;Drug posel;2024;ETN_008_2024_KPP_2024_ZEMLJISCA_20260724.csv
Z-2024-ETN_008_2024_KPP_2024_ZEMLJISCA_20260724.csv-125;811909;ZEMLJISCE;3;Zemljišče, na katerem je ali bo mogoče graditi stavbo in je delno komunalno opremljeno ali komunalno neopremljeno;STAVBNO;1724;BREZOVICA;;;parcela 369/212;1/3;0.3333333333333333;76.0;25.333333333333332;;;455039.17;97933.38;289000.0;;Cena posla ni avtomatsko cena te sestavine;2024-01-04;2;Tržen posel – neustrezni podatki;2024;ETN_008_2024_KPP_2024_ZEMLJISCA_20260724.csv
Z-2024-ETN_008_2024_KPP_2024_ZEMLJISCA_20260724.csv-126;811909;ZEMLJISCE;5;Zemljišče pod stavbo ali drugo stavbi ali delu stavbe pripadajoče zemljišče (zemljišče pod stavbo, dvorišče, dovozna pot, vrt, zelenica, stanovanjski atrij in podobno);PRIPADAJOCE;1724;BREZOVICA;;;parcela 369/207;1/26;0.038461538461538464;1492.0;57.38461538461539;;;455065.03;97951.6;289000.0;;Cena posla ni avtomatsko cena te sestavine;2024-01-04;2;Tržen posel – neustrezni podatki;2024;ETN_008_2024_KPP_2024_ZEMLJISCA_20260724.csv
Z-2024-ETN_008_2024_KPP_2024_ZEMLJISCA_20260724.csv-127;811909;ZEMLJISCE;5;Zemljišče pod stavbo ali drugo stavbi ali delu stavbe pripadajoče zemljišče (zemljišče pod stavbo, dvorišče, dovozna pot, vrt, zelenica, stanovanjski atrij in podobno);PRIPADAJOCE;1724;BREZOVICA;;;parcela 369/182;1/45;0.022222222222222223;867.0;19.266666666666666;;;455113.04;97965.69;289000.0;;Cena posla ni avtomatsko cena te sestavine;2024-01-04;2;Tržen posel – neustrezni podatki;2024;ETN_008_2024_KPP_2024_ZEMLJISCA_20260724.csv
Z-2024-ETN_008_2024_KPP_2024_ZEMLJISCA_20260724.csv-128;811909;ZEMLJISCE;5;Zemljišče pod stavbo ali drugo stavbi ali delu stavbe pripadajoče zemljišče (zemljišče pod stavbo, dvorišče, dovozna pot, vrt, zelenica, stanovanjski atrij in podobno);PRIPADAJOCE;1724;BREZOVICA;;;parcela 369/205;1/45;0.022222222222222223;122.0;2.7111111111111112;;;455067.04;97973.29;289000.0;;Cena posla ni avtomatsko cena te sestavine;2024-01-04;2;Tržen posel – neustrezni podatki;2024;ETN_008_2024_KPP_2024_ZEMLJISCA_20260724.csv
Z-2024-ETN_008_2024_KPP_2024_ZEMLJISCA_20260724.csv-129;811909;ZEMLJISCE;3;Zemljišče, na katerem je ali bo mogoče graditi stavbo in je delno komunalno opremljeno ali komunalno neopremljeno;STAVBNO;1724;BREZOVICA;;;parcela 369/208;1/45;0.022222222222222223;134.0;2.977777777777778;;;455022.69;97940.65;289000.0;;Cena posla ni avtomatsko cena te sestavine;2024-01-04;2;Tržen posel – neustrezni podatki;2024;ETN_008_2024_KPP_2024_ZEMLJISCA_20260724.csv
Z-2024-ETN_008_2024_KPP_2024_ZEMLJISCA_20260724.csv-130;812343;ZEMLJISCE;5;Zemljišče pod stavbo ali drugo stavbi ali delu stavbe pripadajoče zemljišče (zemljišče pod stavbo, dvorišče, dovozna pot, vrt, zelenica, stanovanjski atrij in podobno);PRIPADAJOCE;1724;BREZOVICA;;;parcela 1354/10;1/6;0.16666666666666666;132.0;22.0;;;455046.55;96191.52;212500.0;;Cena posla ni avtomatsko cena te sestavine;2024-01-10;2;Tržen posel – neustrezni podatki;2024;ETN_008_2024_KPP_2024_ZEMLJISCA_20260724.csv
Z-2024-ETN_008_2024_KPP_2024_ZEMLJISCA_20260724.csv-131;812343;ZEMLJISCE;3;Zemljišče, na katerem je ali bo mogoče graditi stavbo in je delno komunalno opremljeno ali komunalno neopremljeno;STAVBNO;1724;BREZOVICA;;;parcela 1354/12;1/1;1.0;47.0;47.0;;;455049.67;96175.55;212500.0;;Cena posla ni avtomatsko cena te sestavine;2024-01-10;2;Tržen posel – neustrezni podatki;2024;ETN_008_2024_KPP_2024_ZEMLJISCA_20260724.csv
Z-2024-ETN_008_2024_KPP_2024_ZEMLJISCA_20260724.csv-132;812343;ZEMLJISCE;3;Zemljišče, na katerem je ali bo mogoče graditi stavbo in je delno komunalno opremljeno ali komunalno neopremljeno;STAVBNO;1724;BREZOVICA;;;parcela 1354/17;1/1;1.0;180.0;180.0;;;455066.32;96157.6;212500.0;;Cena posla ni avtomatsko cena te sestavine;2024-01-10;2;Tržen posel – neustrezni podatki;2024;ETN_008_2024_KPP_2024_ZEMLJISCA_20260724.csv
Z-2024-ETN_008_2024_KPP_2024_ZEMLJISCA_20260724.csv-133;812343;ZEMLJISCE;3;Zemljišče, na katerem je ali bo mogoče graditi stavbo in je delno komunalno opremljeno ali komunalno neopremljeno;STAVBNO;1724;BREZOVICA;;;parcela 1354/14;1/1;1.0;171.0;171.0;;;455066.17;96162.73;212500.0;;Cena posla ni avtomatsko cena te sestavine;2024-01-10;2;Tržen posel – neustrezni podatki;2024;ETN_008_2024_KPP_2024_ZEMLJISCA_20260724.csv
Z-2024-ETN_008_2024_KPP_2024_ZEMLJISCA_20260724.csv-134;812343;ZEMLJISCE;3;Zemljišče, na katerem je ali bo mogoče graditi stavbo in je delno komunalno opremljeno ali komunalno neopremljeno;STAVBNO;1724;BREZOVICA;;;parcela 1354/8;1/1;1.0;700.0;700.0;;;455066.61;96176.22;212500.0;;Cena posla ni avtomatsko cena te sestavine;2024-01-10;2;Tržen posel – neustrezni podatki;2024;ETN_008_2024_KPP_2024_ZEMLJISCA_20260724.csv
Z-2024-ETN_008_2024_KPP_2024_ZEMLJISCA_20260724.csv-135;826173;ZEMLJISCE;1;Zemljišče na katerem je mogoče graditi stavbo in ima gradbeno dovoljenje;STAVBNO;1724;BREZOVICA;;;parcela 2142/2;1/1;1.0;680.0;680.0;;;454031.09;95202.34;140000.0;;Cena posla ni avtomatsko cena te sestavine;2024-05-29;1;Tržen posel;2024;ETN_008_2024_KPP_2024_ZEMLJISCA_20260724.csv
Z-2024-ETN_008_2024_KPP_2024_ZEMLJISCA_20260724.csv-136;831808;ZEMLJISCE;1;Zemljišče na katerem je mogoče graditi stavbo in ima gradbeno dovoljenje;STAVBNO;1724;BREZOVICA;;;parcela 2318/9;1/1;1.0;294.0;294.0;;;453887.1;95545.55;500000.0;;Cena posla ni avtomatsko cena te sestavine;2024-08-09;4;Neopredeljen posel;2024;ETN_008_2024_KPP_2024_ZEMLJISCA_20260724.csv
Z-2024-ETN_008_2024_KPP_2024_ZEMLJISCA_20260724.csv-137;831808;ZEMLJISCE;1;Zemljišče na katerem je mogoče graditi stavbo in ima gradbeno dovoljenje;STAVBNO;1724;BREZOVICA;;;parcela 2315/9;1/1;1.0;502.0;502.0;;;453932.59;95593.4;500000.0;;Cena posla ni avtomatsko cena te sestavine;2024-08-09;4;Neopredeljen posel;2024;ETN_008_2024_KPP_2024_ZEMLJISCA_20260724.csv
Z-2024-ETN_008_2024_KPP_2024_ZEMLJISCA_20260724.csv-138;831808;ZEMLJISCE;1;Zemljišče na katerem je mogoče graditi stavbo in ima gradbeno dovoljenje;STAVBNO;1724;BREZOVICA;;;parcela 2318/13;1/1;1.0;177.0;177.0;;;453885.72;95561.12;500000.0;;Cena posla ni avtomatsko cena te sestavine;2024-08-09;4;Neopredeljen posel;2024;ETN_008_2024_KPP_2024_ZEMLJISCA_20260724.csv
Z-2024-ETN_008_2024_KPP_2024_ZEMLJISCA_20260724.csv-139;831808;ZEMLJISCE;5;Zemljišče pod stavbo ali drugo stavbi ali delu stavbe pripadajoče zemljišče (zemljišče pod stavbo, dvorišče, dovozna pot, vrt, zelenica, stanovanjski atrij in podobno);PRIPADAJOCE;1724;BREZOVICA;;;parcela 2315/4;1/1;1.0;102.0;102.0;;;453879.73;95564.29;500000.0;;Cena posla ni avtomatsko cena te sestavine;2024-08-09;4;Neopredeljen posel;2024;ETN_008_2024_KPP_2024_ZEMLJISCA_20260724.csv
Z-2024-ETN_008_2024_KPP_2024_ZEMLJISCA_20260724.csv-140;831808;ZEMLJISCE;5;Zemljišče pod stavbo ali drugo stavbi ali delu stavbe pripadajoče zemljišče (zemljišče pod stavbo, dvorišče, dovozna pot, vrt, zelenica, stanovanjski atrij in podobno);PRIPADAJOCE;1724;BREZOVICA;;;parcela 2315/6;1/1;1.0;191.0;191.0;;;453887.02;95576.87;500000.0;;Cena posla ni avtomatsko cena te sestavine;2024-08-09;4;Neopredeljen posel;2024;ETN_008_2024_KPP_2024_ZEMLJISCA_20260724.csv
Z-2024-ETN_008_2024_KPP_2024_ZEMLJISCA_20260724.csv-141;831808;ZEMLJISCE;5;Zemljišče pod stavbo ali drugo stavbi ali delu stavbe pripadajoče zemljišče (zemljišče pod stavbo, dvorišče, dovozna pot, vrt, zelenica, stanovanjski atrij in podobno);PRIPADAJOCE;1724;BREZOVICA;;;parcela 2315/7;1/1;1.0;476.0;476.0;;;453908.16;95586.62;500000.0;;Cena posla ni avtomatsko cena te sestavine;2024-08-09;4;Neopredeljen posel;2024;ETN_008_2024_KPP_2024_ZEMLJISCA_20260724.csv
Z-2024-ETN_008_2024_KPP_2024_ZEMLJISCA_20260724.csv-142;831808;ZEMLJISCE;1;Zemljišče na katerem je mogoče graditi stavbo in ima gradbeno dovoljenje;STAVBNO;1724;BREZOVICA;;;parcela 2315/8;1/1;1.0;219.0;219.0;;;453878.29;95581.94;500000.0;;Cena posla ni avtomatsko cena te sestavine;2024-08-09;4;Neopredeljen posel;2024;ETN_008_2024_KPP_2024_ZEMLJISCA_20260724.csv
Z-2024-ETN_008_2024_KPP_2024_ZEMLJISCA_20260724.csv-143;831808;ZEMLJISCE;5;Zemljišče pod stavbo ali drugo stavbi ali delu stavbe pripadajoče zemljišče (zemljišče pod stavbo, dvorišče, dovozna pot, vrt, zelenica, stanovanjski atrij in podobno);PRIPADAJOCE;1724;BREZOVICA;;;parcela 2315/5;1/1;1.0;116.0;116.0;;;453887.43;95590.86;500000.0;;Cena posla ni avtomatsko cena te sestavine;2024-08-09;4;Neopredeljen posel;2024;ETN_008_2024_KPP_2024_ZEMLJISCA_20260724.csv
Z-2024-ETN_008_2024_KPP_2024_ZEMLJISCA_20260724.csv-144;831804;ZEMLJISCE;3;Zemljišče, na katerem je ali bo mogoče graditi stavbo in je delno komunalno opremljeno ali komunalno neopremljeno;STAVBNO;1652;RAKITNA;;;parcela 674/1;1/1;1.0;643.0;643.0;;;456882.39;83870.61;85680.0;;Cena posla ni avtomatsko cena te sestavine;2024-08-16;2;Tržen posel – neustrezni podatki;2024;ETN_008_2024_KPP_2024_ZEMLJISCA_20260724.csv
Z-2024-ETN_008_2024_KPP_2024_ZEMLJISCA_20260724.csv-145;831804;ZEMLJISCE;3;Zemljišče, na katerem je ali bo mogoče graditi stavbo in je delno komunalno opremljeno ali komunalno neopremljeno;STAVBNO;1652;RAKITNA;;;parcela 675/1;1/1;1.0;74.0;74.0;;;456888.01;83856.8;85680.0;;Cena posla ni avtomatsko cena te sestavine;2024-08-16;2;Tržen posel – neustrezni podatki;2024;ETN_008_2024_KPP_2024_ZEMLJISCA_20260724.csv
Z-2024-ETN_008_2024_KPP_2024_ZEMLJISCA_20260724.csv-146;883911;ZEMLJISCE;5;Zemljišče pod stavbo ali drugo stavbi ali delu stavbe pripadajoče zemljišče (zemljišče pod stavbo, dvorišče, dovozna pot, vrt, zelenica, stanovanjski atrij in podobno);PRIPADAJOCE;1705;PRESERJE;;;parcela 913/14;1/1;1.0;257.0;257.0;;;455046.54;92887.15;440000.0;;Cena posla ni avtomatsko cena te sestavine;2024-10-14;2;Tržen posel – neustrezni podatki;2024;ETN_008_2024_KPP_2024_ZEMLJISCA_20260724.csv
Z-2024-ETN_008_2024_KPP_2024_ZEMLJISCA_20260724.csv-147;883911;ZEMLJISCE;5;Zemljišče pod stavbo ali drugo stavbi ali delu stavbe pripadajoče zemljišče (zemljišče pod stavbo, dvorišče, dovozna pot, vrt, zelenica, stanovanjski atrij in podobno);PRIPADAJOCE;1705;PRESERJE;;;parcela 913/7;1/8;0.125;600.0;75.0;;;455032.23;92899.43;440000.0;;Cena posla ni avtomatsko cena te sestavine;2024-10-14;2;Tržen posel – neustrezni podatki;2024;ETN_008_2024_KPP_2024_ZEMLJISCA_20260724.csv
Z-2024-ETN_008_2024_KPP_2024_ZEMLJISCA_20260724.csv-148;817589;ZEMLJISCE;5;Zemljišče pod stavbo ali drugo stavbi ali delu stavbe pripadajoče zemljišče (zemljišče pod stavbo, dvorišče, dovozna pot, vrt, zelenica, stanovanjski atrij in podobno);PRIPADAJOCE;1703;JEZERO;;;parcela 362/150;1/1;1.0;172.0;172.0;;;455131.23;93094.09;397000.0;;Cena posla ni avtomatsko cena te sestavine;2024-02-28;2;Tržen posel – neustrezni podatki;2024;ETN_008_2024_KPP_2024_ZEMLJISCA_20260724.csv
Z-2024-ETN_008_2024_KPP_2024_ZEMLJISCA_20260724.csv-149;817589;ZEMLJISCE;6;Zemljišče, na katerem je cesta ali parkirišče;INFRASTRUKTURA;1703;JEZERO;;;parcela 362/161;1/12;0.08333333333333333;665.0;55.416666666666664;;;455067.41;93068.99;397000.0;;Cena posla ni avtomatsko cena te sestavine;2024-02-28;2;Tržen posel – neustrezni podatki;2024;ETN_008_2024_KPP_2024_ZEMLJISCA_20260724.csv
Z-2024-ETN_008_2024_KPP_2024_ZEMLJISCA_20260724.csv-150;817589;ZEMLJISCE;6;Zemljišče, na katerem je cesta ali parkirišče;INFRASTRUKTURA;1703;JEZERO;;;parcela 362/160;1/12;0.08333333333333333;89.0;7.416666666666666;;;455055.81;93044.67;397000.0;;Cena posla ni avtomatsko cena te sestavine;2024-02-28;2;Tržen posel – neustrezni podatki;2024;ETN_008_2024_KPP_2024_ZEMLJISCA_20260724.csv
Z-2024-ETN_008_2024_KPP_2024_ZEMLJISCA_20260724.csv-151;817536;ZEMLJISCE;5;Zemljišče pod stavbo ali drugo stavbi ali delu stavbe pripadajoče zemljišče (zemljišče pod stavbo, dvorišče, dovozna pot, vrt, zelenica, stanovanjski atrij in podobno);PRIPADAJOCE;1704;KAMNIK;;;parcela 3394/45;63/1000;0.063;207.0;13.041;;;453223.68;91837.23;49700.0;;Cena posla ni avtomatsko cena te sestavine;2024-02-28;3;Drug posel;2024;ETN_008_2024_KPP_2024_ZEMLJISCA_20260724.csv
Z-2024-ETN_008_2024_KPP_2024_ZEMLJISCA_20260724.csv-152;817536;ZEMLJISCE;5;Zemljišče pod stavbo ali drugo stavbi ali delu stavbe pripadajoče zemljišče (zemljišče pod stavbo, dvorišče, dovozna pot, vrt, zelenica, stanovanjski atrij in podobno);PRIPADAJOCE;1704;KAMNIK;;;parcela 3394/48;63/1000;0.063;706.0;44.478;;;453229.51;91853.97;49700.0;;Cena posla ni avtomatsko cena te sestavine;2024-02-28;3;Drug posel;2024;ETN_008_2024_KPP_2024_ZEMLJISCA_20260724.csv
Z-2024-ETN_008_2024_KPP_2024_ZEMLJISCA_20260724.csv-153;817536;ZEMLJISCE;5;Zemljišče pod stavbo ali drugo stavbi ali delu stavbe pripadajoče zemljišče (zemljišče pod stavbo, dvorišče, dovozna pot, vrt, zelenica, stanovanjski atrij in podobno);PRIPADAJOCE;1704;KAMNIK;;;parcela 3394/47;63/1000;0.063;14.0;0.882;;;453238.66;91849.29;49700.0;;Cena posla ni avtomatsko cena te sestavine;2024-02-28;3;Drug posel;2024;ETN_008_2024_KPP_2024_ZEMLJISCA_20260724.csv
Z-2024-ETN_008_2024_KPP_2024_ZEMLJISCA_20260724.csv-154;817536;ZEMLJISCE;5;Zemljišče pod stavbo ali drugo stavbi ali delu stavbe pripadajoče zemljišče (zemljišče pod stavbo, dvorišče, dovozna pot, vrt, zelenica, stanovanjski atrij in podobno);PRIPADAJOCE;1704;KAMNIK;;;parcela 3394/44;63/1000;0.063;151.0;9.513;;;453217.95;91844.49;49700.0;;Cena posla ni avtomatsko cena te sestavine;2024-02-28;3;Drug posel;2024;ETN_008_2024_KPP_2024_ZEMLJISCA_20260724.csv
Z-2024-ETN_008_2024_KPP_2024_ZEMLJISCA_20260724.csv-155;817536;ZEMLJISCE;5;Zemljišče pod stavbo ali drugo stavbi ali delu stavbe pripadajoče zemljišče (zemljišče pod stavbo, dvorišče, dovozna pot, vrt, zelenica, stanovanjski atrij in podobno);PRIPADAJOCE;1704;KAMNIK;;;parcela 3394/46;63/1000;0.063;14.0;0.882;;;453235.8;91846.49;49700.0;;Cena posla ni avtomatsko cena te sestavine;2024-02-28;3;Drug posel;2024;ETN_008_2024_KPP_2024_ZEMLJISCA_20260724.csv
Z-2024-ETN_008_2024_KPP_2024_ZEMLJISCA_20260724.csv-156;814203;ZEMLJISCE;3;Zemljišče, na katerem je ali bo mogoče graditi stavbo in je delno komunalno opremljeno ali komunalno neopremljeno;STAVBNO;1724;BREZOVICA;;;parcela 369/289;1/1;1.0;6.0;6.0;;;454788.77;98092.23;3695.0;;Cena posla ni avtomatsko cena te sestavine;2023-12-12;3;Drug posel;2024;ETN_008_2024_KPP_2024_ZEMLJISCA_20260724.csv
Z-2024-ETN_008_2024_KPP_2024_ZEMLJISCA_20260724.csv-157;814203;ZEMLJISCE;3;Zemljišče, na katerem je ali bo mogoče graditi stavbo in je delno komunalno opremljeno ali komunalno neopremljeno;STAVBNO;1724;BREZOVICA;;;parcela 369/288;1/1;1.0;68.0;68.0;;;454782.36;98087.07;3695.0;;Cena posla ni avtomatsko cena te sestavine;2023-12-12;3;Drug posel;2024;ETN_008_2024_KPP_2024_ZEMLJISCA_20260724.csv
Z-2024-ETN_008_2024_KPP_2024_ZEMLJISCA_20260724.csv-158;817416;ZEMLJISCE;5;Zemljišče pod stavbo ali drugo stavbi ali delu stavbe pripadajoče zemljišče (zemljišče pod stavbo, dvorišče, dovozna pot, vrt, zelenica, stanovanjski atrij in podobno);PRIPADAJOCE;1652;RAKITNA;;;parcela 1303/13;1/1;1.0;882.0;882.0;;;456571.37;82520.61;300000.0;;Cena posla ni avtomatsko cena te sestavine;2024-02-09;2;Tržen posel – neustrezni podatki;2024;ETN_008_2024_KPP_2024_ZEMLJISCA_20260724.csv
Z-2024-ETN_008_2024_KPP_2024_ZEMLJISCA_20260724.csv-159;817416;ZEMLJISCE;5;Zemljišče pod stavbo ali drugo stavbi ali delu stavbe pripadajoče zemljišče (zemljišče pod stavbo, dvorišče, dovozna pot, vrt, zelenica, stanovanjski atrij in podobno);PRIPADAJOCE;1652;RAKITNA;;;parcela 1303/23;1/1;1.0;61.0;61.0;;;456563.61;82539.15;300000.0;;Cena posla ni avtomatsko cena te sestavine;2024-02-09;2;Tržen posel – neustrezni podatki;2024;ETN_008_2024_KPP_2024_ZEMLJISCA_20260724.csv
Z-2024-ETN_008_2024_KPP_2024_ZEMLJISCA_20260724.csv-160;889444;ZEMLJISCE;5;Zemljišče pod stavbo ali drugo stavbi ali delu stavbe pripadajoče zemljišče (zemljišče pod stavbo, dvorišče, dovozna pot, vrt, zelenica, stanovanjski atrij in podobno);PRIPADAJOCE;1704;KAMNIK;;;parcela *186;1/1;1.0;247.0;247.0;;;451934.28;90195.56;135000.0;;Cena posla ni avtomatsko cena te sestavine;2024-02-06;3;Drug posel;2024;ETN_008_2024_KPP_2024_ZEMLJISCA_20260724.csv
Z-2024-ETN_008_2024_KPP_2024_ZEMLJISCA_20260724.csv-161;820855;ZEMLJISCE;5;Zemljišče pod stavbo ali drugo stavbi ali delu stavbe pripadajoče zemljišče (zemljišče pod stavbo, dvorišče, dovozna pot, vrt, zelenica, stanovanjski atrij in podobno);PRIPADAJOCE;1652;RAKITNA;;;parcela 1208/84;1/1;1.0;200.0;200.0;;;455784.55;83224.5;203000.0;;Cena posla ni avtomatsko cena te sestavine;2024-04-15;2;Tržen posel – neustrezni podatki;2024;ETN_008_2024_KPP_2024_ZEMLJISCA_20260724.csv
Z-2024-ETN_008_2024_KPP_2024_ZEMLJISCA_20260724.csv-162;830463;ZEMLJISCE;3;Zemljišče, na katerem je ali bo mogoče graditi stavbo in je delno komunalno opremljeno ali komunalno neopremljeno;STAVBNO;1652;RAKITNA;;;parcela 1208/330;1/1;1.0;606.0;606.0;;;455878.43;83706.54;61000.0;;Cena posla ni avtomatsko cena te sestavine;2024-07-05;4;Neopredeljen posel;2024;ETN_008_2024_KPP_2024_ZEMLJISCA_20260724.csv
Z-2024-ETN_008_2024_KPP_2024_ZEMLJISCA_20260724.csv-163;827568;ZEMLJISCE;3;Zemljišče, na katerem je ali bo mogoče graditi stavbo in je delno komunalno opremljeno ali komunalno neopremljeno;STAVBNO;1704;KAMNIK;;;parcela 211/9;1/1;1.0;512.0;512.0;;;453737.44;92022.2;19983.6;;Cena posla ni avtomatsko cena te sestavine;2024-07-23;2;Tržen posel – neustrezni podatki;2024;ETN_008_2024_KPP_2024_ZEMLJISCA_20260724.csv
Z-2024-ETN_008_2024_KPP_2024_ZEMLJISCA_20260724.csv-164;827568;ZEMLJISCE;3;Zemljišče, na katerem je ali bo mogoče graditi stavbo in je delno komunalno opremljeno ali komunalno neopremljeno;STAVBNO;1704;KAMNIK;;;parcela 211/10;1/1;1.0;29.0;29.0;;;453761.07;92010.48;19983.6;;Cena posla ni avtomatsko cena te sestavine;2024-07-23;2;Tržen posel – neustrezni podatki;2024;ETN_008_2024_KPP_2024_ZEMLJISCA_20260724.csv
Z-2024-ETN_008_2024_KPP_2024_ZEMLJISCA_20260724.csv-165;827568;ZEMLJISCE;3;Zemljišče, na katerem je ali bo mogoče graditi stavbo in je delno komunalno opremljeno ali komunalno neopremljeno;STAVBNO;1704;KAMNIK;;;parcela 211/11;1/1;1.0;5.0;5.0;;;453757.84;92008.92;19983.6;;Cena posla ni avtomatsko cena te sestavine;2024-07-23;2;Tržen posel – neustrezni podatki;2024;ETN_008_2024_KPP_2024_ZEMLJISCA_20260724.csv
Z-2024-ETN_008_2024_KPP_2024_ZEMLJISCA_20260724.csv-166;822499;ZEMLJISCE;6;Zemljišče, na katerem je cesta ali parkirišče;INFRASTRUKTURA;1724;BREZOVICA;;;parcela 738/6;1/1;1.0;414.0;414.0;;;454481.21;96997.44;44000.0;;Cena posla ni avtomatsko cena te sestavine;2024-05-03;2;Tržen posel – neustrezni podatki;2024;ETN_008_2024_KPP_2024_ZEMLJISCA_20260724.csv
Z-2024-ETN_008_2024_KPP_2024_ZEMLJISCA_20260724.csv-167;815575;ZEMLJISCE;3;Zemljišče, na katerem je ali bo mogoče graditi stavbo in je delno komunalno opremljeno ali komunalno neopremljeno;STAVBNO;1724;BREZOVICA;;;parcela 607/110;1/1;1.0;832.0;832.0;;;454558.27;97903.36;209817.5;;Cena posla ni avtomatsko cena te sestavine;2024-01-12;4;Neopredeljen posel;2024;ETN_008_2024_KPP_2024_ZEMLJISCA_20260724.csv
Z-2024-ETN_008_2024_KPP_2024_ZEMLJISCA_20260724.csv-168;815575;ZEMLJISCE;3;Zemljišče, na katerem je ali bo mogoče graditi stavbo in je delno komunalno opremljeno ali komunalno neopremljeno;STAVBNO;1724;BREZOVICA;;;parcela 607/114;1/4;0.25;321.0;80.25;;;454572.62;97920.43;209817.5;;Cena posla ni avtomatsko cena te sestavine;2024-01-12;4;Neopredeljen posel;2024;ETN_008_2024_KPP_2024_ZEMLJISCA_20260724.csv
Z-2024-ETN_008_2024_KPP_2024_ZEMLJISCA_20260724.csv-169;825754;ZEMLJISCE;3;Zemljišče, na katerem je ali bo mogoče graditi stavbo in je delno komunalno opremljeno ali komunalno neopremljeno;STAVBNO;1724;BREZOVICA;;;parcela 291/7;1/1;1.0;535.0;535.0;;;455371.76;98654.45;95000.0;;Cena posla ni avtomatsko cena te sestavine;2024-05-31;2;Tržen posel – neustrezni podatki;2024;ETN_008_2024_KPP_2024_ZEMLJISCA_20260724.csv
Z-2024-ETN_008_2024_KPP_2024_ZEMLJISCA_20260724.csv-170;825754;ZEMLJISCE;3;Zemljišče, na katerem je ali bo mogoče graditi stavbo in je delno komunalno opremljeno ali komunalno neopremljeno;STAVBNO;1724;BREZOVICA;;;parcela 291/8;1/2;0.5;75.0;37.5;;;455378.27;98668.5;95000.0;;Cena posla ni avtomatsko cena te sestavine;2024-05-31;2;Tržen posel – neustrezni podatki;2024;ETN_008_2024_KPP_2024_ZEMLJISCA_20260724.csv
Z-2024-ETN_008_2024_KPP_2024_ZEMLJISCA_20260724.csv-171;828266;ZEMLJISCE;5;Zemljišče pod stavbo ali drugo stavbi ali delu stavbe pripadajoče zemljišče (zemljišče pod stavbo, dvorišče, dovozna pot, vrt, zelenica, stanovanjski atrij in podobno);PRIPADAJOCE;1652;RAKITNA;;;parcela 119/4;2/3;0.6666666666666666;701.0;467.3333333333333;;;456517.19;83814.65;86066.0;;Cena posla ni avtomatsko cena te sestavine;2024-03-29;3;Drug posel;2024;ETN_008_2024_KPP_2024_ZEMLJISCA_20260724.csv
Z-2024-ETN_008_2024_KPP_2024_ZEMLJISCA_20260724.csv-172;828266;ZEMLJISCE;5;Zemljišče pod stavbo ali drugo stavbi ali delu stavbe pripadajoče zemljišče (zemljišče pod stavbo, dvorišče, dovozna pot, vrt, zelenica, stanovanjski atrij in podobno);PRIPADAJOCE;1652;RAKITNA;;;parcela *55/2;2/3;0.6666666666666666;169.0;112.66666666666666;;;456497.55;83818.26;86066.0;;Cena posla ni avtomatsko cena te sestavine;2024-03-29;3;Drug posel;2024;ETN_008_2024_KPP_2024_ZEMLJISCA_20260724.csv
Z-2024-ETN_008_2024_KPP_2024_ZEMLJISCA_20260724.csv-173;808859;ZEMLJISCE;3;Zemljišče, na katerem je ali bo mogoče graditi stavbo in je delno komunalno opremljeno ali komunalno neopremljeno;STAVBNO;1724;BREZOVICA;;;parcela 673/2;1/1;1.0;2125.0;2125.0;;;453959.5;97855.81;286875.0;;Cena posla ni avtomatsko cena te sestavine;2023-12-06;4;Neopredeljen posel;2024;ETN_008_2024_KPP_2024_ZEMLJISCA_20260724.csv
Z-2024-ETN_008_2024_KPP_2024_ZEMLJISCA_20260724.csv-174;829029;ZEMLJISCE;6;Zemljišče, na katerem je cesta ali parkirišče;INFRASTRUKTURA;1652;RAKITNA;;;parcela 691/7;1/1;1.0;11.0;11.0;;;457056.47;83599.8;1000.0;;Cena posla ni avtomatsko cena te sestavine;2024-07-04;2;Tržen posel – neustrezni podatki;2024;ETN_008_2024_KPP_2024_ZEMLJISCA_20260724.csv
Z-2024-ETN_008_2024_KPP_2024_ZEMLJISCA_20260724.csv-175;828873;ZEMLJISCE;5;Zemljišče pod stavbo ali drugo stavbi ali delu stavbe pripadajoče zemljišče (zemljišče pod stavbo, dvorišče, dovozna pot, vrt, zelenica, stanovanjski atrij in podobno);PRIPADAJOCE;1704;KAMNIK;;;parcela 835/1;1/1;1.0;683.0;683.0;;;453276.98;90947.15;248000.0;;Cena posla ni avtomatsko cena te sestavine;2024-05-09;2;Tržen posel – neustrezni podatki;2024;ETN_008_2024_KPP_2024_ZEMLJISCA_20260724.csv
Z-2024-ETN_008_2024_KPP_2024_ZEMLJISCA_20260724.csv-176;830375;ZEMLJISCE;9;Zemljišče za gozdno rabo (gozd);GOZDNO;1704;KAMNIK;;;parcela 345/50;1/1;1.0;641.0;641.0;;;452726.62;91604.82;70510.0;;Cena posla ni avtomatsko cena te sestavine;2024-06-19;2;Tržen posel – neustrezni podatki;2024;ETN_008_2024_KPP_2024_ZEMLJISCA_20260724.csv
Z-2024-ETN_008_2024_KPP_2024_ZEMLJISCA_20260724.csv-177;831553;ZEMLJISCE;5;Zemljišče pod stavbo ali drugo stavbi ali delu stavbe pripadajoče zemljišče (zemljišče pod stavbo, dvorišče, dovozna pot, vrt, zelenica, stanovanjski atrij in podobno);PRIPADAJOCE;1724;BREZOVICA;;;parcela 331/2;1/1;1.0;710.0;710.0;;;455576.07;98534.84;529000.0;;Cena posla ni avtomatsko cena te sestavine;2024-08-08;2;Tržen posel – neustrezni podatki;2024;ETN_008_2024_KPP_2024_ZEMLJISCA_20260724.csv
Z-2024-ETN_008_2024_KPP_2024_ZEMLJISCA_20260724.csv-178;812088;ZEMLJISCE;3;Zemljišče, na katerem je ali bo mogoče graditi stavbo in je delno komunalno opremljeno ali komunalno neopremljeno;STAVBNO;1703;JEZERO;;;parcela 398/15;1/1;1.0;519.0;519.0;;;455518.15;92611.57;55000.0;;Cena posla ni avtomatsko cena te sestavine;2024-01-10;2;Tržen posel – neustrezni podatki;2024;ETN_008_2024_KPP_2024_ZEMLJISCA_20260724.csv
Z-2024-ETN_008_2024_KPP_2024_ZEMLJISCA_20260724.csv-179;814834;ZEMLJISCE;1;Zemljišče na katerem je mogoče graditi stavbo in ima gradbeno dovoljenje;STAVBNO;1724;BREZOVICA;;;parcela 253/2;1/1;1.0;1488.0;1488.0;;;455060.02;98647.34;190000.0;;Cena posla ni avtomatsko cena te sestavine;2024-01-25;2;Tržen posel – neustrezni podatki;2024;ETN_008_2024_KPP_2024_ZEMLJISCA_20260724.csv
Z-2024-ETN_008_2024_KPP_2024_ZEMLJISCA_20260724.csv-180;814834;ZEMLJISCE;3;Zemljišče, na katerem je ali bo mogoče graditi stavbo in je delno komunalno opremljeno ali komunalno neopremljeno;STAVBNO;1724;BREZOVICA;;;parcela 253/3;1/1;1.0;82.0;82.0;;;455062.09;98642.31;190000.0;;Cena posla ni avtomatsko cena te sestavine;2024-01-25;2;Tržen posel – neustrezni podatki;2024;ETN_008_2024_KPP_2024_ZEMLJISCA_20260724.csv
Z-2024-ETN_008_2024_KPP_2024_ZEMLJISCA_20260724.csv-181;814834;ZEMLJISCE;6;Zemljišče, na katerem je cesta ali parkirišče;INFRASTRUKTURA;1724;BREZOVICA;;;parcela 253/8;1/1;1.0;122.0;122.0;;;455071.58;98677.38;190000.0;;Cena posla ni avtomatsko cena te sestavine;2024-01-25;2;Tržen posel – neustrezni podatki;2024;ETN_008_2024_KPP_2024_ZEMLJISCA_20260724.csv
Z-2024-ETN_008_2024_KPP_2024_ZEMLJISCA_20260724.csv-182;812594;ZEMLJISCE;3;Zemljišče, na katerem je ali bo mogoče graditi stavbo in je delno komunalno opremljeno ali komunalno neopremljeno;STAVBNO;1704;KAMNIK;;;parcela 1347/2;1/1;1.0;480.0;480.0;;;452136.23;90245.37;27300.0;;Cena posla ni avtomatsko cena te sestavine;2024-01-16;2;Tržen posel – neustrezni podatki;2024;ETN_008_2024_KPP_2024_ZEMLJISCA_20260724.csv
Z-2024-ETN_008_2024_KPP_2024_ZEMLJISCA_20260724.csv-183;886500;ZEMLJISCE;5;Zemljišče pod stavbo ali drugo stavbi ali delu stavbe pripadajoče zemljišče (zemljišče pod stavbo, dvorišče, dovozna pot, vrt, zelenica, stanovanjski atrij in podobno);PRIPADAJOCE;1724;BREZOVICA;;;parcela 2581;1/1;1.0;592.0;592.0;;;453473.22;94368.83;100000.0;;Cena posla ni avtomatsko cena te sestavine;2023-07-10;2;Tržen posel – neustrezni podatki;2024;ETN_008_2024_KPP_2024_ZEMLJISCA_20260724.csv
Z-2024-ETN_008_2024_KPP_2024_ZEMLJISCA_20260724.csv-184;834903;ZEMLJISCE;7;Zemljišče za kmetijsko rabo (njiva, travnik, pašnik);KMETIJSKO;1652;RAKITNA;;;parcela 723/1;1/1;1.0;999.0;999.0;;;457077.58;83364.65;12000.0;;Cena posla ni avtomatsko cena te sestavine;2024-08-28;2;Tržen posel – neustrezni podatki;2024;ETN_008_2024_KPP_2024_ZEMLJISCA_20260724.csv
Z-2024-ETN_008_2024_KPP_2024_ZEMLJISCA_20260724.csv-185;822851;ZEMLJISCE;7;Zemljišče za kmetijsko rabo (njiva, travnik, pašnik);KMETIJSKO;1652;RAKITNA;;;parcela 723/2;1/1;1.0;999.0;999.0;;;457053.22;83370.71;9990.0;;Cena posla ni avtomatsko cena te sestavine;2023-07-25;2;Tržen posel – neustrezni podatki;2024;ETN_008_2024_KPP_2024_ZEMLJISCA_20260724.csv
Z-2024-ETN_008_2024_KPP_2024_ZEMLJISCA_20260724.csv-186;814401;ZEMLJISCE;5;Zemljišče pod stavbo ali drugo stavbi ali delu stavbe pripadajoče zemljišče (zemljišče pod stavbo, dvorišče, dovozna pot, vrt, zelenica, stanovanjski atrij in podobno);PRIPADAJOCE;1724;BREZOVICA;;;parcela 299/8;1/1;1.0;92.0;92.0;;;455415.7;98731.11;490000.0;;Cena posla ni avtomatsko cena te sestavine;2024-01-20;2;Tržen posel – neustrezni podatki;2024;ETN_008_2024_KPP_2024_ZEMLJISCA_20260724.csv
Z-2024-ETN_008_2024_KPP_2024_ZEMLJISCA_20260724.csv-187;814401;ZEMLJISCE;5;Zemljišče pod stavbo ali drugo stavbi ali delu stavbe pripadajoče zemljišče (zemljišče pod stavbo, dvorišče, dovozna pot, vrt, zelenica, stanovanjski atrij in podobno);PRIPADAJOCE;1724;BREZOVICA;;;parcela 299/9;1/1;1.0;691.0;691.0;;;455436.33;98722.91;490000.0;;Cena posla ni avtomatsko cena te sestavine;2024-01-20;2;Tržen posel – neustrezni podatki;2024;ETN_008_2024_KPP_2024_ZEMLJISCA_20260724.csv
Z-2024-ETN_008_2024_KPP_2024_ZEMLJISCA_20260724.csv-188;811322;ZEMLJISCE;7;Zemljišče za kmetijsko rabo (njiva, travnik, pašnik);KMETIJSKO;1724;BREZOVICA;;;parcela 1093/18;1/1;1.0;186.0;186.0;;;454579.38;96709.62;27900.0;;Cena posla ni avtomatsko cena te sestavine;2023-12-19;4;Neopredeljen posel;2024;ETN_008_2024_KPP_2024_ZEMLJISCA_20260724.csv
Z-2025-ETN_008_2025_KPP_2025_ZEMLJISCA_20260724.csv-2;908722;ZEMLJISCE;5;Zemljišče pod stavbo ali drugo stavbi ali delu stavbe pripadajoče zemljišče (zemljišče pod stavbo, dvorišče, dovozna pot, vrt, zelenica, stanovanjski atrij in podobno);PRIPADAJOCE;1652;RAKITNA;;;parcela 1208/373;1/1;1.0;58.0;58.0;;;455796.8;83111.72;3770.0;;Cena posla ni avtomatsko cena te sestavine;2025-04-17;5;V preverjanju;2025;ETN_008_2025_KPP_2025_ZEMLJISCA_20260724.csv
Z-2025-ETN_008_2025_KPP_2025_ZEMLJISCA_20260724.csv-3;817699;ZEMLJISCE;5;Zemljišče pod stavbo ali drugo stavbi ali delu stavbe pripadajoče zemljišče (zemljišče pod stavbo, dvorišče, dovozna pot, vrt, zelenica, stanovanjski atrij in podobno);PRIPADAJOCE;1652;RAKITNA;;;parcela *5/2;1/1;1.0;79.0;79.0;;;456602.86;83620.2;12000.0;;Cena posla ni avtomatsko cena te sestavine;2024-03-05;5;V preverjanju;2025;ETN_008_2025_KPP_2025_ZEMLJISCA_20260724.csv
Z-2025-ETN_008_2025_KPP_2025_ZEMLJISCA_20260724.csv-4;817699;ZEMLJISCE;5;Zemljišče pod stavbo ali drugo stavbi ali delu stavbe pripadajoče zemljišče (zemljišče pod stavbo, dvorišče, dovozna pot, vrt, zelenica, stanovanjski atrij in podobno);PRIPADAJOCE;1652;RAKITNA;;;parcela 123/1;1/1;1.0;536.0;536.0;;;456596.26;83635.3;12000.0;;Cena posla ni avtomatsko cena te sestavine;2024-03-05;5;V preverjanju;2025;ETN_008_2025_KPP_2025_ZEMLJISCA_20260724.csv
Z-2025-ETN_008_2025_KPP_2025_ZEMLJISCA_20260724.csv-5;905313;ZEMLJISCE;5;Zemljišče pod stavbo ali drugo stavbi ali delu stavbe pripadajoče zemljišče (zemljišče pod stavbo, dvorišče, dovozna pot, vrt, zelenica, stanovanjski atrij in podobno);PRIPADAJOCE;1724;BREZOVICA;;;parcela 298/14;1/1;1.0;14.0;14.0;;;455636.88;98670.74;265000.0;;Cena posla ni avtomatsko cena te sestavine;2025-03-13;5;V preverjanju;2025;ETN_008_2025_KPP_2025_ZEMLJISCA_20260724.csv
Z-2025-ETN_008_2025_KPP_2025_ZEMLJISCA_20260724.csv-6;905313;ZEMLJISCE;3;Zemljišče, na katerem je ali bo mogoče graditi stavbo in je delno komunalno opremljeno ali komunalno neopremljeno;STAVBNO;1724;BREZOVICA;;;parcela 298/17;1718/50000;0.03436;119.0;4.08884;;;455631.95;98673.19;265000.0;;Cena posla ni avtomatsko cena te sestavine;2025-03-13;5;V preverjanju;2025;ETN_008_2025_KPP_2025_ZEMLJISCA_20260724.csv
Z-2025-ETN_008_2025_KPP_2025_ZEMLJISCA_20260724.csv-7;905313;ZEMLJISCE;3;Zemljišče, na katerem je ali bo mogoče graditi stavbo in je delno komunalno opremljeno ali komunalno neopremljeno;STAVBNO;1724;BREZOVICA;;;parcela 298/26;2/18;0.1111111111111111;265.0;29.444444444444443;;;455630.65;98687.04;265000.0;;Cena posla ni avtomatsko cena te sestavine;2025-03-13;5;V preverjanju;2025;ETN_008_2025_KPP_2025_ZEMLJISCA_20260724.csv
Z-2025-ETN_008_2025_KPP_2025_ZEMLJISCA_20260724.csv-8;908658;ZEMLJISCE;3;Zemljišče, na katerem je ali bo mogoče graditi stavbo in je delno komunalno opremljeno ali komunalno neopremljeno;STAVBNO;1652;RAKITNA;;;parcela 1208/374;1/1;1.0;58.0;58.0;;;455791.64;83095.09;3770.0;;Cena posla ni avtomatsko cena te sestavine;2025-04-16;5;V preverjanju;2025;ETN_008_2025_KPP_2025_ZEMLJISCA_20260724.csv
Z-2025-ETN_008_2025_KPP_2025_ZEMLJISCA_20260724.csv-9;905323;ZEMLJISCE;3;Zemljišče, na katerem je ali bo mogoče graditi stavbo in je delno komunalno opremljeno ali komunalno neopremljeno;STAVBNO;1724;BREZOVICA;;;parcela 2137/58;1/1;1.0;480.0;480.0;;;454304.93;95451.33;110000.0;;Cena posla ni avtomatsko cena te sestavine;2025-03-28;5;V preverjanju;2025;ETN_008_2025_KPP_2025_ZEMLJISCA_20260724.csv
Z-2025-ETN_008_2025_KPP_2025_ZEMLJISCA_20260724.csv-10;974424;ZEMLJISCE;1;Zemljišče na katerem je mogoče graditi stavbo in ima gradbeno dovoljenje;STAVBNO;1724;BREZOVICA;;;parcela 272/35;1/1;1.0;737.0;737.0;;;454908.92;98475.4;400000.0;;Cena posla ni avtomatsko cena te sestavine;2025-11-21;5;V preverjanju;2025;ETN_008_2025_KPP_2025_ZEMLJISCA_20260724.csv
Z-2025-ETN_008_2025_KPP_2025_ZEMLJISCA_20260724.csv-11;908653;ZEMLJISCE;3;Zemljišče, na katerem je ali bo mogoče graditi stavbo in je delno komunalno opremljeno ali komunalno neopremljeno;STAVBNO;1724;BREZOVICA;;;parcela 369/367;1/1;1.0;10.0;10.0;;;454854.09;98014.76;320400.0;;Cena posla ni avtomatsko cena te sestavine;2025-04-24;5;V preverjanju;2025;ETN_008_2025_KPP_2025_ZEMLJISCA_20260724.csv
Z-2025-ETN_008_2025_KPP_2025_ZEMLJISCA_20260724.csv-12;908653;ZEMLJISCE;3;Zemljišče, na katerem je ali bo mogoče graditi stavbo in je delno komunalno opremljeno ali komunalno neopremljeno;STAVBNO;1724;BREZOVICA;;;parcela 369/368;1/1;1.0;527.0;527.0;;;454845.51;98002.95;320400.0;;Cena posla ni avtomatsko cena te sestavine;2025-04-24;5;V preverjanju;2025;ETN_008_2025_KPP_2025_ZEMLJISCA_20260724.csv
Z-2025-ETN_008_2025_KPP_2025_ZEMLJISCA_20260724.csv-13;908653;ZEMLJISCE;3;Zemljišče, na katerem je ali bo mogoče graditi stavbo in je delno komunalno opremljeno ali komunalno neopremljeno;STAVBNO;1724;BREZOVICA;;;parcela 369/362;1/1;1.0;42.0;42.0;;;454849.81;98026.93;320400.0;;Cena posla ni avtomatsko cena te sestavine;2025-04-24;5;V preverjanju;2025;ETN_008_2025_KPP_2025_ZEMLJISCA_20260724.csv
Z-2025-ETN_008_2025_KPP_2025_ZEMLJISCA_20260724.csv-14;908653;ZEMLJISCE;3;Zemljišče, na katerem je ali bo mogoče graditi stavbo in je delno komunalno opremljeno ali komunalno neopremljeno;STAVBNO;1724;BREZOVICA;;;parcela 369/361;1/1;1.0;489.0;489.0;;;454837.94;98023.35;320400.0;;Cena posla ni avtomatsko cena te sestavine;2025-04-24;5;V preverjanju;2025;ETN_008_2025_KPP_2025_ZEMLJISCA_20260724.csv
Z-2025-ETN_008_2025_KPP_2025_ZEMLJISCA_20260724.csv-15;974364;ZEMLJISCE;5;Zemljišče pod stavbo ali drugo stavbi ali delu stavbe pripadajoče zemljišče (zemljišče pod stavbo, dvorišče, dovozna pot, vrt, zelenica, stanovanjski atrij in podobno);PRIPADAJOCE;1724;BREZOVICA;;;parcela 2405/1;1/1;1.0;934.0;934.0;;;453657.13;94817.88;180000.0;;Cena posla ni avtomatsko cena te sestavine;2025-11-11;5;V preverjanju;2025;ETN_008_2025_KPP_2025_ZEMLJISCA_20260724.csv
Z-2025-ETN_008_2025_KPP_2025_ZEMLJISCA_20260724.csv-16;969504;ZEMLJISCE;3;Zemljišče, na katerem je ali bo mogoče graditi stavbo in je delno komunalno opremljeno ali komunalno neopremljeno;STAVBNO;1652;RAKITNA;;;parcela 1397/52;1/1;1.0;252.0;252.0;;;456685.09;82785.24;28360.0;;Cena posla ni avtomatsko cena te sestavine;2025-09-25;5;V preverjanju;2025;ETN_008_2025_KPP_2025_ZEMLJISCA_20260724.csv
Z-2025-ETN_008_2025_KPP_2025_ZEMLJISCA_20260724.csv-17;969504;ZEMLJISCE;3;Zemljišče, na katerem je ali bo mogoče graditi stavbo in je delno komunalno opremljeno ali komunalno neopremljeno;STAVBNO;1652;RAKITNA;;;parcela 1397/53;1/1;1.0;309.0;309.0;;;456709.9;82814.73;28360.0;;Cena posla ni avtomatsko cena te sestavine;2025-09-25;5;V preverjanju;2025;ETN_008_2025_KPP_2025_ZEMLJISCA_20260724.csv
Z-2025-ETN_008_2025_KPP_2025_ZEMLJISCA_20260724.csv-18;969504;ZEMLJISCE;3;Zemljišče, na katerem je ali bo mogoče graditi stavbo in je delno komunalno opremljeno ali komunalno neopremljeno;STAVBNO;1652;RAKITNA;;;parcela 1397/56;1/1;1.0;83.0;83.0;;;456683.57;82832.94;28360.0;;Cena posla ni avtomatsko cena te sestavine;2025-09-25;5;V preverjanju;2025;ETN_008_2025_KPP_2025_ZEMLJISCA_20260724.csv
Z-2025-ETN_008_2025_KPP_2025_ZEMLJISCA_20260724.csv-19;905918;ZEMLJISCE;3;Zemljišče, na katerem je ali bo mogoče graditi stavbo in je delno komunalno opremljeno ali komunalno neopremljeno;STAVBNO;1724;BREZOVICA;;;parcela 1126/6;1/1;1.0;1083.0;1083.0;;;454927.65;96814.16;125000.0;;Cena posla ni avtomatsko cena te sestavine;2025-02-28;5;V preverjanju;2025;ETN_008_2025_KPP_2025_ZEMLJISCA_20260724.csv
Z-2025-ETN_008_2025_KPP_2025_ZEMLJISCA_20260724.csv-20;961111;ZEMLJISCE;3;Zemljišče, na katerem je ali bo mogoče graditi stavbo in je delno komunalno opremljeno ali komunalno neopremljeno;STAVBNO;1724;BREZOVICA;;;parcela 574/36;1/1;1.0;51.0;51.0;;;454575.88;97435.3;10200.0;;Cena posla ni avtomatsko cena te sestavine;2025-07-21;5;V preverjanju;2025;ETN_008_2025_KPP_2025_ZEMLJISCA_20260724.csv
Z-2025-ETN_008_2025_KPP_2025_ZEMLJISCA_20260724.csv-21;961021;ZEMLJISCE;3;Zemljišče, na katerem je ali bo mogoče graditi stavbo in je delno komunalno opremljeno ali komunalno neopremljeno;STAVBNO;1724;BREZOVICA;;;parcela 531/8;1/1;1.0;441.0;441.0;;;454796.72;96857.09;140000.0;;Cena posla ni avtomatsko cena te sestavine;2025-07-15;5;V preverjanju;2025;ETN_008_2025_KPP_2025_ZEMLJISCA_20260724.csv
Z-2025-ETN_008_2025_KPP_2025_ZEMLJISCA_20260724.csv-22;961021;ZEMLJISCE;3;Zemljišče, na katerem je ali bo mogoče graditi stavbo in je delno komunalno opremljeno ali komunalno neopremljeno;STAVBNO;1724;BREZOVICA;;;parcela 531/21;1/1;1.0;59.0;59.0;;;454798.27;96847.81;140000.0;;Cena posla ni avtomatsko cena te sestavine;2025-07-15;5;V preverjanju;2025;ETN_008_2025_KPP_2025_ZEMLJISCA_20260724.csv
Z-2025-ETN_008_2025_KPP_2025_ZEMLJISCA_20260724.csv-23;961174;ZEMLJISCE;5;Zemljišče pod stavbo ali drugo stavbi ali delu stavbe pripadajoče zemljišče (zemljišče pod stavbo, dvorišče, dovozna pot, vrt, zelenica, stanovanjski atrij in podobno);PRIPADAJOCE;1705;PRESERJE;;;parcela 911/7;1/8;0.125;500.0;62.5;;;455041.28;92985.84;140000.0;;Cena posla ni avtomatsko cena te sestavine;2025-07-21;5;V preverjanju;2025;ETN_008_2025_KPP_2025_ZEMLJISCA_20260724.csv
Z-2025-ETN_008_2025_KPP_2025_ZEMLJISCA_20260724.csv-24;906644;ZEMLJISCE;5;Zemljišče pod stavbo ali drugo stavbi ali delu stavbe pripadajoče zemljišče (zemljišče pod stavbo, dvorišče, dovozna pot, vrt, zelenica, stanovanjski atrij in podobno);PRIPADAJOCE;1704;KAMNIK;;;parcela 3348/2;1/1;1.0;63.0;63.0;;;453377.12;91451.89;8580.0;;Cena posla ni avtomatsko cena te sestavine;2025-04-02;5;V preverjanju;2025;ETN_008_2025_KPP_2025_ZEMLJISCA_20260724.csv
Z-2025-ETN_008_2025_KPP_2025_ZEMLJISCA_20260724.csv-25;906644;ZEMLJISCE;5;Zemljišče pod stavbo ali drugo stavbi ali delu stavbe pripadajoče zemljišče (zemljišče pod stavbo, dvorišče, dovozna pot, vrt, zelenica, stanovanjski atrij in podobno);PRIPADAJOCE;1704;KAMNIK;;;parcela 3349/6;1/1;1.0;80.0;80.0;;;453380.08;91442.16;8580.0;;Cena posla ni avtomatsko cena te sestavine;2025-04-02;5;V preverjanju;2025;ETN_008_2025_KPP_2025_ZEMLJISCA_20260724.csv
Z-2025-ETN_008_2025_KPP_2025_ZEMLJISCA_20260724.csv-26;906687;ZEMLJISCE;9;Zemljišče za gozdno rabo (gozd);GOZDNO;1705;PRESERJE;;;parcela 2369;1/1;1.0;49803.0;49803.0;;;458543.56;86552.1;40000.0;;Cena posla ni avtomatsko cena te sestavine;2025-03-13;5;V preverjanju;2025;ETN_008_2025_KPP_2025_ZEMLJISCA_20260724.csv
Z-2025-ETN_008_2025_KPP_2025_ZEMLJISCA_20260724.csv-27;906689;ZEMLJISCE;5;Zemljišče pod stavbo ali drugo stavbi ali delu stavbe pripadajoče zemljišče (zemljišče pod stavbo, dvorišče, dovozna pot, vrt, zelenica, stanovanjski atrij in podobno);PRIPADAJOCE;1652;RAKITNA;;;parcela 9;1/1;1.0;228.0;228.0;;;455634.37;83877.19;36200.0;;Cena posla ni avtomatsko cena te sestavine;2025-04-09;5;V preverjanju;2025;ETN_008_2025_KPP_2025_ZEMLJISCA_20260724.csv
Z-2025-ETN_008_2025_KPP_2025_ZEMLJISCA_20260724.csv-28;957712;ZEMLJISCE;5;Zemljišče pod stavbo ali drugo stavbi ali delu stavbe pripadajoče zemljišče (zemljišče pod stavbo, dvorišče, dovozna pot, vrt, zelenica, stanovanjski atrij in podobno);PRIPADAJOCE;1724;BREZOVICA;;;parcela 607/14;1/1;1.0;208.0;208.0;;;454555.03;98372.18;50000.0;;Cena posla ni avtomatsko cena te sestavine;2025-06-19;5;V preverjanju;2025;ETN_008_2025_KPP_2025_ZEMLJISCA_20260724.csv
Z-2025-ETN_008_2025_KPP_2025_ZEMLJISCA_20260724.csv-29;963319;ZEMLJISCE;9;Zemljišče za gozdno rabo (gozd);GOZDNO;1652;RAKITNA;;;parcela 1586/97;1/1;1.0;16170.0;16170.0;;;459052.28;82920.04;5695.5;;Cena posla ni avtomatsko cena te sestavine;2025-07-14;5;V preverjanju;2025;ETN_008_2025_KPP_2025_ZEMLJISCA_20260724.csv
Z-2025-ETN_008_2025_KPP_2025_ZEMLJISCA_20260724.csv-30;909970;ZEMLJISCE;3;Zemljišče, na katerem je ali bo mogoče graditi stavbo in je delno komunalno opremljeno ali komunalno neopremljeno;STAVBNO;1704;KAMNIK;;;parcela 2726/13;1/1;1.0;291.0;291.0;;;454084.14;90554.25;145000.0;;Cena posla ni avtomatsko cena te sestavine;2025-05-20;5;V preverjanju;2025;ETN_008_2025_KPP_2025_ZEMLJISCA_20260724.csv
Z-2025-ETN_008_2025_KPP_2025_ZEMLJISCA_20260724.csv-31;973580;ZEMLJISCE;6;Zemljišče, na katerem je cesta ali parkirišče;INFRASTRUKTURA;1652;RAKITNA;;;parcela 893/202;1/1;1.0;110.0;110.0;;;456110.48;83443.77;5200.0;;Cena posla ni avtomatsko cena te sestavine;2025-11-09;5;V preverjanju;2025;ETN_008_2025_KPP_2025_ZEMLJISCA_20260724.csv
Z-2025-ETN_008_2025_KPP_2025_ZEMLJISCA_20260724.csv-32;973595;ZEMLJISCE;2;Zemljišče, na katerem je mogoče graditi stavbo in je komunalno opremljeno (priključki na vodo, elektriko in neposredni dostop do dovozne poti);STAVBNO;1724;BREZOVICA;;;parcela 2239/4;1/1;1.0;333.0;333.0;;;454151.59;95623.66;100000.0;;Cena posla ni avtomatsko cena te sestavine;2025-11-12;5;V preverjanju;2025;ETN_008_2025_KPP_2025_ZEMLJISCA_20260724.csv
Z-2025-ETN_008_2025_KPP_2025_ZEMLJISCA_20260724.csv-33;899147;ZEMLJISCE;7;Zemljišče za kmetijsko rabo (njiva, travnik, pašnik);KMETIJSKO;1724;BREZOVICA;;;parcela 3020/10;1/1;1.0;700.0;700.0;;;452009.16;96150.51;117000.0;;Cena posla ni avtomatsko cena te sestavine;2024-09-23;2;Tržen posel – neustrezni podatki;2025;ETN_008_2025_KPP_2025_ZEMLJISCA_20260724.csv
Z-2025-ETN_008_2025_KPP_2025_ZEMLJISCA_20260724.csv-34;899147;ZEMLJISCE;7;Zemljišče za kmetijsko rabo (njiva, travnik, pašnik);KMETIJSKO;1724;BREZOVICA;;;parcela 3020/11;1/1;1.0;760.0;760.0;;;452020.62;96176.39;117000.0;;Cena posla ni avtomatsko cena te sestavine;2024-09-23;2;Tržen posel – neustrezni podatki;2025;ETN_008_2025_KPP_2025_ZEMLJISCA_20260724.csv
Z-2025-ETN_008_2025_KPP_2025_ZEMLJISCA_20260724.csv-35;892741;ZEMLJISCE;5;Zemljišče pod stavbo ali drugo stavbi ali delu stavbe pripadajoče zemljišče (zemljišče pod stavbo, dvorišče, dovozna pot, vrt, zelenica, stanovanjski atrij in podobno);PRIPADAJOCE;1652;RAKITNA;;;parcela 1332/2;1/1;1.0;1340.0;1340.0;;;456616.13;82544.98;235000.0;;Cena posla ni avtomatsko cena te sestavine;2024-11-21;2;Tržen posel – neustrezni podatki;2025;ETN_008_2025_KPP_2025_ZEMLJISCA_20260724.csv
Z-2025-ETN_008_2025_KPP_2025_ZEMLJISCA_20260724.csv-36;892680;ZEMLJISCE;5;Zemljišče pod stavbo ali drugo stavbi ali delu stavbe pripadajoče zemljišče (zemljišče pod stavbo, dvorišče, dovozna pot, vrt, zelenica, stanovanjski atrij in podobno);PRIPADAJOCE;1724;BREZOVICA;;;parcela 1126/4;1/1;1.0;841.0;841.0;;;454951.02;96805.31;241947.0;;Cena posla ni avtomatsko cena te sestavine;2024-11-19;2;Tržen posel – neustrezni podatki;2025;ETN_008_2025_KPP_2025_ZEMLJISCA_20260724.csv
Z-2025-ETN_008_2025_KPP_2025_ZEMLJISCA_20260724.csv-37;892786;ZEMLJISCE;3;Zemljišče, na katerem je ali bo mogoče graditi stavbo in je delno komunalno opremljeno ali komunalno neopremljeno;STAVBNO;1724;BREZOVICA;;;parcela 2138/59;1/1;1.0;586.0;586.0;;;454292.21;95482.56;140000.0;;Cena posla ni avtomatsko cena te sestavine;2024-11-22;1;Tržen posel;2025;ETN_008_2025_KPP_2025_ZEMLJISCA_20260724.csv
Z-2025-ETN_008_2025_KPP_2025_ZEMLJISCA_20260724.csv-38;897164;ZEMLJISCE;7;Zemljišče za kmetijsko rabo (njiva, travnik, pašnik);KMETIJSKO;1703;JEZERO;;;parcela 606;1/9;0.1111111111111111;651.0;72.33333333333333;;;456284.72;92251.21;662.0;;Cena posla ni avtomatsko cena te sestavine;2024-10-28;3;Drug posel;2025;ETN_008_2025_KPP_2025_ZEMLJISCA_20260724.csv
Z-2025-ETN_008_2025_KPP_2025_ZEMLJISCA_20260724.csv-39;897164;ZEMLJISCE;7;Zemljišče za kmetijsko rabo (njiva, travnik, pašnik);KMETIJSKO;1703;JEZERO;;;parcela 38;1/18;0.05555555555555555;1068.0;59.33333333333333;;;456451.18;92264.8;662.0;;Cena posla ni avtomatsko cena te sestavine;2024-10-28;3;Drug posel;2025;ETN_008_2025_KPP_2025_ZEMLJISCA_20260724.csv
Z-2025-ETN_008_2025_KPP_2025_ZEMLJISCA_20260724.csv-40;897252;ZEMLJISCE;5;Zemljišče pod stavbo ali drugo stavbi ali delu stavbe pripadajoče zemljišče (zemljišče pod stavbo, dvorišče, dovozna pot, vrt, zelenica, stanovanjski atrij in podobno);PRIPADAJOCE;1704;KAMNIK;;;parcela 3547;1/1;1.0;1106.0;1106.0;;;454212.59;90850.51;110600.0;;Cena posla ni avtomatsko cena te sestavine;2025-01-14;2;Tržen posel – neustrezni podatki;2025;ETN_008_2025_KPP_2025_ZEMLJISCA_20260724.csv
Z-2025-ETN_008_2025_KPP_2025_ZEMLJISCA_20260724.csv-41;893126;ZEMLJISCE;7;Zemljišče za kmetijsko rabo (njiva, travnik, pašnik);KMETIJSKO;1704;KAMNIK;;;parcela 3270/1;1/1;1.0;4103.0;4103.0;;;454764.52;90183.69;10000.0;;Cena posla ni avtomatsko cena te sestavine;2024-10-14;2;Tržen posel – neustrezni podatki;2025;ETN_008_2025_KPP_2025_ZEMLJISCA_20260724.csv
Z-2025-ETN_008_2025_KPP_2025_ZEMLJISCA_20260724.csv-42;906354;ZEMLJISCE;5;Zemljišče pod stavbo ali drugo stavbi ali delu stavbe pripadajoče zemljišče (zemljišče pod stavbo, dvorišče, dovozna pot, vrt, zelenica, stanovanjski atrij in podobno);PRIPADAJOCE;1705;PRESERJE;;;parcela 856/4;1/1;1.0;910.0;910.0;;;454655.58;92078.13;380000.0;;Cena posla ni avtomatsko cena te sestavine;2025-04-07;5;V preverjanju;2025;ETN_008_2025_KPP_2025_ZEMLJISCA_20260724.csv
Z-2025-ETN_008_2025_KPP_2025_ZEMLJISCA_20260724.csv-43;898361;ZEMLJISCE;5;Zemljišče pod stavbo ali drugo stavbi ali delu stavbe pripadajoče zemljišče (zemljišče pod stavbo, dvorišče, dovozna pot, vrt, zelenica, stanovanjski atrij in podobno);PRIPADAJOCE;1704;KAMNIK;;;parcela 914/72;1/1;1.0;294.0;294.0;;;453718.37;91885.49;8000.0;;Cena posla ni avtomatsko cena te sestavine;2024-12-02;2;Tržen posel – neustrezni podatki;2025;ETN_008_2025_KPP_2025_ZEMLJISCA_20260724.csv
Z-2025-ETN_008_2025_KPP_2025_ZEMLJISCA_20260724.csv-44;898879;ZEMLJISCE;3;Zemljišče, na katerem je ali bo mogoče graditi stavbo in je delno komunalno opremljeno ali komunalno neopremljeno;STAVBNO;1724;BREZOVICA;;;parcela 336/3;1/1;1.0;586.0;586.0;;;455520.32;98497.34;400000.0;;Cena posla ni avtomatsko cena te sestavine;2025-01-23;1;Tržen posel;2025;ETN_008_2025_KPP_2025_ZEMLJISCA_20260724.csv
Z-2025-ETN_008_2025_KPP_2025_ZEMLJISCA_20260724.csv-45;898879;ZEMLJISCE;3;Zemljišče, na katerem je ali bo mogoče graditi stavbo in je delno komunalno opremljeno ali komunalno neopremljeno;STAVBNO;1724;BREZOVICA;;;parcela 336/4;1/1;1.0;800.0;800.0;;;455503.97;98511.07;400000.0;;Cena posla ni avtomatsko cena te sestavine;2025-01-23;1;Tržen posel;2025;ETN_008_2025_KPP_2025_ZEMLJISCA_20260724.csv
Z-2025-ETN_008_2025_KPP_2025_ZEMLJISCA_20260724.csv-46;898728;ZEMLJISCE;3;Zemljišče, na katerem je ali bo mogoče graditi stavbo in je delno komunalno opremljeno ali komunalno neopremljeno;STAVBNO;1724;BREZOVICA;;;parcela 586/16;1/1;1.0;89.0;89.0;;;454824.88;97597.74;179840.0;;Cena posla ni avtomatsko cena te sestavine;2025-01-22;2;Tržen posel – neustrezni podatki;2025;ETN_008_2025_KPP_2025_ZEMLJISCA_20260724.csv
Z-2025-ETN_008_2025_KPP_2025_ZEMLJISCA_20260724.csv-47;898728;ZEMLJISCE;3;Zemljišče, na katerem je ali bo mogoče graditi stavbo in je delno komunalno opremljeno ali komunalno neopremljeno;STAVBNO;1724;BREZOVICA;;;parcela 586/18;1/1;1.0;473.0;473.0;;;454826.59;97586.99;179840.0;;Cena posla ni avtomatsko cena te sestavine;2025-01-22;2;Tržen posel – neustrezni podatki;2025;ETN_008_2025_KPP_2025_ZEMLJISCA_20260724.csv
Z-2025-ETN_008_2025_KPP_2025_ZEMLJISCA_20260724.csv-48;898798;ZEMLJISCE;7;Zemljišče za kmetijsko rabo (njiva, travnik, pašnik);KMETIJSKO;1704;KAMNIK;;;parcela 2808/15;1/1;1.0;140.0;140.0;;;453971.98;90622.89;2800.0;;Cena posla ni avtomatsko cena te sestavine;2025-01-06;2;Tržen posel – neustrezni podatki;2025;ETN_008_2025_KPP_2025_ZEMLJISCA_20260724.csv
Z-2025-ETN_008_2025_KPP_2025_ZEMLJISCA_20260724.csv-49;898722;ZEMLJISCE;3;Zemljišče, na katerem je ali bo mogoče graditi stavbo in je delno komunalno opremljeno ali komunalno neopremljeno;STAVBNO;1724;BREZOVICA;;;parcela 586/19;1/1;1.0;477.0;477.0;;;454850.11;97592.77;181950.0;;Cena posla ni avtomatsko cena te sestavine;2024-01-21;2;Tržen posel – neustrezni podatki;2025;ETN_008_2025_KPP_2025_ZEMLJISCA_20260724.csv
Z-2025-ETN_008_2025_KPP_2025_ZEMLJISCA_20260724.csv-50;898722;ZEMLJISCE;7;Zemljišče za kmetijsko rabo (njiva, travnik, pašnik);KMETIJSKO;1724;BREZOVICA;;;parcela 586/5;1/1;1.0;818.0;818.0;;;454880.87;97597.91;181950.0;;Cena posla ni avtomatsko cena te sestavine;2024-01-21;2;Tržen posel – neustrezni podatki;2025;ETN_008_2025_KPP_2025_ZEMLJISCA_20260724.csv
Z-2025-ETN_008_2025_KPP_2025_ZEMLJISCA_20260724.csv-51;900520;ZEMLJISCE;5;Zemljišče pod stavbo ali drugo stavbi ali delu stavbe pripadajoče zemljišče (zemljišče pod stavbo, dvorišče, dovozna pot, vrt, zelenica, stanovanjski atrij in podobno);PRIPADAJOCE;1724;BREZOVICA;;;parcela 369/208;1/45;0.022222222222222223;134.0;2.977777777777778;;;455022.69;97940.65;325000.0;;Cena posla ni avtomatsko cena te sestavine;2025-02-17;2;Tržen posel – neustrezni podatki;2025;ETN_008_2025_KPP_2025_ZEMLJISCA_20260724.csv
Z-2025-ETN_008_2025_KPP_2025_ZEMLJISCA_20260724.csv-52;900520;ZEMLJISCE;5;Zemljišče pod stavbo ali drugo stavbi ali delu stavbe pripadajoče zemljišče (zemljišče pod stavbo, dvorišče, dovozna pot, vrt, zelenica, stanovanjski atrij in podobno);PRIPADAJOCE;1724;BREZOVICA;;;parcela 369/202;1/3;0.3333333333333333;109.0;36.33333333333333;;;455111.16;97989.72;325000.0;;Cena posla ni avtomatsko cena te sestavine;2025-02-17;2;Tržen posel – neustrezni podatki;2025;ETN_008_2025_KPP_2025_ZEMLJISCA_20260724.csv
Z-2025-ETN_008_2025_KPP_2025_ZEMLJISCA_20260724.csv-53;900520;ZEMLJISCE;5;Zemljišče pod stavbo ali drugo stavbi ali delu stavbe pripadajoče zemljišče (zemljišče pod stavbo, dvorišče, dovozna pot, vrt, zelenica, stanovanjski atrij in podobno);PRIPADAJOCE;1724;BREZOVICA;;;parcela 369/205;1/45;0.022222222222222223;122.0;2.7111111111111112;;;455067.04;97973.29;325000.0;;Cena posla ni avtomatsko cena te sestavine;2025-02-17;2;Tržen posel – neustrezni podatki;2025;ETN_008_2025_KPP_2025_ZEMLJISCA_20260724.csv
Z-2025-ETN_008_2025_KPP_2025_ZEMLJISCA_20260724.csv-54;900520;ZEMLJISCE;5;Zemljišče pod stavbo ali drugo stavbi ali delu stavbe pripadajoče zemljišče (zemljišče pod stavbo, dvorišče, dovozna pot, vrt, zelenica, stanovanjski atrij in podobno);PRIPADAJOCE;1724;BREZOVICA;;;parcela 369/206;1/19;0.05263157894736842;774.0;40.73684210526316;;;455064.01;97967.83;325000.0;;Cena posla ni avtomatsko cena te sestavine;2025-02-17;2;Tržen posel – neustrezni podatki;2025;ETN_008_2025_KPP_2025_ZEMLJISCA_20260724.csv
Z-2025-ETN_008_2025_KPP_2025_ZEMLJISCA_20260724.csv-55;900520;ZEMLJISCE;5;Zemljišče pod stavbo ali drugo stavbi ali delu stavbe pripadajoče zemljišče (zemljišče pod stavbo, dvorišče, dovozna pot, vrt, zelenica, stanovanjski atrij in podobno);PRIPADAJOCE;1724;BREZOVICA;;;parcela 369/182;1/45;0.022222222222222223;867.0;19.266666666666666;;;455113.04;97965.69;325000.0;;Cena posla ni avtomatsko cena te sestavine;2025-02-17;2;Tržen posel – neustrezni podatki;2025;ETN_008_2025_KPP_2025_ZEMLJISCA_20260724.csv
Z-2025-ETN_008_2025_KPP_2025_ZEMLJISCA_20260724.csv-56;900659;ZEMLJISCE;5;Zemljišče pod stavbo ali drugo stavbi ali delu stavbe pripadajoče zemljišče (zemljišče pod stavbo, dvorišče, dovozna pot, vrt, zelenica, stanovanjski atrij in podobno);PRIPADAJOCE;1724;BREZOVICA;;;parcela 2230/11;1/1;1.0;79.0;79.0;;;454208.46;95780.23;326000.0;;Cena posla ni avtomatsko cena te sestavine;2025-02-11;2;Tržen posel – neustrezni podatki;2025;ETN_008_2025_KPP_2025_ZEMLJISCA_20260724.csv
Z-2025-ETN_008_2025_KPP_2025_ZEMLJISCA_20260724.csv-57;900659;ZEMLJISCE;5;Zemljišče pod stavbo ali drugo stavbi ali delu stavbe pripadajoče zemljišče (zemljišče pod stavbo, dvorišče, dovozna pot, vrt, zelenica, stanovanjski atrij in podobno);PRIPADAJOCE;1724;BREZOVICA;;;parcela 2230/9;1/4;0.25;521.0;130.25;;;454185.54;95799.93;326000.0;;Cena posla ni avtomatsko cena te sestavine;2025-02-11;2;Tržen posel – neustrezni podatki;2025;ETN_008_2025_KPP_2025_ZEMLJISCA_20260724.csv
Z-2025-ETN_008_2025_KPP_2025_ZEMLJISCA_20260724.csv-58;900659;ZEMLJISCE;5;Zemljišče pod stavbo ali drugo stavbi ali delu stavbe pripadajoče zemljišče (zemljišče pod stavbo, dvorišče, dovozna pot, vrt, zelenica, stanovanjski atrij in podobno);PRIPADAJOCE;1724;BREZOVICA;;;parcela 2230/7;1/1;1.0;285.0;285.0;;;454197.65;95775.28;326000.0;;Cena posla ni avtomatsko cena te sestavine;2025-02-11;2;Tržen posel – neustrezni podatki;2025;ETN_008_2025_KPP_2025_ZEMLJISCA_20260724.csv
Z-2025-ETN_008_2025_KPP_2025_ZEMLJISCA_20260724.csv-59;967591;ZEMLJISCE;3;Zemljišče, na katerem je ali bo mogoče graditi stavbo in je delno komunalno opremljeno ali komunalno neopremljeno;STAVBNO;1724;BREZOVICA;;;parcela 1008;1/1;1.0;2014.0;2014.0;;;454096.08;95862.52;450000.0;;Cena posla ni avtomatsko cena te sestavine;2025-09-18;5;V preverjanju;2025;ETN_008_2025_KPP_2025_ZEMLJISCA_20260724.csv
Z-2025-ETN_008_2025_KPP_2025_ZEMLJISCA_20260724.csv-60;967716;ZEMLJISCE;3;Zemljišče, na katerem je ali bo mogoče graditi stavbo in je delno komunalno opremljeno ali komunalno neopremljeno;STAVBNO;1704;KAMNIK;;;parcela 8;1/1;1.0;21.0;21.0;;;454290.11;90672.79;2100.0;;Cena posla ni avtomatsko cena te sestavine;2025-09-17;5;V preverjanju;2025;ETN_008_2025_KPP_2025_ZEMLJISCA_20260724.csv
Z-2025-ETN_008_2025_KPP_2025_ZEMLJISCA_20260724.csv-61;963662;ZEMLJISCE;3;Zemljišče, na katerem je ali bo mogoče graditi stavbo in je delno komunalno opremljeno ali komunalno neopremljeno;STAVBNO;1724;BREZOVICA;;;parcela 2137/57;1/1;1.0;558.0;558.0;;;454317.67;95465.37;80000.0;;Cena posla ni avtomatsko cena te sestavine;2025-08-05;5;V preverjanju;2025;ETN_008_2025_KPP_2025_ZEMLJISCA_20260724.csv
Z-2025-ETN_008_2025_KPP_2025_ZEMLJISCA_20260724.csv-62;963662;ZEMLJISCE;3;Zemljišče, na katerem je ali bo mogoče graditi stavbo in je delno komunalno opremljeno ali komunalno neopremljeno;STAVBNO;1724;BREZOVICA;;;parcela 2137/50;1/1;1.0;50.0;50.0;;;454297.6;95464.94;80000.0;;Cena posla ni avtomatsko cena te sestavine;2025-08-05;5;V preverjanju;2025;ETN_008_2025_KPP_2025_ZEMLJISCA_20260724.csv
Z-2025-ETN_008_2025_KPP_2025_ZEMLJISCA_20260724.csv-63;963482;ZEMLJISCE;7;Zemljišče za kmetijsko rabo (njiva, travnik, pašnik);KMETIJSKO;1703;JEZERO;;;parcela 151/5;1/1;1.0;347.0;347.0;;;456099.41;92840.44;347.0;;Cena posla ni avtomatsko cena te sestavine;2025-06-23;5;V preverjanju;2025;ETN_008_2025_KPP_2025_ZEMLJISCA_20260724.csv
Z-2025-ETN_008_2025_KPP_2025_ZEMLJISCA_20260724.csv-64;963584;ZEMLJISCE;7;Zemljišče za kmetijsko rabo (njiva, travnik, pašnik);KMETIJSKO;1724;BREZOVICA;;;parcela 3497/2;1/1;1.0;262.0;262.0;;;453913.48;93428.37;44407.5;;Cena posla ni avtomatsko cena te sestavine;2025-06-26;5;V preverjanju;2025;ETN_008_2025_KPP_2025_ZEMLJISCA_20260724.csv
Z-2025-ETN_008_2025_KPP_2025_ZEMLJISCA_20260724.csv-65;963584;ZEMLJISCE;7;Zemljišče za kmetijsko rabo (njiva, travnik, pašnik);KMETIJSKO;1724;BREZOVICA;;;parcela 3497/1;1/1;1.0;17501.0;17501.0;;;454000.42;93122.65;44407.5;;Cena posla ni avtomatsko cena te sestavine;2025-06-26;5;V preverjanju;2025;ETN_008_2025_KPP_2025_ZEMLJISCA_20260724.csv
Z-2025-ETN_008_2025_KPP_2025_ZEMLJISCA_20260724.csv-66;963443;ZEMLJISCE;1;Zemljišče na katerem je mogoče graditi stavbo in ima gradbeno dovoljenje;STAVBNO;1703;JEZERO;;;parcela 362/201;1/2;0.5;102.0;51.0;;;455155.57;92928.49;170000.0;;Cena posla ni avtomatsko cena te sestavine;2025-07-25;5;V preverjanju;2025;ETN_008_2025_KPP_2025_ZEMLJISCA_20260724.csv
Z-2025-ETN_008_2025_KPP_2025_ZEMLJISCA_20260724.csv-67;963443;ZEMLJISCE;5;Zemljišče pod stavbo ali drugo stavbi ali delu stavbe pripadajoče zemljišče (zemljišče pod stavbo, dvorišče, dovozna pot, vrt, zelenica, stanovanjski atrij in podobno);PRIPADAJOCE;1703;JEZERO;;;parcela 364/6;1/1;1.0;581.0;581.0;;;455179.1;92918.53;170000.0;;Cena posla ni avtomatsko cena te sestavine;2025-07-25;5;V preverjanju;2025;ETN_008_2025_KPP_2025_ZEMLJISCA_20260724.csv
Z-2025-ETN_008_2025_KPP_2025_ZEMLJISCA_20260724.csv-68;960790;ZEMLJISCE;3;Zemljišče, na katerem je ali bo mogoče graditi stavbo in je delno komunalno opremljeno ali komunalno neopremljeno;STAVBNO;1724;BREZOVICA;;;parcela 2314/2;1/1;1.0;203.0;203.0;;;453946.87;95598.31;14210.0;;Cena posla ni avtomatsko cena te sestavine;2025-07-15;5;V preverjanju;2025;ETN_008_2025_KPP_2025_ZEMLJISCA_20260724.csv
Z-2025-ETN_008_2025_KPP_2025_ZEMLJISCA_20260724.csv-69;960791;ZEMLJISCE;5;Zemljišče pod stavbo ali drugo stavbi ali delu stavbe pripadajoče zemljišče (zemljišče pod stavbo, dvorišče, dovozna pot, vrt, zelenica, stanovanjski atrij in podobno);PRIPADAJOCE;1724;BREZOVICA;;;parcela 2314/3;1/1;1.0;70.0;70.0;;;453956.17;95594.92;4900.0;;Cena posla ni avtomatsko cena te sestavine;2025-07-15;5;V preverjanju;2025;ETN_008_2025_KPP_2025_ZEMLJISCA_20260724.csv
Z-2025-ETN_008_2025_KPP_2025_ZEMLJISCA_20260724.csv-70;960829;ZEMLJISCE;5;Zemljišče pod stavbo ali drugo stavbi ali delu stavbe pripadajoče zemljišče (zemljišče pod stavbo, dvorišče, dovozna pot, vrt, zelenica, stanovanjski atrij in podobno);PRIPADAJOCE;1724;BREZOVICA;;;parcela 3728/8;1/1;1.0;86.0;86.0;;;455610.17;98171.75;6020.0;;Cena posla ni avtomatsko cena te sestavine;2025-07-15;5;V preverjanju;2025;ETN_008_2025_KPP_2025_ZEMLJISCA_20260724.csv
Z-2025-ETN_008_2025_KPP_2025_ZEMLJISCA_20260724.csv-71;960788;ZEMLJISCE;9;Zemljišče za gozdno rabo (gozd);GOZDNO;1724;BREZOVICA;;;parcela 2842;1/1;1.0;7681.0;7681.0;;;452900.23;95156.7;6500.0;;Cena posla ni avtomatsko cena te sestavine;2025-07-07;5;V preverjanju;2025;ETN_008_2025_KPP_2025_ZEMLJISCA_20260724.csv
Z-2025-ETN_008_2025_KPP_2025_ZEMLJISCA_20260724.csv-72;970163;ZEMLJISCE;3;Zemljišče, na katerem je ali bo mogoče graditi stavbo in je delno komunalno opremljeno ali komunalno neopremljeno;STAVBNO;1724;BREZOVICA;;;parcela 582/8;1/1;1.0;650.0;650.0;;;454607.07;97549.44;285000.0;;Cena posla ni avtomatsko cena te sestavine;2025-10-03;5;V preverjanju;2025;ETN_008_2025_KPP_2025_ZEMLJISCA_20260724.csv
Z-2025-ETN_008_2025_KPP_2025_ZEMLJISCA_20260724.csv-73;966377;ZEMLJISCE;7;Zemljišče za kmetijsko rabo (njiva, travnik, pašnik);KMETIJSKO;1652;RAKITNA;;;parcela 1044;1/1;1.0;6481.0;6481.0;;;455893.68;85846.03;5832.9;;Cena posla ni avtomatsko cena te sestavine;2025-09-02;5;V preverjanju;2025;ETN_008_2025_KPP_2025_ZEMLJISCA_20260724.csv
Z-2025-ETN_008_2025_KPP_2025_ZEMLJISCA_20260724.csv-74;974238;ZEMLJISCE;3;Zemljišče, na katerem je ali bo mogoče graditi stavbo in je delno komunalno opremljeno ali komunalno neopremljeno;STAVBNO;1652;RAKITNA;;;parcela 906/18;1/1;1.0;415.0;415.0;;;455618.41;83742.51;39425.0;;Cena posla ni avtomatsko cena te sestavine;2025-11-12;5;V preverjanju;2025;ETN_008_2025_KPP_2025_ZEMLJISCA_20260724.csv
Z-2025-ETN_008_2025_KPP_2025_ZEMLJISCA_20260724.csv-75;974159;ZEMLJISCE;5;Zemljišče pod stavbo ali drugo stavbi ali delu stavbe pripadajoče zemljišče (zemljišče pod stavbo, dvorišče, dovozna pot, vrt, zelenica, stanovanjski atrij in podobno);PRIPADAJOCE;1724;BREZOVICA;;;parcela 3530/31;1/2;0.5;24.0;12.0;;;454615.26;98434.75;217000.0;;Cena posla ni avtomatsko cena te sestavine;2025-11-17;5;V preverjanju;2025;ETN_008_2025_KPP_2025_ZEMLJISCA_20260724.csv
Z-2025-ETN_008_2025_KPP_2025_ZEMLJISCA_20260724.csv-76;908394;ZEMLJISCE;9;Zemljišče za gozdno rabo (gozd);GOZDNO;1705;PRESERJE;;;parcela 2372;1/1;1.0;27709.0;27709.0;;;458581.27;86389.49;27710.0;;Cena posla ni avtomatsko cena te sestavine;2025-04-29;5;V preverjanju;2025;ETN_008_2025_KPP_2025_ZEMLJISCA_20260724.csv
Z-2025-ETN_008_2025_KPP_2025_ZEMLJISCA_20260724.csv-77;901532;ZEMLJISCE;7;Zemljišče za kmetijsko rabo (njiva, travnik, pašnik);KMETIJSKO;1724;BREZOVICA;;;parcela 860/1;1/1;1.0;2598.0;2598.0;;;453693.35;96167.69;5196.0;;Cena posla ni avtomatsko cena te sestavine;2025-01-22;5;V preverjanju;2025;ETN_008_2025_KPP_2025_ZEMLJISCA_20260724.csv
Z-2025-ETN_008_2025_KPP_2025_ZEMLJISCA_20260724.csv-78;898582;ZEMLJISCE;3;Zemljišče, na katerem je ali bo mogoče graditi stavbo in je delno komunalno opremljeno ali komunalno neopremljeno;STAVBNO;1704;KAMNIK;;;parcela 102/11;1/1;1.0;550.0;550.0;;;453886.88;91088.24;85000.0;;Cena posla ni avtomatsko cena te sestavine;2025-01-16;2;Tržen posel – neustrezni podatki;2025;ETN_008_2025_KPP_2025_ZEMLJISCA_20260724.csv
Z-2025-ETN_008_2025_KPP_2025_ZEMLJISCA_20260724.csv-79;906138;ZEMLJISCE;6;Zemljišče, na katerem je cesta ali parkirišče;INFRASTRUKTURA;1724;BREZOVICA;;;parcela 1094/16;1/6;0.16666666666666666;24.0;4.0;;;454567.47;96694.44;115000.0;;Cena posla ni avtomatsko cena te sestavine;2025-03-03;5;V preverjanju;2025;ETN_008_2025_KPP_2025_ZEMLJISCA_20260724.csv
Z-2025-ETN_008_2025_KPP_2025_ZEMLJISCA_20260724.csv-80;906138;ZEMLJISCE;6;Zemljišče, na katerem je cesta ali parkirišče;INFRASTRUKTURA;1724;BREZOVICA;;;parcela 1094/20;1/6;0.16666666666666666;2.0;0.3333333333333333;;;454570.9;96694.78;115000.0;;Cena posla ni avtomatsko cena te sestavine;2025-03-03;5;V preverjanju;2025;ETN_008_2025_KPP_2025_ZEMLJISCA_20260724.csv
Z-2025-ETN_008_2025_KPP_2025_ZEMLJISCA_20260724.csv-81;906138;ZEMLJISCE;6;Zemljišče, na katerem je cesta ali parkirišče;INFRASTRUKTURA;1724;BREZOVICA;;;parcela 1094/21;1/6;0.16666666666666666;20.0;3.333333333333333;;;454566.3;96699.06;115000.0;;Cena posla ni avtomatsko cena te sestavine;2025-03-03;5;V preverjanju;2025;ETN_008_2025_KPP_2025_ZEMLJISCA_20260724.csv
Z-2025-ETN_008_2025_KPP_2025_ZEMLJISCA_20260724.csv-82;906138;ZEMLJISCE;6;Zemljišče, na katerem je cesta ali parkirišče;INFRASTRUKTURA;1724;BREZOVICA;;;parcela 1094/10;1/6;0.16666666666666666;251.0;41.83333333333333;;;454575.28;96671.8;115000.0;;Cena posla ni avtomatsko cena te sestavine;2025-03-03;5;V preverjanju;2025;ETN_008_2025_KPP_2025_ZEMLJISCA_20260724.csv
Z-2025-ETN_008_2025_KPP_2025_ZEMLJISCA_20260724.csv-83;906138;ZEMLJISCE;6;Zemljišče, na katerem je cesta ali parkirišče;INFRASTRUKTURA;1724;BREZOVICA;;;parcela 1094/9;1/6;0.16666666666666666;50.0;8.333333333333332;;;454560.3;96695.51;115000.0;;Cena posla ni avtomatsko cena te sestavine;2025-03-03;5;V preverjanju;2025;ETN_008_2025_KPP_2025_ZEMLJISCA_20260724.csv
Z-2025-ETN_008_2025_KPP_2025_ZEMLJISCA_20260724.csv-84;906138;ZEMLJISCE;6;Zemljišče, na katerem je cesta ali parkirišče;INFRASTRUKTURA;1724;BREZOVICA;;;parcela 1094/22;1/6;0.16666666666666666;2.0;0.3333333333333333;;;454569.12;96699.13;115000.0;;Cena posla ni avtomatsko cena te sestavine;2025-03-03;5;V preverjanju;2025;ETN_008_2025_KPP_2025_ZEMLJISCA_20260724.csv
Z-2025-ETN_008_2025_KPP_2025_ZEMLJISCA_20260724.csv-85;906138;ZEMLJISCE;6;Zemljišče, na katerem je cesta ali parkirišče;INFRASTRUKTURA;1724;BREZOVICA;;;parcela 1094/18;1/6;0.16666666666666666;1.0;0.16666666666666666;;;454565.44;96698.11;115000.0;;Cena posla ni avtomatsko cena te sestavine;2025-03-03;5;V preverjanju;2025;ETN_008_2025_KPP_2025_ZEMLJISCA_20260724.csv
Z-2025-ETN_008_2025_KPP_2025_ZEMLJISCA_20260724.csv-86;906138;ZEMLJISCE;6;Zemljišče, na katerem je cesta ali parkirišče;INFRASTRUKTURA;1724;BREZOVICA;;;parcela 1094/19;1/6;0.16666666666666666;2.0;0.3333333333333333;;;454568.99;96696.04;115000.0;;Cena posla ni avtomatsko cena te sestavine;2025-03-03;5;V preverjanju;2025;ETN_008_2025_KPP_2025_ZEMLJISCA_20260724.csv
Z-2025-ETN_008_2025_KPP_2025_ZEMLJISCA_20260724.csv-87;906138;ZEMLJISCE;1;Zemljišče na katerem je mogoče graditi stavbo in ima gradbeno dovoljenje;STAVBNO;1724;BREZOVICA;;;parcela 1094/12;1/6;0.16666666666666666;110.0;18.333333333333332;;;454569.02;96685.31;115000.0;;Cena posla ni avtomatsko cena te sestavine;2025-03-03;5;V preverjanju;2025;ETN_008_2025_KPP_2025_ZEMLJISCA_20260724.csv
Z-2025-ETN_008_2025_KPP_2025_ZEMLJISCA_20260724.csv-88;906138;ZEMLJISCE;5;Zemljišče pod stavbo ali drugo stavbi ali delu stavbe pripadajoče zemljišče (zemljišče pod stavbo, dvorišče, dovozna pot, vrt, zelenica, stanovanjski atrij in podobno);PRIPADAJOCE;1724;BREZOVICA;;;parcela 1094/15;1/6;0.16666666666666666;51.0;8.5;;;454561.36;96689.62;115000.0;;Cena posla ni avtomatsko cena te sestavine;2025-03-03;5;V preverjanju;2025;ETN_008_2025_KPP_2025_ZEMLJISCA_20260724.csv
Z-2025-ETN_008_2025_KPP_2025_ZEMLJISCA_20260724.csv-89;906138;ZEMLJISCE;6;Zemljišče, na katerem je cesta ali parkirišče;INFRASTRUKTURA;1724;BREZOVICA;;;parcela 1094/13;1/6;0.16666666666666666;13.0;2.1666666666666665;;;454573.14;96690.17;115000.0;;Cena posla ni avtomatsko cena te sestavine;2025-03-03;5;V preverjanju;2025;ETN_008_2025_KPP_2025_ZEMLJISCA_20260724.csv
Z-2025-ETN_008_2025_KPP_2025_ZEMLJISCA_20260724.csv-90;906138;ZEMLJISCE;6;Zemljišče, na katerem je cesta ali parkirišče;INFRASTRUKTURA;1724;BREZOVICA;;;parcela 1094/17;1/6;0.16666666666666666;3.0;0.5;;;454571.09;96693.95;115000.0;;Cena posla ni avtomatsko cena te sestavine;2025-03-03;5;V preverjanju;2025;ETN_008_2025_KPP_2025_ZEMLJISCA_20260724.csv
Z-2025-ETN_008_2025_KPP_2025_ZEMLJISCA_20260724.csv-91;906138;ZEMLJISCE;6;Zemljišče, na katerem je cesta ali parkirišče;INFRASTRUKTURA;1724;BREZOVICA;;;parcela 1094/65;1/6;0.16666666666666666;44.0;7.333333333333333;;;454565.55;96678.03;115000.0;;Cena posla ni avtomatsko cena te sestavine;2025-03-03;5;V preverjanju;2025;ETN_008_2025_KPP_2025_ZEMLJISCA_20260724.csv
Z-2025-ETN_008_2025_KPP_2025_ZEMLJISCA_20260724.csv-92;906138;ZEMLJISCE;6;Zemljišče, na katerem je cesta ali parkirišče;INFRASTRUKTURA;1724;BREZOVICA;;;parcela 1094/23;1/6;0.16666666666666666;5.0;0.8333333333333333;;;454566.98;96700.91;115000.0;;Cena posla ni avtomatsko cena te sestavine;2025-03-03;5;V preverjanju;2025;ETN_008_2025_KPP_2025_ZEMLJISCA_20260724.csv
Z-2025-ETN_008_2025_KPP_2025_ZEMLJISCA_20260724.csv-93;895183;ZEMLJISCE;7;Zemljišče za kmetijsko rabo (njiva, travnik, pašnik);KMETIJSKO;1724;BREZOVICA;;;parcela 2557/1;1/1;1.0;848.0;848.0;;;453205.14;94197.78;9000.0;;Cena posla ni avtomatsko cena te sestavine;2024-09-18;3;Drug posel;2025;ETN_008_2025_KPP_2025_ZEMLJISCA_20260724.csv
Z-2025-ETN_008_2025_KPP_2025_ZEMLJISCA_20260724.csv-94;956776;ZEMLJISCE;3;Zemljišče, na katerem je ali bo mogoče graditi stavbo in je delno komunalno opremljeno ali komunalno neopremljeno;STAVBNO;1652;RAKITNA;;;parcela 905/4;1/1;1.0;279.0;279.0;;;455627.45;83747.18;39060.0;;Cena posla ni avtomatsko cena te sestavine;2025-05-28;5;V preverjanju;2025;ETN_008_2025_KPP_2025_ZEMLJISCA_20260724.csv
Z-2025-ETN_008_2025_KPP_2025_ZEMLJISCA_20260724.csv-95;893890;ZEMLJISCE;5;Zemljišče pod stavbo ali drugo stavbi ali delu stavbe pripadajoče zemljišče (zemljišče pod stavbo, dvorišče, dovozna pot, vrt, zelenica, stanovanjski atrij in podobno);PRIPADAJOCE;1724;BREZOVICA;;;parcela 2134/9;1/1;1.0;464.0;464.0;;;454164.55;95152.92;200000.0;;Cena posla ni avtomatsko cena te sestavine;2024-12-07;3;Drug posel;2025;ETN_008_2025_KPP_2025_ZEMLJISCA_20260724.csv
Z-2025-ETN_008_2025_KPP_2025_ZEMLJISCA_20260724.csv-96;893777;ZEMLJISCE;5;Zemljišče pod stavbo ali drugo stavbi ali delu stavbe pripadajoče zemljišče (zemljišče pod stavbo, dvorišče, dovozna pot, vrt, zelenica, stanovanjski atrij in podobno);PRIPADAJOCE;1703;JEZERO;;;parcela 287/6;1/1;1.0;675.0;675.0;;;456037.3;92662.23;345000.0;;Cena posla ni avtomatsko cena te sestavine;2024-12-05;2;Tržen posel – neustrezni podatki;2025;ETN_008_2025_KPP_2025_ZEMLJISCA_20260724.csv
Z-2025-ETN_008_2025_KPP_2025_ZEMLJISCA_20260724.csv-97;893774;ZEMLJISCE;3;Zemljišče, na katerem je ali bo mogoče graditi stavbo in je delno komunalno opremljeno ali komunalno neopremljeno;STAVBNO;1703;JEZERO;;;parcela 101/1;1/1;1.0;1678.0;1678.0;;;456602.94;92490.02;100000.0;;Cena posla ni avtomatsko cena te sestavine;2024-12-06;2;Tržen posel – neustrezni podatki;2025;ETN_008_2025_KPP_2025_ZEMLJISCA_20260724.csv
Z-2025-ETN_008_2025_KPP_2025_ZEMLJISCA_20260724.csv-98;959528;ZEMLJISCE;5;Zemljišče pod stavbo ali drugo stavbi ali delu stavbe pripadajoče zemljišče (zemljišče pod stavbo, dvorišče, dovozna pot, vrt, zelenica, stanovanjski atrij in podobno);PRIPADAJOCE;1724;BREZOVICA;;;parcela 1125;1/1;1.0;165.0;165.0;;;454902.21;96811.55;111800.0;;Cena posla ni avtomatsko cena te sestavine;2025-06-09;5;V preverjanju;2025;ETN_008_2025_KPP_2025_ZEMLJISCA_20260724.csv
Z-2025-ETN_008_2025_KPP_2025_ZEMLJISCA_20260724.csv-99;959528;ZEMLJISCE;5;Zemljišče pod stavbo ali drugo stavbi ali delu stavbe pripadajoče zemljišče (zemljišče pod stavbo, dvorišče, dovozna pot, vrt, zelenica, stanovanjski atrij in podobno);PRIPADAJOCE;1724;BREZOVICA;;;parcela 1126/5;1/1;1.0;894.0;894.0;;;454904.66;96802.43;111800.0;;Cena posla ni avtomatsko cena te sestavine;2025-06-09;5;V preverjanju;2025;ETN_008_2025_KPP_2025_ZEMLJISCA_20260724.csv
Z-2025-ETN_008_2025_KPP_2025_ZEMLJISCA_20260724.csv-100;957845;ZEMLJISCE;3;Zemljišče, na katerem je ali bo mogoče graditi stavbo in je delno komunalno opremljeno ali komunalno neopremljeno;STAVBNO;1652;RAKITNA;;;parcela 1209/10;1/1;1.0;543.0;543.0;;;455635.05;82992.97;42700.0;;Cena posla ni avtomatsko cena te sestavine;2025-06-18;5;V preverjanju;2025;ETN_008_2025_KPP_2025_ZEMLJISCA_20260724.csv
Z-2025-ETN_008_2025_KPP_2025_ZEMLJISCA_20260724.csv-101;958721;ZEMLJISCE;3;Zemljišče, na katerem je ali bo mogoče graditi stavbo in je delno komunalno opremljeno ali komunalno neopremljeno;STAVBNO;1703;JEZERO;;;parcela 101/1;1/1;1.0;1678.0;1678.0;;;456602.94;92490.02;50000.0;;Cena posla ni avtomatsko cena te sestavine;2025-05-21;5;V preverjanju;2025;ETN_008_2025_KPP_2025_ZEMLJISCA_20260724.csv
Z-2025-ETN_008_2025_KPP_2025_ZEMLJISCA_20260724.csv-102;894081;ZEMLJISCE;3;Zemljišče, na katerem je ali bo mogoče graditi stavbo in je delno komunalno opremljeno ali komunalno neopremljeno;STAVBNO;1704;KAMNIK;;;parcela 2735/1;1/1;1.0;669.0;669.0;;;454081.73;90467.26;60210.0;;Cena posla ni avtomatsko cena te sestavine;2024-12-10;2;Tržen posel – neustrezni podatki;2025;ETN_008_2025_KPP_2025_ZEMLJISCA_20260724.csv
Z-2025-ETN_008_2025_KPP_2025_ZEMLJISCA_20260724.csv-103;894228;ZEMLJISCE;5;Zemljišče pod stavbo ali drugo stavbi ali delu stavbe pripadajoče zemljišče (zemljišče pod stavbo, dvorišče, dovozna pot, vrt, zelenica, stanovanjski atrij in podobno);PRIPADAJOCE;1724;BREZOVICA;;;parcela 232/3;1/2;0.5;781.0;390.5;;;455377.11;98767.3;230000.0;;Cena posla ni avtomatsko cena te sestavine;2024-12-12;3;Drug posel;2025;ETN_008_2025_KPP_2025_ZEMLJISCA_20260724.csv
Z-2025-ETN_008_2025_KPP_2025_ZEMLJISCA_20260724.csv-104;970030;ZEMLJISCE;9;Zemljišče za gozdno rabo (gozd);GOZDNO;1652;RAKITNA;;;parcela 1926;1/1;1.0;7197.0;7197.0;;;455805.35;81571.77;3500.0;;Cena posla ni avtomatsko cena te sestavine;2025-10-02;5;V preverjanju;2025;ETN_008_2025_KPP_2025_ZEMLJISCA_20260724.csv
Z-2025-ETN_008_2025_KPP_2025_ZEMLJISCA_20260724.csv-105;965805;ZEMLJISCE;9;Zemljišče za gozdno rabo (gozd);GOZDNO;1705;PRESERJE;;;parcela 2352;1/1;1.0;24558.0;24558.0;;;458028.9;86535.0;30000.0;;Cena posla ni avtomatsko cena te sestavine;2025-07-21;5;V preverjanju;2025;ETN_008_2025_KPP_2025_ZEMLJISCA_20260724.csv
Z-2025-ETN_008_2025_KPP_2025_ZEMLJISCA_20260724.csv-106;966485;ZEMLJISCE;6;Zemljišče, na katerem je cesta ali parkirišče;INFRASTRUKTURA;1724;BREZOVICA;;;parcela 1542/155;1/1;1.0;15.0;15.0;;;455992.75;96941.09;320000.0;;Cena posla ni avtomatsko cena te sestavine;2025-09-03;5;V preverjanju;2025;ETN_008_2025_KPP_2025_ZEMLJISCA_20260724.csv
Z-2025-ETN_008_2025_KPP_2025_ZEMLJISCA_20260724.csv-107;966485;ZEMLJISCE;6;Zemljišče, na katerem je cesta ali parkirišče;INFRASTRUKTURA;1724;BREZOVICA;;;parcela 1542/225;2/72;0.027777777777777776;1190.0;33.05555555555556;;;456055.22;96992.59;320000.0;;Cena posla ni avtomatsko cena te sestavine;2025-09-03;5;V preverjanju;2025;ETN_008_2025_KPP_2025_ZEMLJISCA_20260724.csv
Z-2025-ETN_008_2025_KPP_2025_ZEMLJISCA_20260724.csv-108;966485;ZEMLJISCE;6;Zemljišče, na katerem je cesta ali parkirišče;INFRASTRUKTURA;1724;BREZOVICA;;;parcela 1542/220;2/72;0.027777777777777776;590.0;16.38888888888889;;;456018.85;96962.2;320000.0;;Cena posla ni avtomatsko cena te sestavine;2025-09-03;5;V preverjanju;2025;ETN_008_2025_KPP_2025_ZEMLJISCA_20260724.csv
Z-2025-ETN_008_2025_KPP_2025_ZEMLJISCA_20260724.csv-109;966485;ZEMLJISCE;6;Zemljišče, na katerem je cesta ali parkirišče;INFRASTRUKTURA;1724;BREZOVICA;;;parcela 1542/154;1/1;1.0;15.0;15.0;;;455993.8;96944.29;320000.0;;Cena posla ni avtomatsko cena te sestavine;2025-09-03;5;V preverjanju;2025;ETN_008_2025_KPP_2025_ZEMLJISCA_20260724.csv
Z-2025-ETN_008_2025_KPP_2025_ZEMLJISCA_20260724.csv-110;973845;ZEMLJISCE;3;Zemljišče, na katerem je ali bo mogoče graditi stavbo in je delno komunalno opremljeno ali komunalno neopremljeno;STAVBNO;1705;PRESERJE;;;parcela 2260/6;1/1;1.0;37.0;37.0;;;454270.27;91417.4;3848.0;;Cena posla ni avtomatsko cena te sestavine;2025-07-08;5;V preverjanju;2025;ETN_008_2025_KPP_2025_ZEMLJISCA_20260724.csv
Z-2025-ETN_008_2025_KPP_2025_ZEMLJISCA_20260724.csv-111;972415;ZEMLJISCE;9;Zemljišče za gozdno rabo (gozd);GOZDNO;1652;RAKITNA;;;parcela 1817/45;1/1;1.0;14620.0;14620.0;;;454989.05;82108.56;7300.0;;Cena posla ni avtomatsko cena te sestavine;2025-04-20;5;V preverjanju;2025;ETN_008_2025_KPP_2025_ZEMLJISCA_20260724.csv
Z-2025-ETN_008_2025_KPP_2025_ZEMLJISCA_20260724.csv-112;899977;ZEMLJISCE;6;Zemljišče, na katerem je cesta ali parkirišče;INFRASTRUKTURA;1724;BREZOVICA;;;parcela 1542/204;1/1;1.0;12.0;12.0;;;456046.07;96960.31;6300.0;;Cena posla ni avtomatsko cena te sestavine;2025-01-22;2;Tržen posel – neustrezni podatki;2025;ETN_008_2025_KPP_2025_ZEMLJISCA_20260724.csv
Z-2025-ETN_008_2025_KPP_2025_ZEMLJISCA_20260724.csv-113;896487;ZEMLJISCE;6;Zemljišče, na katerem je cesta ali parkirišče;INFRASTRUKTURA;1724;BREZOVICA;;;parcela 589/12;1/3;0.3333333333333333;225.0;75.0;;;454833.75;97649.13;400000.0;;Cena posla ni avtomatsko cena te sestavine;2025-01-07;2;Tržen posel – neustrezni podatki;2025;ETN_008_2025_KPP_2025_ZEMLJISCA_20260724.csv
Z-2025-ETN_008_2025_KPP_2025_ZEMLJISCA_20260724.csv-114;896487;ZEMLJISCE;5;Zemljišče pod stavbo ali drugo stavbi ali delu stavbe pripadajoče zemljišče (zemljišče pod stavbo, dvorišče, dovozna pot, vrt, zelenica, stanovanjski atrij in podobno);PRIPADAJOCE;1724;BREZOVICA;;;parcela 589/11;1/1;1.0;664.0;664.0;;;454790.33;97631.35;400000.0;;Cena posla ni avtomatsko cena te sestavine;2025-01-07;2;Tržen posel – neustrezni podatki;2025;ETN_008_2025_KPP_2025_ZEMLJISCA_20260724.csv
Z-2025-ETN_008_2025_KPP_2025_ZEMLJISCA_20260724.csv-115;896425;ZEMLJISCE;7;Zemljišče za kmetijsko rabo (njiva, travnik, pašnik);KMETIJSKO;1704;KAMNIK;;;parcela 1394/4;1/1;1.0;27.0;27.0;;;451846.07;90434.23;2700.0;;Cena posla ni avtomatsko cena te sestavine;2024-10-23;2;Tržen posel – neustrezni podatki;2025;ETN_008_2025_KPP_2025_ZEMLJISCA_20260724.csv
Z-2025-ETN_008_2025_KPP_2025_ZEMLJISCA_20260724.csv-116;896329;ZEMLJISCE;1;Zemljišče na katerem je mogoče graditi stavbo in ima gradbeno dovoljenje;STAVBNO;1724;BREZOVICA;;;parcela 250/1;1/1;1.0;165.0;165.0;;;455046.93;98769.21;10065.0;;Cena posla ni avtomatsko cena te sestavine;2025-01-07;1;Tržen posel;2025;ETN_008_2025_KPP_2025_ZEMLJISCA_20260724.csv
Z-2025-ETN_008_2025_KPP_2025_ZEMLJISCA_20260724.csv-117;896337;ZEMLJISCE;5;Zemljišče pod stavbo ali drugo stavbi ali delu stavbe pripadajoče zemljišče (zemljišče pod stavbo, dvorišče, dovozna pot, vrt, zelenica, stanovanjski atrij in podobno);PRIPADAJOCE;1724;BREZOVICA;;;parcela 1158/2;1/2;0.5;159.0;79.5;;;455215.42;96372.39;285000.0;;Cena posla ni avtomatsko cena te sestavine;2024-12-24;2;Tržen posel – neustrezni podatki;2025;ETN_008_2025_KPP_2025_ZEMLJISCA_20260724.csv
Z-2025-ETN_008_2025_KPP_2025_ZEMLJISCA_20260724.csv-118;896337;ZEMLJISCE;5;Zemljišče pod stavbo ali drugo stavbi ali delu stavbe pripadajoče zemljišče (zemljišče pod stavbo, dvorišče, dovozna pot, vrt, zelenica, stanovanjski atrij in podobno);PRIPADAJOCE;1724;BREZOVICA;;;parcela 1158/11;1/2;0.5;11.0;5.5;;;455206.7;96365.96;285000.0;;Cena posla ni avtomatsko cena te sestavine;2024-12-24;2;Tržen posel – neustrezni podatki;2025;ETN_008_2025_KPP_2025_ZEMLJISCA_20260724.csv
Z-2025-ETN_008_2025_KPP_2025_ZEMLJISCA_20260724.csv-119;896337;ZEMLJISCE;5;Zemljišče pod stavbo ali drugo stavbi ali delu stavbe pripadajoče zemljišče (zemljišče pod stavbo, dvorišče, dovozna pot, vrt, zelenica, stanovanjski atrij in podobno);PRIPADAJOCE;1724;BREZOVICA;;;parcela 1158/3;1/1;1.0;121.0;121.0;;;455222.78;96375.92;285000.0;;Cena posla ni avtomatsko cena te sestavine;2024-12-24;2;Tržen posel – neustrezni podatki;2025;ETN_008_2025_KPP_2025_ZEMLJISCA_20260724.csv
Z-2025-ETN_008_2025_KPP_2025_ZEMLJISCA_20260724.csv-120;896337;ZEMLJISCE;5;Zemljišče pod stavbo ali drugo stavbi ali delu stavbe pripadajoče zemljišče (zemljišče pod stavbo, dvorišče, dovozna pot, vrt, zelenica, stanovanjski atrij in podobno);PRIPADAJOCE;1724;BREZOVICA;;;parcela 1158/2;1/2;0.5;159.0;79.5;;;455215.42;96372.39;285000.0;;Cena posla ni avtomatsko cena te sestavine;2024-12-24;2;Tržen posel – neustrezni podatki;2025;ETN_008_2025_KPP_2025_ZEMLJISCA_20260724.csv
Z-2025-ETN_008_2025_KPP_2025_ZEMLJISCA_20260724.csv-121;896337;ZEMLJISCE;5;Zemljišče pod stavbo ali drugo stavbi ali delu stavbe pripadajoče zemljišče (zemljišče pod stavbo, dvorišče, dovozna pot, vrt, zelenica, stanovanjski atrij in podobno);PRIPADAJOCE;1724;BREZOVICA;;;parcela 1158/11;1/2;0.5;11.0;5.5;;;455206.7;96365.96;285000.0;;Cena posla ni avtomatsko cena te sestavine;2024-12-24;2;Tržen posel – neustrezni podatki;2025;ETN_008_2025_KPP_2025_ZEMLJISCA_20260724.csv
Z-2025-ETN_008_2025_KPP_2025_ZEMLJISCA_20260724.csv-122;895838;ZEMLJISCE;7;Zemljišče za kmetijsko rabo (njiva, travnik, pašnik);KMETIJSKO;1724;BREZOVICA;;;parcela 3032;1/1;1.0;4205.0;4205.0;;;451768.54;95961.15;8410.0;;Cena posla ni avtomatsko cena te sestavine;2024-12-10;2;Tržen posel – neustrezni podatki;2025;ETN_008_2025_KPP_2025_ZEMLJISCA_20260724.csv
Z-2025-ETN_008_2025_KPP_2025_ZEMLJISCA_20260724.csv-123;960588;ZEMLJISCE;7;Zemljišče za kmetijsko rabo (njiva, travnik, pašnik);KMETIJSKO;1652;RAKITNA;;;parcela 764/6;1/1;1.0;104.0;104.0;;;456895.96;83237.56;159768.0;;Cena posla ni avtomatsko cena te sestavine;2025-07-09;5;V preverjanju;2025;ETN_008_2025_KPP_2025_ZEMLJISCA_20260724.csv
Z-2025-ETN_008_2025_KPP_2025_ZEMLJISCA_20260724.csv-124;960588;ZEMLJISCE;7;Zemljišče za kmetijsko rabo (njiva, travnik, pašnik);KMETIJSKO;1652;RAKITNA;;;parcela 764/3;1/1;1.0;39.0;39.0;;;456880.89;83243.95;159768.0;;Cena posla ni avtomatsko cena te sestavine;2025-07-09;5;V preverjanju;2025;ETN_008_2025_KPP_2025_ZEMLJISCA_20260724.csv
Z-2025-ETN_008_2025_KPP_2025_ZEMLJISCA_20260724.csv-125;960588;ZEMLJISCE;7;Zemljišče za kmetijsko rabo (njiva, travnik, pašnik);KMETIJSKO;1652;RAKITNA;;;parcela 759/3;1/1;1.0;285.0;285.0;;;456827.77;83247.36;159768.0;;Cena posla ni avtomatsko cena te sestavine;2025-07-09;5;V preverjanju;2025;ETN_008_2025_KPP_2025_ZEMLJISCA_20260724.csv
Z-2025-ETN_008_2025_KPP_2025_ZEMLJISCA_20260724.csv-126;960588;ZEMLJISCE;7;Zemljišče za kmetijsko rabo (njiva, travnik, pašnik);KMETIJSKO;1652;RAKITNA;;;parcela 759/4;1/1;1.0;103.0;103.0;;;456831.49;83243.84;159768.0;;Cena posla ni avtomatsko cena te sestavine;2025-07-09;5;V preverjanju;2025;ETN_008_2025_KPP_2025_ZEMLJISCA_20260724.csv
Z-2025-ETN_008_2025_KPP_2025_ZEMLJISCA_20260724.csv-127;960588;ZEMLJISCE;3;Zemljišče, na katerem je ali bo mogoče graditi stavbo in je delno komunalno opremljeno ali komunalno neopremljeno;STAVBNO;1652;RAKITNA;;;parcela 764/2;1/1;1.0;59.0;59.0;;;456882.19;83248.19;159768.0;;Cena posla ni avtomatsko cena te sestavine;2025-07-09;5;V preverjanju;2025;ETN_008_2025_KPP_2025_ZEMLJISCA_20260724.csv
Z-2025-ETN_008_2025_KPP_2025_ZEMLJISCA_20260724.csv-128;960588;ZEMLJISCE;3;Zemljišče, na katerem je ali bo mogoče graditi stavbo in je delno komunalno opremljeno ali komunalno neopremljeno;STAVBNO;1652;RAKITNA;;;parcela 3/1;1/1;1.0;2010.0;2010.0;;;456659.73;83524.96;159768.0;;Cena posla ni avtomatsko cena te sestavine;2025-07-09;5;V preverjanju;2025;ETN_008_2025_KPP_2025_ZEMLJISCA_20260724.csv
Z-2025-ETN_008_2025_KPP_2025_ZEMLJISCA_20260724.csv-129;960588;ZEMLJISCE;7;Zemljišče za kmetijsko rabo (njiva, travnik, pašnik);KMETIJSKO;1652;RAKITNA;;;parcela 764/5;1/1;1.0;117.0;117.0;;;456878.16;83238.6;159768.0;;Cena posla ni avtomatsko cena te sestavine;2025-07-09;5;V preverjanju;2025;ETN_008_2025_KPP_2025_ZEMLJISCA_20260724.csv
Z-2025-ETN_008_2025_KPP_2025_ZEMLJISCA_20260724.csv-130;960588;ZEMLJISCE;7;Zemljišče za kmetijsko rabo (njiva, travnik, pašnik);KMETIJSKO;1652;RAKITNA;;;parcela 759/2;1/1;1.0;71.0;71.0;;;456827.65;83259.06;159768.0;;Cena posla ni avtomatsko cena te sestavine;2025-07-09;5;V preverjanju;2025;ETN_008_2025_KPP_2025_ZEMLJISCA_20260724.csv
Z-2025-ETN_008_2025_KPP_2025_ZEMLJISCA_20260724.csv-131;960588;ZEMLJISCE;7;Zemljišče za kmetijsko rabo (njiva, travnik, pašnik);KMETIJSKO;1652;RAKITNA;;;parcela 759/5;1/1;1.0;183.0;183.0;;;456828.86;83235.55;159768.0;;Cena posla ni avtomatsko cena te sestavine;2025-07-09;5;V preverjanju;2025;ETN_008_2025_KPP_2025_ZEMLJISCA_20260724.csv
Z-2025-ETN_008_2025_KPP_2025_ZEMLJISCA_20260724.csv-132;960588;ZEMLJISCE;7;Zemljišče za kmetijsko rabo (njiva, travnik, pašnik);KMETIJSKO;1652;RAKITNA;;;parcela 764/4;1/1;1.0;78.0;78.0;;;456899.77;83240.44;159768.0;;Cena posla ni avtomatsko cena te sestavine;2025-07-09;5;V preverjanju;2025;ETN_008_2025_KPP_2025_ZEMLJISCA_20260724.csv
Z-2025-ETN_008_2025_KPP_2025_ZEMLJISCA_20260724.csv-133;956094;ZEMLJISCE;5;Zemljišče pod stavbo ali drugo stavbi ali delu stavbe pripadajoče zemljišče (zemljišče pod stavbo, dvorišče, dovozna pot, vrt, zelenica, stanovanjski atrij in podobno);PRIPADAJOCE;1724;BREZOVICA;;;parcela 1252/28;1/1;1.0;409.0;409.0;;;454338.22;95629.99;470000.0;;Cena posla ni avtomatsko cena te sestavine;2025-05-27;5;V preverjanju;2025;ETN_008_2025_KPP_2025_ZEMLJISCA_20260724.csv
Z-2025-ETN_008_2025_KPP_2025_ZEMLJISCA_20260724.csv-134;966695;ZEMLJISCE;7;Zemljišče za kmetijsko rabo (njiva, travnik, pašnik);KMETIJSKO;1724;BREZOVICA;;;parcela 441;7138/10035;0.711310413552566;4014.0;2855.2;;;455584.87;97872.36;8000.0;;Cena posla ni avtomatsko cena te sestavine;2025-09-02;5;V preverjanju;2025;ETN_008_2025_KPP_2025_ZEMLJISCA_20260724.csv
Z-2025-ETN_008_2025_KPP_2025_ZEMLJISCA_20260724.csv-135;901692;ZEMLJISCE;1;Zemljišče na katerem je mogoče graditi stavbo in ima gradbeno dovoljenje;STAVBNO;1704;KAMNIK;;;parcela *6;19/100;0.19;89.0;16.91;;;454204.44;90870.89;2700.0;;Cena posla ni avtomatsko cena te sestavine;2025-01-27;5;V preverjanju;2025;ETN_008_2025_KPP_2025_ZEMLJISCA_20260724.csv
Z-2025-ETN_008_2025_KPP_2025_ZEMLJISCA_20260724.csv-136;901692;ZEMLJISCE;1;Zemljišče na katerem je mogoče graditi stavbo in ima gradbeno dovoljenje;STAVBNO;1704;KAMNIK;;;parcela *56;1/48;0.020833333333333332;234.0;4.875;;;454105.62;90908.68;2700.0;;Cena posla ni avtomatsko cena te sestavine;2025-01-27;5;V preverjanju;2025;ETN_008_2025_KPP_2025_ZEMLJISCA_20260724.csv
Z-2025-ETN_008_2025_KPP_2025_ZEMLJISCA_20260724.csv-137;904453;ZEMLJISCE;7;Zemljišče za kmetijsko rabo (njiva, travnik, pašnik);KMETIJSKO;1703;JEZERO;;;parcela 1024/9;1/1;1.0;67.0;67.0;;;455908.58;92627.84;335.0;;Cena posla ni avtomatsko cena te sestavine;2025-02-25;5;V preverjanju;2025;ETN_008_2025_KPP_2025_ZEMLJISCA_20260724.csv
Z-2025-ETN_008_2025_KPP_2025_ZEMLJISCA_20260724.csv-138;903642;ZEMLJISCE;3;Zemljišče, na katerem je ali bo mogoče graditi stavbo in je delno komunalno opremljeno ali komunalno neopremljeno;STAVBNO;1724;BREZOVICA;;;parcela 1047/28;1/1;1.0;23.0;23.0;;;454651.11;96170.77;285000.0;;Cena posla ni avtomatsko cena te sestavine;2025-03-14;5;V preverjanju;2025;ETN_008_2025_KPP_2025_ZEMLJISCA_20260724.csv
Z-2025-ETN_008_2025_KPP_2025_ZEMLJISCA_20260724.csv-139;903642;ZEMLJISCE;3;Zemljišče, na katerem je ali bo mogoče graditi stavbo in je delno komunalno opremljeno ali komunalno neopremljeno;STAVBNO;1724;BREZOVICA;;;parcela 1049/3;1/1;1.0;80.0;80.0;;;454658.39;96195.17;285000.0;;Cena posla ni avtomatsko cena te sestavine;2025-03-14;5;V preverjanju;2025;ETN_008_2025_KPP_2025_ZEMLJISCA_20260724.csv
Z-2025-ETN_008_2025_KPP_2025_ZEMLJISCA_20260724.csv-140;903642;ZEMLJISCE;5;Zemljišče pod stavbo ali drugo stavbi ali delu stavbe pripadajoče zemljišče (zemljišče pod stavbo, dvorišče, dovozna pot, vrt, zelenica, stanovanjski atrij in podobno);PRIPADAJOCE;1724;BREZOVICA;;;parcela 1047/32;1/1;1.0;376.0;376.0;;;454656.07;96182.4;285000.0;;Cena posla ni avtomatsko cena te sestavine;2025-03-14;5;V preverjanju;2025;ETN_008_2025_KPP_2025_ZEMLJISCA_20260724.csv
Z-2025-ETN_008_2025_KPP_2025_ZEMLJISCA_20260724.csv-141;955819;ZEMLJISCE;1;Zemljišče na katerem je mogoče graditi stavbo in ima gradbeno dovoljenje;STAVBNO;1652;RAKITNA;;;parcela 92/1;1/1;1.0;3760.0;3760.0;;;456737.31;83919.11;181500.0;;Cena posla ni avtomatsko cena te sestavine;2025-05-21;5;V preverjanju;2025;ETN_008_2025_KPP_2025_ZEMLJISCA_20260724.csv
Z-2025-ETN_008_2025_KPP_2025_ZEMLJISCA_20260724.csv-142;967851;ZEMLJISCE;3;Zemljišče, na katerem je ali bo mogoče graditi stavbo in je delno komunalno opremljeno ali komunalno neopremljeno;STAVBNO;1652;RAKITNA;;;parcela 893/17;1/1;1.0;679.0;679.0;;;456044.98;83000.86;88270.0;;Cena posla ni avtomatsko cena te sestavine;2025-09-25;5;V preverjanju;2025;ETN_008_2025_KPP_2025_ZEMLJISCA_20260724.csv
Z-2025-ETN_008_2025_KPP_2025_ZEMLJISCA_20260724.csv-143;970752;ZEMLJISCE;7;Zemljišče za kmetijsko rabo (njiva, travnik, pašnik);KMETIJSKO;1703;JEZERO;;;parcela 600/2;1/1;1.0;11114.0;11114.0;;;456169.15;92181.54;16671.0;;Cena posla ni avtomatsko cena te sestavine;2025-10-15;5;V preverjanju;2025;ETN_008_2025_KPP_2025_ZEMLJISCA_20260724.csv
Z-2025-ETN_008_2025_KPP_2025_ZEMLJISCA_20260724.csv-144;970962;ZEMLJISCE;5;Zemljišče pod stavbo ali drugo stavbi ali delu stavbe pripadajoče zemljišče (zemljišče pod stavbo, dvorišče, dovozna pot, vrt, zelenica, stanovanjski atrij in podobno);PRIPADAJOCE;1703;JEZERO;;;parcela 397/18;1/1;1.0;174.0;174.0;;;455559.07;92560.94;380000.0;;Cena posla ni avtomatsko cena te sestavine;2025-10-17;5;V preverjanju;2025;ETN_008_2025_KPP_2025_ZEMLJISCA_20260724.csv
Z-2025-ETN_008_2025_KPP_2025_ZEMLJISCA_20260724.csv-145;970962;ZEMLJISCE;6;Zemljišče, na katerem je cesta ali parkirišče;INFRASTRUKTURA;1703;JEZERO;;;parcela 397/10;1/12;0.08333333333333333;167.0;13.916666666666666;;;455534.41;92579.88;380000.0;;Cena posla ni avtomatsko cena te sestavine;2025-10-17;5;V preverjanju;2025;ETN_008_2025_KPP_2025_ZEMLJISCA_20260724.csv
Z-2025-ETN_008_2025_KPP_2025_ZEMLJISCA_20260724.csv-146;970962;ZEMLJISCE;5;Zemljišče pod stavbo ali drugo stavbi ali delu stavbe pripadajoče zemljišče (zemljišče pod stavbo, dvorišče, dovozna pot, vrt, zelenica, stanovanjski atrij in podobno);PRIPADAJOCE;1703;JEZERO;;;parcela 397/17;1/1;1.0;278.0;278.0;;;455551.47;92575.5;380000.0;;Cena posla ni avtomatsko cena te sestavine;2025-10-17;5;V preverjanju;2025;ETN_008_2025_KPP_2025_ZEMLJISCA_20260724.csv
Z-2025-ETN_008_2025_KPP_2025_ZEMLJISCA_20260724.csv-147;970913;ZEMLJISCE;2;Zemljišče, na katerem je mogoče graditi stavbo in je komunalno opremljeno (priključki na vodo, elektriko in neposredni dostop do dovozne poti);STAVBNO;1652;RAKITNA;;;parcela 1209/25;1/1;1.0;391.0;391.0;;;455563.73;83018.36;45000.0;;Cena posla ni avtomatsko cena te sestavine;2025-10-17;5;V preverjanju;2025;ETN_008_2025_KPP_2025_ZEMLJISCA_20260724.csv
Z-2025-ETN_008_2025_KPP_2025_ZEMLJISCA_20260724.csv-148;970913;ZEMLJISCE;2;Zemljišče, na katerem je mogoče graditi stavbo in je komunalno opremljeno (priključki na vodo, elektriko in neposredni dostop do dovozne poti);STAVBNO;1652;RAKITNA;;;parcela 1209/26;1/1;1.0;43.0;43.0;;;455559.63;83004.91;45000.0;;Cena posla ni avtomatsko cena te sestavine;2025-10-17;5;V preverjanju;2025;ETN_008_2025_KPP_2025_ZEMLJISCA_20260724.csv
Z-2025-ETN_008_2025_KPP_2025_ZEMLJISCA_20260724.csv-149;970913;ZEMLJISCE;2;Zemljišče, na katerem je mogoče graditi stavbo in je komunalno opremljeno (priključki na vodo, elektriko in neposredni dostop do dovozne poti);STAVBNO;1652;RAKITNA;;;parcela 1209/13;1/1;1.0;232.0;232.0;;;455595.53;83040.47;45000.0;;Cena posla ni avtomatsko cena te sestavine;2025-10-17;5;V preverjanju;2025;ETN_008_2025_KPP_2025_ZEMLJISCA_20260724.csv
Z-2025-ETN_008_2025_KPP_2025_ZEMLJISCA_20260724.csv-150;893236;ZEMLJISCE;3;Zemljišče, na katerem je ali bo mogoče graditi stavbo in je delno komunalno opremljeno ali komunalno neopremljeno;STAVBNO;1704;KAMNIK;;;parcela 955/2;1/80;0.0125;839.0;10.4875;;;453603.86;91394.19;419.5;;Cena posla ni avtomatsko cena te sestavine;2024-11-25;3;Drug posel;2025;ETN_008_2025_KPP_2025_ZEMLJISCA_20260724.csv
Z-2025-ETN_008_2025_KPP_2025_ZEMLJISCA_20260724.csv-151;899399;ZEMLJISCE;5;Zemljišče pod stavbo ali drugo stavbi ali delu stavbe pripadajoče zemljišče (zemljišče pod stavbo, dvorišče, dovozna pot, vrt, zelenica, stanovanjski atrij in podobno);PRIPADAJOCE;1652;RAKITNA;;;parcela 1273/31;1/1;1.0;467.0;467.0;;;456155.08;82631.35;115000.0;;Cena posla ni avtomatsko cena te sestavine;2025-02-02;2;Tržen posel – neustrezni podatki;2025;ETN_008_2025_KPP_2025_ZEMLJISCA_20260724.csv
Z-2025-ETN_008_2025_KPP_2025_ZEMLJISCA_20260724.csv-152;963024;ZEMLJISCE;7;Zemljišče za kmetijsko rabo (njiva, travnik, pašnik);KMETIJSKO;1704;KAMNIK;;;parcela 1521/1;1/1;1.0;4583.0;4583.0;;;451370.54;89923.97;7011.0;;Cena posla ni avtomatsko cena te sestavine;2025-05-09;5;V preverjanju;2025;ETN_008_2025_KPP_2025_ZEMLJISCA_20260724.csv
Z-2025-ETN_008_2025_KPP_2025_ZEMLJISCA_20260724.csv-153;959991;ZEMLJISCE;5;Zemljišče pod stavbo ali drugo stavbi ali delu stavbe pripadajoče zemljišče (zemljišče pod stavbo, dvorišče, dovozna pot, vrt, zelenica, stanovanjski atrij in podobno);PRIPADAJOCE;1705;PRESERJE;;;parcela 782/14;2/6;0.3333333333333333;529.0;176.33333333333331;;;454391.35;91991.17;14000.0;;Cena posla ni avtomatsko cena te sestavine;2025-05-17;5;V preverjanju;2025;ETN_008_2025_KPP_2025_ZEMLJISCA_20260724.csv
Z-2025-ETN_008_2025_KPP_2025_ZEMLJISCA_20260724.csv-154;966009;ZEMLJISCE;6;Zemljišče, na katerem je cesta ali parkirišče;INFRASTRUKTURA;1703;JEZERO;;;parcela 101/2;1/1;1.0;9.0;9.0;;;456610.9;92522.18;640.0;;Cena posla ni avtomatsko cena te sestavine;2025-06-18;5;V preverjanju;2025;ETN_008_2025_KPP_2025_ZEMLJISCA_20260724.csv
Z-2025-ETN_008_2025_KPP_2025_ZEMLJISCA_20260724.csv-155;818638;ZEMLJISCE;5;Zemljišče pod stavbo ali drugo stavbi ali delu stavbe pripadajoče zemljišče (zemljišče pod stavbo, dvorišče, dovozna pot, vrt, zelenica, stanovanjski atrij in podobno);PRIPADAJOCE;1652;RAKITNA;;;parcela 903/3;1/1;1.0;1008.0;1008.0;;;455637.89;83838.2;315000.0;;Cena posla ni avtomatsko cena te sestavine;2024-03-13;5;V preverjanju;2025;ETN_008_2025_KPP_2025_ZEMLJISCA_20260724.csv
Z-2025-ETN_008_2025_KPP_2025_ZEMLJISCA_20260724.csv-156;818638;ZEMLJISCE;3;Zemljišče, na katerem je ali bo mogoče graditi stavbo in je delno komunalno opremljeno ali komunalno neopremljeno;STAVBNO;1652;RAKITNA;;;parcela 903/4;1/1;1.0;895.0;895.0;;;455672.92;83845.26;315000.0;;Cena posla ni avtomatsko cena te sestavine;2024-03-13;5;V preverjanju;2025;ETN_008_2025_KPP_2025_ZEMLJISCA_20260724.csv
Z-2025-ETN_008_2025_KPP_2025_ZEMLJISCA_20260724.csv-157;818638;ZEMLJISCE;3;Zemljišče, na katerem je ali bo mogoče graditi stavbo in je delno komunalno opremljeno ali komunalno neopremljeno;STAVBNO;1652;RAKITNA;;;parcela 903/5;1/1;1.0;1037.0;1037.0;;;455673.54;83815.53;315000.0;;Cena posla ni avtomatsko cena te sestavine;2024-03-13;5;V preverjanju;2025;ETN_008_2025_KPP_2025_ZEMLJISCA_20260724.csv
Z-2025-ETN_008_2025_KPP_2025_ZEMLJISCA_20260724.csv-158;818638;ZEMLJISCE;5;Zemljišče pod stavbo ali drugo stavbi ali delu stavbe pripadajoče zemljišče (zemljišče pod stavbo, dvorišče, dovozna pot, vrt, zelenica, stanovanjski atrij in podobno);PRIPADAJOCE;1652;RAKITNA;;;parcela 903/7;1/1;1.0;197.0;197.0;;;455637.53;83821.53;315000.0;;Cena posla ni avtomatsko cena te sestavine;2024-03-13;5;V preverjanju;2025;ETN_008_2025_KPP_2025_ZEMLJISCA_20260724.csv
Z-2025-ETN_008_2025_KPP_2025_ZEMLJISCA_20260724.csv-159;897429;ZEMLJISCE;7;Zemljišče za kmetijsko rabo (njiva, travnik, pašnik);KMETIJSKO;1704;KAMNIK;;;parcela 2744/2;1/1;1.0;1179.0;1179.0;;;454073.35;90445.63;14000.0;;Cena posla ni avtomatsko cena te sestavine;2024-12-12;3;Drug posel;2025;ETN_008_2025_KPP_2025_ZEMLJISCA_20260724.csv
Z-2025-ETN_008_2025_KPP_2025_ZEMLJISCA_20260724.csv-160;897459;ZEMLJISCE;3;Zemljišče, na katerem je ali bo mogoče graditi stavbo in je delno komunalno opremljeno ali komunalno neopremljeno;STAVBNO;1724;BREZOVICA;;;parcela 586/15;1/1;1.0;472.0;472.0;;;454801.47;97583.1;181025.0;;Cena posla ni avtomatsko cena te sestavine;2025-01-22;2;Tržen posel – neustrezni podatki;2025;ETN_008_2025_KPP_2025_ZEMLJISCA_20260724.csv
Z-2025-ETN_008_2025_KPP_2025_ZEMLJISCA_20260724.csv-161;897459;ZEMLJISCE;3;Zemljišče, na katerem je ali bo mogoče graditi stavbo in je delno komunalno opremljeno ali komunalno neopremljeno;STAVBNO;1724;BREZOVICA;;;parcela 586/14;1/1;1.0;85.0;85.0;;;454799.74;97594.09;181025.0;;Cena posla ni avtomatsko cena te sestavine;2025-01-22;2;Tržen posel – neustrezni podatki;2025;ETN_008_2025_KPP_2025_ZEMLJISCA_20260724.csv
Z-2025-ETN_008_2025_KPP_2025_ZEMLJISCA_20260724.csv-162;907810;ZEMLJISCE;9;Zemljišče za gozdno rabo (gozd);GOZDNO;1724;BREZOVICA;;;parcela 1093/19;31/100;0.31;631.0;195.60999999999999;;;454584.19;96720.27;29400.0;;Cena posla ni avtomatsko cena te sestavine;2024-02-14;5;V preverjanju;2025;ETN_008_2025_KPP_2025_ZEMLJISCA_20260724.csv
Z-2025-ETN_008_2025_KPP_2025_ZEMLJISCA_20260724.csv-163;956722;ZEMLJISCE;5;Zemljišče pod stavbo ali drugo stavbi ali delu stavbe pripadajoče zemljišče (zemljišče pod stavbo, dvorišče, dovozna pot, vrt, zelenica, stanovanjski atrij in podobno);PRIPADAJOCE;1652;RAKITNA;;;parcela 46/10;1/1;1.0;664.0;664.0;;;456811.51;83570.47;160000.0;;Cena posla ni avtomatsko cena te sestavine;2025-06-05;5;V preverjanju;2025;ETN_008_2025_KPP_2025_ZEMLJISCA_20260724.csv
Z-2025-ETN_008_2025_KPP_2025_ZEMLJISCA_20260724.csv-164;894466;ZEMLJISCE;7;Zemljišče za kmetijsko rabo (njiva, travnik, pašnik);KMETIJSKO;1704;KAMNIK;;;parcela 447;1/1;1.0;6057.0;6057.0;;;451931.79;91795.08;25833.0;;Cena posla ni avtomatsko cena te sestavine;2024-09-06;2;Tržen posel – neustrezni podatki;2025;ETN_008_2025_KPP_2025_ZEMLJISCA_20260724.csv
Z-2025-ETN_008_2025_KPP_2025_ZEMLJISCA_20260724.csv-165;894466;ZEMLJISCE;7;Zemljišče za kmetijsko rabo (njiva, travnik, pašnik);KMETIJSKO;1704;KAMNIK;;;parcela 385/1;1/1;1.0;2554.0;2554.0;;;451838.89;91895.89;25833.0;;Cena posla ni avtomatsko cena te sestavine;2024-09-06;2;Tržen posel – neustrezni podatki;2025;ETN_008_2025_KPP_2025_ZEMLJISCA_20260724.csv
Z-2025-ETN_008_2025_KPP_2025_ZEMLJISCA_20260724.csv-166;962027;ZEMLJISCE;3;Zemljišče, na katerem je ali bo mogoče graditi stavbo in je delno komunalno opremljeno ali komunalno neopremljeno;STAVBNO;1652;RAKITNA;;;parcela 1293/18;1/8;0.125;124.0;15.5;;;456301.35;82788.37;47656.0;;Cena posla ni avtomatsko cena te sestavine;2025-05-14;5;V preverjanju;2025;ETN_008_2025_KPP_2025_ZEMLJISCA_20260724.csv
Z-2025-ETN_008_2025_KPP_2025_ZEMLJISCA_20260724.csv-167;962027;ZEMLJISCE;3;Zemljišče, na katerem je ali bo mogoče graditi stavbo in je delno komunalno opremljeno ali komunalno neopremljeno;STAVBNO;1652;RAKITNA;;;parcela 1293/17;1/4;0.25;618.0;154.5;;;456343.73;82841.9;47656.0;;Cena posla ni avtomatsko cena te sestavine;2025-05-14;5;V preverjanju;2025;ETN_008_2025_KPP_2025_ZEMLJISCA_20260724.csv
Z-2025-ETN_008_2025_KPP_2025_ZEMLJISCA_20260724.csv-168;962027;ZEMLJISCE;3;Zemljišče, na katerem je ali bo mogoče graditi stavbo in je delno komunalno opremljeno ali komunalno neopremljeno;STAVBNO;1652;RAKITNA;;;parcela 1273/35;1/4;0.25;806.0;201.5;;;456323.95;82854.72;47656.0;;Cena posla ni avtomatsko cena te sestavine;2025-05-14;5;V preverjanju;2025;ETN_008_2025_KPP_2025_ZEMLJISCA_20260724.csv
Z-2025-ETN_008_2025_KPP_2025_ZEMLJISCA_20260724.csv-169;962963;ZEMLJISCE;6;Zemljišče, na katerem je cesta ali parkirišče;INFRASTRUKTURA;1724;BREZOVICA;;;parcela 1095/21;9/50;0.18;356.0;64.08;;;454528.76;96733.16;250000.0;;Cena posla ni avtomatsko cena te sestavine;2025-08-01;5;V preverjanju;2025;ETN_008_2025_KPP_2025_ZEMLJISCA_20260724.csv
Z-2025-ETN_008_2025_KPP_2025_ZEMLJISCA_20260724.csv-170;967293;ZEMLJISCE;5;Zemljišče pod stavbo ali drugo stavbi ali delu stavbe pripadajoče zemljišče (zemljišče pod stavbo, dvorišče, dovozna pot, vrt, zelenica, stanovanjski atrij in podobno);PRIPADAJOCE;1724;BREZOVICA;;;parcela 1542/225;1/36;0.027777777777777776;1190.0;33.05555555555556;;;456055.22;96992.59;360000.0;;Cena posla ni avtomatsko cena te sestavine;2025-09-12;5;V preverjanju;2025;ETN_008_2025_KPP_2025_ZEMLJISCA_20260724.csv
Z-2025-ETN_008_2025_KPP_2025_ZEMLJISCA_20260724.csv-171;967293;ZEMLJISCE;5;Zemljišče pod stavbo ali drugo stavbi ali delu stavbe pripadajoče zemljišče (zemljišče pod stavbo, dvorišče, dovozna pot, vrt, zelenica, stanovanjski atrij in podobno);PRIPADAJOCE;1724;BREZOVICA;;;parcela 1542/152;1/1;1.0;11.0;11.0;;;455995.22;96956.55;360000.0;;Cena posla ni avtomatsko cena te sestavine;2025-09-12;5;V preverjanju;2025;ETN_008_2025_KPP_2025_ZEMLJISCA_20260724.csv
Z-2025-ETN_008_2025_KPP_2025_ZEMLJISCA_20260724.csv-172;967293;ZEMLJISCE;5;Zemljišče pod stavbo ali drugo stavbi ali delu stavbe pripadajoče zemljišče (zemljišče pod stavbo, dvorišče, dovozna pot, vrt, zelenica, stanovanjski atrij in podobno);PRIPADAJOCE;1724;BREZOVICA;;;parcela 1542/222;1/36;0.027777777777777776;5.0;0.1388888888888889;;;456024.83;96933.37;360000.0;;Cena posla ni avtomatsko cena te sestavine;2025-09-12;5;V preverjanju;2025;ETN_008_2025_KPP_2025_ZEMLJISCA_20260724.csv
Z-2025-ETN_008_2025_KPP_2025_ZEMLJISCA_20260724.csv-173;967293;ZEMLJISCE;5;Zemljišče pod stavbo ali drugo stavbi ali delu stavbe pripadajoče zemljišče (zemljišče pod stavbo, dvorišče, dovozna pot, vrt, zelenica, stanovanjski atrij in podobno);PRIPADAJOCE;1724;BREZOVICA;;;parcela 1542/220;1/36;0.027777777777777776;590.0;16.38888888888889;;;456018.85;96962.2;360000.0;;Cena posla ni avtomatsko cena te sestavine;2025-09-12;5;V preverjanju;2025;ETN_008_2025_KPP_2025_ZEMLJISCA_20260724.csv
Z-2025-ETN_008_2025_KPP_2025_ZEMLJISCA_20260724.csv-174;967293;ZEMLJISCE;5;Zemljišče pod stavbo ali drugo stavbi ali delu stavbe pripadajoče zemljišče (zemljišče pod stavbo, dvorišče, dovozna pot, vrt, zelenica, stanovanjski atrij in podobno);PRIPADAJOCE;1724;BREZOVICA;;;parcela 1542/219;1/36;0.027777777777777776;95.0;2.638888888888889;;;456023.06;96972.53;360000.0;;Cena posla ni avtomatsko cena te sestavine;2025-09-12;5;V preverjanju;2025;ETN_008_2025_KPP_2025_ZEMLJISCA_20260724.csv
Z-2025-ETN_008_2025_KPP_2025_ZEMLJISCA_20260724.csv-175;967293;ZEMLJISCE;5;Zemljišče pod stavbo ali drugo stavbi ali delu stavbe pripadajoče zemljišče (zemljišče pod stavbo, dvorišče, dovozna pot, vrt, zelenica, stanovanjski atrij in podobno);PRIPADAJOCE;1724;BREZOVICA;;;parcela 1542/151;1/1;1.0;11.0;11.0;;;455996.92;96961.79;360000.0;;Cena posla ni avtomatsko cena te sestavine;2025-09-12;5;V preverjanju;2025;ETN_008_2025_KPP_2025_ZEMLJISCA_20260724.csv
Z-2025-ETN_008_2025_KPP_2025_ZEMLJISCA_20260724.csv-176;967293;ZEMLJISCE;5;Zemljišče pod stavbo ali drugo stavbi ali delu stavbe pripadajoče zemljišče (zemljišče pod stavbo, dvorišče, dovozna pot, vrt, zelenica, stanovanjski atrij in podobno);PRIPADAJOCE;1724;BREZOVICA;;;parcela 1542/188;1/36;0.027777777777777776;18.0;0.5;;;456051.16;96996.28;360000.0;;Cena posla ni avtomatsko cena te sestavine;2025-09-12;5;V preverjanju;2025;ETN_008_2025_KPP_2025_ZEMLJISCA_20260724.csv
Z-2025-ETN_008_2025_KPP_2025_ZEMLJISCA_20260724.csv-177;899847;ZEMLJISCE;5;Zemljišče pod stavbo ali drugo stavbi ali delu stavbe pripadajoče zemljišče (zemljišče pod stavbo, dvorišče, dovozna pot, vrt, zelenica, stanovanjski atrij in podobno);PRIPADAJOCE;1704;KAMNIK;;;parcela *282;1/1;1.0;159.0;159.0;;;454237.51;90709.46;210000.0;;Cena posla ni avtomatsko cena te sestavine;2025-02-10;2;Tržen posel – neustrezni podatki;2025;ETN_008_2025_KPP_2025_ZEMLJISCA_20260724.csv
Z-2025-ETN_008_2025_KPP_2025_ZEMLJISCA_20260724.csv-178;899847;ZEMLJISCE;5;Zemljišče pod stavbo ali drugo stavbi ali delu stavbe pripadajoče zemljišče (zemljišče pod stavbo, dvorišče, dovozna pot, vrt, zelenica, stanovanjski atrij in podobno);PRIPADAJOCE;1704;KAMNIK;;;parcela 3138/2;1/1;1.0;412.0;412.0;;;454234.05;90705.33;210000.0;;Cena posla ni avtomatsko cena te sestavine;2025-02-10;2;Tržen posel – neustrezni podatki;2025;ETN_008_2025_KPP_2025_ZEMLJISCA_20260724.csv
Z-2025-ETN_008_2025_KPP_2025_ZEMLJISCA_20260724.csv-179;960659;ZEMLJISCE;5;Zemljišče pod stavbo ali drugo stavbi ali delu stavbe pripadajoče zemljišče (zemljišče pod stavbo, dvorišče, dovozna pot, vrt, zelenica, stanovanjski atrij in podobno);PRIPADAJOCE;1705;PRESERJE;;;parcela 2260/7;1/1;1.0;78.0;78.0;;;454272.34;91401.56;8112.0;;Cena posla ni avtomatsko cena te sestavine;2025-06-18;5;V preverjanju;2025;ETN_008_2025_KPP_2025_ZEMLJISCA_20260724.csv
Z-2025-ETN_008_2025_KPP_2025_ZEMLJISCA_20260724.csv-180;962599;ZEMLJISCE;7;Zemljišče za kmetijsko rabo (njiva, travnik, pašnik);KMETIJSKO;1724;BREZOVICA;;;parcela 699/6;1/1;1.0;10.0;10.0;;;454274.2;97432.05;2300.0;;Cena posla ni avtomatsko cena te sestavine;2025-07-22;5;V preverjanju;2025;ETN_008_2025_KPP_2025_ZEMLJISCA_20260724.csv
Z-2025-ETN_008_2025_KPP_2025_ZEMLJISCA_20260724.csv-181;903113;ZEMLJISCE;3;Zemljišče, na katerem je ali bo mogoče graditi stavbo in je delno komunalno opremljeno ali komunalno neopremljeno;STAVBNO;1724;BREZOVICA;;;parcela 2577/3;1/1;1.0;523.0;523.0;;;453404.12;94344.89;85000.0;;Cena posla ni avtomatsko cena te sestavine;2025-02-20;5;V preverjanju;2025;ETN_008_2025_KPP_2025_ZEMLJISCA_20260724.csv
Z-2025-ETN_008_2025_KPP_2025_ZEMLJISCA_20260724.csv-182;969370;ZEMLJISCE;5;Zemljišče pod stavbo ali drugo stavbi ali delu stavbe pripadajoče zemljišče (zemljišče pod stavbo, dvorišče, dovozna pot, vrt, zelenica, stanovanjski atrij in podobno);PRIPADAJOCE;1703;JEZERO;;;parcela 362/159;1/1;1.0;198.0;198.0;;;455060.16;93049.78;461500.0;;Cena posla ni avtomatsko cena te sestavine;2025-09-25;5;V preverjanju;2025;ETN_008_2025_KPP_2025_ZEMLJISCA_20260724.csv
Z-2025-ETN_008_2025_KPP_2025_ZEMLJISCA_20260724.csv-183;969370;ZEMLJISCE;3;Zemljišče, na katerem je ali bo mogoče graditi stavbo in je delno komunalno opremljeno ali komunalno neopremljeno;STAVBNO;1703;JEZERO;;;parcela 362/160;1/12;0.08333333333333333;89.0;7.416666666666666;;;455055.81;93044.67;461500.0;;Cena posla ni avtomatsko cena te sestavine;2025-09-25;5;V preverjanju;2025;ETN_008_2025_KPP_2025_ZEMLJISCA_20260724.csv
Z-2025-ETN_008_2025_KPP_2025_ZEMLJISCA_20260724.csv-184;969370;ZEMLJISCE;3;Zemljišče, na katerem je ali bo mogoče graditi stavbo in je delno komunalno opremljeno ali komunalno neopremljeno;STAVBNO;1703;JEZERO;;;parcela 362/161;1/12;0.08333333333333333;665.0;55.416666666666664;;;455067.41;93068.99;461500.0;;Cena posla ni avtomatsko cena te sestavine;2025-09-25;5;V preverjanju;2025;ETN_008_2025_KPP_2025_ZEMLJISCA_20260724.csv
Z-2025-ETN_008_2025_KPP_2025_ZEMLJISCA_20260724.csv-185;970583;ZEMLJISCE;3;Zemljišče, na katerem je ali bo mogoče graditi stavbo in je delno komunalno opremljeno ali komunalno neopremljeno;STAVBNO;1724;BREZOVICA;;;parcela 298/32;1/1;1.0;703.0;703.0;;;455623.6;98709.69;200000.0;;Cena posla ni avtomatsko cena te sestavine;2025-10-08;5;V preverjanju;2025;ETN_008_2025_KPP_2025_ZEMLJISCA_20260724.csv
Z-2025-ETN_008_2025_KPP_2025_ZEMLJISCA_20260724.csv-186;970583;ZEMLJISCE;3;Zemljišče, na katerem je ali bo mogoče graditi stavbo in je delno komunalno opremljeno ali komunalno neopremljeno;STAVBNO;1724;BREZOVICA;;;parcela 298/33;1/1;1.0;300.0;300.0;;;455635.51;98697.98;200000.0;;Cena posla ni avtomatsko cena te sestavine;2025-10-08;5;V preverjanju;2025;ETN_008_2025_KPP_2025_ZEMLJISCA_20260724.csv
Z-2026-ETN_008_2026_KPP_2026_ZEMLJISCA_20260724.csv-2;985731;ZEMLJISCE;7;Zemljišče za kmetijsko rabo (njiva, travnik, pašnik);KMETIJSKO;1724;BREZOVICA;;;parcela 3508/6;1/1;1.0;11963.0;11963.0;;;454249.97;93401.8;23926.0;;Cena posla ni avtomatsko cena te sestavine;2026-02-25;5;V preverjanju;2026;ETN_008_2026_KPP_2026_ZEMLJISCA_20260724.csv
Z-2026-ETN_008_2026_KPP_2026_ZEMLJISCA_20260724.csv-3;986993;ZEMLJISCE;7;Zemljišče za kmetijsko rabo (njiva, travnik, pašnik);KMETIJSKO;1724;BREZOVICA;;;parcela 3213;1/1;1.0;8884.0;8884.0;;;452542.38;93768.02;15991.2;;Cena posla ni avtomatsko cena te sestavine;2026-03-14;5;V preverjanju;2026;ETN_008_2026_KPP_2026_ZEMLJISCA_20260724.csv
Z-2026-ETN_008_2026_KPP_2026_ZEMLJISCA_20260724.csv-4;985853;ZEMLJISCE;1;Zemljišče na katerem je mogoče graditi stavbo in ima gradbeno dovoljenje;STAVBNO;1652;RAKITNA;;;parcela 1303/28;1/1;1.0;844.0;844.0;;;456503.87;82538.81;82000.0;;Cena posla ni avtomatsko cena te sestavine;2026-02-27;5;V preverjanju;2026;ETN_008_2026_KPP_2026_ZEMLJISCA_20260724.csv
Z-2026-ETN_008_2026_KPP_2026_ZEMLJISCA_20260724.csv-5;985951;ZEMLJISCE;3;Zemljišče, na katerem je ali bo mogoče graditi stavbo in je delno komunalno opremljeno ali komunalno neopremljeno;STAVBNO;1724;BREZOVICA;;;parcela 564/42;1/1;1.0;611.0;611.0;;;454486.22;97249.21;110000.0;;Cena posla ni avtomatsko cena te sestavine;2026-02-27;5;V preverjanju;2026;ETN_008_2026_KPP_2026_ZEMLJISCA_20260724.csv
Z-2026-ETN_008_2026_KPP_2026_ZEMLJISCA_20260724.csv-6;985758;ZEMLJISCE;2;Zemljišče, na katerem je mogoče graditi stavbo in je komunalno opremljeno (priključki na vodo, elektriko in neposredni dostop do dovozne poti);STAVBNO;1724;BREZOVICA;;;parcela 583/48;1/1;1.0;659.0;659.0;;;454837.55;97544.32;197700.0;;Cena posla ni avtomatsko cena te sestavine;2026-02-26;5;V preverjanju;2026;ETN_008_2026_KPP_2026_ZEMLJISCA_20260724.csv
Z-2026-ETN_008_2026_KPP_2026_ZEMLJISCA_20260724.csv-7;985758;ZEMLJISCE;2;Zemljišče, na katerem je mogoče graditi stavbo in je komunalno opremljeno (priključki na vodo, elektriko in neposredni dostop do dovozne poti);STAVBNO;1724;BREZOVICA;;;parcela 583/42;1/1;1.0;131.0;131.0;;;454820.12;97551.69;197700.0;;Cena posla ni avtomatsko cena te sestavine;2026-02-26;5;V preverjanju;2026;ETN_008_2026_KPP_2026_ZEMLJISCA_20260724.csv
Z-2026-ETN_008_2026_KPP_2026_ZEMLJISCA_20260724.csv-8;985758;ZEMLJISCE;4;Zemljišče, na katerem je ali bo mogoče graditi prometno ali energetsko infrastrukturo (cesta, plinovod in drugo);INFRASTRUKTURA;1724;BREZOVICA;;;parcela 583/44;3/10;0.3;148.0;44.4;;;454765.32;97543.89;197700.0;;Cena posla ni avtomatsko cena te sestavine;2026-02-26;5;V preverjanju;2026;ETN_008_2026_KPP_2026_ZEMLJISCA_20260724.csv
Z-2026-ETN_008_2026_KPP_2026_ZEMLJISCA_20260724.csv-9;985758;ZEMLJISCE;4;Zemljišče, na katerem je ali bo mogoče graditi prometno ali energetsko infrastrukturo (cesta, plinovod in drugo);INFRASTRUKTURA;1724;BREZOVICA;;;parcela 583/6;3/10;0.3;300.0;90.0;;;454701.55;97555.12;197700.0;;Cena posla ni avtomatsko cena te sestavine;2026-02-26;5;V preverjanju;2026;ETN_008_2026_KPP_2026_ZEMLJISCA_20260724.csv
Z-2026-ETN_008_2026_KPP_2026_ZEMLJISCA_20260724.csv-10;986958;ZEMLJISCE;7;Zemljišče za kmetijsko rabo (njiva, travnik, pašnik);KMETIJSKO;1724;BREZOVICA;;;parcela 3088/1;1/1;1.0;7661.0;7661.0;;;451678.66;94826.19;15322.0;;Cena posla ni avtomatsko cena te sestavine;2026-03-10;5;V preverjanju;2026;ETN_008_2026_KPP_2026_ZEMLJISCA_20260724.csv
Z-2026-ETN_008_2026_KPP_2026_ZEMLJISCA_20260724.csv-11;985801;ZEMLJISCE;1;Zemljišče na katerem je mogoče graditi stavbo in ima gradbeno dovoljenje;STAVBNO;1724;BREZOVICA;;;parcela 571/31;1/1;1.0;5.0;5.0;;;454721.07;97400.61;200000.0;;Cena posla ni avtomatsko cena te sestavine;2026-02-26;5;V preverjanju;2026;ETN_008_2026_KPP_2026_ZEMLJISCA_20260724.csv
Z-2026-ETN_008_2026_KPP_2026_ZEMLJISCA_20260724.csv-12;985801;ZEMLJISCE;1;Zemljišče na katerem je mogoče graditi stavbo in ima gradbeno dovoljenje;STAVBNO;1724;BREZOVICA;;;parcela 571/64;1/6;0.16666666666666666;14.0;2.333333333333333;;;454728.43;97393.5;200000.0;;Cena posla ni avtomatsko cena te sestavine;2026-02-26;5;V preverjanju;2026;ETN_008_2026_KPP_2026_ZEMLJISCA_20260724.csv
Z-2026-ETN_008_2026_KPP_2026_ZEMLJISCA_20260724.csv-13;985801;ZEMLJISCE;1;Zemljišče na katerem je mogoče graditi stavbo in ima gradbeno dovoljenje;STAVBNO;1724;BREZOVICA;;;parcela 571/65;1/6;0.16666666666666666;2.0;0.3333333333333333;;;454728.27;97395.43;200000.0;;Cena posla ni avtomatsko cena te sestavine;2026-02-26;5;V preverjanju;2026;ETN_008_2026_KPP_2026_ZEMLJISCA_20260724.csv
Z-2026-ETN_008_2026_KPP_2026_ZEMLJISCA_20260724.csv-14;985801;ZEMLJISCE;1;Zemljišče na katerem je mogoče graditi stavbo in ima gradbeno dovoljenje;STAVBNO;1724;BREZOVICA;;;parcela 571/63;1/6;0.16666666666666666;13.0;2.1666666666666665;;;454731.16;97392.65;200000.0;;Cena posla ni avtomatsko cena te sestavine;2026-02-26;5;V preverjanju;2026;ETN_008_2026_KPP_2026_ZEMLJISCA_20260724.csv
Z-2026-ETN_008_2026_KPP_2026_ZEMLJISCA_20260724.csv-15;987081;ZEMLJISCE;5;Zemljišče pod stavbo ali drugo stavbi ali delu stavbe pripadajoče zemljišče (zemljišče pod stavbo, dvorišče, dovozna pot, vrt, zelenica, stanovanjski atrij in podobno);PRIPADAJOCE;1724;BREZOVICA;;;parcela 369/182;1/45;0.022222222222222223;867.0;19.266666666666666;;;455113.04;97965.69;310000.0;;Cena posla ni avtomatsko cena te sestavine;2026-03-01;5;V preverjanju;2026;ETN_008_2026_KPP_2026_ZEMLJISCA_20260724.csv
Z-2026-ETN_008_2026_KPP_2026_ZEMLJISCA_20260724.csv-16;987081;ZEMLJISCE;5;Zemljišče pod stavbo ali drugo stavbi ali delu stavbe pripadajoče zemljišče (zemljišče pod stavbo, dvorišče, dovozna pot, vrt, zelenica, stanovanjski atrij in podobno);PRIPADAJOCE;1724;BREZOVICA;;;parcela 369/221;1/3;0.3333333333333333;77.0;25.666666666666664;;;455080.36;97936.29;310000.0;;Cena posla ni avtomatsko cena te sestavine;2026-03-01;5;V preverjanju;2026;ETN_008_2026_KPP_2026_ZEMLJISCA_20260724.csv
Z-2026-ETN_008_2026_KPP_2026_ZEMLJISCA_20260724.csv-17;987081;ZEMLJISCE;5;Zemljišče pod stavbo ali drugo stavbi ali delu stavbe pripadajoče zemljišče (zemljišče pod stavbo, dvorišče, dovozna pot, vrt, zelenica, stanovanjski atrij in podobno);PRIPADAJOCE;1724;BREZOVICA;;;parcela 369/207;2/52;0.038461538461538464;1492.0;57.38461538461539;;;455065.03;97951.6;310000.0;;Cena posla ni avtomatsko cena te sestavine;2026-03-01;5;V preverjanju;2026;ETN_008_2026_KPP_2026_ZEMLJISCA_20260724.csv
Z-2026-ETN_008_2026_KPP_2026_ZEMLJISCA_20260724.csv-18;987081;ZEMLJISCE;5;Zemljišče pod stavbo ali drugo stavbi ali delu stavbe pripadajoče zemljišče (zemljišče pod stavbo, dvorišče, dovozna pot, vrt, zelenica, stanovanjski atrij in podobno);PRIPADAJOCE;1724;BREZOVICA;;;parcela 369/205;1/45;0.022222222222222223;122.0;2.7111111111111112;;;455067.04;97973.29;310000.0;;Cena posla ni avtomatsko cena te sestavine;2026-03-01;5;V preverjanju;2026;ETN_008_2026_KPP_2026_ZEMLJISCA_20260724.csv
Z-2026-ETN_008_2026_KPP_2026_ZEMLJISCA_20260724.csv-19;987081;ZEMLJISCE;5;Zemljišče pod stavbo ali drugo stavbi ali delu stavbe pripadajoče zemljišče (zemljišče pod stavbo, dvorišče, dovozna pot, vrt, zelenica, stanovanjski atrij in podobno);PRIPADAJOCE;1724;BREZOVICA;;;parcela 369/208;1/45;0.022222222222222223;134.0;2.977777777777778;;;455022.69;97940.65;310000.0;;Cena posla ni avtomatsko cena te sestavine;2026-03-01;5;V preverjanju;2026;ETN_008_2026_KPP_2026_ZEMLJISCA_20260724.csv
Z-2026-ETN_008_2026_KPP_2026_ZEMLJISCA_20260724.csv-20;988715;ZEMLJISCE;3;Zemljišče, na katerem je ali bo mogoče graditi stavbo in je delno komunalno opremljeno ali komunalno neopremljeno;STAVBNO;1652;RAKITNA;;;parcela 1391/24;1/1;1.0;692.0;692.0;;;456786.11;82778.02;117500.0;;Cena posla ni avtomatsko cena te sestavine;2026-03-18;5;V preverjanju;2026;ETN_008_2026_KPP_2026_ZEMLJISCA_20260724.csv
Z-2026-ETN_008_2026_KPP_2026_ZEMLJISCA_20260724.csv-21;975722;ZEMLJISCE;7;Zemljišče za kmetijsko rabo (njiva, travnik, pašnik);KMETIJSKO;1704;KAMNIK;;;parcela 1593;1/18;0.05555555555555555;15876.0;882.0;;;451182.78;91249.42;5000.0;;Cena posla ni avtomatsko cena te sestavine;2025-11-14;5;V preverjanju;2026;ETN_008_2026_KPP_2026_ZEMLJISCA_20260724.csv
Z-2026-ETN_008_2026_KPP_2026_ZEMLJISCA_20260724.csv-22;975722;ZEMLJISCE;7;Zemljišče za kmetijsko rabo (njiva, travnik, pašnik);KMETIJSKO;1704;KAMNIK;;;parcela 1596/2;1/18;0.05555555555555555;1075.0;59.72222222222222;;;451120.78;91269.78;5000.0;;Cena posla ni avtomatsko cena te sestavine;2025-11-14;5;V preverjanju;2026;ETN_008_2026_KPP_2026_ZEMLJISCA_20260724.csv
Z-2026-ETN_008_2026_KPP_2026_ZEMLJISCA_20260724.csv-23;975722;ZEMLJISCE;7;Zemljišče za kmetijsko rabo (njiva, travnik, pašnik);KMETIJSKO;1704;KAMNIK;;;parcela 403/13;1/18;0.05555555555555555;452.0;25.11111111111111;;;451021.78;91900.18;5000.0;;Cena posla ni avtomatsko cena te sestavine;2025-11-14;5;V preverjanju;2026;ETN_008_2026_KPP_2026_ZEMLJISCA_20260724.csv
Z-2026-ETN_008_2026_KPP_2026_ZEMLJISCA_20260724.csv-24;975722;ZEMLJISCE;7;Zemljišče za kmetijsko rabo (njiva, travnik, pašnik);KMETIJSKO;1704;KAMNIK;;;parcela 403/7;1/4;0.25;270.0;67.5;;;451074.91;91911.03;5000.0;;Cena posla ni avtomatsko cena te sestavine;2025-11-14;5;V preverjanju;2026;ETN_008_2026_KPP_2026_ZEMLJISCA_20260724.csv
Z-2026-ETN_008_2026_KPP_2026_ZEMLJISCA_20260724.csv-25;975722;ZEMLJISCE;7;Zemljišče za kmetijsko rabo (njiva, travnik, pašnik);KMETIJSKO;1997;BLATNA BREZOVICA;;;parcela 3149;1/18;0.05555555555555555;621.0;34.5;;;451083.33;91960.46;5000.0;;Cena posla ni avtomatsko cena te sestavine;2025-11-14;5;V preverjanju;2026;ETN_008_2026_KPP_2026_ZEMLJISCA_20260724.csv
Z-2026-ETN_008_2026_KPP_2026_ZEMLJISCA_20260724.csv-26;975722;ZEMLJISCE;7;Zemljišče za kmetijsko rabo (njiva, travnik, pašnik);KMETIJSKO;1704;KAMNIK;;;parcela 1571/1;7/90;0.07777777777777778;2007.0;156.1;;;451217.35;91395.51;5000.0;;Cena posla ni avtomatsko cena te sestavine;2025-11-14;5;V preverjanju;2026;ETN_008_2026_KPP_2026_ZEMLJISCA_20260724.csv
Z-2026-ETN_008_2026_KPP_2026_ZEMLJISCA_20260724.csv-27;975722;ZEMLJISCE;7;Zemljišče za kmetijsko rabo (njiva, travnik, pašnik);KMETIJSKO;1704;KAMNIK;;;parcela 403/4;1/18;0.05555555555555555;1857.0;103.16666666666666;;;451034.94;91883.25;5000.0;;Cena posla ni avtomatsko cena te sestavine;2025-11-14;5;V preverjanju;2026;ETN_008_2026_KPP_2026_ZEMLJISCA_20260724.csv
Z-2026-ETN_008_2026_KPP_2026_ZEMLJISCA_20260724.csv-28;975722;ZEMLJISCE;7;Zemljišče za kmetijsko rabo (njiva, travnik, pašnik);KMETIJSKO;1704;KAMNIK;;;parcela 1594/2;1/18;0.05555555555555555;241.0;13.388888888888888;;;451228.99;91360.05;5000.0;;Cena posla ni avtomatsko cena te sestavine;2025-11-14;5;V preverjanju;2026;ETN_008_2026_KPP_2026_ZEMLJISCA_20260724.csv
Z-2026-ETN_008_2026_KPP_2026_ZEMLJISCA_20260724.csv-29;975722;ZEMLJISCE;7;Zemljišče za kmetijsko rabo (njiva, travnik, pašnik);KMETIJSKO;1704;KAMNIK;;;parcela *320;1/4;0.25;187.0;46.75;;;451094.01;91904.28;5000.0;;Cena posla ni avtomatsko cena te sestavine;2025-11-14;5;V preverjanju;2026;ETN_008_2026_KPP_2026_ZEMLJISCA_20260724.csv
Z-2026-ETN_008_2026_KPP_2026_ZEMLJISCA_20260724.csv-30;975722;ZEMLJISCE;7;Zemljišče za kmetijsko rabo (njiva, travnik, pašnik);KMETIJSKO;1704;KAMNIK;;;parcela 403/15;1/18;0.05555555555555555;41.0;2.2777777777777777;;;451016.99;91891.93;5000.0;;Cena posla ni avtomatsko cena te sestavine;2025-11-14;5;V preverjanju;2026;ETN_008_2026_KPP_2026_ZEMLJISCA_20260724.csv
Z-2026-ETN_008_2026_KPP_2026_ZEMLJISCA_20260724.csv-31;975722;ZEMLJISCE;7;Zemljišče za kmetijsko rabo (njiva, travnik, pašnik);KMETIJSKO;1704;KAMNIK;;;parcela 1592;1/18;0.05555555555555555;3705.0;205.83333333333331;;;451269.23;91235.13;5000.0;;Cena posla ni avtomatsko cena te sestavine;2025-11-14;5;V preverjanju;2026;ETN_008_2026_KPP_2026_ZEMLJISCA_20260724.csv
Z-2026-ETN_008_2026_KPP_2026_ZEMLJISCA_20260724.csv-32;975722;ZEMLJISCE;7;Zemljišče za kmetijsko rabo (njiva, travnik, pašnik);KMETIJSKO;1704;KAMNIK;;;parcela 403/16;1/18;0.05555555555555555;34.0;1.8888888888888888;;;451049.57;91898.23;5000.0;;Cena posla ni avtomatsko cena te sestavine;2025-11-14;5;V preverjanju;2026;ETN_008_2026_KPP_2026_ZEMLJISCA_20260724.csv
Z-2026-ETN_008_2026_KPP_2026_ZEMLJISCA_20260724.csv-33;975722;ZEMLJISCE;7;Zemljišče za kmetijsko rabo (njiva, travnik, pašnik);KMETIJSKO;1704;KAMNIK;;;parcela 403/5;1/18;0.05555555555555555;80.0;4.444444444444445;;;451088.52;91805.9;5000.0;;Cena posla ni avtomatsko cena te sestavine;2025-11-14;5;V preverjanju;2026;ETN_008_2026_KPP_2026_ZEMLJISCA_20260724.csv
Z-2026-ETN_008_2026_KPP_2026_ZEMLJISCA_20260724.csv-34;975722;ZEMLJISCE;7;Zemljišče za kmetijsko rabo (njiva, travnik, pašnik);KMETIJSKO;1704;KAMNIK;;;parcela 403/14;1/18;0.05555555555555555;4.0;0.2222222222222222;;;451044.36;91899.44;5000.0;;Cena posla ni avtomatsko cena te sestavine;2025-11-14;5;V preverjanju;2026;ETN_008_2026_KPP_2026_ZEMLJISCA_20260724.csv
Z-2026-ETN_008_2026_KPP_2026_ZEMLJISCA_20260724.csv-35;975722;ZEMLJISCE;7;Zemljišče za kmetijsko rabo (njiva, travnik, pašnik);KMETIJSKO;1704;KAMNIK;;;parcela 403/6;1/4;0.25;670.0;167.5;;;451083.78;91889.23;5000.0;;Cena posla ni avtomatsko cena te sestavine;2025-11-14;5;V preverjanju;2026;ETN_008_2026_KPP_2026_ZEMLJISCA_20260724.csv
Z-2026-ETN_008_2026_KPP_2026_ZEMLJISCA_20260724.csv-36;975722;ZEMLJISCE;7;Zemljišče za kmetijsko rabo (njiva, travnik, pašnik);KMETIJSKO;1704;KAMNIK;;;parcela 403/8;1/4;0.25;130.0;32.5;;;451077.37;91868.04;5000.0;;Cena posla ni avtomatsko cena te sestavine;2025-11-14;5;V preverjanju;2026;ETN_008_2026_KPP_2026_ZEMLJISCA_20260724.csv
Z-2026-ETN_008_2026_KPP_2026_ZEMLJISCA_20260724.csv-37;975722;ZEMLJISCE;7;Zemljišče za kmetijsko rabo (njiva, travnik, pašnik);KMETIJSKO;1704;KAMNIK;;;parcela 2408;2/45;0.044444444444444446;11407.0;506.9777777777778;;;454289.6;89195.62;5000.0;;Cena posla ni avtomatsko cena te sestavine;2025-11-14;5;V preverjanju;2026;ETN_008_2026_KPP_2026_ZEMLJISCA_20260724.csv
Z-2026-ETN_008_2026_KPP_2026_ZEMLJISCA_20260724.csv-38;975722;ZEMLJISCE;7;Zemljišče za kmetijsko rabo (njiva, travnik, pašnik);KMETIJSKO;1704;KAMNIK;;;parcela 403/1;7/90;0.07777777777777778;6471.0;503.3;;;451113.14;91777.68;5000.0;;Cena posla ni avtomatsko cena te sestavine;2025-11-14;5;V preverjanju;2026;ETN_008_2026_KPP_2026_ZEMLJISCA_20260724.csv
Z-2026-ETN_008_2026_KPP_2026_ZEMLJISCA_20260724.csv-39;975722;ZEMLJISCE;7;Zemljišče za kmetijsko rabo (njiva, travnik, pašnik);KMETIJSKO;1997;BLATNA BREZOVICA;;;parcela 3148;478/33327;0.014342725117772378;11109.0;159.33333333333334;;;451081.8;92063.48;5000.0;;Cena posla ni avtomatsko cena te sestavine;2025-11-14;5;V preverjanju;2026;ETN_008_2026_KPP_2026_ZEMLJISCA_20260724.csv
Z-2026-ETN_008_2026_KPP_2026_ZEMLJISCA_20260724.csv-40;975722;ZEMLJISCE;7;Zemljišče za kmetijsko rabo (njiva, travnik, pašnik);KMETIJSKO;1704;KAMNIK;;;parcela 403/9;1/18;0.05555555555555555;225.0;12.5;;;451056.75;91891.28;5000.0;;Cena posla ni avtomatsko cena te sestavine;2025-11-14;5;V preverjanju;2026;ETN_008_2026_KPP_2026_ZEMLJISCA_20260724.csv
Z-2026-ETN_008_2026_KPP_2026_ZEMLJISCA_20260724.csv-41;975722;ZEMLJISCE;10;Neplodno ali vodno zemljišče ali drugo neuporabno zemljišče;DRUGO;1704;KAMNIK;;;parcela 403/12;1/18;0.05555555555555555;92.0;5.111111111111111;;;451000.4;91894.46;5000.0;;Cena posla ni avtomatsko cena te sestavine;2025-11-14;5;V preverjanju;2026;ETN_008_2026_KPP_2026_ZEMLJISCA_20260724.csv
Z-2026-ETN_008_2026_KPP_2026_ZEMLJISCA_20260724.csv-42;975722;ZEMLJISCE;7;Zemljišče za kmetijsko rabo (njiva, travnik, pašnik);KMETIJSKO;1704;KAMNIK;;;parcela 1597;1/18;0.05555555555555555;18212.0;1011.7777777777777;;;451040.0;91336.28;5000.0;;Cena posla ni avtomatsko cena te sestavine;2025-11-14;5;V preverjanju;2026;ETN_008_2026_KPP_2026_ZEMLJISCA_20260724.csv
Z-2026-ETN_008_2026_KPP_2026_ZEMLJISCA_20260724.csv-43;975730;ZEMLJISCE;7;Zemljišče za kmetijsko rabo (njiva, travnik, pašnik);KMETIJSKO;1703;JEZERO;;;parcela 369/4;1/1;1.0;252.0;252.0;;;455458.42;93113.95;8370.0;;Cena posla ni avtomatsko cena te sestavine;2025-08-21;5;V preverjanju;2026;ETN_008_2026_KPP_2026_ZEMLJISCA_20260724.csv
Z-2026-ETN_008_2026_KPP_2026_ZEMLJISCA_20260724.csv-44;975730;ZEMLJISCE;7;Zemljišče za kmetijsko rabo (njiva, travnik, pašnik);KMETIJSKO;1703;JEZERO;;;parcela 369/6;1/1;1.0;585.0;585.0;;;455410.19;93045.42;8370.0;;Cena posla ni avtomatsko cena te sestavine;2025-08-21;5;V preverjanju;2026;ETN_008_2026_KPP_2026_ZEMLJISCA_20260724.csv
Z-2026-ETN_008_2026_KPP_2026_ZEMLJISCA_20260724.csv-45;975647;ZEMLJISCE;7;Zemljišče za kmetijsko rabo (njiva, travnik, pašnik);KMETIJSKO;1705;PRESERJE;;;parcela 801/17;1/1;1.0;187.0;187.0;;;454273.45;91586.93;15000.0;;Cena posla ni avtomatsko cena te sestavine;2025-11-13;5;V preverjanju;2026;ETN_008_2026_KPP_2026_ZEMLJISCA_20260724.csv
Z-2026-ETN_008_2026_KPP_2026_ZEMLJISCA_20260724.csv-46;980144;ZEMLJISCE;3;Zemljišče, na katerem je ali bo mogoče graditi stavbo in je delno komunalno opremljeno ali komunalno neopremljeno;STAVBNO;1724;BREZOVICA;;;parcela 607/111;1/1;1.0;676.0;676.0;;;454586.44;97905.73;2006400.0;;Cena posla ni avtomatsko cena te sestavine;2025-12-22;5;V preverjanju;2026;ETN_008_2026_KPP_2026_ZEMLJISCA_20260724.csv
Z-2026-ETN_008_2026_KPP_2026_ZEMLJISCA_20260724.csv-47;980144;ZEMLJISCE;3;Zemljišče, na katerem je ali bo mogoče graditi stavbo in je delno komunalno opremljeno ali komunalno neopremljeno;STAVBNO;1724;BREZOVICA;;;parcela 607/112;1/1;1.0;677.0;677.0;;;454584.69;97938.0;2006400.0;;Cena posla ni avtomatsko cena te sestavine;2025-12-22;5;V preverjanju;2026;ETN_008_2026_KPP_2026_ZEMLJISCA_20260724.csv
Z-2026-ETN_008_2026_KPP_2026_ZEMLJISCA_20260724.csv-48;980144;ZEMLJISCE;3;Zemljišče, na katerem je ali bo mogoče graditi stavbo in je delno komunalno opremljeno ali komunalno neopremljeno;STAVBNO;1724;BREZOVICA;;;parcela 607/113;1/1;1.0;814.0;814.0;;;454556.12;97934.96;2006400.0;;Cena posla ni avtomatsko cena te sestavine;2025-12-22;5;V preverjanju;2026;ETN_008_2026_KPP_2026_ZEMLJISCA_20260724.csv
Z-2026-ETN_008_2026_KPP_2026_ZEMLJISCA_20260724.csv-49;980144;ZEMLJISCE;3;Zemljišče, na katerem je ali bo mogoče graditi stavbo in je delno komunalno opremljeno ali komunalno neopremljeno;STAVBNO;1724;BREZOVICA;;;parcela 607/125;1/1;1.0;2663.0;2663.0;;;454616.03;97923.73;2006400.0;;Cena posla ni avtomatsko cena te sestavine;2025-12-22;5;V preverjanju;2026;ETN_008_2026_KPP_2026_ZEMLJISCA_20260724.csv
Z-2026-ETN_008_2026_KPP_2026_ZEMLJISCA_20260724.csv-50;980144;ZEMLJISCE;3;Zemljišče, na katerem je ali bo mogoče graditi stavbo in je delno komunalno opremljeno ali komunalno neopremljeno;STAVBNO;1724;BREZOVICA;;;parcela 607/128;1/1;1.0;159.0;159.0;;;454571.48;97936.54;2006400.0;;Cena posla ni avtomatsko cena te sestavine;2025-12-22;5;V preverjanju;2026;ETN_008_2026_KPP_2026_ZEMLJISCA_20260724.csv
Z-2026-ETN_008_2026_KPP_2026_ZEMLJISCA_20260724.csv-51;980144;ZEMLJISCE;3;Zemljišče, na katerem je ali bo mogoče graditi stavbo in je delno komunalno opremljeno ali komunalno neopremljeno;STAVBNO;1724;BREZOVICA;;;parcela 607/129;1/2;0.5;162.0;81.0;;;454573.73;97904.64;2006400.0;;Cena posla ni avtomatsko cena te sestavine;2025-12-22;5;V preverjanju;2026;ETN_008_2026_KPP_2026_ZEMLJISCA_20260724.csv
Z-2026-ETN_008_2026_KPP_2026_ZEMLJISCA_20260724.csv-52;984307;ZEMLJISCE;7;Zemljišče za kmetijsko rabo (njiva, travnik, pašnik);KMETIJSKO;1724;BREZOVICA;;;parcela 2808/5;1/1;1.0;4312.0;4312.0;;;452680.66;95430.19;19404.0;;Cena posla ni avtomatsko cena te sestavine;2025-12-29;5;V preverjanju;2026;ETN_008_2026_KPP_2026_ZEMLJISCA_20260724.csv
Z-2026-ETN_008_2026_KPP_2026_ZEMLJISCA_20260724.csv-53;984319;ZEMLJISCE;6;Zemljišče, na katerem je cesta ali parkirišče;INFRASTRUKTURA;1724;BREZOVICA;;;parcela 298/26;1/9;0.1111111111111111;265.0;29.444444444444443;;;455630.65;98687.04;290000.0;;Cena posla ni avtomatsko cena te sestavine;2026-02-20;5;V preverjanju;2026;ETN_008_2026_KPP_2026_ZEMLJISCA_20260724.csv
Z-2026-ETN_008_2026_KPP_2026_ZEMLJISCA_20260724.csv-54;984319;ZEMLJISCE;6;Zemljišče, na katerem je cesta ali parkirišče;INFRASTRUKTURA;1724;BREZOVICA;;;parcela 298/17;897/5000;0.1794;119.0;21.3486;;;455631.95;98673.19;290000.0;;Cena posla ni avtomatsko cena te sestavine;2026-02-20;5;V preverjanju;2026;ETN_008_2026_KPP_2026_ZEMLJISCA_20260724.csv
Z-2026-ETN_008_2026_KPP_2026_ZEMLJISCA_20260724.csv-55;984319;ZEMLJISCE;6;Zemljišče, na katerem je cesta ali parkirišče;INFRASTRUKTURA;1724;BREZOVICA;;;parcela 298/15;1/1;1.0;14.0;14.0;;;455634.6;98669.33;290000.0;;Cena posla ni avtomatsko cena te sestavine;2026-02-20;5;V preverjanju;2026;ETN_008_2026_KPP_2026_ZEMLJISCA_20260724.csv
Z-2026-ETN_008_2026_KPP_2026_ZEMLJISCA_20260724.csv-56;988921;ZEMLJISCE;9;Zemljišče za gozdno rabo (gozd);GOZDNO;2005;BREG;;;parcela 714;1/1;1.0;2610.0;2610.0;;;451527.37;88656.06;269323.35;;Cena posla ni avtomatsko cena te sestavine;2026-03-16;5;V preverjanju;2026;ETN_008_2026_KPP_2026_ZEMLJISCA_20260724.csv
Z-2026-ETN_008_2026_KPP_2026_ZEMLJISCA_20260724.csv-57;988921;ZEMLJISCE;9;Zemljišče za gozdno rabo (gozd);GOZDNO;2005;BREG;;;parcela 770;1/1;1.0;49076.0;49076.0;;;452429.61;87413.75;269323.35;;Cena posla ni avtomatsko cena te sestavine;2026-03-16;5;V preverjanju;2026;ETN_008_2026_KPP_2026_ZEMLJISCA_20260724.csv
Z-2026-ETN_008_2026_KPP_2026_ZEMLJISCA_20260724.csv-58;988921;ZEMLJISCE;9;Zemljišče za gozdno rabo (gozd);GOZDNO;1705;PRESERJE;;;parcela 2574;1/1;1.0;50641.0;50641.0;;;455391.38;86468.9;269323.35;;Cena posla ni avtomatsko cena te sestavine;2026-03-16;5;V preverjanju;2026;ETN_008_2026_KPP_2026_ZEMLJISCA_20260724.csv
Z-2026-ETN_008_2026_KPP_2026_ZEMLJISCA_20260724.csv-59;988921;ZEMLJISCE;9;Zemljišče za gozdno rabo (gozd);GOZDNO;2005;BREG;;;parcela 710;1/1;1.0;22826.0;22826.0;;;451737.23;88929.25;269323.35;;Cena posla ni avtomatsko cena te sestavine;2026-03-16;5;V preverjanju;2026;ETN_008_2026_KPP_2026_ZEMLJISCA_20260724.csv
Z-2026-ETN_008_2026_KPP_2026_ZEMLJISCA_20260724.csv-60;988921;ZEMLJISCE;9;Zemljišče za gozdno rabo (gozd);GOZDNO;2006;ZABOČEVO;;;parcela 1804;1/1;1.0;29302.0;29302.0;;;454922.89;86955.14;269323.35;;Cena posla ni avtomatsko cena te sestavine;2026-03-16;5;V preverjanju;2026;ETN_008_2026_KPP_2026_ZEMLJISCA_20260724.csv
Z-2026-ETN_008_2026_KPP_2026_ZEMLJISCA_20260724.csv-61;988921;ZEMLJISCE;9;Zemljišče za gozdno rabo (gozd);GOZDNO;2006;ZABOČEVO;;;parcela 1726/7;1/1;1.0;44122.0;44122.0;;;454050.9;86596.92;269323.35;;Cena posla ni avtomatsko cena te sestavine;2026-03-16;5;V preverjanju;2026;ETN_008_2026_KPP_2026_ZEMLJISCA_20260724.csv
Z-2026-ETN_008_2026_KPP_2026_ZEMLJISCA_20260724.csv-62;988921;ZEMLJISCE;9;Zemljišče za gozdno rabo (gozd);GOZDNO;2006;ZABOČEVO;;;parcela 1726/8;1/1;1.0;1079.0;1079.0;;;454227.08;86421.16;269323.35;;Cena posla ni avtomatsko cena te sestavine;2026-03-16;5;V preverjanju;2026;ETN_008_2026_KPP_2026_ZEMLJISCA_20260724.csv
Z-2026-ETN_008_2026_KPP_2026_ZEMLJISCA_20260724.csv-63;988921;ZEMLJISCE;9;Zemljišče za gozdno rabo (gozd);GOZDNO;2005;BREG;;;parcela 758;1/1;1.0;100555.0;100555.0;;;452546.67;87992.83;269323.35;;Cena posla ni avtomatsko cena te sestavine;2026-03-16;5;V preverjanju;2026;ETN_008_2026_KPP_2026_ZEMLJISCA_20260724.csv
Z-2026-ETN_008_2026_KPP_2026_ZEMLJISCA_20260724.csv-64;988921;ZEMLJISCE;9;Zemljišče za gozdno rabo (gozd);GOZDNO;2005;BREG;;;parcela 727/3;1/1;1.0;2095.0;2095.0;;;451541.93;88588.4;269323.35;;Cena posla ni avtomatsko cena te sestavine;2026-03-16;5;V preverjanju;2026;ETN_008_2026_KPP_2026_ZEMLJISCA_20260724.csv
Z-2026-ETN_008_2026_KPP_2026_ZEMLJISCA_20260724.csv-65;988921;ZEMLJISCE;9;Zemljišče za gozdno rabo (gozd);GOZDNO;2005;BREG;;;parcela 733;1/1;1.0;12225.0;12225.0;;;451747.83;88174.67;269323.35;;Cena posla ni avtomatsko cena te sestavine;2026-03-16;5;V preverjanju;2026;ETN_008_2026_KPP_2026_ZEMLJISCA_20260724.csv
Z-2026-ETN_008_2026_KPP_2026_ZEMLJISCA_20260724.csv-66;988921;ZEMLJISCE;9;Zemljišče za gozdno rabo (gozd);GOZDNO;2005;BREG;;;parcela 673/8;1/1;1.0;2320.0;2320.0;;;451540.63;88692.95;269323.35;;Cena posla ni avtomatsko cena te sestavine;2026-03-16;5;V preverjanju;2026;ETN_008_2026_KPP_2026_ZEMLJISCA_20260724.csv
Z-2026-ETN_008_2026_KPP_2026_ZEMLJISCA_20260724.csv-67;988918;ZEMLJISCE;3;Zemljišče, na katerem je ali bo mogoče graditi stavbo in je delno komunalno opremljeno ali komunalno neopremljeno;STAVBNO;1724;BREZOVICA;;;parcela 3533/20;1/1;1.0;62.0;62.0;;;454881.91;98169.81;4650.0;;Cena posla ni avtomatsko cena te sestavine;2026-03-25;5;V preverjanju;2026;ETN_008_2026_KPP_2026_ZEMLJISCA_20260724.csv
Z-2026-ETN_008_2026_KPP_2026_ZEMLJISCA_20260724.csv-68;989436;ZEMLJISCE;5;Zemljišče pod stavbo ali drugo stavbi ali delu stavbe pripadajoče zemljišče (zemljišče pod stavbo, dvorišče, dovozna pot, vrt, zelenica, stanovanjski atrij in podobno);PRIPADAJOCE;1724;BREZOVICA;;;parcela 3533/6;1/1;1.0;420.0;420.0;;;454900.98;98203.5;36675.0;;Cena posla ni avtomatsko cena te sestavine;2026-03-25;5;V preverjanju;2026;ETN_008_2026_KPP_2026_ZEMLJISCA_20260724.csv
Z-2026-ETN_008_2026_KPP_2026_ZEMLJISCA_20260724.csv-69;989436;ZEMLJISCE;5;Zemljišče pod stavbo ali drugo stavbi ali delu stavbe pripadajoče zemljišče (zemljišče pod stavbo, dvorišče, dovozna pot, vrt, zelenica, stanovanjski atrij in podobno);PRIPADAJOCE;1724;BREZOVICA;;;parcela 3533/19;1/1;1.0;45.0;45.0;;;454894.95;98189.39;36675.0;;Cena posla ni avtomatsko cena te sestavine;2026-03-25;5;V preverjanju;2026;ETN_008_2026_KPP_2026_ZEMLJISCA_20260724.csv
Z-2026-ETN_008_2026_KPP_2026_ZEMLJISCA_20260724.csv-70;989436;ZEMLJISCE;5;Zemljišče pod stavbo ali drugo stavbi ali delu stavbe pripadajoče zemljišče (zemljišče pod stavbo, dvorišče, dovozna pot, vrt, zelenica, stanovanjski atrij in podobno);PRIPADAJOCE;1724;BREZOVICA;;;parcela 369/376;1/1;1.0;24.0;24.0;;;454906.41;98185.53;36675.0;;Cena posla ni avtomatsko cena te sestavine;2026-03-25;5;V preverjanju;2026;ETN_008_2026_KPP_2026_ZEMLJISCA_20260724.csv
Z-2026-ETN_008_2026_KPP_2026_ZEMLJISCA_20260724.csv-71;995217;ZEMLJISCE;5;Zemljišče pod stavbo ali drugo stavbi ali delu stavbe pripadajoče zemljišče (zemljišče pod stavbo, dvorišče, dovozna pot, vrt, zelenica, stanovanjski atrij in podobno);PRIPADAJOCE;1724;BREZOVICA;;;parcela 343/1;1/1;1.0;492.0;492.0;;;455512.27;98162.79;500000.0;;Cena posla ni avtomatsko cena te sestavine;2026-05-28;5;V preverjanju;2026;ETN_008_2026_KPP_2026_ZEMLJISCA_20260724.csv
Z-2026-ETN_008_2026_KPP_2026_ZEMLJISCA_20260724.csv-72;995290;ZEMLJISCE;5;Zemljišče pod stavbo ali drugo stavbi ali delu stavbe pripadajoče zemljišče (zemljišče pod stavbo, dvorišče, dovozna pot, vrt, zelenica, stanovanjski atrij in podobno);PRIPADAJOCE;1724;BREZOVICA;;;parcela 2230/1;1/1;1.0;291.0;291.0;;;454210.06;95747.33;415000.0;;Cena posla ni avtomatsko cena te sestavine;2026-05-28;5;V preverjanju;2026;ETN_008_2026_KPP_2026_ZEMLJISCA_20260724.csv
Z-2026-ETN_008_2026_KPP_2026_ZEMLJISCA_20260724.csv-73;995290;ZEMLJISCE;5;Zemljišče pod stavbo ali drugo stavbi ali delu stavbe pripadajoče zemljišče (zemljišče pod stavbo, dvorišče, dovozna pot, vrt, zelenica, stanovanjski atrij in podobno);PRIPADAJOCE;1724;BREZOVICA;;;parcela 2230/9;1/4;0.25;521.0;130.25;;;454185.3;95803.91;415000.0;;Cena posla ni avtomatsko cena te sestavine;2026-05-28;5;V preverjanju;2026;ETN_008_2026_KPP_2026_ZEMLJISCA_20260724.csv
Z-2026-ETN_008_2026_KPP_2026_ZEMLJISCA_20260724.csv-74;995290;ZEMLJISCE;3;Zemljišče, na katerem je ali bo mogoče graditi stavbo in je delno komunalno opremljeno ali komunalno neopremljeno;STAVBNO;1724;BREZOVICA;;;parcela 2230/13;1/1;1.0;70.0;70.0;;;454220.82;95752.67;415000.0;;Cena posla ni avtomatsko cena te sestavine;2026-05-28;5;V preverjanju;2026;ETN_008_2026_KPP_2026_ZEMLJISCA_20260724.csv
Z-2026-ETN_008_2026_KPP_2026_ZEMLJISCA_20260724.csv-75;995187;ZEMLJISCE;3;Zemljišče, na katerem je ali bo mogoče graditi stavbo in je delno komunalno opremljeno ali komunalno neopremljeno;STAVBNO;1652;RAKITNA;;;parcela 893/250;1/1;1.0;54.0;54.0;;;456069.26;83392.23;2160.0;;Cena posla ni avtomatsko cena te sestavine;2026-05-12;5;V preverjanju;2026;ETN_008_2026_KPP_2026_ZEMLJISCA_20260724.csv
Z-2026-ETN_008_2026_KPP_2026_ZEMLJISCA_20260724.csv-76;996917;ZEMLJISCE;9;Zemljišče za gozdno rabo (gozd);GOZDNO;1724;BREZOVICA;;;parcela 2891/1;1/1;1.0;2688.0;2688.0;;;452939.95;95257.33;5376.0;;Cena posla ni avtomatsko cena te sestavine;2026-06-17;5;V preverjanju;2026;ETN_008_2026_KPP_2026_ZEMLJISCA_20260724.csv
Z-2026-ETN_008_2026_KPP_2026_ZEMLJISCA_20260724.csv-77;977402;ZEMLJISCE;5;Zemljišče pod stavbo ali drugo stavbi ali delu stavbe pripadajoče zemljišče (zemljišče pod stavbo, dvorišče, dovozna pot, vrt, zelenica, stanovanjski atrij in podobno);PRIPADAJOCE;1724;BREZOVICA;;;parcela 1181/1;1/1;1.0;692.0;692.0;;;455250.95;96305.85;391200.0;;Cena posla ni avtomatsko cena te sestavine;2025-12-19;5;V preverjanju;2026;ETN_008_2026_KPP_2026_ZEMLJISCA_20260724.csv
Z-2026-ETN_008_2026_KPP_2026_ZEMLJISCA_20260724.csv-78;977402;ZEMLJISCE;5;Zemljišče pod stavbo ali drugo stavbi ali delu stavbe pripadajoče zemljišče (zemljišče pod stavbo, dvorišče, dovozna pot, vrt, zelenica, stanovanjski atrij in podobno);PRIPADAJOCE;1724;BREZOVICA;;;parcela 1185/4;1/1;1.0;286.0;286.0;;;455252.05;96287.26;391200.0;;Cena posla ni avtomatsko cena te sestavine;2025-12-19;5;V preverjanju;2026;ETN_008_2026_KPP_2026_ZEMLJISCA_20260724.csv
Z-2026-ETN_008_2026_KPP_2026_ZEMLJISCA_20260724.csv-79;977409;ZEMLJISCE;5;Zemljišče pod stavbo ali drugo stavbi ali delu stavbe pripadajoče zemljišče (zemljišče pod stavbo, dvorišče, dovozna pot, vrt, zelenica, stanovanjski atrij in podobno);PRIPADAJOCE;1705;PRESERJE;;;parcela 806/2;1/2;0.5;3453.0;1726.5;;;454318.11;91768.78;250500.0;;Cena posla ni avtomatsko cena te sestavine;2025-12-08;5;V preverjanju;2026;ETN_008_2026_KPP_2026_ZEMLJISCA_20260724.csv
Z-2026-ETN_008_2026_KPP_2026_ZEMLJISCA_20260724.csv-80;979621;ZEMLJISCE;5;Zemljišče pod stavbo ali drugo stavbi ali delu stavbe pripadajoče zemljišče (zemljišče pod stavbo, dvorišče, dovozna pot, vrt, zelenica, stanovanjski atrij in podobno);PRIPADAJOCE;1652;RAKITNA;;;parcela 904/5;1/1;1.0;788.0;788.0;;;455663.08;83784.75;600000.0;;Cena posla ni avtomatsko cena te sestavine;2025-12-04;5;V preverjanju;2026;ETN_008_2026_KPP_2026_ZEMLJISCA_20260724.csv
Z-2026-ETN_008_2026_KPP_2026_ZEMLJISCA_20260724.csv-81;979621;ZEMLJISCE;5;Zemljišče pod stavbo ali drugo stavbi ali delu stavbe pripadajoče zemljišče (zemljišče pod stavbo, dvorišče, dovozna pot, vrt, zelenica, stanovanjski atrij in podobno);PRIPADAJOCE;1652;RAKITNA;;;parcela 904/4;1/1;1.0;177.0;177.0;;;455652.7;83773.5;600000.0;;Cena posla ni avtomatsko cena te sestavine;2025-12-04;5;V preverjanju;2026;ETN_008_2026_KPP_2026_ZEMLJISCA_20260724.csv
Z-2026-ETN_008_2026_KPP_2026_ZEMLJISCA_20260724.csv-82;980534;ZEMLJISCE;9;Zemljišče za gozdno rabo (gozd);GOZDNO;1652;RAKITNA;;;parcela 1472;1/2;0.5;1942.0;971.0;;;458056.57;82162.16;760.0;;Cena posla ni avtomatsko cena te sestavine;2025-10-14;5;V preverjanju;2026;ETN_008_2026_KPP_2026_ZEMLJISCA_20260724.csv
Z-2026-ETN_008_2026_KPP_2026_ZEMLJISCA_20260724.csv-83;980720;ZEMLJISCE;3;Zemljišče, na katerem je ali bo mogoče graditi stavbo in je delno komunalno opremljeno ali komunalno neopremljeno;STAVBNO;1704;KAMNIK;;;parcela 3167/15;1/1;1.0;13.0;13.0;;;454189.09;90482.86;3380.0;;Cena posla ni avtomatsko cena te sestavine;2025-12-17;5;V preverjanju;2026;ETN_008_2026_KPP_2026_ZEMLJISCA_20260724.csv
Z-2026-ETN_008_2026_KPP_2026_ZEMLJISCA_20260724.csv-84;980720;ZEMLJISCE;3;Zemljišče, na katerem je ali bo mogoče graditi stavbo in je delno komunalno opremljeno ali komunalno neopremljeno;STAVBNO;1704;KAMNIK;;;parcela 3173/6;1/1;1.0;13.0;13.0;;;454193.68;90474.84;3380.0;;Cena posla ni avtomatsko cena te sestavine;2025-12-17;5;V preverjanju;2026;ETN_008_2026_KPP_2026_ZEMLJISCA_20260724.csv
Z-2026-ETN_008_2026_KPP_2026_ZEMLJISCA_20260724.csv-85;979339;ZEMLJISCE;7;Zemljišče za kmetijsko rabo (njiva, travnik, pašnik);KMETIJSKO;1724;BREZOVICA;;;parcela 2790/35;1/1;1.0;6126.0;6126.0;;;452056.58;95463.26;29404.8;;Cena posla ni avtomatsko cena te sestavine;2025-12-01;5;V preverjanju;2026;ETN_008_2026_KPP_2026_ZEMLJISCA_20260724.csv
Z-2026-ETN_008_2026_KPP_2026_ZEMLJISCA_20260724.csv-86;979357;ZEMLJISCE;7;Zemljišče za kmetijsko rabo (njiva, travnik, pašnik);KMETIJSKO;1652;RAKITNA;;;parcela 1143/6;1/1;1.0;1003.0;1003.0;;;455331.88;84148.18;4000.0;;Cena posla ni avtomatsko cena te sestavine;2025-12-18;5;V preverjanju;2026;ETN_008_2026_KPP_2026_ZEMLJISCA_20260724.csv
Z-2026-ETN_008_2026_KPP_2026_ZEMLJISCA_20260724.csv-87;979290;ZEMLJISCE;4;Zemljišče, na katerem je ali bo mogoče graditi prometno ali energetsko infrastrukturo (cesta, plinovod in drugo);INFRASTRUKTURA;1705;PRESERJE;;;parcela 806/1;1/1;1.0;11372.0;11372.0;;;454244.04;91822.76;304691.0;;Cena posla ni avtomatsko cena te sestavine;2025-12-08;5;V preverjanju;2026;ETN_008_2026_KPP_2026_ZEMLJISCA_20260724.csv
Z-2026-ETN_008_2026_KPP_2026_ZEMLJISCA_20260724.csv-88;979290;ZEMLJISCE;6;Zemljišče, na katerem je cesta ali parkirišče;INFRASTRUKTURA;1704;KAMNIK;;;parcela 206/3;1/2;0.5;321.0;160.5;;;454144.23;91928.7;304691.0;;Cena posla ni avtomatsko cena te sestavine;2025-12-08;5;V preverjanju;2026;ETN_008_2026_KPP_2026_ZEMLJISCA_20260724.csv
Z-2026-ETN_008_2026_KPP_2026_ZEMLJISCA_20260724.csv-89;979215;ZEMLJISCE;3;Zemljišče, na katerem je ali bo mogoče graditi stavbo in je delno komunalno opremljeno ali komunalno neopremljeno;STAVBNO;1705;PRESERJE;;;parcela 392/4;47/50;0.94;310.0;291.4;;;454629.92;90775.53;260000.0;;Cena posla ni avtomatsko cena te sestavine;2025-12-15;5;V preverjanju;2026;ETN_008_2026_KPP_2026_ZEMLJISCA_20260724.csv
Z-2026-ETN_008_2026_KPP_2026_ZEMLJISCA_20260724.csv-90;979215;ZEMLJISCE;5;Zemljišče pod stavbo ali drugo stavbi ali delu stavbe pripadajoče zemljišče (zemljišče pod stavbo, dvorišče, dovozna pot, vrt, zelenica, stanovanjski atrij in podobno);PRIPADAJOCE;1705;PRESERJE;;;parcela 393/1;47/50;0.94;968.0;909.92;;;454637.34;90747.72;260000.0;;Cena posla ni avtomatsko cena te sestavine;2025-12-15;5;V preverjanju;2026;ETN_008_2026_KPP_2026_ZEMLJISCA_20260724.csv
Z-2026-ETN_008_2026_KPP_2026_ZEMLJISCA_20260724.csv-91;979215;ZEMLJISCE;5;Zemljišče pod stavbo ali drugo stavbi ali delu stavbe pripadajoče zemljišče (zemljišče pod stavbo, dvorišče, dovozna pot, vrt, zelenica, stanovanjski atrij in podobno);PRIPADAJOCE;1705;PRESERJE;;;parcela *271;47/50;0.94;274.0;257.56;;;454652.02;90742.85;260000.0;;Cena posla ni avtomatsko cena te sestavine;2025-12-15;5;V preverjanju;2026;ETN_008_2026_KPP_2026_ZEMLJISCA_20260724.csv
Z-2026-ETN_008_2026_KPP_2026_ZEMLJISCA_20260724.csv-92;979215;ZEMLJISCE;5;Zemljišče pod stavbo ali drugo stavbi ali delu stavbe pripadajoče zemljišče (zemljišče pod stavbo, dvorišče, dovozna pot, vrt, zelenica, stanovanjski atrij in podobno);PRIPADAJOCE;1705;PRESERJE;;;parcela 392/12;1/1;1.0;367.0;367.0;;;454666.81;90733.18;260000.0;;Cena posla ni avtomatsko cena te sestavine;2025-12-15;5;V preverjanju;2026;ETN_008_2026_KPP_2026_ZEMLJISCA_20260724.csv
Z-2026-ETN_008_2026_KPP_2026_ZEMLJISCA_20260724.csv-93;979215;ZEMLJISCE;3;Zemljišče, na katerem je ali bo mogoče graditi stavbo in je delno komunalno opremljeno ali komunalno neopremljeno;STAVBNO;1705;PRESERJE;;;parcela 392/4;3/50;0.06;310.0;18.599999999999998;;;454629.92;90775.53;260000.0;;Cena posla ni avtomatsko cena te sestavine;2025-12-15;5;V preverjanju;2026;ETN_008_2026_KPP_2026_ZEMLJISCA_20260724.csv
Z-2026-ETN_008_2026_KPP_2026_ZEMLJISCA_20260724.csv-94;979215;ZEMLJISCE;5;Zemljišče pod stavbo ali drugo stavbi ali delu stavbe pripadajoče zemljišče (zemljišče pod stavbo, dvorišče, dovozna pot, vrt, zelenica, stanovanjski atrij in podobno);PRIPADAJOCE;1705;PRESERJE;;;parcela 393/1;3/50;0.06;968.0;58.08;;;454637.34;90747.72;260000.0;;Cena posla ni avtomatsko cena te sestavine;2025-12-15;5;V preverjanju;2026;ETN_008_2026_KPP_2026_ZEMLJISCA_20260724.csv
Z-2026-ETN_008_2026_KPP_2026_ZEMLJISCA_20260724.csv-95;979215;ZEMLJISCE;5;Zemljišče pod stavbo ali drugo stavbi ali delu stavbe pripadajoče zemljišče (zemljišče pod stavbo, dvorišče, dovozna pot, vrt, zelenica, stanovanjski atrij in podobno);PRIPADAJOCE;1705;PRESERJE;;;parcela *271;3/50;0.06;274.0;16.439999999999998;;;454652.02;90742.85;260000.0;;Cena posla ni avtomatsko cena te sestavine;2025-12-15;5;V preverjanju;2026;ETN_008_2026_KPP_2026_ZEMLJISCA_20260724.csv
Z-2026-ETN_008_2026_KPP_2026_ZEMLJISCA_20260724.csv-96;982171;ZEMLJISCE;7;Zemljišče za kmetijsko rabo (njiva, travnik, pašnik);KMETIJSKO;1704;KAMNIK;;;parcela 1241/2;5/6;0.8333333333333334;1834.0;1528.3333333333335;;;453754.04;90709.74;4600.0;;Cena posla ni avtomatsko cena te sestavine;2025-11-04;5;V preverjanju;2026;ETN_008_2026_KPP_2026_ZEMLJISCA_20260724.csv
Z-2026-ETN_008_2026_KPP_2026_ZEMLJISCA_20260724.csv-97;982164;ZEMLJISCE;3;Zemljišče, na katerem je ali bo mogoče graditi stavbo in je delno komunalno opremljeno ali komunalno neopremljeno;STAVBNO;1705;PRESERJE;;;parcela 913/7;1/8;0.125;600.0;75.0;;;455032.23;92899.43;1500.0;;Cena posla ni avtomatsko cena te sestavine;2025-12-17;5;V preverjanju;2026;ETN_008_2026_KPP_2026_ZEMLJISCA_20260724.csv
Z-2026-ETN_008_2026_KPP_2026_ZEMLJISCA_20260724.csv-98;982687;ZEMLJISCE;3;Zemljišče, na katerem je ali bo mogoče graditi stavbo in je delno komunalno opremljeno ali komunalno neopremljeno;STAVBNO;1724;BREZOVICA;;;parcela 607/97;1/3;0.3333333333333333;74.0;24.666666666666664;;;454524.91;97899.86;306890.0;;Cena posla ni avtomatsko cena te sestavine;2026-01-13;5;V preverjanju;2026;ETN_008_2026_KPP_2026_ZEMLJISCA_20260724.csv
Z-2026-ETN_008_2026_KPP_2026_ZEMLJISCA_20260724.csv-99;982687;ZEMLJISCE;3;Zemljišče, na katerem je ali bo mogoče graditi stavbo in je delno komunalno opremljeno ali komunalno neopremljeno;STAVBNO;1724;BREZOVICA;;;parcela 607/98;1/1;1.0;627.0;627.0;;;454535.84;97902.43;306890.0;;Cena posla ni avtomatsko cena te sestavine;2026-01-13;5;V preverjanju;2026;ETN_008_2026_KPP_2026_ZEMLJISCA_20260724.csv
Z-2026-ETN_008_2026_KPP_2026_ZEMLJISCA_20260724.csv-100;982762;ZEMLJISCE;7;Zemljišče za kmetijsko rabo (njiva, travnik, pašnik);KMETIJSKO;1724;BREZOVICA;;;parcela 3191;1/1;1.0;3201.0;3201.0;;;452726.84;94067.22;30865.8;;Cena posla ni avtomatsko cena te sestavine;2026-01-28;5;V preverjanju;2026;ETN_008_2026_KPP_2026_ZEMLJISCA_20260724.csv
Z-2026-ETN_008_2026_KPP_2026_ZEMLJISCA_20260724.csv-101;982762;ZEMLJISCE;7;Zemljišče za kmetijsko rabo (njiva, travnik, pašnik);KMETIJSKO;1724;BREZOVICA;;;parcela 3097;1/1;1.0;12552.0;12552.0;;;451787.93;94652.92;30865.8;;Cena posla ni avtomatsko cena te sestavine;2026-01-28;5;V preverjanju;2026;ETN_008_2026_KPP_2026_ZEMLJISCA_20260724.csv
Z-2026-ETN_008_2026_KPP_2026_ZEMLJISCA_20260724.csv-102;984240;ZEMLJISCE;7;Zemljišče za kmetijsko rabo (njiva, travnik, pašnik);KMETIJSKO;1724;BREZOVICA;;;parcela 2195;1/1;1.0;6032.0;6032.0;;;454147.72;94371.72;12064.0;;Cena posla ni avtomatsko cena te sestavine;2026-02-18;5;V preverjanju;2026;ETN_008_2026_KPP_2026_ZEMLJISCA_20260724.csv
Z-2026-ETN_008_2026_KPP_2026_ZEMLJISCA_20260724.csv-103;984188;ZEMLJISCE;7;Zemljišče za kmetijsko rabo (njiva, travnik, pašnik);KMETIJSKO;1724;BREZOVICA;;;parcela 3507/4;1/1;1.0;9586.0;9586.0;;;454238.94;93182.45;19172.0;;Cena posla ni avtomatsko cena te sestavine;2026-02-17;5;V preverjanju;2026;ETN_008_2026_KPP_2026_ZEMLJISCA_20260724.csv
Z-2026-ETN_008_2026_KPP_2026_ZEMLJISCA_20260724.csv-104;984233;ZEMLJISCE;7;Zemljišče za kmetijsko rabo (njiva, travnik, pašnik);KMETIJSKO;1724;BREZOVICA;;;parcela 2790/41;1/1;1.0;145.0;145.0;;;452280.37;95744.47;17400.0;;Cena posla ni avtomatsko cena te sestavine;2026-02-04;5;V preverjanju;2026;ETN_008_2026_KPP_2026_ZEMLJISCA_20260724.csv
Z-2026-ETN_008_2026_KPP_2026_ZEMLJISCA_20260724.csv-105;989223;ZEMLJISCE;7;Zemljišče za kmetijsko rabo (njiva, travnik, pašnik);KMETIJSKO;1724;BREZOVICA;;;parcela 3214;1/1;1.0;8884.0;8884.0;;;452507.23;93761.69;47779.2;;Cena posla ni avtomatsko cena te sestavine;2026-03-24;5;V preverjanju;2026;ETN_008_2026_KPP_2026_ZEMLJISCA_20260724.csv
Z-2026-ETN_008_2026_KPP_2026_ZEMLJISCA_20260724.csv-106;989223;ZEMLJISCE;7;Zemljišče za kmetijsko rabo (njiva, travnik, pašnik);KMETIJSKO;1724;BREZOVICA;;;parcela 3177;1/1;1.0;5755.0;5755.0;;;452080.79;93696.95;47779.2;;Cena posla ni avtomatsko cena te sestavine;2026-03-24;5;V preverjanju;2026;ETN_008_2026_KPP_2026_ZEMLJISCA_20260724.csv
Z-2026-ETN_008_2026_KPP_2026_ZEMLJISCA_20260724.csv-107;989223;ZEMLJISCE;7;Zemljišče za kmetijsko rabo (njiva, travnik, pašnik);KMETIJSKO;1724;BREZOVICA;;;parcela 3178;1/1;1.0;5755.0;5755.0;;;452125.96;93732.14;47779.2;;Cena posla ni avtomatsko cena te sestavine;2026-03-24;5;V preverjanju;2026;ETN_008_2026_KPP_2026_ZEMLJISCA_20260724.csv
Z-2026-ETN_008_2026_KPP_2026_ZEMLJISCA_20260724.csv-108;989223;ZEMLJISCE;7;Zemljišče za kmetijsko rabo (njiva, travnik, pašnik);KMETIJSKO;1724;BREZOVICA;;;parcela 3259;1/1;1.0;6150.0;6150.0;;;452521.8;93430.52;47779.2;;Cena posla ni avtomatsko cena te sestavine;2026-03-24;5;V preverjanju;2026;ETN_008_2026_KPP_2026_ZEMLJISCA_20260724.csv
Z-2026-ETN_008_2026_KPP_2026_ZEMLJISCA_20260724.csv-109;989244;ZEMLJISCE;5;Zemljišče pod stavbo ali drugo stavbi ali delu stavbe pripadajoče zemljišče (zemljišče pod stavbo, dvorišče, dovozna pot, vrt, zelenica, stanovanjski atrij in podobno);PRIPADAJOCE;1724;BREZOVICA;;;parcela 3533/21;1/1;1.0;68.0;68.0;;;454853.62;98148.73;5100.0;;Cena posla ni avtomatsko cena te sestavine;2026-03-25;5;V preverjanju;2026;ETN_008_2026_KPP_2026_ZEMLJISCA_20260724.csv
Z-2026-ETN_008_2026_KPP_2026_ZEMLJISCA_20260724.csv-110;989241;ZEMLJISCE;3;Zemljišče, na katerem je ali bo mogoče graditi stavbo in je delno komunalno opremljeno ali komunalno neopremljeno;STAVBNO;1724;BREZOVICA;;;parcela 3580/10;1/1;1.0;61.0;61.0;;;455299.94;96158.79;4575.0;;Cena posla ni avtomatsko cena te sestavine;2026-03-25;5;V preverjanju;2026;ETN_008_2026_KPP_2026_ZEMLJISCA_20260724.csv
Z-2026-ETN_008_2026_KPP_2026_ZEMLJISCA_20260724.csv-111;992507;ZEMLJISCE;5;Zemljišče pod stavbo ali drugo stavbi ali delu stavbe pripadajoče zemljišče (zemljišče pod stavbo, dvorišče, dovozna pot, vrt, zelenica, stanovanjski atrij in podobno);PRIPADAJOCE;1724;BREZOVICA;;;parcela 326/9;1/1;1.0;600.0;600.0;;;455721.51;98360.12;380000.0;;Cena posla ni avtomatsko cena te sestavine;2026-04-30;5;V preverjanju;2026;ETN_008_2026_KPP_2026_ZEMLJISCA_20260724.csv
Z-2026-ETN_008_2026_KPP_2026_ZEMLJISCA_20260724.csv-112;992507;ZEMLJISCE;5;Zemljišče pod stavbo ali drugo stavbi ali delu stavbe pripadajoče zemljišče (zemljišče pod stavbo, dvorišče, dovozna pot, vrt, zelenica, stanovanjski atrij in podobno);PRIPADAJOCE;1724;BREZOVICA;;;parcela 326/12;1/1;1.0;550.0;550.0;;;455725.79;98373.77;380000.0;;Cena posla ni avtomatsko cena te sestavine;2026-04-30;5;V preverjanju;2026;ETN_008_2026_KPP_2026_ZEMLJISCA_20260724.csv
Z-2026-ETN_008_2026_KPP_2026_ZEMLJISCA_20260724.csv-113;992507;ZEMLJISCE;5;Zemljišče pod stavbo ali drugo stavbi ali delu stavbe pripadajoče zemljišče (zemljišče pod stavbo, dvorišče, dovozna pot, vrt, zelenica, stanovanjski atrij in podobno);PRIPADAJOCE;1724;BREZOVICA;;;parcela 326/11;1/2;0.5;142.0;71.0;;;455706.69;98368.83;380000.0;;Cena posla ni avtomatsko cena te sestavine;2026-04-30;5;V preverjanju;2026;ETN_008_2026_KPP_2026_ZEMLJISCA_20260724.csv
Z-2026-ETN_008_2026_KPP_2026_ZEMLJISCA_20260724.csv-114;992444;ZEMLJISCE;9;Zemljišče za gozdno rabo (gozd);GOZDNO;1652;RAKITNA;;;parcela 1472;1/2;0.5;1942.0;971.0;;;458056.57;82162.16;760.0;;Cena posla ni avtomatsko cena te sestavine;2025-10-14;5;V preverjanju;2026;ETN_008_2026_KPP_2026_ZEMLJISCA_20260724.csv
Z-2026-ETN_008_2026_KPP_2026_ZEMLJISCA_20260724.csv-115;996008;ZEMLJISCE;7;Zemljišče za kmetijsko rabo (njiva, travnik, pašnik);KMETIJSKO;1704;KAMNIK;;;parcela 1588;1/1;1.0;5942.0;5942.0;;;450815.31;91083.95;7130.4;;Cena posla ni avtomatsko cena te sestavine;2026-06-03;5;V preverjanju;2026;ETN_008_2026_KPP_2026_ZEMLJISCA_20260724.csv
Z-2026-ETN_008_2026_KPP_2026_ZEMLJISCA_20260724.csv-116;996071;ZEMLJISCE;3;Zemljišče, na katerem je ali bo mogoče graditi stavbo in je delno komunalno opremljeno ali komunalno neopremljeno;STAVBNO;1724;BREZOVICA;;;parcela 960/30;1/1;1.0;96.0;96.0;;;453871.77;95730.41;357000.0;;Cena posla ni avtomatsko cena te sestavine;2026-04-22;5;V preverjanju;2026;ETN_008_2026_KPP_2026_ZEMLJISCA_20260724.csv
Z-2026-ETN_008_2026_KPP_2026_ZEMLJISCA_20260724.csv-117;996071;ZEMLJISCE;3;Zemljišče, na katerem je ali bo mogoče graditi stavbo in je delno komunalno opremljeno ali komunalno neopremljeno;STAVBNO;1724;BREZOVICA;;;parcela 960/29;1/1;1.0;458.0;458.0;;;453884.07;95730.26;357000.0;;Cena posla ni avtomatsko cena te sestavine;2026-04-22;5;V preverjanju;2026;ETN_008_2026_KPP_2026_ZEMLJISCA_20260724.csv
Z-2026-ETN_008_2026_KPP_2026_ZEMLJISCA_20260724.csv-118;996071;ZEMLJISCE;3;Zemljišče, na katerem je ali bo mogoče graditi stavbo in je delno komunalno opremljeno ali komunalno neopremljeno;STAVBNO;1724;BREZOVICA;;;parcela 960/28;1/1;1.0;457.0;457.0;;;453882.12;95752.73;357000.0;;Cena posla ni avtomatsko cena te sestavine;2026-04-22;5;V preverjanju;2026;ETN_008_2026_KPP_2026_ZEMLJISCA_20260724.csv
Z-2026-ETN_008_2026_KPP_2026_ZEMLJISCA_20260724.csv-119;996072;ZEMLJISCE;5;Zemljišče pod stavbo ali drugo stavbi ali delu stavbe pripadajoče zemljišče (zemljišče pod stavbo, dvorišče, dovozna pot, vrt, zelenica, stanovanjski atrij in podobno);PRIPADAJOCE;1703;JEZERO;;;parcela *90;1/1;1.0;78.0;78.0;;;455340.63;93168.06;335000.0;;Cena posla ni avtomatsko cena te sestavine;2026-06-05;5;V preverjanju;2026;ETN_008_2026_KPP_2026_ZEMLJISCA_20260724.csv
Z-2026-ETN_008_2026_KPP_2026_ZEMLJISCA_20260724.csv-120;996072;ZEMLJISCE;5;Zemljišče pod stavbo ali drugo stavbi ali delu stavbe pripadajoče zemljišče (zemljišče pod stavbo, dvorišče, dovozna pot, vrt, zelenica, stanovanjski atrij in podobno);PRIPADAJOCE;1703;JEZERO;;;parcela 360/9;1/1;1.0;922.0;922.0;;;455333.33;93175.09;335000.0;;Cena posla ni avtomatsko cena te sestavine;2026-06-05;5;V preverjanju;2026;ETN_008_2026_KPP_2026_ZEMLJISCA_20260724.csv
Z-2026-ETN_008_2026_KPP_2026_ZEMLJISCA_20260724.csv-121;995922;ZEMLJISCE;7;Zemljišče za kmetijsko rabo (njiva, travnik, pašnik);KMETIJSKO;1652;RAKITNA;;;parcela 619;1/1;1.0;1503.0;1503.0;;;456482.78;84102.94;7515.0;;Cena posla ni avtomatsko cena te sestavine;2026-06-02;5;V preverjanju;2026;ETN_008_2026_KPP_2026_ZEMLJISCA_20260724.csv
Z-2026-ETN_008_2026_KPP_2026_ZEMLJISCA_20260724.csv-122;995778;ZEMLJISCE;5;Zemljišče pod stavbo ali drugo stavbi ali delu stavbe pripadajoče zemljišče (zemljišče pod stavbo, dvorišče, dovozna pot, vrt, zelenica, stanovanjski atrij in podobno);PRIPADAJOCE;1724;BREZOVICA;;;parcela 2227/15;1/1;1.0;220.0;220.0;;;454307.11;95715.08;480000.0;;Cena posla ni avtomatsko cena te sestavine;2026-05-28;5;V preverjanju;2026;ETN_008_2026_KPP_2026_ZEMLJISCA_20260724.csv
Z-2026-ETN_008_2026_KPP_2026_ZEMLJISCA_20260724.csv-123;986448;ZEMLJISCE;3;Zemljišče, na katerem je ali bo mogoče graditi stavbo in je delno komunalno opremljeno ali komunalno neopremljeno;STAVBNO;1652;RAKITNA;;;parcela 887/3;1/1;1.0;62.0;62.0;;;456247.1;83226.18;3500.0;;Cena posla ni avtomatsko cena te sestavine;2026-02-09;5;V preverjanju;2026;ETN_008_2026_KPP_2026_ZEMLJISCA_20260724.csv
Z-2026-ETN_008_2026_KPP_2026_ZEMLJISCA_20260724.csv-124;986457;ZEMLJISCE;5;Zemljišče pod stavbo ali drugo stavbi ali delu stavbe pripadajoče zemljišče (zemljišče pod stavbo, dvorišče, dovozna pot, vrt, zelenica, stanovanjski atrij in podobno);PRIPADAJOCE;1724;BREZOVICA;;;parcela 2318/17;1/1;1.0;73.0;73.0;;;453911.85;95552.64;240000.0;;Cena posla ni avtomatsko cena te sestavine;2026-03-05;5;V preverjanju;2026;ETN_008_2026_KPP_2026_ZEMLJISCA_20260724.csv
Z-2026-ETN_008_2026_KPP_2026_ZEMLJISCA_20260724.csv-125;987552;ZEMLJISCE;3;Zemljišče, na katerem je ali bo mogoče graditi stavbo in je delno komunalno opremljeno ali komunalno neopremljeno;STAVBNO;1652;RAKITNA;;;parcela 1391/40;1/1;1.0;88.0;88.0;;;456743.94;82810.56;4900.0;;Cena posla ni avtomatsko cena te sestavine;2026-03-18;5;V preverjanju;2026;ETN_008_2026_KPP_2026_ZEMLJISCA_20260724.csv
Z-2026-ETN_008_2026_KPP_2026_ZEMLJISCA_20260724.csv-126;987613;ZEMLJISCE;7;Zemljišče za kmetijsko rabo (njiva, travnik, pašnik);KMETIJSKO;1704;KAMNIK;;;parcela 1511;1/1;1.0;6120.0;6120.0;;;451401.77;90245.3;78877.8;;Cena posla ni avtomatsko cena te sestavine;2026-03-20;5;V preverjanju;2026;ETN_008_2026_KPP_2026_ZEMLJISCA_20260724.csv
Z-2026-ETN_008_2026_KPP_2026_ZEMLJISCA_20260724.csv-127;987613;ZEMLJISCE;7;Zemljišče za kmetijsko rabo (njiva, travnik, pašnik);KMETIJSKO;1704;KAMNIK;;;parcela 1442/2;1/1;1.0;1643.0;1643.0;;;451415.47;90224.33;78877.8;;Cena posla ni avtomatsko cena te sestavine;2026-03-20;5;V preverjanju;2026;ETN_008_2026_KPP_2026_ZEMLJISCA_20260724.csv
Z-2026-ETN_008_2026_KPP_2026_ZEMLJISCA_20260724.csv-128;987613;ZEMLJISCE;7;Zemljišče za kmetijsko rabo (njiva, travnik, pašnik);KMETIJSKO;1704;KAMNIK;;;parcela 1553/3;1/1;1.0;2844.0;2844.0;;;451053.52;90394.69;78877.8;;Cena posla ni avtomatsko cena te sestavine;2026-03-20;5;V preverjanju;2026;ETN_008_2026_KPP_2026_ZEMLJISCA_20260724.csv
Z-2026-ETN_008_2026_KPP_2026_ZEMLJISCA_20260724.csv-129;987613;ZEMLJISCE;7;Zemljišče za kmetijsko rabo (njiva, travnik, pašnik);KMETIJSKO;2005;BREG;;;parcela 92;1/1;1.0;6398.0;6398.0;;;450303.91;90261.77;78877.8;;Cena posla ni avtomatsko cena te sestavine;2026-03-20;5;V preverjanju;2026;ETN_008_2026_KPP_2026_ZEMLJISCA_20260724.csv
Z-2026-ETN_008_2026_KPP_2026_ZEMLJISCA_20260724.csv-130;987613;ZEMLJISCE;7;Zemljišče za kmetijsko rabo (njiva, travnik, pašnik);KMETIJSKO;2005;BREG;;;parcela 97/1;1/1;1.0;21406.0;21406.0;;;450176.09;90072.84;78877.8;;Cena posla ni avtomatsko cena te sestavine;2026-03-20;5;V preverjanju;2026;ETN_008_2026_KPP_2026_ZEMLJISCA_20260724.csv
Z-2026-ETN_008_2026_KPP_2026_ZEMLJISCA_20260724.csv-131;987613;ZEMLJISCE;7;Zemljišče za kmetijsko rabo (njiva, travnik, pašnik);KMETIJSKO;2005;BREG;;;parcela 141;1/1;1.0;5410.0;5410.0;;;450822.71;89764.48;78877.8;;Cena posla ni avtomatsko cena te sestavine;2026-03-20;5;V preverjanju;2026;ETN_008_2026_KPP_2026_ZEMLJISCA_20260724.csv
Z-2026-ETN_008_2026_KPP_2026_ZEMLJISCA_20260724.csv-132;987497;ZEMLJISCE;7;Zemljišče za kmetijsko rabo (njiva, travnik, pašnik);KMETIJSKO;1724;BREZOVICA;;;parcela 3157;1/1;1.0;5934.0;5934.0;;;452339.15;94167.93;98574.6;;Cena posla ni avtomatsko cena te sestavine;2026-03-20;5;V preverjanju;2026;ETN_008_2026_KPP_2026_ZEMLJISCA_20260724.csv
Z-2026-ETN_008_2026_KPP_2026_ZEMLJISCA_20260724.csv-133;987497;ZEMLJISCE;7;Zemljišče za kmetijsko rabo (njiva, travnik, pašnik);KMETIJSKO;1724;BREZOVICA;;;parcela 3153;1/1;1.0;9567.0;9567.0;;;452318.2;94198.14;98574.6;;Cena posla ni avtomatsko cena te sestavine;2026-03-20;5;V preverjanju;2026;ETN_008_2026_KPP_2026_ZEMLJISCA_20260724.csv
Z-2026-ETN_008_2026_KPP_2026_ZEMLJISCA_20260724.csv-134;987497;ZEMLJISCE;7;Zemljišče za kmetijsko rabo (njiva, travnik, pašnik);KMETIJSKO;1724;BREZOVICA;;;parcela 3150;1/1;1.0;9351.0;9351.0;;;452305.02;94215.51;98574.6;;Cena posla ni avtomatsko cena te sestavine;2026-03-20;5;V preverjanju;2026;ETN_008_2026_KPP_2026_ZEMLJISCA_20260724.csv
Z-2026-ETN_008_2026_KPP_2026_ZEMLJISCA_20260724.csv-135;987497;ZEMLJISCE;7;Zemljišče za kmetijsko rabo (njiva, travnik, pašnik);KMETIJSKO;1724;BREZOVICA;;;parcela 3156;1/1;1.0;6618.0;6618.0;;;451983.09;93914.15;98574.6;;Cena posla ni avtomatsko cena te sestavine;2026-03-20;5;V preverjanju;2026;ETN_008_2026_KPP_2026_ZEMLJISCA_20260724.csv
Z-2026-ETN_008_2026_KPP_2026_ZEMLJISCA_20260724.csv-136;987497;ZEMLJISCE;7;Zemljišče za kmetijsko rabo (njiva, travnik, pašnik);KMETIJSKO;1724;BREZOVICA;;;parcela 3152;1/1;1.0;9279.0;9279.0;;;451811.7;93845.62;98574.6;;Cena posla ni avtomatsko cena te sestavine;2026-03-20;5;V preverjanju;2026;ETN_008_2026_KPP_2026_ZEMLJISCA_20260724.csv
Z-2026-ETN_008_2026_KPP_2026_ZEMLJISCA_20260724.csv-137;987497;ZEMLJISCE;7;Zemljišče za kmetijsko rabo (njiva, travnik, pašnik);KMETIJSKO;1724;BREZOVICA;;;parcela 3151;1/1;1.0;9495.0;9495.0;;;451954.33;93971.88;98574.6;;Cena posla ni avtomatsko cena te sestavine;2026-03-20;5;V preverjanju;2026;ETN_008_2026_KPP_2026_ZEMLJISCA_20260724.csv
Z-2026-ETN_008_2026_KPP_2026_ZEMLJISCA_20260724.csv-138;988895;ZEMLJISCE;3;Zemljišče, na katerem je ali bo mogoče graditi stavbo in je delno komunalno opremljeno ali komunalno neopremljeno;STAVBNO;1724;BREZOVICA;;;parcela 3020/37;1/1;1.0;190.0;190.0;;;452010.59;96138.08;40000.0;;Cena posla ni avtomatsko cena te sestavine;2026-02-16;5;V preverjanju;2026;ETN_008_2026_KPP_2026_ZEMLJISCA_20260724.csv
Z-2026-ETN_008_2026_KPP_2026_ZEMLJISCA_20260724.csv-139;989951;ZEMLJISCE;5;Zemljišče pod stavbo ali drugo stavbi ali delu stavbe pripadajoče zemljišče (zemljišče pod stavbo, dvorišče, dovozna pot, vrt, zelenica, stanovanjski atrij in podobno);PRIPADAJOCE;1724;BREZOVICA;;;parcela 102/1;1/1;1.0;1325.0;1325.0;;;453850.63;98309.09;331250.0;;Cena posla ni avtomatsko cena te sestavine;2026-04-09;5;V preverjanju;2026;ETN_008_2026_KPP_2026_ZEMLJISCA_20260724.csv
Z-2026-ETN_008_2026_KPP_2026_ZEMLJISCA_20260724.csv-140;989730;ZEMLJISCE;7;Zemljišče za kmetijsko rabo (njiva, travnik, pašnik);KMETIJSKO;1724;BREZOVICA;;;parcela 3003;1/1;1.0;6406.0;6406.0;;;452051.43;96291.33;26739.0;;Cena posla ni avtomatsko cena te sestavine;2026-02-04;5;V preverjanju;2026;ETN_008_2026_KPP_2026_ZEMLJISCA_20260724.csv
Z-2026-ETN_008_2026_KPP_2026_ZEMLJISCA_20260724.csv-141;989730;ZEMLJISCE;7;Zemljišče za kmetijsko rabo (njiva, travnik, pašnik);KMETIJSKO;1724;BREZOVICA;;;parcela 3014;2/8;0.25;10029.0;2507.25;;;451927.56;96242.92;26739.0;;Cena posla ni avtomatsko cena te sestavine;2026-02-04;5;V preverjanju;2026;ETN_008_2026_KPP_2026_ZEMLJISCA_20260724.csv
Z-2026-ETN_008_2026_KPP_2026_ZEMLJISCA_20260724.csv-142;989914;ZEMLJISCE;5;Zemljišče pod stavbo ali drugo stavbi ali delu stavbe pripadajoče zemljišče (zemljišče pod stavbo, dvorišče, dovozna pot, vrt, zelenica, stanovanjski atrij in podobno);PRIPADAJOCE;1724;BREZOVICA;;;parcela 3580/7;1/1;1.0;13.0;13.0;;;455244.65;96207.6;3120.0;;Cena posla ni avtomatsko cena te sestavine;2026-03-27;5;V preverjanju;2026;ETN_008_2026_KPP_2026_ZEMLJISCA_20260724.csv
Z-2026-ETN_008_2026_KPP_2026_ZEMLJISCA_20260724.csv-143;989914;ZEMLJISCE;5;Zemljišče pod stavbo ali drugo stavbi ali delu stavbe pripadajoče zemljišče (zemljišče pod stavbo, dvorišče, dovozna pot, vrt, zelenica, stanovanjski atrij in podobno);PRIPADAJOCE;1724;BREZOVICA;;;parcela 3580/8;1/1;1.0;65.0;65.0;;;455264.19;96196.44;3120.0;;Cena posla ni avtomatsko cena te sestavine;2026-03-27;5;V preverjanju;2026;ETN_008_2026_KPP_2026_ZEMLJISCA_20260724.csv
Z-2026-ETN_008_2026_KPP_2026_ZEMLJISCA_20260724.csv-144;989986;ZEMLJISCE;5;Zemljišče pod stavbo ali drugo stavbi ali delu stavbe pripadajoče zemljišče (zemljišče pod stavbo, dvorišče, dovozna pot, vrt, zelenica, stanovanjski atrij in podobno);PRIPADAJOCE;1724;BREZOVICA;;;parcela 104;1/1;1.0;1145.0;1145.0;;;453854.63;98265.53;658125.0;;Cena posla ni avtomatsko cena te sestavine;2026-04-09;5;V preverjanju;2026;ETN_008_2026_KPP_2026_ZEMLJISCA_20260724.csv
Z-2026-ETN_008_2026_KPP_2026_ZEMLJISCA_20260724.csv-145;989986;ZEMLJISCE;10;Neplodno ali vodno zemljišče ali drugo neuporabno zemljišče;DRUGO;1724;BREZOVICA;;;parcela 102/2;1/1;1.0;265.0;265.0;;;453836.25;98259.53;658125.0;;Cena posla ni avtomatsko cena te sestavine;2026-04-09;5;V preverjanju;2026;ETN_008_2026_KPP_2026_ZEMLJISCA_20260724.csv
Z-2026-ETN_008_2026_KPP_2026_ZEMLJISCA_20260724.csv-146;989986;ZEMLJISCE;3;Zemljišče, na katerem je ali bo mogoče graditi stavbo in je delno komunalno opremljeno ali komunalno neopremljeno;STAVBNO;1724;BREZOVICA;;;parcela 105/1;1/1;1.0;1355.0;1355.0;;;453808.69;98256.75;658125.0;;Cena posla ni avtomatsko cena te sestavine;2026-04-09;5;V preverjanju;2026;ETN_008_2026_KPP_2026_ZEMLJISCA_20260724.csv
Z-2026-ETN_008_2026_KPP_2026_ZEMLJISCA_20260724.csv-147;992581;ZEMLJISCE;7;Zemljišče za kmetijsko rabo (njiva, travnik, pašnik);KMETIJSKO;1705;PRESERJE;;;parcela 1348;4/360;0.011111111111111112;4082.0;45.355555555555554;;;456739.64;88873.96;2147.0;;Cena posla ni avtomatsko cena te sestavine;2026-04-30;5;V preverjanju;2026;ETN_008_2026_KPP_2026_ZEMLJISCA_20260724.csv
Z-2026-ETN_008_2026_KPP_2026_ZEMLJISCA_20260724.csv-148;992581;ZEMLJISCE;7;Zemljišče za kmetijsko rabo (njiva, travnik, pašnik);KMETIJSKO;1705;PRESERJE;;;parcela 1350;4/360;0.011111111111111112;133.0;1.4777777777777779;;;456634.68;88892.14;2147.0;;Cena posla ni avtomatsko cena te sestavine;2026-04-30;5;V preverjanju;2026;ETN_008_2026_KPP_2026_ZEMLJISCA_20260724.csv
Z-2026-ETN_008_2026_KPP_2026_ZEMLJISCA_20260724.csv-149;992581;ZEMLJISCE;9;Zemljišče za gozdno rabo (gozd);GOZDNO;1705;PRESERJE;;;parcela 2178/29;4/360;0.011111111111111112;31643.0;351.5888888888889;;;457390.82;87692.04;2147.0;;Cena posla ni avtomatsko cena te sestavine;2026-04-30;5;V preverjanju;2026;ETN_008_2026_KPP_2026_ZEMLJISCA_20260724.csv
Z-2026-ETN_008_2026_KPP_2026_ZEMLJISCA_20260724.csv-150;992581;ZEMLJISCE;5;Zemljišče pod stavbo ali drugo stavbi ali delu stavbe pripadajoče zemljišče (zemljišče pod stavbo, dvorišče, dovozna pot, vrt, zelenica, stanovanjski atrij in podobno);PRIPADAJOCE;1705;PRESERJE;;;parcela 9055;4/360;0.011111111111111112;297.0;3.3000000000000003;;;456642.25;88872.09;2147.0;;Cena posla ni avtomatsko cena te sestavine;2026-04-30;5;V preverjanju;2026;ETN_008_2026_KPP_2026_ZEMLJISCA_20260724.csv
Z-2026-ETN_008_2026_KPP_2026_ZEMLJISCA_20260724.csv-151;992585;ZEMLJISCE;3;Zemljišče, na katerem je ali bo mogoče graditi stavbo in je delno komunalno opremljeno ali komunalno neopremljeno;STAVBNO;1724;BREZOVICA;;;parcela 1355/15;1/1;1.0;484.0;484.0;;;455218.74;96159.82;145200.0;;Cena posla ni avtomatsko cena te sestavine;2026-04-30;5;V preverjanju;2026;ETN_008_2026_KPP_2026_ZEMLJISCA_20260724.csv
Z-2026-ETN_008_2026_KPP_2026_ZEMLJISCA_20260724.csv-152;990078;ZEMLJISCE;9;Zemljišče za gozdno rabo (gozd);GOZDNO;1705;PRESERJE;;;parcela 1182/4;1/1;1.0;6871.0;6871.0;;;455791.96;90290.71;4122.6;;Cena posla ni avtomatsko cena te sestavine;2026-04-10;5;V preverjanju;2026;ETN_008_2026_KPP_2026_ZEMLJISCA_20260724.csv
Z-2026-ETN_008_2026_KPP_2026_ZEMLJISCA_20260724.csv-153;990035;ZEMLJISCE;3;Zemljišče, na katerem je ali bo mogoče graditi stavbo in je delno komunalno opremljeno ali komunalno neopremljeno;STAVBNO;1705;PRESERJE;;;parcela 223/10;1/1;1.0;929.0;929.0;;;455131.62;90852.95;400000.0;;Cena posla ni avtomatsko cena te sestavine;2026-04-03;5;V preverjanju;2026;ETN_008_2026_KPP_2026_ZEMLJISCA_20260724.csv
Z-2026-ETN_008_2026_KPP_2026_ZEMLJISCA_20260724.csv-154;997261;ZEMLJISCE;5;Zemljišče pod stavbo ali drugo stavbi ali delu stavbe pripadajoče zemljišče (zemljišče pod stavbo, dvorišče, dovozna pot, vrt, zelenica, stanovanjski atrij in podobno);PRIPADAJOCE;1724;BREZOVICA;;;parcela 353/2;1/1;1.0;556.0;556.0;;;455167.96;97941.25;650000.0;;Cena posla ni avtomatsko cena te sestavine;2026-06-22;5;V preverjanju;2026;ETN_008_2026_KPP_2026_ZEMLJISCA_20260724.csv
Z-2026-ETN_008_2026_KPP_2026_ZEMLJISCA_20260724.csv-155;997264;ZEMLJISCE;3;Zemljišče, na katerem je ali bo mogoče graditi stavbo in je delno komunalno opremljeno ali komunalno neopremljeno;STAVBNO;1652;RAKITNA;;;parcela 893/66;1/1;1.0;398.0;398.0;;;456124.56;83377.41;35000.0;;Cena posla ni avtomatsko cena te sestavine;2026-06-24;5;V preverjanju;2026;ETN_008_2026_KPP_2026_ZEMLJISCA_20260724.csv
Z-2026-ETN_008_2026_KPP_2026_ZEMLJISCA_20260724.csv-156;997115;ZEMLJISCE;5;Zemljišče pod stavbo ali drugo stavbi ali delu stavbe pripadajoče zemljišče (zemljišče pod stavbo, dvorišče, dovozna pot, vrt, zelenica, stanovanjski atrij in podobno);PRIPADAJOCE;1724;BREZOVICA;;;parcela 326/13;1/1;1.0;902.0;902.0;;;455712.38;98336.33;450000.0;;Cena posla ni avtomatsko cena te sestavine;2026-06-18;5;V preverjanju;2026;ETN_008_2026_KPP_2026_ZEMLJISCA_20260724.csv
Z-2026-ETN_008_2026_KPP_2026_ZEMLJISCA_20260724.csv-157;997115;ZEMLJISCE;5;Zemljišče pod stavbo ali drugo stavbi ali delu stavbe pripadajoče zemljišče (zemljišče pod stavbo, dvorišče, dovozna pot, vrt, zelenica, stanovanjski atrij in podobno);PRIPADAJOCE;1724;BREZOVICA;;;parcela 326/11;1/2;0.5;142.0;71.0;;;455706.69;98368.83;450000.0;;Cena posla ni avtomatsko cena te sestavine;2026-06-18;5;V preverjanju;2026;ETN_008_2026_KPP_2026_ZEMLJISCA_20260724.csv
Z-2026-ETN_008_2026_KPP_2026_ZEMLJISCA_20260724.csv-158;986703;ZEMLJISCE;5;Zemljišče pod stavbo ali drugo stavbi ali delu stavbe pripadajoče zemljišče (zemljišče pod stavbo, dvorišče, dovozna pot, vrt, zelenica, stanovanjski atrij in podobno);PRIPADAJOCE;1652;RAKITNA;;;parcela 792/6;1/1;1.0;475.0;475.0;;;456505.07;83068.51;90000.0;;Cena posla ni avtomatsko cena te sestavine;2026-03-05;5;V preverjanju;2026;ETN_008_2026_KPP_2026_ZEMLJISCA_20260724.csv
Z-2026-ETN_008_2026_KPP_2026_ZEMLJISCA_20260724.csv-159;986882;ZEMLJISCE;5;Zemljišče pod stavbo ali drugo stavbi ali delu stavbe pripadajoče zemljišče (zemljišče pod stavbo, dvorišče, dovozna pot, vrt, zelenica, stanovanjski atrij in podobno);PRIPADAJOCE;1724;BREZOVICA;;;parcela 2445/14;1/1;1.0;255.0;255.0;;;453590.04;94498.12;550000.0;;Cena posla ni avtomatsko cena te sestavine;2026-03-13;5;V preverjanju;2026;ETN_008_2026_KPP_2026_ZEMLJISCA_20260724.csv
Z-2026-ETN_008_2026_KPP_2026_ZEMLJISCA_20260724.csv-160;975080;ZEMLJISCE;3;Zemljišče, na katerem je ali bo mogoče graditi stavbo in je delno komunalno opremljeno ali komunalno neopremljeno;STAVBNO;1704;KAMNIK;;;parcela 3394/45;579/1000;0.579;207.0;119.853;;;453223.68;91837.23;85104.81;;Cena posla ni avtomatsko cena te sestavine;2025-07-07;5;V preverjanju;2026;ETN_008_2026_KPP_2026_ZEMLJISCA_20260724.csv
Z-2026-ETN_008_2026_KPP_2026_ZEMLJISCA_20260724.csv-161;975080;ZEMLJISCE;3;Zemljišče, na katerem je ali bo mogoče graditi stavbo in je delno komunalno opremljeno ali komunalno neopremljeno;STAVBNO;1704;KAMNIK;;;parcela 3394/48;221/400;0.5525;706.0;390.065;;;453229.51;91853.97;85104.81;;Cena posla ni avtomatsko cena te sestavine;2025-07-07;5;V preverjanju;2026;ETN_008_2026_KPP_2026_ZEMLJISCA_20260724.csv
Z-2026-ETN_008_2026_KPP_2026_ZEMLJISCA_20260724.csv-162;975080;ZEMLJISCE;3;Zemljišče, na katerem je ali bo mogoče graditi stavbo in je delno komunalno opremljeno ali komunalno neopremljeno;STAVBNO;1704;KAMNIK;;;parcela 3394/47;221/400;0.5525;14.0;7.734999999999999;;;453238.66;91849.29;85104.81;;Cena posla ni avtomatsko cena te sestavine;2025-07-07;5;V preverjanju;2026;ETN_008_2026_KPP_2026_ZEMLJISCA_20260724.csv
Z-2026-ETN_008_2026_KPP_2026_ZEMLJISCA_20260724.csv-163;975080;ZEMLJISCE;3;Zemljišče, na katerem je ali bo mogoče graditi stavbo in je delno komunalno opremljeno ali komunalno neopremljeno;STAVBNO;1704;KAMNIK;;;parcela 3394/46;221/400;0.5525;14.0;7.734999999999999;;;453235.8;91846.49;85104.81;;Cena posla ni avtomatsko cena te sestavine;2025-07-07;5;V preverjanju;2026;ETN_008_2026_KPP_2026_ZEMLJISCA_20260724.csv
Z-2026-ETN_008_2026_KPP_2026_ZEMLJISCA_20260724.csv-164;975080;ZEMLJISCE;3;Zemljišče, na katerem je ali bo mogoče graditi stavbo in je delno komunalno opremljeno ali komunalno neopremljeno;STAVBNO;1704;KAMNIK;;;parcela 3394/44;579/1000;0.579;151.0;87.42899999999999;;;453217.95;91844.49;85104.81;;Cena posla ni avtomatsko cena te sestavine;2025-07-07;5;V preverjanju;2026;ETN_008_2026_KPP_2026_ZEMLJISCA_20260724.csv
Z-2026-ETN_008_2026_KPP_2026_ZEMLJISCA_20260724.csv-165;982869;ZEMLJISCE;1;Zemljišče na katerem je mogoče graditi stavbo in ima gradbeno dovoljenje;STAVBNO;1705;PRESERJE;;;parcela 806/2;1/2;0.5;3453.0;1726.5;;;454318.11;91768.78;250500.0;;Cena posla ni avtomatsko cena te sestavine;2025-12-11;5;V preverjanju;2026;ETN_008_2026_KPP_2026_ZEMLJISCA_20260724.csv
Z-2026-ETN_008_2026_KPP_2026_ZEMLJISCA_20260724.csv-166;982800;ZEMLJISCE;6;Zemljišče, na katerem je cesta ali parkirišče;INFRASTRUKTURA;1704;KAMNIK;;;parcela 206/3;1/2;0.5;321.0;160.5;;;454144.23;91928.7;309.0;;Cena posla ni avtomatsko cena te sestavine;2025-12-10;5;V preverjanju;2026;ETN_008_2026_KPP_2026_ZEMLJISCA_20260724.csv
Z-2026-ETN_008_2026_KPP_2026_ZEMLJISCA_20260724.csv-167;983075;ZEMLJISCE;7;Zemljišče za kmetijsko rabo (njiva, travnik, pašnik);KMETIJSKO;1724;BREZOVICA;;;parcela 677/3;1/1;1.0;920.0;920.0;;;453715.07;97787.05;31299.0;;Cena posla ni avtomatsko cena te sestavine;2025-11-28;5;V preverjanju;2026;ETN_008_2026_KPP_2026_ZEMLJISCA_20260724.csv
Z-2026-ETN_008_2026_KPP_2026_ZEMLJISCA_20260724.csv-168;983075;ZEMLJISCE;7;Zemljišče za kmetijsko rabo (njiva, travnik, pašnik);KMETIJSKO;1724;BREZOVICA;;;parcela 678/6;1/1;1.0;4190.0;4190.0;;;453686.12;97764.12;31299.0;;Cena posla ni avtomatsko cena te sestavine;2025-11-28;5;V preverjanju;2026;ETN_008_2026_KPP_2026_ZEMLJISCA_20260724.csv
Z-2026-ETN_008_2026_KPP_2026_ZEMLJISCA_20260724.csv-169;983075;ZEMLJISCE;7;Zemljišče za kmetijsko rabo (njiva, travnik, pašnik);KMETIJSKO;1724;BREZOVICA;;;parcela 675/31;1/1;1.0;5323.0;5323.0;;;453733.78;97727.77;31299.0;;Cena posla ni avtomatsko cena te sestavine;2025-11-28;5;V preverjanju;2026;ETN_008_2026_KPP_2026_ZEMLJISCA_20260724.csv
Z-2026-ETN_008_2026_KPP_2026_ZEMLJISCA_20260724.csv-170;990272;ZEMLJISCE;2;Zemljišče, na katerem je mogoče graditi stavbo in je komunalno opremljeno (priključki na vodo, elektriko in neposredni dostop do dovozne poti);STAVBNO;1704;KAMNIK;;;parcela 1395/3;1/1;1.0;459.0;459.0;;;451830.62;90411.78;30000.0;;Cena posla ni avtomatsko cena te sestavine;2026-03-23;5;V preverjanju;2026;ETN_008_2026_KPP_2026_ZEMLJISCA_20260724.csv
Z-2026-ETN_008_2026_KPP_2026_ZEMLJISCA_20260724.csv-171;990566;ZEMLJISCE;7;Zemljišče za kmetijsko rabo (njiva, travnik, pašnik);KMETIJSKO;1724;BREZOVICA;;;parcela 3135;1/1;1.0;7013.0;7013.0;;;451870.4;94136.44;10519.5;;Cena posla ni avtomatsko cena te sestavine;2026-04-15;5;V preverjanju;2026;ETN_008_2026_KPP_2026_ZEMLJISCA_20260724.csv
Z-2026-ETN_008_2026_KPP_2026_ZEMLJISCA_20260724.csv-172;990438;ZEMLJISCE;5;Zemljišče pod stavbo ali drugo stavbi ali delu stavbe pripadajoče zemljišče (zemljišče pod stavbo, dvorišče, dovozna pot, vrt, zelenica, stanovanjski atrij in podobno);PRIPADAJOCE;1704;KAMNIK;;;parcela 2859/14;1/1;1.0;265.0;265.0;;;454072.57;90771.05;336220.0;;Cena posla ni avtomatsko cena te sestavine;2026-04-15;5;V preverjanju;2026;ETN_008_2026_KPP_2026_ZEMLJISCA_20260724.csv
Z-2026-ETN_008_2026_KPP_2026_ZEMLJISCA_20260724.csv-173;990438;ZEMLJISCE;6;Zemljišče, na katerem je cesta ali parkirišče;INFRASTRUKTURA;1704;KAMNIK;;;parcela 2859/11;46/276;0.16666666666666666;449.0;74.83333333333333;;;454104.32;90764.76;336220.0;;Cena posla ni avtomatsko cena te sestavine;2026-04-15;5;V preverjanju;2026;ETN_008_2026_KPP_2026_ZEMLJISCA_20260724.csv
Z-2026-ETN_008_2026_KPP_2026_ZEMLJISCA_20260724.csv-174;996424;ZEMLJISCE;9;Zemljišče za gozdno rabo (gozd);GOZDNO;1704;KAMNIK;;;parcela 1566/2;1/1;1.0;8690.0;8690.0;;;450909.93;90899.07;8690.0;;Cena posla ni avtomatsko cena te sestavine;2026-06-09;5;V preverjanju;2026;ETN_008_2026_KPP_2026_ZEMLJISCA_20260724.csv
Z-2026-ETN_008_2026_KPP_2026_ZEMLJISCA_20260724.csv-175;985230;ZEMLJISCE;7;Zemljišče za kmetijsko rabo (njiva, travnik, pašnik);KMETIJSKO;1652;RAKITNA;;;parcela 414;1/1;1.0;3147.0;3147.0;;;455957.32;84417.25;5000.0;;Cena posla ni avtomatsko cena te sestavine;2026-02-02;5;V preverjanju;2026;ETN_008_2026_KPP_2026_ZEMLJISCA_20260724.csv
Z-2026-ETN_008_2026_KPP_2026_ZEMLJISCA_20260724.csv-176;985243;ZEMLJISCE;7;Zemljišče za kmetijsko rabo (njiva, travnik, pašnik);KMETIJSKO;1724;BREZOVICA;;;parcela 918/1;1/1;1.0;2776.0;2776.0;;;453379.99;95822.97;10000.0;;Cena posla ni avtomatsko cena te sestavine;2026-01-27;5;V preverjanju;2026;ETN_008_2026_KPP_2026_ZEMLJISCA_20260724.csv
Z-2026-ETN_008_2026_KPP_2026_ZEMLJISCA_20260724.csv-177;985504;ZEMLJISCE;7;Zemljišče za kmetijsko rabo (njiva, travnik, pašnik);KMETIJSKO;1724;BREZOVICA;;;parcela 3502/1;1/1;1.0;8736.0;8736.0;;;454100.69;93160.8;17472.0;;Cena posla ni avtomatsko cena te sestavine;2026-02-19;5;V preverjanju;2026;ETN_008_2026_KPP_2026_ZEMLJISCA_20260724.csv
Z-2026-ETN_008_2026_KPP_2026_ZEMLJISCA_20260724.csv-178;985468;ZEMLJISCE;2;Zemljišče, na katerem je mogoče graditi stavbo in je komunalno opremljeno (priključki na vodo, elektriko in neposredni dostop do dovozne poti);STAVBNO;1724;BREZOVICA;;;parcela 583/47;1/1;1.0;525.0;525.0;;;454808.53;97538.5;157500.0;;Cena posla ni avtomatsko cena te sestavine;2026-02-19;5;V preverjanju;2026;ETN_008_2026_KPP_2026_ZEMLJISCA_20260724.csv
Z-2026-ETN_008_2026_KPP_2026_ZEMLJISCA_20260724.csv-179;985468;ZEMLJISCE;4;Zemljišče, na katerem je ali bo mogoče graditi prometno ali energetsko infrastrukturo (cesta, plinovod in drugo);INFRASTRUKTURA;1724;BREZOVICA;;;parcela 583/6;3/10;0.3;300.0;90.0;;;454701.55;97555.12;157500.0;;Cena posla ni avtomatsko cena te sestavine;2026-02-19;5;V preverjanju;2026;ETN_008_2026_KPP_2026_ZEMLJISCA_20260724.csv
Z-2026-ETN_008_2026_KPP_2026_ZEMLJISCA_20260724.csv-180;985468;ZEMLJISCE;4;Zemljišče, na katerem je ali bo mogoče graditi prometno ali energetsko infrastrukturo (cesta, plinovod in drugo);INFRASTRUKTURA;1724;BREZOVICA;;;parcela 583/44;3/10;0.3;148.0;44.4;;;454765.32;97543.89;157500.0;;Cena posla ni avtomatsko cena te sestavine;2026-02-19;5;V preverjanju;2026;ETN_008_2026_KPP_2026_ZEMLJISCA_20260724.csv
Z-2026-ETN_008_2026_KPP_2026_ZEMLJISCA_20260724.csv-181;985468;ZEMLJISCE;2;Zemljišče, na katerem je mogoče graditi stavbo in je komunalno opremljeno (priključki na vodo, elektriko in neposredni dostop do dovozne poti);STAVBNO;1724;BREZOVICA;;;parcela 583/42;1/2;0.5;131.0;65.5;;;454820.12;97551.69;157500.0;;Cena posla ni avtomatsko cena te sestavine;2026-02-19;5;V preverjanju;2026;ETN_008_2026_KPP_2026_ZEMLJISCA_20260724.csv
Z-2026-ETN_008_2026_KPP_2026_ZEMLJISCA_20260724.csv-182;979811;ZEMLJISCE;9;Zemljišče za gozdno rabo (gozd);GOZDNO;1652;RAKITNA;;;parcela 1397/62;1/1;1.0;843.0;843.0;;;456695.54;82831.29;1698.0;;Cena posla ni avtomatsko cena te sestavine;2025-12-30;5;V preverjanju;2026;ETN_008_2026_KPP_2026_ZEMLJISCA_20260724.csv
Z-2026-ETN_008_2026_KPP_2026_ZEMLJISCA_20260724.csv-183;982351;ZEMLJISCE;3;Zemljišče, na katerem je ali bo mogoče graditi stavbo in je delno komunalno opremljeno ali komunalno neopremljeno;STAVBNO;1724;BREZOVICA;;;parcela 2220/4;1/1;1.0;38.0;38.0;;;454184.35;95508.4;350000.0;;Cena posla ni avtomatsko cena te sestavine;2026-01-15;5;V preverjanju;2026;ETN_008_2026_KPP_2026_ZEMLJISCA_20260724.csv
Z-2026-ETN_008_2026_KPP_2026_ZEMLJISCA_20260724.csv-184;982351;ZEMLJISCE;5;Zemljišče pod stavbo ali drugo stavbi ali delu stavbe pripadajoče zemljišče (zemljišče pod stavbo, dvorišče, dovozna pot, vrt, zelenica, stanovanjski atrij in podobno);PRIPADAJOCE;1724;BREZOVICA;;;parcela 2138/3;1/1;1.0;987.0;987.0;;;454205.64;95502.84;350000.0;;Cena posla ni avtomatsko cena te sestavine;2026-01-15;5;V preverjanju;2026;ETN_008_2026_KPP_2026_ZEMLJISCA_20260724.csv
Z-2026-ETN_008_2026_KPP_2026_ZEMLJISCA_20260724.csv-185;982351;ZEMLJISCE;3;Zemljišče, na katerem je ali bo mogoče graditi stavbo in je delno komunalno opremljeno ali komunalno neopremljeno;STAVBNO;1724;BREZOVICA;;;parcela 2138/61;1/1;1.0;76.0;76.0;;;454227.5;95496.53;350000.0;;Cena posla ni avtomatsko cena te sestavine;2026-01-15;5;V preverjanju;2026;ETN_008_2026_KPP_2026_ZEMLJISCA_20260724.csv
Z-2026-ETN_008_2026_KPP_2026_ZEMLJISCA_20260724.csv-186;992311;ZEMLJISCE;5;Zemljišče pod stavbo ali drugo stavbi ali delu stavbe pripadajoče zemljišče (zemljišče pod stavbo, dvorišče, dovozna pot, vrt, zelenica, stanovanjski atrij in podobno);PRIPADAJOCE;1724;BREZOVICA;;;parcela 960/22;1/1;1.0;454.0;454.0;;;453902.74;95754.48;484397.55;;Cena posla ni avtomatsko cena te sestavine;2026-04-16;5;V preverjanju;2026;ETN_008_2026_KPP_2026_ZEMLJISCA_20260724.csv
Z-2026-ETN_008_2026_KPP_2026_ZEMLJISCA_20260724.csv-187;992311;ZEMLJISCE;4;Zemljišče, na katerem je ali bo mogoče graditi prometno ali energetsko infrastrukturo (cesta, plinovod in drugo);INFRASTRUKTURA;1724;BREZOVICA;;;parcela 960/24;1/4;0.25;129.0;32.25;;;453910.58;95737.27;484397.55;;Cena posla ni avtomatsko cena te sestavine;2026-04-16;5;V preverjanju;2026;ETN_008_2026_KPP_2026_ZEMLJISCA_20260724.csv
Z-2026-ETN_008_2026_KPP_2026_ZEMLJISCA_20260724.csv-188;992312;ZEMLJISCE;9;Zemljišče za gozdno rabo (gozd);GOZDNO;1705;PRESERJE;;;parcela 1057/1;1/1;1.0;3405.0;3405.0;;;455828.92;91327.93;30078.9;;Cena posla ni avtomatsko cena te sestavine;2026-02-23;5;V preverjanju;2026;ETN_008_2026_KPP_2026_ZEMLJISCA_20260724.csv
Z-2026-ETN_008_2026_KPP_2026_ZEMLJISCA_20260724.csv-189;992312;ZEMLJISCE;9;Zemljišče za gozdno rabo (gozd);GOZDNO;1705;PRESERJE;;;parcela 1057/2;1/1;1.0;648.0;648.0;;;455822.1;91386.44;30078.9;;Cena posla ni avtomatsko cena te sestavine;2026-02-23;5;V preverjanju;2026;ETN_008_2026_KPP_2026_ZEMLJISCA_20260724.csv
Z-2026-ETN_008_2026_KPP_2026_ZEMLJISCA_20260724.csv-190;992312;ZEMLJISCE;9;Zemljišče za gozdno rabo (gozd);GOZDNO;1705;PRESERJE;;;parcela 1058;1/1;1.0;4900.0;4900.0;;;455869.89;91286.22;30078.9;;Cena posla ni avtomatsko cena te sestavine;2026-02-23;5;V preverjanju;2026;ETN_008_2026_KPP_2026_ZEMLJISCA_20260724.csv
Z-2026-ETN_008_2026_KPP_2026_ZEMLJISCA_20260724.csv-191;992312;ZEMLJISCE;9;Zemljišče za gozdno rabo (gozd);GOZDNO;1705;PRESERJE;;;parcela 1086;1/1;1.0;13189.0;13189.0;;;455746.21;91247.77;30078.9;;Cena posla ni avtomatsko cena te sestavine;2026-02-23;5;V preverjanju;2026;ETN_008_2026_KPP_2026_ZEMLJISCA_20260724.csv
Z-2026-ETN_008_2026_KPP_2026_ZEMLJISCA_20260724.csv-192;992312;ZEMLJISCE;9;Zemljišče za gozdno rabo (gozd);GOZDNO;1705;PRESERJE;;;parcela 1087;1/1;1.0;11279.0;11279.0;;;455790.85;91188.82;30078.9;;Cena posla ni avtomatsko cena te sestavine;2026-02-23;5;V preverjanju;2026;ETN_008_2026_KPP_2026_ZEMLJISCA_20260724.csv
Z-2026-ETN_008_2026_KPP_2026_ZEMLJISCA_20260724.csv-193;992255;ZEMLJISCE;9;Zemljišče za gozdno rabo (gozd);GOZDNO;1703;JEZERO;;;parcela 388/1;1/1;1.0;1629.0;1629.0;;;455367.59;92637.68;29004.0;;Cena posla ni avtomatsko cena te sestavine;2026-04-09;5;V preverjanju;2026;ETN_008_2026_KPP_2026_ZEMLJISCA_20260724.csv
Z-2026-ETN_008_2026_KPP_2026_ZEMLJISCA_20260724.csv-194;992255;ZEMLJISCE;9;Zemljišče za gozdno rabo (gozd);GOZDNO;1704;KAMNIK;;;parcela 3412/1;1/1;1.0;8524.0;8524.0;;;454960.77;89775.31;29004.0;;Cena posla ni avtomatsko cena te sestavine;2026-04-09;5;V preverjanju;2026;ETN_008_2026_KPP_2026_ZEMLJISCA_20260724.csv
Z-2026-ETN_008_2026_KPP_2026_ZEMLJISCA_20260724.csv-195;992255;ZEMLJISCE;9;Zemljišče za gozdno rabo (gozd);GOZDNO;1704;KAMNIK;;;parcela 3412/2;1/1;1.0;5373.0;5373.0;;;455007.65;89791.11;29004.0;;Cena posla ni avtomatsko cena te sestavine;2026-04-09;5;V preverjanju;2026;ETN_008_2026_KPP_2026_ZEMLJISCA_20260724.csv
Z-2026-ETN_008_2026_KPP_2026_ZEMLJISCA_20260724.csv-196;992255;ZEMLJISCE;9;Zemljišče za gozdno rabo (gozd);GOZDNO;1703;JEZERO;;;parcela 384/1;1/1;1.0;17430.0;17430.0;;;455159.63;92493.78;29004.0;;Cena posla ni avtomatsko cena te sestavine;2026-04-09;5;V preverjanju;2026;ETN_008_2026_KPP_2026_ZEMLJISCA_20260724.csv
Z-2026-ETN_008_2026_KPP_2026_ZEMLJISCA_20260724.csv-197;995505;ZEMLJISCE;3;Zemljišče, na katerem je ali bo mogoče graditi stavbo in je delno komunalno opremljeno ali komunalno neopremljeno;STAVBNO;1652;RAKITNA;;;parcela 893/249;1/1;1.0;32.0;32.0;;;456075.12;83376.27;1280.0;;Cena posla ni avtomatsko cena te sestavine;2026-05-12;5;V preverjanju;2026;ETN_008_2026_KPP_2026_ZEMLJISCA_20260724.csv
Z-2026-ETN_008_2026_KPP_2026_ZEMLJISCA_20260724.csv-198;995516;ZEMLJISCE;5;Zemljišče pod stavbo ali drugo stavbi ali delu stavbe pripadajoče zemljišče (zemljišče pod stavbo, dvorišče, dovozna pot, vrt, zelenica, stanovanjski atrij in podobno);PRIPADAJOCE;1705;PRESERJE;;;parcela 221/1;1/1;1.0;1008.0;1008.0;;;455119.58;90899.22;300000.0;;Cena posla ni avtomatsko cena te sestavine;2026-06-01;5;V preverjanju;2026;ETN_008_2026_KPP_2026_ZEMLJISCA_20260724.csv
Z-2026-ETN_008_2026_KPP_2026_ZEMLJISCA_20260724.csv-199;995516;ZEMLJISCE;5;Zemljišče pod stavbo ali drugo stavbi ali delu stavbe pripadajoče zemljišče (zemljišče pod stavbo, dvorišče, dovozna pot, vrt, zelenica, stanovanjski atrij in podobno);PRIPADAJOCE;1705;PRESERJE;;;parcela 1182/47;1/1;1.0;918.0;918.0;;;455134.31;90907.99;300000.0;;Cena posla ni avtomatsko cena te sestavine;2026-06-01;5;V preverjanju;2026;ETN_008_2026_KPP_2026_ZEMLJISCA_20260724.csv
Z-2026-ETN_008_2026_KPP_2026_ZEMLJISCA_20260724.csv-200;995516;ZEMLJISCE;5;Zemljišče pod stavbo ali drugo stavbi ali delu stavbe pripadajoče zemljišče (zemljišče pod stavbo, dvorišče, dovozna pot, vrt, zelenica, stanovanjski atrij in podobno);PRIPADAJOCE;1705;PRESERJE;;;parcela 2232/3;1/1;1.0;310.0;310.0;;;455172.83;90889.15;300000.0;;Cena posla ni avtomatsko cena te sestavine;2026-06-01;5;V preverjanju;2026;ETN_008_2026_KPP_2026_ZEMLJISCA_20260724.csv
Z-2026-ETN_008_2026_KPP_2026_ZEMLJISCA_20260724.csv-201;994796;ZEMLJISCE;9;Zemljišče za gozdno rabo (gozd);GOZDNO;1724;BREZOVICA;;;parcela 1394;1/1;1.0;2305.0;2305.0;;;455794.08;96358.87;2305.0;;Cena posla ni avtomatsko cena te sestavine;2026-04-23;5;V preverjanju;2026;ETN_008_2026_KPP_2026_ZEMLJISCA_20260724.csv
Z-2026-ETN_008_2026_KPP_2026_ZEMLJISCA_20260724.csv-202;985197;ZEMLJISCE;3;Zemljišče, na katerem je ali bo mogoče graditi stavbo in je delno komunalno opremljeno ali komunalno neopremljeno;STAVBNO;1652;RAKITNA;;;parcela 1064/15;1/1;1.0;1091.0;1091.0;;;455213.29;84347.03;71180.0;;Cena posla ni avtomatsko cena te sestavine;2026-02-02;5;V preverjanju;2026;ETN_008_2026_KPP_2026_ZEMLJISCA_20260724.csv
Z-2026-ETN_008_2026_KPP_2026_ZEMLJISCA_20260724.csv-203;979020;ZEMLJISCE;7;Zemljišče za kmetijsko rabo (njiva, travnik, pašnik);KMETIJSKO;1705;PRESERJE;;;parcela 879;1/1;1.0;7712.0;7712.0;;;454574.91;92260.02;69420.0;;Cena posla ni avtomatsko cena te sestavine;2025-07-28;5;V preverjanju;2026;ETN_008_2026_KPP_2026_ZEMLJISCA_20260724.csv
Z-2026-ETN_008_2026_KPP_2026_ZEMLJISCA_20260724.csv-204;979020;ZEMLJISCE;7;Zemljišče za kmetijsko rabo (njiva, travnik, pašnik);KMETIJSKO;1705;PRESERJE;;;parcela 835/1;1/1;1.0;1127.0;1127.0;;;454531.78;92183.82;69420.0;;Cena posla ni avtomatsko cena te sestavine;2025-07-28;5;V preverjanju;2026;ETN_008_2026_KPP_2026_ZEMLJISCA_20260724.csv
Z-2026-ETN_008_2026_KPP_2026_ZEMLJISCA_20260724.csv-205;979020;ZEMLJISCE;7;Zemljišče za kmetijsko rabo (njiva, travnik, pašnik);KMETIJSKO;1705;PRESERJE;;;parcela 876;1/1;1.0;14301.0;14301.0;;;454542.47;92308.15;69420.0;;Cena posla ni avtomatsko cena te sestavine;2025-07-28;5;V preverjanju;2026;ETN_008_2026_KPP_2026_ZEMLJISCA_20260724.csv
Z-2026-ETN_008_2026_KPP_2026_ZEMLJISCA_20260724.csv-206;990678;ZEMLJISCE;7;Zemljišče za kmetijsko rabo (njiva, travnik, pašnik);KMETIJSKO;1724;BREZOVICA;;;parcela 2679;1/1;1.0;3996.0;3996.0;;;453251.33;93912.74;31980.0;;Cena posla ni avtomatsko cena te sestavine;2026-04-16;5;V preverjanju;2026;ETN_008_2026_KPP_2026_ZEMLJISCA_20260724.csv
Z-2026-ETN_008_2026_KPP_2026_ZEMLJISCA_20260724.csv-207;990678;ZEMLJISCE;7;Zemljišče za kmetijsko rabo (njiva, travnik, pašnik);KMETIJSKO;1724;BREZOVICA;;;parcela 2672;1/1;1.0;5816.0;5816.0;;;453388.88;93840.24;31980.0;;Cena posla ni avtomatsko cena te sestavine;2026-04-16;5;V preverjanju;2026;ETN_008_2026_KPP_2026_ZEMLJISCA_20260724.csv
Z-2026-ETN_008_2026_KPP_2026_ZEMLJISCA_20260724.csv-208;990678;ZEMLJISCE;7;Zemljišče za kmetijsko rabo (njiva, travnik, pašnik);KMETIJSKO;1724;BREZOVICA;;;parcela 3239;1/1;1.0;1496.0;1496.0;;;452100.19;93274.41;31980.0;;Cena posla ni avtomatsko cena te sestavine;2026-04-16;5;V preverjanju;2026;ETN_008_2026_KPP_2026_ZEMLJISCA_20260724.csv
Z-2026-ETN_008_2026_KPP_2026_ZEMLJISCA_20260724.csv-209;990678;ZEMLJISCE;7;Zemljišče za kmetijsko rabo (njiva, travnik, pašnik);KMETIJSKO;1724;BREZOVICA;;;parcela 3064;1/1;1.0;4237.0;4237.0;;;451575.08;95411.09;31980.0;;Cena posla ni avtomatsko cena te sestavine;2026-04-16;5;V preverjanju;2026;ETN_008_2026_KPP_2026_ZEMLJISCA_20260724.csv
Z-2026-ETN_008_2026_KPP_2026_ZEMLJISCA_20260724.csv-210;990678;ZEMLJISCE;7;Zemljišče za kmetijsko rabo (njiva, travnik, pašnik);KMETIJSKO;1724;BREZOVICA;;;parcela 3244;1/1;1.0;3999.0;3999.0;;;452175.3;93320.92;31980.0;;Cena posla ni avtomatsko cena te sestavine;2026-04-16;5;V preverjanju;2026;ETN_008_2026_KPP_2026_ZEMLJISCA_20260724.csv
Z-2026-ETN_008_2026_KPP_2026_ZEMLJISCA_20260724.csv-211;986171;ZEMLJISCE;7;Zemljišče za kmetijsko rabo (njiva, travnik, pašnik);KMETIJSKO;1704;KAMNIK;;;parcela 402/6;1/1;1.0;10660.0;10660.0;;;451149.73;91804.48;19188.0;;Cena posla ni avtomatsko cena te sestavine;2026-02-27;5;V preverjanju;2026;ETN_008_2026_KPP_2026_ZEMLJISCA_20260724.csv
Z-2026-ETN_008_2026_KPP_2026_ZEMLJISCA_20260724.csv-212;986558;ZEMLJISCE;5;Zemljišče pod stavbo ali drugo stavbi ali delu stavbe pripadajoče zemljišče (zemljišče pod stavbo, dvorišče, dovozna pot, vrt, zelenica, stanovanjski atrij in podobno);PRIPADAJOCE;1724;BREZOVICA;;;parcela 21/1;2/35;0.05714285714285714;1840.0;105.14285714285714;;;453984.78;98438.54;15000.0;;Cena posla ni avtomatsko cena te sestavine;2026-03-06;5;V preverjanju;2026;ETN_008_2026_KPP_2026_ZEMLJISCA_20260724.csv
Z-2026-ETN_008_2026_KPP_2026_ZEMLJISCA_20260724.csv-213;986558;ZEMLJISCE;5;Zemljišče pod stavbo ali drugo stavbi ali delu stavbe pripadajoče zemljišče (zemljišče pod stavbo, dvorišče, dovozna pot, vrt, zelenica, stanovanjski atrij in podobno);PRIPADAJOCE;1724;BREZOVICA;;;parcela 21/2;2/35;0.05714285714285714;282.0;16.114285714285714;;;453973.31;98411.43;15000.0;;Cena posla ni avtomatsko cena te sestavine;2026-03-06;5;V preverjanju;2026;ETN_008_2026_KPP_2026_ZEMLJISCA_20260724.csv
Z-2026-ETN_008_2026_KPP_2026_ZEMLJISCA_20260724.csv-214;986558;ZEMLJISCE;7;Zemljišče za kmetijsko rabo (njiva, travnik, pašnik);KMETIJSKO;1724;BREZOVICA;;;parcela 22/5;2/35;0.05714285714285714;1113.0;63.6;;;453934.2;98402.72;15000.0;;Cena posla ni avtomatsko cena te sestavine;2026-03-06;5;V preverjanju;2026;ETN_008_2026_KPP_2026_ZEMLJISCA_20260724.csv
Z-2026-ETN_008_2026_KPP_2026_ZEMLJISCA_20260724.csv-215;975923;ZEMLJISCE;1;Zemljišče na katerem je mogoče graditi stavbo in ima gradbeno dovoljenje;STAVBNO;1652;RAKITNA;;;parcela 1304/22;1/1;1.0;973.0;973.0;;;456478.35;82608.2;303750.0;;Cena posla ni avtomatsko cena te sestavine;2025-11-27;5;V preverjanju;2026;ETN_008_2026_KPP_2026_ZEMLJISCA_20260724.csv
Z-2026-ETN_008_2026_KPP_2026_ZEMLJISCA_20260724.csv-216;975923;ZEMLJISCE;1;Zemljišče na katerem je mogoče graditi stavbo in ima gradbeno dovoljenje;STAVBNO;1652;RAKITNA;;;parcela 1304/31;1/1;1.0;92.0;92.0;;;456462.04;82602.77;303750.0;;Cena posla ni avtomatsko cena te sestavine;2025-11-27;5;V preverjanju;2026;ETN_008_2026_KPP_2026_ZEMLJISCA_20260724.csv
Z-2026-ETN_008_2026_KPP_2026_ZEMLJISCA_20260724.csv-217;976804;ZEMLJISCE;5;Zemljišče pod stavbo ali drugo stavbi ali delu stavbe pripadajoče zemljišče (zemljišče pod stavbo, dvorišče, dovozna pot, vrt, zelenica, stanovanjski atrij in podobno);PRIPADAJOCE;1724;BREZOVICA;;;parcela 2790/16;1/1;1.0;447.0;447.0;;;452317.64;95661.4;255000.0;;Cena posla ni avtomatsko cena te sestavine;2025-12-10;5;V preverjanju;2026;ETN_008_2026_KPP_2026_ZEMLJISCA_20260724.csv
Z-2026-ETN_008_2026_KPP_2026_ZEMLJISCA_20260724.csv-218;992040;ZEMLJISCE;7;Zemljišče za kmetijsko rabo (njiva, travnik, pašnik);KMETIJSKO;1724;BREZOVICA;;;parcela 3194;1/1;1.0;3291.0;3291.0;;;452816.59;94019.37;16282.8;;Cena posla ni avtomatsko cena te sestavine;2026-04-24;5;V preverjanju;2026;ETN_008_2026_KPP_2026_ZEMLJISCA_20260724.csv
Z-2026-ETN_008_2026_KPP_2026_ZEMLJISCA_20260724.csv-219;992040;ZEMLJISCE;7;Zemljišče za kmetijsko rabo (njiva, travnik, pašnik);KMETIJSKO;1724;BREZOVICA;;;parcela 3186;1/1;1.0;5755.0;5755.0;;;452498.53;94023.23;16282.8;;Cena posla ni avtomatsko cena te sestavine;2026-04-24;5;V preverjanju;2026;ETN_008_2026_KPP_2026_ZEMLJISCA_20260724.csv
Z-2026-ETN_008_2026_KPP_2026_ZEMLJISCA_20260724.csv-220;982489;ZEMLJISCE;3;Zemljišče, na katerem je ali bo mogoče graditi stavbo in je delno komunalno opremljeno ali komunalno neopremljeno;STAVBNO;1724;BREZOVICA;;;parcela 607/129;1/2;0.5;162.0;81.0;;;454573.73;97904.64;32400.0;;Cena posla ni avtomatsko cena te sestavine;2026-01-09;5;V preverjanju;2026;ETN_008_2026_KPP_2026_ZEMLJISCA_20260724.csv
