id_posla;datum_sklenitve_pogodbe;leto_pogodbe;datum_uveljavitve;leto_paketa;pogodbena_cena_eur;vrsta_posla_koda;vrsta_posla_opis;trznost_koda;trznost_opis;vrsta_akta_opis;vkljucenost_ddv_opis;stopnja_ddv_opis;glavna_kategorija;analiticna_enota;atomarnost_posla;kakovost_analiticna;kakovost_razlog;stevilo_delov_stavb;stevilo_parcel;stevilo_sestavin_skupaj;vrste_delov_stavb;skupine_delov_stavb;vrste_zemljisc;skupine_zemljisc;katastrske_obcine;sifre_ko;naselja;naslovi;parcele;stavbe_in_deli;prodani_delezi_delov;prodani_delezi_parcel;vsi_delezi_polni;povrsina_delov_porocana_sum_m2;povrsina_delov_delez_sum_m2;uporabna_povrsina_delez_sum_m2;povrsina_zemljisc_delez_sum_m2;analiticna_povrsina_m2;analiticna_cena_eur_m2;najstarejse_leto_izgradnje;najnovejse_leto_izgradnje;e_centroid_povprecje;n_centroid_povprecje;manjkajo_koordinate;cena_sestavin_izpolnjena;opombe_o_pravnem_poslu;source_file
522071;2020-09-07;2020;2021-01-13;2021;36000.0;1;Prodaja nepremičnin na prostem trgu;4;Neopredeljen posel;Osnovna pogodba;Ne;;STAVBNO ZEMLJIŠČE;STAVBNO_ZEMLJISCE_CISTO;ENOSESTAVINSKI;C;GURS tržnost: Neopredeljen posel;0;1;1;;;Zemljišče, na katerem je ali bo mogoče graditi stavbo in je delno komunalno opremljeno ali komunalno neopremljeno;STAVBNO;BREZOVICA;1724;;;956/5;;;1/1;1;;;;401.0;401.0;89.77556109725685;;;453763.77;95734.67;0;0;;ETN_008_2021_KPP_2021_POSLI_20260724.csv
522279;2020-11-05;2020;2021-01-13;2021;2000.0;1;Prodaja nepremičnin na prostem trgu;3;Drug posel;Osnovna pogodba;Ne;;MEŠANO/DRUGO ZEMLJIŠČE;NI_NEPOSREDNO_RAZDELJIV;ENOSESTAVINSKI;C;GURS tržnost: Drug posel;0;1;1;;;Zemljišče, na katerem je cesta ali parkirišče;INFRASTRUKTURA;PRESERJE;1705;;;382/5;;;1/12;0;;;;24.75;;;;;454763.28;90792.5;0;0;;ETN_008_2021_KPP_2021_POSLI_20260724.csv
522310;2020-11-05;2020;2021-01-13;2021;122000.0;1;Prodaja nepremičnin na prostem trgu;2;Tržen posel – neustrezni podatki;Osnovna pogodba;Ne;;MEŠANI POSEL – STAVBA IN ZEMLJIŠČE;NI_NEPOSREDNO_RAZDELJIV;MEŠANI;B;GURS: tržen posel – neustrezni podatki;1;1;2;Kmetijski objekt;KMETIJSKI_OBJEKT;Zemljišče pod stavbo ali drugo stavbi ali delu stavbe pripadajoče zemljišče (zemljišče pod stavbo, dvorišče, dovozna pot, vrt, zelenica, stanovanjski atrij in podobno);PRIPADAJOCE;BREZOVICA;1724;;;1460/6;1276/1;1/1;1/1;1;16.0;16.0;16.0;931.0;;;1991;1991;455536.61;96657.94;0;0;;ETN_008_2021_KPP_2021_POSLI_20260724.csv
522430;2020-11-06;2020;2021-01-13;2021;56000.0;1;Prodaja nepremičnin na prostem trgu;2;Tržen posel – neustrezni podatki;Osnovna pogodba;Ne;;STAVBNO ZEMLJIŠČE;STAVBNO_ZEMLJISCE_CISTO;ENOSESTAVINSKI;B;GURS: tržen posel – neustrezni podatki;0;1;1;;;Zemljišče na katerem je mogoče graditi stavbo in ima gradbeno dovoljenje;STAVBNO;KAMNIK;1704;;;3166/2;;;1/1;1;;;;792.0;792.0;70.70707070707071;;;454213.97;90488.23;0;0;;ETN_008_2021_KPP_2021_POSLI_20260724.csv
522494;2020-10-24;2020;2021-01-13;2021;258357.62;1;Prodaja nepremičnin na prostem trgu;2;Tržen posel – neustrezni podatki;Osnovna pogodba;Ne;;HIŠA S PRIPADAJOČIM ZEMLJIŠČEM;NI_NEPOSREDNO_RAZDELJIV;MEŠANI;B;GURS: tržen posel – neustrezni podatki;3;4;7;Kmetijski objekt | Stanovanjska hiša;KMETIJSKI_OBJEKT | STANOVANJSKA_HISA;Zemljišče pod stavbo ali drugo stavbi ali delu stavbe pripadajoče zemljišče (zemljišče pod stavbo, dvorišče, dovozna pot, vrt, zelenica, stanovanjski atrij in podobno) | Zemljišče za kmetijsko rabo (njiva, travnik, pašnik);KMETIJSKO | PRIPADAJOCE;BREZOVICA;1724;VNANJE GORICE;PODPEŠKA CESTA 201;1027/2 | 1028/1 | 1028/3 | 2095;1082/1 | 2650/1 | 2652/1;1/1;1/1;1;490.0;489.4;397.8;9499.0;;;1991;1991;454665.64;95932.73571428572;0;0;;ETN_008_2021_KPP_2021_POSLI_20260724.csv
522526;2020-11-18;2020;2021-01-13;2021;90000.0;1;Prodaja nepremičnin na prostem trgu;3;Drug posel;Osnovna pogodba;Ne;;HIŠA S PRIPADAJOČIM ZEMLJIŠČEM;HISA_CELI_POSEL;MEŠANI;C;GURS tržnost: Drug posel;2;4;6;Stanovanjska hiša;STANOVANJSKA_HISA;Zemljišče pod stavbo ali drugo stavbi ali delu stavbe pripadajoče zemljišče (zemljišče pod stavbo, dvorišče, dovozna pot, vrt, zelenica, stanovanjski atrij in podobno);PRIPADAJOCE;KAMNIK;1704;KAMNIK POD KRIMOM;KAMNIK POD KRIMOM 97;*418 | 1051/3 | 1051/4 | 1052/7;452/1 | 453/1;1/2;1/2;0;254.0;126.75;95.6;741.5;;;1956;1965;453866.60333333333;90908.46666666667;0;0;;ETN_008_2021_KPP_2021_POSLI_20260724.csv
522673;2020-11-15;2020;2021-01-13;2021;210000.0;1;Prodaja nepremičnin na prostem trgu;2;Tržen posel – neustrezni podatki;Osnovna pogodba;Ne;;STANOVANJE Z DODATKI/ZEMLJIŠČEM;NI_NEPOSREDNO_RAZDELJIV;MEŠANI;B;GURS: tržen posel – neustrezni podatki;1;5;6;Stanovanje;STANOVANJE;Zemljišče pod stavbo ali drugo stavbi ali delu stavbe pripadajoče zemljišče (zemljišče pod stavbo, dvorišče, dovozna pot, vrt, zelenica, stanovanjski atrij in podobno) | Zemljišče, na katerem je cesta ali parkirišče;INFRASTRUKTURA | PRIPADAJOCE;BREZOVICA;1724;BREZOVICA PRI LJUBLJANI;PODSVETIJA 26 C;369/182 | 369/205 | 369/207 | 369/208 | 369/221;3884/3;1/1;2/52 | 2/6 | 2/90;0;86.0;86.1;70.7;108.0068376068376;;;2008;2008;455071.6666666667;97949.51666666666;0;0;;ETN_008_2021_KPP_2021_POSLI_20260724.csv
522808;2020-11-14;2020;2021-01-13;2021;210000.0;1;Prodaja nepremičnin na prostem trgu;3;Drug posel;Osnovna pogodba;Ne;;HIŠA S PRIPADAJOČIM ZEMLJIŠČEM;HISA_CELI_POSEL;MEŠANI;C;GURS tržnost: Drug posel;1;2;3;Stanovanjska hiša;STANOVANJSKA_HISA;Zemljišče pod stavbo ali drugo stavbi ali delu stavbe pripadajoče zemljišče (zemljišče pod stavbo, dvorišče, dovozna pot, vrt, zelenica, stanovanjski atrij in podobno) | Zemljišče, na katerem je cesta ali parkirišče;INFRASTRUKTURA | PRIPADAJOCE;BREZOVICA;1724;;;960/25 | 960/27;4600/1;1/1;1/1 | 1/2;0;185.0;184.7;167.0;498.5;;;2017;2017;453851.6166666667;95744.09666666666;0;0;;ETN_008_2021_KPP_2021_POSLI_20260724.csv
523046;2020-11-18;2020;2021-01-14;2021;2250.0;1;Prodaja nepremičnin na prostem trgu;1;Tržen posel;Osnovna pogodba;Ne;;MEŠANO/DRUGO ZEMLJIŠČE;NI_NEPOSREDNO_RAZDELJIV;ENOSESTAVINSKI;B;skupne cene ni mogoče neposredno razdeliti;0;1;1;;;Zemljišče, na katerem je cesta ali parkirišče;INFRASTRUKTURA;KAMNIK;1704;;;882/2;;;1/1;1;;;;45.0;;;;;453255.55;91863.95;0;0;;ETN_008_2021_KPP_2021_POSLI_20260724.csv
523106;2020-11-04;2020;2021-01-14;2021;47000.0;1;Prodaja nepremičnin na prostem trgu;2;Tržen posel – neustrezni podatki;Osnovna pogodba;Ne;;MEŠANO/DRUGO ZEMLJIŠČE;NI_NEPOSREDNO_RAZDELJIV;MEŠANI;B;GURS: tržen posel – neustrezni podatki;0;4;4;;;Zemljišče za gozdno rabo (gozd) | Zemljišče, na katerem je ali bo mogoče graditi stavbo in je delno komunalno opremljeno ali komunalno neopremljeno;GOZDNO | STAVBNO;KAMNIK;1704;;;1344/18 | 1344/21 | 1344/22 | 1344/6;;;1/1 | 1/4;0;;;;5342.75;;;;;452215.9125;90270.89;0;0;;ETN_008_2021_KPP_2021_POSLI_20260724.csv
523123;2020-11-05;2020;2021-01-14;2021;1000.0;1;Prodaja nepremičnin na prostem trgu;3;Drug posel;Osnovna pogodba;Ne;;MEŠANO/DRUGO ZEMLJIŠČE;NI_NEPOSREDNO_RAZDELJIV;ENOSESTAVINSKI;C;GURS tržnost: Drug posel;0;1;1;;;Zemljišče, na katerem je cesta ali parkirišče;INFRASTRUKTURA;BREZOVICA;1724;;;1460/7;;;1/6;0;;;;64.83333333333333;;;;;455514.55;96670.56;0;0;;ETN_008_2021_KPP_2021_POSLI_20260724.csv
523206;2020-11-26;2020;2021-01-14;2021;8400.0;1;Prodaja nepremičnin na prostem trgu;1;Tržen posel;Osnovna pogodba;Ne;;PRIPADAJOČE ZEMLJIŠČE;NI_NEPOSREDNO_RAZDELJIV;ENOSESTAVINSKI;B;skupne cene ni mogoče neposredno razdeliti;0;1;1;;;Zemljišče pod stavbo ali drugo stavbi ali delu stavbe pripadajoče zemljišče (zemljišče pod stavbo, dvorišče, dovozna pot, vrt, zelenica, stanovanjski atrij in podobno);PRIPADAJOCE;PRESERJE;1705;;;387/1;;;1/1;1;;;;168.0;;;;;454793.77;90779.46;0;0;;ETN_008_2021_KPP_2021_POSLI_20260724.csv
523319;2020-11-26;2020;2021-01-14;2021;75000.0;1;Prodaja nepremičnin na prostem trgu;1;Tržen posel;Osnovna pogodba;Ne;;PRIPADAJOČE ZEMLJIŠČE;NI_NEPOSREDNO_RAZDELJIV;ENOSESTAVINSKI;B;skupne cene ni mogoče neposredno razdeliti;0;1;1;;;Zemljišče pod stavbo ali drugo stavbi ali delu stavbe pripadajoče zemljišče (zemljišče pod stavbo, dvorišče, dovozna pot, vrt, zelenica, stanovanjski atrij in podobno);PRIPADAJOCE;BREZOVICA;1724;;;607/67;;;1/1;1;;;;403.0;;;;;454655.32;98305.6;0;0;;ETN_008_2021_KPP_2021_POSLI_20260724.csv
523446;2020-12-03;2020;2021-01-14;2021;190000.0;1;Prodaja nepremičnin na prostem trgu;2;Tržen posel – neustrezni podatki;Osnovna pogodba;Ne;;HIŠA S PRIPADAJOČIM ZEMLJIŠČEM;HISA_CELI_POSEL;MEŠANI;B;GURS: tržen posel – neustrezni podatki;2;2;4;Garaža | Stanovanjska hiša;PARKIRANJE | STANOVANJSKA_HISA;Zemljišče pod stavbo ali drugo stavbi ali delu stavbe pripadajoče zemljišče (zemljišče pod stavbo, dvorišče, dovozna pot, vrt, zelenica, stanovanjski atrij in podobno);PRIPADAJOCE;BREZOVICA;1724;NOTRANJE GORICE;VRSTNA ULICA 49;2150/18 | 2150/24;3835/1 | 3859/1;1/1;1/1;1;101.0;100.5;77.5;118.0;;;1998;1998;454147.24;94942.32;0;0;;ETN_008_2021_KPP_2021_POSLI_20260724.csv
523811;2020-11-27;2020;2021-01-14;2021;1100.0;1;Prodaja nepremičnin na prostem trgu;2;Tržen posel – neustrezni podatki;Osnovna pogodba;Ne;;STAVBNO ZEMLJIŠČE;STAVBNO_ZEMLJISCE_CISTO;ENOSESTAVINSKI;B;GURS: tržen posel – neustrezni podatki;0;1;1;;;Zemljišče, na katerem je ali bo mogoče graditi stavbo in je delno komunalno opremljeno ali komunalno neopremljeno;STAVBNO;BREZOVICA;1724;;;3620/2;;;1/1;1;;;;22.0;22.0;50.0;;;454204.21;95681.8;0;0;;ETN_008_2021_KPP_2021_POSLI_20260724.csv
523979;2020-12-02;2020;2021-01-14;2021;249000.0;1;Prodaja nepremičnin na prostem trgu;2;Tržen posel – neustrezni podatki;Osnovna pogodba;Ne;;STANOVANJE;STANOVANJE_CISTO;ENOSESTAVINSKI;B;GURS: tržen posel – neustrezni podatki;1;0;1;Stanovanje;STANOVANJE;;;BREZOVICA;1724;BREZOVICA PRI LJUBLJANI;PODPEŠKA CESTA 80;;2381/2;1/1;;1;130.0;129.8;98.4;;98.4;2530.487804878049;1979;1979;454595.44;97477.77;0;0;;ETN_008_2021_KPP_2021_POSLI_20260724.csv
524602;2020-11-16;2020;2021-01-14;2021;1140.0;2;Prodaja nepremičnin na prostovoljni javni dražbi ali druga oblika prostovoljne javne prodaje;3;Drug posel;Osnovna pogodba;Ne;;MEŠANO/DRUGO ZEMLJIŠČE;NI_NEPOSREDNO_RAZDELJIV;ENOSESTAVINSKI;C;GURS tržnost: Drug posel;0;1;1;;;Zemljišče, na katerem je cesta ali parkirišče;INFRASTRUKTURA;BREZOVICA;1724;;;109/6;;;1/1;1;;;;57.0;;;;;453829.64;98385.51;0;0;;ETN_008_2021_KPP_2021_POSLI_20260724.csv
525597;2020-11-18;2020;2021-02-10;2021;2490.0;1;Prodaja nepremičnin na prostem trgu;1;Tržen posel;Osnovna pogodba;Ne;;KMETIJSKO ZEMLJIŠČE;KMETIJSKO_ZEMLJISCE_CISTO;ENOSESTAVINSKI;A;brez zaznanih dodatnih težav;0;1;1;;;Zemljišče za kmetijsko rabo (njiva, travnik, pašnik);KMETIJSKO;KAMNIK;1704;;;315/3;;;1/1;1;;;;2490.0;2490.0;1.0;;;453020.48;92032.4;0;0;;ETN_008_2021_KPP_2021_POSLI_20260724.csv
525693;2020-12-10;2020;2021-02-10;2021;5500.0;1;Prodaja nepremičnin na prostem trgu;2;Tržen posel – neustrezni podatki;Osnovna pogodba;Ne;;MEŠANO/DRUGO ZEMLJIŠČE;NI_NEPOSREDNO_RAZDELJIV;ENOSESTAVINSKI;B;GURS: tržen posel – neustrezni podatki;0;1;1;;;Zemljišče, na katerem je ali bo mogoče graditi prometno ali energetsko infrastrukturo (cesta, plinovod in drugo);INFRASTRUKTURA;RAKITNA;1652;;;893/28;;;1/1;1;;;;2233.0;;;;;455986.62;82897.43;0;0;;ETN_008_2021_KPP_2021_POSLI_20260724.csv
525798;2020-12-15;2020;2021-02-10;2021;42000.0;1;Prodaja nepremičnin na prostem trgu;2;Tržen posel – neustrezni podatki;Osnovna pogodba;Ne;;MEŠANI POSEL – STAVBA IN ZEMLJIŠČE;NI_NEPOSREDNO_RAZDELJIV;MEŠANI;B;GURS: tržen posel – neustrezni podatki;1;2;3;Drugo;POMOZNA_DRUGO;Zemljišče pod stavbo ali drugo stavbi ali delu stavbe pripadajoče zemljišče (zemljišče pod stavbo, dvorišče, dovozna pot, vrt, zelenica, stanovanjski atrij in podobno);PRIPADAJOCE;RAKITNA;1652;;;1208/152 | 1208/153;124/1;1/1;1/1 | 1/4;0;4.0;4.0;4.0;835.25;;;1987;1987;455934.26333333337;83508.33333333333;0;0;;ETN_008_2021_KPP_2021_POSLI_20260724.csv
525843;2020-12-15;2020;2021-02-10;2021;160000.0;1;Prodaja nepremičnin na prostem trgu;2;Tržen posel – neustrezni podatki;Osnovna pogodba;Ne;;HIŠA S PRIPADAJOČIM ZEMLJIŠČEM;HISA_CELI_POSEL;MEŠANI;B;GURS: tržen posel – neustrezni podatki;1;2;3;Stanovanjska hiša;STANOVANJSKA_HISA;Zemljišče pod stavbo ali drugo stavbi ali delu stavbe pripadajoče zemljišče (zemljišče pod stavbo, dvorišče, dovozna pot, vrt, zelenica, stanovanjski atrij in podobno) | Zemljišče, na katerem je cesta ali parkirišče;INFRASTRUKTURA | PRIPADAJOCE;RAKITNA;1652;RAKITNA;RAKITNA 247 A;893/70 | 893/78;192/1;1/1;1/1 | 1/11;0;110.0;164.6;68.4;830.8181818181819;;;1999;1999;456096.0966666667;83094.17333333334;0;0;;ETN_008_2021_KPP_2021_POSLI_20260724.csv
525844;2020-12-14;2020;2021-02-10;2021;180000.0;1;Prodaja nepremičnin na prostem trgu;2;Tržen posel – neustrezni podatki;Osnovna pogodba;Ne;;STANOVANJE Z DODATKI/ZEMLJIŠČEM;NI_NEPOSREDNO_RAZDELJIV;MEŠANI;B;GURS: tržen posel – neustrezni podatki;1;7;8;Stanovanje;STANOVANJE;Zemljišče pod stavbo ali drugo stavbi ali delu stavbe pripadajoče zemljišče (zemljišče pod stavbo, dvorišče, dovozna pot, vrt, zelenica, stanovanjski atrij in podobno) | Zemljišče, na katerem je cesta ali parkirišče;INFRASTRUKTURA | PRIPADAJOCE;BREZOVICA;1724;VNANJE GORICE;NOVA POT 127 F;1542/188 | 1542/193 | 1542/195 | 1542/219 | 1542/220 | 1542/222 | 1542/225;4159/3;1/1;1/1 | 1/36;0;112.0;112.3;74.8;76.72222222222223;;;2009;2009;456038.4175;96973.1175;0;0;;ETN_008_2021_KPP_2021_POSLI_20260724.csv
525853;2020-12-11;2020;2021-02-10;2021;80000.0;1;Prodaja nepremičnin na prostem trgu;4;Neopredeljen posel;Osnovna pogodba;Ne;;STANOVANJE Z DODATKI/ZEMLJIŠČEM;NI_NEPOSREDNO_RAZDELJIV;MEŠANI;C;GURS tržnost: Neopredeljen posel;2;2;4;Stanovanje;STANOVANJE;Zemljišče pod stavbo ali drugo stavbi ali delu stavbe pripadajoče zemljišče (zemljišče pod stavbo, dvorišče, dovozna pot, vrt, zelenica, stanovanjski atrij in podobno);PRIPADAJOCE;BREZOVICA;1724;;;2903/1 | 2903/4;2007/1 | 2008/1;1/1;1/1;1;84.0;83.8;65.8;1804.0;;;1980;1980;453041.4775;95508.79000000001;0;0;;ETN_008_2021_KPP_2021_POSLI_20260724.csv
525905;2020-12-14;2020;2021-02-10;2021;270968.82;1;Prodaja nepremičnin na prostem trgu;2;Tržen posel – neustrezni podatki;Osnovna pogodba;Ne;;HIŠA S PRIPADAJOČIM ZEMLJIŠČEM;HISA_CELI_POSEL;MEŠANI;B;GURS: tržen posel – neustrezni podatki;1;1;2;Stanovanjska hiša;STANOVANJSKA_HISA;Zemljišče pod stavbo ali drugo stavbi ali delu stavbe pripadajoče zemljišče (zemljišče pod stavbo, dvorišče, dovozna pot, vrt, zelenica, stanovanjski atrij in podobno);PRIPADAJOCE;JEZERO;1703;JEZERO;JEZERO 128 A;51/6;103/1;1/1;1/1;1;257.0;256.5;117.4;614.0;;;2000;2000;456461.735;92341.08499999999;0;0;;ETN_008_2021_KPP_2021_POSLI_20260724.csv
525906;2020-12-10;2020;2021-02-10;2021;100000.0;1;Prodaja nepremičnin na prostem trgu;2;Tržen posel – neustrezni podatki;Osnovna pogodba;Ne;;STAVBNO ZEMLJIŠČE;NI_NEPOSREDNO_RAZDELJIV;VEČSESTAVINSKI ISTOVRSTEN;B;GURS: tržen posel – neustrezni podatki;0;2;2;;;Zemljišče na katerem je mogoče graditi stavbo in ima gradbeno dovoljenje;STAVBNO;PRESERJE;1705;;;708/2 | 708/6;;;1/1 | 1/8;0;;;;666.375;;;;;454747.07999999996;92013.975;0;0;;ETN_008_2021_KPP_2021_POSLI_20260724.csv
526168;2020-09-02;2020;2021-02-10;2021;7722.0;1;Prodaja nepremičnin na prostem trgu;3;Drug posel;Osnovna pogodba;Ne;;GOZDNO ZEMLJIŠČE;NI_NEPOSREDNO_RAZDELJIV;VEČSESTAVINSKI ISTOVRSTEN;C;GURS tržnost: Drug posel;0;6;6;;;Zemljišče za gozdno rabo (gozd);GOZDNO;PRESERJE;1705;;;1021/19 | 1035/1 | 1035/2 | 1055 | 2281 | 967;;;1/2;0;;;;19305.5;;;;;455900.635;91025.35666666667;0;0;;ETN_008_2021_KPP_2021_POSLI_20260724.csv
526532;2020-11-30;2020;2021-02-10;2021;265000.0;1;Prodaja nepremičnin na prostem trgu;4;Neopredeljen posel;Osnovna pogodba;Ne;;MEŠANI POSEL – STAVBA IN ZEMLJIŠČE;NI_NEPOSREDNO_RAZDELJIV;MEŠANI;C;GURS tržnost: Neopredeljen posel;7;2;9;Drugo | Garaža | Gostinski lokal | Prostori za poslovanje s strankami;PARKIRANJE | POMOZNA_DRUGO | POSLOVNA_DRUGA;Zemljišče pod stavbo ali drugo stavbi ali delu stavbe pripadajoče zemljišče (zemljišče pod stavbo, dvorišče, dovozna pot, vrt, zelenica, stanovanjski atrij in podobno);PRIPADAJOCE;BREZOVICA;1724;BREZOVICA PRI LJUBLJANI;TRŽAŠKA CESTA 547 A;612/4 | 612/5;4226/2 | 4226/4 | 4226/5 | 4226/6 | 4226/7 | 4226/8 | 4226/9;1/1;1/1;1;382.0;382.4;369.3;642.0;;;1985;1985;454481.1844444445;98352.71222222222;0;0;;ETN_008_2021_KPP_2021_POSLI_20260724.csv
526837;2020-12-16;2020;2021-02-10;2021;110000.0;1;Prodaja nepremičnin na prostem trgu;2;Tržen posel – neustrezni podatki;Osnovna pogodba;Ne;;HIŠA S PRIPADAJOČIM ZEMLJIŠČEM;NI_NEPOSREDNO_RAZDELJIV;MEŠANI;B;GURS: tržen posel – neustrezni podatki;4;1;5;Drugo | Kmetijski objekt | Stanovanjska hiša;KMETIJSKI_OBJEKT | POMOZNA_DRUGO | STANOVANJSKA_HISA;Zemljišče pod stavbo ali drugo stavbi ali delu stavbe pripadajoče zemljišče (zemljišče pod stavbo, dvorišče, dovozna pot, vrt, zelenica, stanovanjski atrij in podobno);PRIPADAJOCE;KAMNIK;1704;KAMNIK POD KRIMOM;KAMNIK POD KRIMOM 71;3142/1;662/1 | 663/1 | 664/1 | 666/1;1/1;1/1;1;324.0;322.7;215.89999999999998;841.0;;;1860;1860;454151.324;90689.978;0;0;;ETN_008_2021_KPP_2021_POSLI_20260724.csv
527283;2021-01-08;2021;2021-02-11;2021;6090.0;1;Prodaja nepremičnin na prostem trgu;3;Drug posel;Osnovna pogodba;Ne;;KMETIJSKO ZEMLJIŠČE;NI_NEPOSREDNO_RAZDELJIV;VEČSESTAVINSKI ISTOVRSTEN;C;GURS tržnost: Drug posel;0;2;2;;;Zemljišče za kmetijsko rabo (njiva, travnik, pašnik);KMETIJSKO;JEZERO | TOMIŠELJ;1702 | 1703;;;2156 | 693/14;;;1/6;0;;;;6089.999999999999;;;;;457229.375;93087.285;0;0;;ETN_008_2021_KPP_2021_POSLI_20260724.csv
527403;2021-01-12;2021;2021-02-11;2021;1500.0;1;Prodaja nepremičnin na prostem trgu;1;Tržen posel;Osnovna pogodba;Ne;;PRIPADAJOČE ZEMLJIŠČE;NI_NEPOSREDNO_RAZDELJIV;ENOSESTAVINSKI;B;skupne cene ni mogoče neposredno razdeliti;0;1;1;;;Zemljišče pod stavbo ali drugo stavbi ali delu stavbe pripadajoče zemljišče (zemljišče pod stavbo, dvorišče, dovozna pot, vrt, zelenica, stanovanjski atrij in podobno);PRIPADAJOCE;BREZOVICA;1724;;;571/55;;;1/1;1;;;;10.0;;;;;454684.65;97395.86;0;0;;ETN_008_2021_KPP_2021_POSLI_20260724.csv
527482;2021-01-08;2021;2021-02-11;2021;108000.0;1;Prodaja nepremičnin na prostem trgu;2;Tržen posel – neustrezni podatki;Osnovna pogodba;Ne;;STAVBNO ZEMLJIŠČE;STAVBNO_ZEMLJISCE_CISTO;ENOSESTAVINSKI;B;GURS: tržen posel – neustrezni podatki;0;1;1;;;Zemljišče na katerem je mogoče graditi stavbo in ima gradbeno dovoljenje;STAVBNO;BREZOVICA;1724;;;1025/18;;;1/1;1;;;;667.0;667.0;161.91904047976013;;;454501.36;96057.11;0;0;;ETN_008_2021_KPP_2021_POSLI_20260724.csv
527585;2021-01-14;2021;2021-02-11;2021;546.0;1;Prodaja nepremičnin na prostem trgu;2;Tržen posel – neustrezni podatki;Osnovna pogodba;Ne;;STAVBNO ZEMLJIŠČE;STAVBNO_ZEMLJISCE_CISTO;ENOSESTAVINSKI;B;GURS: tržen posel – neustrezni podatki;0;1;1;;;Zemljišče, na katerem je ali bo mogoče graditi stavbo in je delno komunalno opremljeno ali komunalno neopremljeno;STAVBNO;RAKITNA;1652;;;1303/24;;;1/1;1;;;;105.0;105.0;5.2;;;456573.36;82558.84;0;0;;ETN_008_2021_KPP_2021_POSLI_20260724.csv
528028;2021-01-16;2021;2021-02-11;2021;24360.0;1;Prodaja nepremičnin na prostem trgu;3;Drug posel;Osnovna pogodba;Ne;;KMETIJSKO ZEMLJIŠČE;NI_NEPOSREDNO_RAZDELJIV;VEČSESTAVINSKI ISTOVRSTEN;C;GURS tržnost: Drug posel;0;2;2;;;Zemljišče za kmetijsko rabo (njiva, travnik, pašnik);KMETIJSKO;JEZERO | TOMIŠELJ;1702 | 1703;;;2156 | 693/14;;;2/3;0;;;;24359.999999999996;;;;;457229.375;93087.285;0;0;;ETN_008_2021_KPP_2021_POSLI_20260724.csv
528056;2021-01-07;2021;2021-02-11;2021;99000.0;1;Prodaja nepremičnin na prostem trgu;2;Tržen posel – neustrezni podatki;Osnovna pogodba;Ne;;MEŠANO/DRUGO ZEMLJIŠČE;NI_NEPOSREDNO_RAZDELJIV;MEŠANI;B;GURS: tržen posel – neustrezni podatki;0;2;2;;;Zemljišče, na katerem je ali bo mogoče graditi stavbo in je delno komunalno opremljeno ali komunalno neopremljeno | Zemljišče, na katerem je cesta ali parkirišče;INFRASTRUKTURA | STAVBNO;JEZERO;1703;;;362/127 | 362/130;;;1/1 | 1/6;0;;;;646.0;;;;;455091.885;93179.0;0;0;;ETN_008_2021_KPP_2021_POSLI_20260724.csv
528345;2020-10-09;2020;2021-02-11;2021;2200.0;4;Prodaja nepremičnin družinskim članom, med povezanimi fizičnimi in pravnimi osebami ali med povezanimi pravnimi osebami;4;Neopredeljen posel;Osnovna pogodba;Ne;;STAVBNO ZEMLJIŠČE;NI_NEPOSREDNO_RAZDELJIV;VEČSESTAVINSKI ISTOVRSTEN;C;"GURS tržnost: Neopredeljen posel; ni prosti trg/prostovoljna javna prodaja";0;5;5;;;Zemljišče, na katerem je ali bo mogoče graditi stavbo in je delno komunalno opremljeno ali komunalno neopremljeno;STAVBNO;RAKITNA;1652;;;57/14 | 57/15 | 57/16 | 57/17 | 63/3;;;1/2 | 1/4;0;;;;449.75;;;;;456888.11;83704.26599999999;0;0;;ETN_008_2021_KPP_2021_POSLI_20260724.csv
529535;2020-11-27;2020;2021-03-10;2021;300.0;1;Prodaja nepremičnin na prostem trgu;2;Tržen posel – neustrezni podatki;Osnovna pogodba;Ne;;KMETIJSKO ZEMLJIŠČE;KMETIJSKO_ZEMLJISCE_CISTO;ENOSESTAVINSKI;B;GURS: tržen posel – neustrezni podatki;0;1;1;;;Zemljišče za kmetijsko rabo (njiva, travnik, pašnik);KMETIJSKO;KAMNIK;1704;;;1007/2;;;1/1;1;;;;155.0;155.0;1.935483870967742;;;453865.0;91013.0;0;0;;ETN_008_2021_KPP_2021_POSLI_20260724.csv
529678;2021-01-15;2021;2021-03-10;2021;78000.0;1;Prodaja nepremičnin na prostem trgu;2;Tržen posel – neustrezni podatki;Osnovna pogodba;Ne;;MEŠANI POSEL – STAVBA IN ZEMLJIŠČE;NI_NEPOSREDNO_RAZDELJIV;MEŠANI;B;GURS: tržen posel – neustrezni podatki;2;2;4;Kmetijski objekt;KMETIJSKI_OBJEKT;Zemljišče pod stavbo ali drugo stavbi ali delu stavbe pripadajoče zemljišče (zemljišče pod stavbo, dvorišče, dovozna pot, vrt, zelenica, stanovanjski atrij in podobno);PRIPADAJOCE;PRESERJE;1705;;;*56 | 213/2;357/1 | 360/1;1/1;1/1;1;162.0;161.1;161.1;1088.0;;;1800;1800;454917.95499999996;90918.5925;0;0;;ETN_008_2021_KPP_2021_POSLI_20260724.csv
530314;2021-01-20;2021;2021-03-10;2021;35000.0;1;Prodaja nepremičnin na prostem trgu;3;Drug posel;Osnovna pogodba;Ne;;STANOVANJE Z DODATKI/ZEMLJIŠČEM;NI_NEPOSREDNO_RAZDELJIV;MEŠANI;C;GURS tržnost: Drug posel;1;3;4;Stanovanje;STANOVANJE;Zemljišče na katerem je mogoče graditi stavbo in ima gradbeno dovoljenje;STAVBNO;BREZOVICA;1724;BREZOVICA PRI LJUBLJANI;MALOVAŠKA ULICA 1;607/56 | 607/57 | 607/58;1716/4;1/1;180/1000;0;62.0;61.9;37.7;60.3;;;1935;1935;454550.305;98388.2575;0;0;;ETN_008_2021_KPP_2021_POSLI_20260724.csv
530441;2021-01-28;2021;2021-03-10;2021;180000.0;1;Prodaja nepremičnin na prostem trgu;2;Tržen posel – neustrezni podatki;Osnovna pogodba;Ne;;STAVBNO ZEMLJIŠČE;STAVBNO_ZEMLJISCE_CISTO;ENOSESTAVINSKI;B;GURS: tržen posel – neustrezni podatki;0;1;1;;;Zemljišče na katerem je mogoče graditi stavbo in ima gradbeno dovoljenje;STAVBNO;RAKITNA;1652;;;1399/2;;;1/1;1;;;;4035.0;4035.0;44.60966542750929;;;456497.33;82818.43;0;0;;ETN_008_2021_KPP_2021_POSLI_20260724.csv
530531;2021-01-28;2021;2021-03-10;2021;9000.0;1;Prodaja nepremičnin na prostem trgu;1;Tržen posel;Osnovna pogodba;Ne;;KMETIJSKO ZEMLJIŠČE;KMETIJSKO_ZEMLJISCE_CISTO;VEČSESTAVINSKI ISTOVRSTEN;A;brez zaznanih dodatnih težav;0;2;2;;;Zemljišče za kmetijsko rabo (njiva, travnik, pašnik);KMETIJSKO;KAMNIK;1704;;;3035 | 3036;;;1/1;1;;;;1920.0;1920.0;4.6875;;;454481.435;90473.52;0;0;;ETN_008_2021_KPP_2021_POSLI_20260724.csv
531728;2020-07-16;2020;2021-04-07;2021;277712.0;1;Prodaja nepremičnin na prostem trgu;2;Tržen posel – neustrezni podatki;Osnovna pogodba;Da;9,5%;HIŠA S PRIPADAJOČIM ZEMLJIŠČEM;HISA_CELI_POSEL;MEŠANI;B;GURS: tržen posel – neustrezni podatki;1;1;2;Stanovanjska hiša;STANOVANJSKA_HISA;Zemljišče na katerem je mogoče graditi stavbo in ima gradbeno dovoljenje;STAVBNO;BREZOVICA;1724;;;356/33;4634/1;1;1;1;177.5;177.5;0.0;410.0;;;2018;2018;455055.77;98029.18;0;0;;ETN_008_2021_KPP_2021_POSLI_20260724.csv
531757;2020-06-19;2020;2021-04-08;2021;270000.0;1;Prodaja nepremičnin na prostem trgu;2;Tržen posel – neustrezni podatki;Osnovna pogodba;Da;9,5%;HIŠA;HISA_CELI_POSEL;ENOSESTAVINSKI;B;GURS: tržen posel – neustrezni podatki;1;0;1;Stanovanjska hiša;STANOVANJSKA_HISA;;;BREZOVICA;1724;;;;4623/1;1;;1;177.5;177.5;0.0;;;;2018;2018;455094.7;98080.54;0;0;;ETN_008_2021_KPP_2021_POSLI_20260724.csv
531758;2020-05-04;2020;2021-04-08;2021;296000.0;1;Prodaja nepremičnin na prostem trgu;2;Tržen posel – neustrezni podatki;Osnovna pogodba;Da;9,5%;HIŠA;HISA_CELI_POSEL;ENOSESTAVINSKI;B;GURS: tržen posel – neustrezni podatki;1;0;1;Stanovanjska hiša;STANOVANJSKA_HISA;;;BREZOVICA;1724;;;;4636/1;1;;1;177.5;177.5;0.0;;;;2018;2018;455085.67;98031.98;0;0;;ETN_008_2021_KPP_2021_POSLI_20260724.csv
531760;2019-11-26;2019;2021-04-08;2021;298000.0;1;Prodaja nepremičnin na prostem trgu;2;Tržen posel – neustrezni podatki;Osnovna pogodba;Da;9,5%;HIŠA;HISA_CELI_POSEL;ENOSESTAVINSKI;B;GURS: tržen posel – neustrezni podatki;1;0;1;Stanovanjska hiša;STANOVANJSKA_HISA;;;BREZOVICA;1724;;;;4635/1;1;;1;177.5;177.5;0.0;;;;2018;2018;455071.05;98031.32;0;0;;ETN_008_2021_KPP_2021_POSLI_20260724.csv
531763;2019-10-30;2019;2021-04-08;2021;295650.0;1;Prodaja nepremičnin na prostem trgu;2;Tržen posel – neustrezni podatki;Osnovna pogodba;Da;9,5%;HIŠA;HISA_CELI_POSEL;ENOSESTAVINSKI;B;GURS: tržen posel – neustrezni podatki;1;0;1;Stanovanjska hiša;STANOVANJSKA_HISA;;;BREZOVICA;1724;;;;4637/1;1;;1;177.5;177.5;0.0;;;;2018;2018;455097.77;98040.18;0;0;;ETN_008_2021_KPP_2021_POSLI_20260724.csv
531764;2018-10-22;2018;2021-04-08;2021;276000.0;1;Prodaja nepremičnin na prostem trgu;2;Tržen posel – neustrezni podatki;Osnovna pogodba;Da;9,5%;HIŠA;HISA_CELI_POSEL;ENOSESTAVINSKI;B;GURS: tržen posel – neustrezni podatki;1;0;1;Stanovanjska hiša;STANOVANJSKA_HISA;;;BREZOVICA;1724;;;;4630/1;1;;1;180.0;180.0;0.0;;;;2018;2018;455002.28;98052.51;0;0;;ETN_008_2021_KPP_2021_POSLI_20260724.csv
531765;2018-12-21;2018;2021-04-08;2021;258650.0;1;Prodaja nepremičnin na prostem trgu;2;Tržen posel – neustrezni podatki;Osnovna pogodba;Da;9,5%;HIŠA;HISA_CELI_POSEL;ENOSESTAVINSKI;B;GURS: tržen posel – neustrezni podatki;1;0;1;Stanovanjska hiša;STANOVANJSKA_HISA;;;BREZOVICA;1724;;;;4632/1;1;;1;177.5;177.5;0.0;;;;2018;2018;455032.69;98013.28;0;0;;ETN_008_2021_KPP_2021_POSLI_20260724.csv
531766;2018-09-17;2018;2021-04-08;2021;264815.0;1;Prodaja nepremičnin na prostem trgu;2;Tržen posel – neustrezni podatki;Osnovna pogodba;Da;9,5%;HIŠA;HISA_CELI_POSEL;ENOSESTAVINSKI;B;GURS: tržen posel – neustrezni podatki;1;0;1;Stanovanjska hiša;STANOVANJSKA_HISA;;;BREZOVICA;1724;;;;4625/1;1;;1;177.5;177.5;0.0;;;;2018;2018;455068.55;98071.76;0;0;;ETN_008_2021_KPP_2021_POSLI_20260724.csv
531767;2018-09-04;2018;2021-04-08;2021;261650.0;1;Prodaja nepremičnin na prostem trgu;2;Tržen posel – neustrezni podatki;Osnovna pogodba;Da;9,5%;HIŠA;HISA_CELI_POSEL;ENOSESTAVINSKI;B;GURS: tržen posel – neustrezni podatki;1;0;1;Stanovanjska hiša;STANOVANJSKA_HISA;;;BREZOVICA;1724;;;;4624/1;1;;1;180.0;180.0;0.0;;;;2018;2018;455080.14;98079.5;0;0;;ETN_008_2021_KPP_2021_POSLI_20260724.csv
531769;2018-07-13;2018;2021-04-08;2021;264650.0;1;Prodaja nepremičnin na prostem trgu;2;Tržen posel – neustrezni podatki;Osnovna pogodba;Da;9,5%;HIŠA;HISA_CELI_POSEL;ENOSESTAVINSKI;B;GURS: tržen posel – neustrezni podatki;1;0;1;Stanovanjska hiša;STANOVANJSKA_HISA;;;BREZOVICA;1724;;;;4633/1;1;;1;177.5;177.5;0.0;;;;2018;2018;455044.65;98021.29;0;0;;ETN_008_2021_KPP_2021_POSLI_20260724.csv
531770;2018-04-24;2018;2021-04-08;2021;266700.0;1;Prodaja nepremičnin na prostem trgu;2;Tržen posel – neustrezni podatki;Osnovna pogodba;Da;9,5%;HIŠA;HISA_CELI_POSEL;ENOSESTAVINSKI;B;GURS: tržen posel – neustrezni podatki;1;0;1;Stanovanjska hiša;STANOVANJSKA_HISA;;;BREZOVICA;1724;;;;4626/1;1;;1;180.0;180.0;0.0;;;;2018;2018;455054.54;98070.32;0;0;;ETN_008_2021_KPP_2021_POSLI_20260724.csv
531771;2018-04-20;2018;2021-04-08;2021;300000.0;1;Prodaja nepremičnin na prostem trgu;2;Tržen posel – neustrezni podatki;Osnovna pogodba;Da;9,5%;HIŠA;HISA_CELI_POSEL;ENOSESTAVINSKI;B;GURS: tržen posel – neustrezni podatki;1;0;1;Stanovanjska hiša;STANOVANJSKA_HISA;;;BREZOVICA;1724;BREZOVICA PRI LJUBLJANI;PODSVETIJA 18 D;;4627/1;1;;1;177.5;177.5;0.0;;;;2018;2018;455042.66;98062.41;0;0;;ETN_008_2021_KPP_2021_POSLI_20260724.csv
531772;2018-04-24;2018;2021-04-08;2021;277650.0;1;Prodaja nepremičnin na prostem trgu;2;Tržen posel – neustrezni podatki;Osnovna pogodba;Da;9,5%;HIŠA;HISA_CELI_POSEL;ENOSESTAVINSKI;B;GURS: tržen posel – neustrezni podatki;1;0;1;Stanovanjska hiša;STANOVANJSKA_HISA;;;BREZOVICA;1724;;;;4628/1;1;;1;180.0;180.0;0.0;;;;2018;2018;455028.44;98061.11;0;0;;ETN_008_2021_KPP_2021_POSLI_20260724.csv
531773;2018-04-12;2018;2021-04-08;2021;257135.0;1;Prodaja nepremičnin na prostem trgu;2;Tržen posel – neustrezni podatki;Osnovna pogodba;Da;9,5%;HIŠA;HISA_CELI_POSEL;ENOSESTAVINSKI;B;GURS: tržen posel – neustrezni podatki;1;0;1;Stanovanjska hiša;STANOVANJSKA_HISA;;;BREZOVICA;1724;;;;4631/1;1;;1;181.3;181.3;143.1;;;;2018;2018;455018.18;98014.29;0;0;;ETN_008_2021_KPP_2021_POSLI_20260724.csv
531774;2018-03-23;2018;2021-04-08;2021;280650.0;1;Prodaja nepremičnin na prostem trgu;4;Neopredeljen posel;Osnovna pogodba;Da;9,5%;HIŠA;HISA_CELI_POSEL;ENOSESTAVINSKI;C;GURS tržnost: Neopredeljen posel;1;0;1;Stanovanjska hiša;STANOVANJSKA_HISA;;;BREZOVICA;1724;;;;4630/1;1;;1;180.0;180.0;0.0;;;;2018;2018;455002.28;98052.51;0;0;;ETN_008_2021_KPP_2021_POSLI_20260724.csv
532025;2021-01-28;2021;2021-04-10;2021;362000.0;1;Prodaja nepremičnin na prostem trgu;2;Tržen posel – neustrezni podatki;Osnovna pogodba;Ne;;HIŠA S PRIPADAJOČIM ZEMLJIŠČEM;HISA_CELI_POSEL;MEŠANI;B;GURS: tržen posel – neustrezni podatki;1;5;6;Stanovanjska hiša;STANOVANJSKA_HISA;Zemljišče na katerem je mogoče graditi stavbo in ima gradbeno dovoljenje | Zemljišče pod stavbo ali drugo stavbi ali delu stavbe pripadajoče zemljišče (zemljišče pod stavbo, dvorišče, dovozna pot, vrt, zelenica, stanovanjski atrij in podobno) | Zemljišče, na katerem je cesta ali parkirišče;INFRASTRUKTURA | PRIPADAJOCE | STAVBNO;BREZOVICA;1724;BREZOVICA PRI LJUBLJANI;ZA GRABNOM 51;605/102 | 605/105 | 605/31 | 605/38 | 605/39;4041/1;1/1;1/1 | 1/23;0;200.0;200.1;149.9;300.0;;;2009;2009;454540.48;97856.40500000001;0;0;;ETN_008_2021_KPP_2021_POSLI_20260724.csv
532183;2021-02-05;2021;2021-04-10;2021;160000.0;4;Prodaja nepremičnin družinskim članom, med povezanimi fizičnimi in pravnimi osebami ali med povezanimi pravnimi osebami;4;Neopredeljen posel;Osnovna pogodba;Ne;;HIŠA S PRIPADAJOČIM ZEMLJIŠČEM;HISA_CELI_POSEL;MEŠANI;C;"GURS tržnost: Neopredeljen posel; ni prosti trg/prostovoljna javna prodaja";1;2;3;Stanovanjska hiša;STANOVANJSKA_HISA;Zemljišče pod stavbo ali drugo stavbi ali delu stavbe pripadajoče zemljišče (zemljišče pod stavbo, dvorišče, dovozna pot, vrt, zelenica, stanovanjski atrij in podobno) | Zemljišče, na katerem je cesta ali parkirišče;INFRASTRUKTURA | PRIPADAJOCE;BREZOVICA;1724;PODPLEŠIVICA;PODPLEŠIVICA 65 D;3020/16 | 3020/20;4251/1;1/1;1/1 | 1/8;0;113.0;113.4;88.2;307.875;;;2007;2007;452107.05;96106.58333333333;0;0;;ETN_008_2021_KPP_2021_POSLI_20260724.csv
532191;2021-02-12;2021;2021-04-10;2021;37500.0;1;Prodaja nepremičnin na prostem trgu;2;Tržen posel – neustrezni podatki;Osnovna pogodba;Ne;;STAVBNO ZEMLJIŠČE;STAVBNO_ZEMLJISCE_CISTO;ENOSESTAVINSKI;B;GURS: tržen posel – neustrezni podatki;0;1;1;;;Zemljišče, na katerem je ali bo mogoče graditi stavbo in je delno komunalno opremljeno ali komunalno neopremljeno;STAVBNO;RAKITNA;1652;;;1208/330;;;1/1;1;;;;606.0;606.0;61.881188118811885;;;455872.95;83705.34;0;0;;ETN_008_2021_KPP_2021_POSLI_20260724.csv
532483;2021-02-12;2021;2021-04-10;2021;370000.0;1;Prodaja nepremičnin na prostem trgu;2;Tržen posel – neustrezni podatki;Osnovna pogodba;Ne;;HIŠA S PRIPADAJOČIM ZEMLJIŠČEM;HISA_CELI_POSEL;MEŠANI;B;GURS: tržen posel – neustrezni podatki;2;1;3;Garaža | Stanovanjska hiša;PARKIRANJE | STANOVANJSKA_HISA;Zemljišče pod stavbo ali drugo stavbi ali delu stavbe pripadajoče zemljišče (zemljišče pod stavbo, dvorišče, dovozna pot, vrt, zelenica, stanovanjski atrij in podobno);PRIPADAJOCE;BREZOVICA;1724;VNANJE GORICE;POŽARNICE 106;1355/21;1206/1 | 1207/1;1/1;1/1;1;326.0;326.6;277.4;1755.0;;;1990;1990;455219.22;96130.10999999999;0;0;;ETN_008_2021_KPP_2021_POSLI_20260724.csv
532499;2021-02-15;2021;2021-04-10;2021;190000.0;1;Prodaja nepremičnin na prostem trgu;2;Tržen posel – neustrezni podatki;Osnovna pogodba;Ne;;HIŠA S PRIPADAJOČIM ZEMLJIŠČEM;HISA_CELI_POSEL;MEŠANI;B;GURS: tržen posel – neustrezni podatki;1;1;2;Stanovanjska hiša;STANOVANJSKA_HISA;Zemljišče pod stavbo ali drugo stavbi ali delu stavbe pripadajoče zemljišče (zemljišče pod stavbo, dvorišče, dovozna pot, vrt, zelenica, stanovanjski atrij in podobno);PRIPADAJOCE;BREZOVICA;1724;VNANJE GORICE;NA LAZIH 15 C;712/17;4078/1;1/1;1/1;1;85.0;85.2;74.9;153.0;;;2008;2008;454456.96;97378.86499999999;0;0;;ETN_008_2021_KPP_2021_POSLI_20260724.csv
532502;2021-02-09;2021;2021-04-10;2021;35000.0;1;Prodaja nepremičnin na prostem trgu;4;Neopredeljen posel;Osnovna pogodba;Ne;;MEŠANI POSEL – STAVBA IN ZEMLJIŠČE;NI_NEPOSREDNO_RAZDELJIV;MEŠANI;C;GURS tržnost: Neopredeljen posel;1;2;3;Tehnični ali pomožni prostori;POMOZNA_DRUGO;Zemljišče na katerem je mogoče graditi stavbo in ima gradbeno dovoljenje | Zemljišče pod stavbo ali drugo stavbi ali delu stavbe pripadajoče zemljišče (zemljišče pod stavbo, dvorišče, dovozna pot, vrt, zelenica, stanovanjski atrij in podobno);PRIPADAJOCE | STAVBNO;BREZOVICA;1724;;;3388/15 | 3388/17;1430/1;1/1;1/1;1;415.0;415.0;415.0;256.0;;;1958;1958;454854.73;93104.58;0;0;;ETN_008_2021_KPP_2021_POSLI_20260724.csv
532506;2020-12-02;2020;2021-04-10;2021;20000.0;4;Prodaja nepremičnin družinskim članom, med povezanimi fizičnimi in pravnimi osebami ali med povezanimi pravnimi osebami;4;Neopredeljen posel;Osnovna pogodba;Ne;;STANOVANJE Z DODATKI/ZEMLJIŠČEM;NI_NEPOSREDNO_RAZDELJIV;MEŠANI;C;"GURS tržnost: Neopredeljen posel; ni prosti trg/prostovoljna javna prodaja";5;2;7;Kmetijski objekt | Stanovanje | Turistični nastanitveni objekt;KMETIJSKI_OBJEKT | POSLOVNA_DRUGA | STANOVANJE;Zemljišče na katerem je mogoče graditi stavbo in ima gradbeno dovoljenje;STAVBNO;BREZOVICA;1724;VNANJE GORICE;NOVA POT 18;1124/10 | 1124/5;874/1 | 874/2 | 874/3 | 874/4 | 878/1;1/3;1/3 | 1/48;0;282.0;93.93333333333334;76.1;205.35416666666666;;;1990;1990;454812.68000000005;96798.7;0;0;;ETN_008_2021_KPP_2021_POSLI_20260724.csv
532549;2021-02-16;2021;2021-04-10;2021;52000.0;1;Prodaja nepremičnin na prostem trgu;2;Tržen posel – neustrezni podatki;Osnovna pogodba;Ne;;STAVBNO ZEMLJIŠČE;NI_NEPOSREDNO_RAZDELJIV;VEČSESTAVINSKI ISTOVRSTEN;B;GURS: tržen posel – neustrezni podatki;0;3;3;;;Zemljišče, na katerem je ali bo mogoče graditi stavbo in je delno komunalno opremljeno ali komunalno neopremljeno;STAVBNO;KAMNIK;1704;;;2717/3 | 2717/4 | 2726/6;;;1/1 | 1/2;0;;;;868.5;;;;;454094.91;90507.65666666666;0;0;;ETN_008_2021_KPP_2021_POSLI_20260724.csv
532551;2021-02-16;2021;2021-04-10;2021;8767.0;1;Prodaja nepremičnin na prostem trgu;1;Tržen posel;Osnovna pogodba;Ne;;KMETIJSKO ZEMLJIŠČE;KMETIJSKO_ZEMLJISCE_CISTO;VEČSESTAVINSKI ISTOVRSTEN;A;brez zaznanih dodatnih težav;0;2;2;;;Zemljišče za kmetijsko rabo (njiva, travnik, pašnik);KMETIJSKO;BREG | KAMNIK;1704 | 2005;;;1561 | 211;;;1/1;1;;;;8767.0;8767.0;1.0;;;450974.205;90480.89;0;0;;ETN_008_2021_KPP_2021_POSLI_20260724.csv
532555;2021-02-16;2021;2021-04-10;2021;2500.0;1;Prodaja nepremičnin na prostem trgu;1;Tržen posel;Osnovna pogodba;Ne;;MEŠANO/DRUGO ZEMLJIŠČE;NI_NEPOSREDNO_RAZDELJIV;ENOSESTAVINSKI;B;skupne cene ni mogoče neposredno razdeliti;0;1;1;;;Zemljišče, na katerem je cesta ali parkirišče;INFRASTRUKTURA;BREZOVICA;1724;;;3533/10;;;1/1;1;;;;50.0;;;;;454887.89;98267.58;0;0;;ETN_008_2021_KPP_2021_POSLI_20260724.csv
532615;2021-02-19;2021;2021-04-10;2021;145000.0;1;Prodaja nepremičnin na prostem trgu;2;Tržen posel – neustrezni podatki;Osnovna pogodba;Ne;;STANOVANJE Z DODATKI/ZEMLJIŠČEM;NI_NEPOSREDNO_RAZDELJIV;MEŠANI;B;GURS: tržen posel – neustrezni podatki;1;1;2;Stanovanje;STANOVANJE;Zemljišče pod stavbo ali drugo stavbi ali delu stavbe pripadajoče zemljišče (zemljišče pod stavbo, dvorišče, dovozna pot, vrt, zelenica, stanovanjski atrij in podobno);PRIPADAJOCE;RAKITNA;1652;RAKITNA;RAKITNA 432;1391/13;907/1;1/1;1/1;1;130.0;130.0;80.0;454.0;;;2002;2002;456785.845;82741.68;0;0;;ETN_008_2021_KPP_2021_POSLI_20260724.csv
533036;2021-02-22;2021;2021-04-10;2021;170000.0;1;Prodaja nepremičnin na prostem trgu;2;Tržen posel – neustrezni podatki;Osnovna pogodba;Ne;;HIŠA S PRIPADAJOČIM ZEMLJIŠČEM;HISA_CELI_POSEL;MEŠANI;B;GURS: tržen posel – neustrezni podatki;1;1;2;Stanovanjska hiša;STANOVANJSKA_HISA;Zemljišče pod stavbo ali drugo stavbi ali delu stavbe pripadajoče zemljišče (zemljišče pod stavbo, dvorišče, dovozna pot, vrt, zelenica, stanovanjski atrij in podobno);PRIPADAJOCE;RAKITNA;1652;RAKITNA;RAKITNA 439;1391/23;614/1;1/1;1/1;1;95.0;94.8;61.6;731.0;;;1991;1991;456767.04000000004;82783.58499999999;0;0;;ETN_008_2021_KPP_2021_POSLI_20260724.csv
533558;2021-03-02;2021;2021-04-11;2021;3000.0;1;Prodaja nepremičnin na prostem trgu;2;Tržen posel – neustrezni podatki;Osnovna pogodba;Ne;;STAVBNO ZEMLJIŠČE;STAVBNO_ZEMLJISCE_CISTO;ENOSESTAVINSKI;B;GURS: tržen posel – neustrezni podatki;0;1;1;;;Zemljišče na katerem je mogoče graditi stavbo in ima gradbeno dovoljenje;STAVBNO;BREZOVICA;1724;;;371/88;;;1/1;1;;;;28.0;28.0;107.14285714285714;;;454657.37;98217.64;0;0;;ETN_008_2021_KPP_2021_POSLI_20260724.csv
533995;2021-03-17;2021;2021-04-11;2021;156000.0;1;Prodaja nepremičnin na prostem trgu;2;Tržen posel – neustrezni podatki;Osnovna pogodba;Ne;;STANOVANJE;STANOVANJE_CISTO;ENOSESTAVINSKI;B;GURS: tržen posel – neustrezni podatki;1;0;1;Stanovanje;STANOVANJE;;;PRESERJE;1705;PODPEČ;PODPEČ 48;;586/13;1/1;;1;100.0;99.9;78.0;;78.0;2000.0;2004;2004;455063.24;92830.49;0;0;;ETN_008_2021_KPP_2021_POSLI_20260724.csv
535415;2021-02-17;2021;2021-05-10;2021;2070.0;1;Prodaja nepremičnin na prostem trgu;2;Tržen posel – neustrezni podatki;Osnovna pogodba;Ne;;GOZDNO ZEMLJIŠČE;GOZDNO_ZEMLJISCE_CISTO;ENOSESTAVINSKI;B;GURS: tržen posel – neustrezni podatki;0;1;1;;;Zemljišče za gozdno rabo (gozd);GOZDNO;PRESERJE;1705;;;1894/1;;;1/1;1;;;;828.0;828.0;2.5;;;456165.55;88980.32;0;0;;ETN_008_2021_KPP_2021_POSLI_20260724.csv
535471;2021-02-21;2021;2021-05-10;2021;240000.0;1;Prodaja nepremičnin na prostem trgu;2;Tržen posel – neustrezni podatki;Osnovna pogodba;Ne;;STANOVANJE Z DODATKI/ZEMLJIŠČEM;NI_NEPOSREDNO_RAZDELJIV;MEŠANI;B;GURS: tržen posel – neustrezni podatki;3;1;4;Garaža | Stanovanje;PARKIRANJE | STANOVANJE;Zemljišče na katerem je mogoče graditi stavbo in ima gradbeno dovoljenje;STAVBNO;BREZOVICA;1724;BREZOVICA PRI LJUBLJANI;PODPEŠKA CESTA 77;576/14;3988/18 | 3988/19 | 3988/3;1/1;1/1;1;133.0;133.60000000000002;111.0;61.0;;;2007;2007;454760.65499999997;97474.36249999999;0;0;;ETN_008_2021_KPP_2021_POSLI_20260724.csv
535711;2021-03-17;2021;2021-05-10;2021;138000.0;1;Prodaja nepremičnin na prostem trgu;2;Tržen posel – neustrezni podatki;Osnovna pogodba;Ne;;HIŠA S PRIPADAJOČIM ZEMLJIŠČEM;HISA_CELI_POSEL;MEŠANI;B;GURS: tržen posel – neustrezni podatki;1;1;2;Stanovanjska hiša;STANOVANJSKA_HISA;Zemljišče pod stavbo ali drugo stavbi ali delu stavbe pripadajoče zemljišče (zemljišče pod stavbo, dvorišče, dovozna pot, vrt, zelenica, stanovanjski atrij in podobno);PRIPADAJOCE;BREZOVICA;1724;NOTRANJE GORICE;PODPEŠKA CESTA 346;2399;2360/1;1/1;1/1;1;206.0;206.4;104.2;751.0;;;1949;1949;453782.96499999997;94860.495;0;0;;ETN_008_2021_KPP_2021_POSLI_20260724.csv
535876;2021-03-10;2021;2021-05-10;2021;130000.0;1;Prodaja nepremičnin na prostem trgu;2;Tržen posel – neustrezni podatki;Osnovna pogodba;Ne;;STAVBNO ZEMLJIŠČE;STAVBNO_ZEMLJISCE_CISTO;ENOSESTAVINSKI;B;GURS: tržen posel – neustrezni podatki;0;1;1;;;Zemljišče, na katerem je ali bo mogoče graditi stavbo in je delno komunalno opremljeno ali komunalno neopremljeno;STAVBNO;BREZOVICA;1724;;;593/40;;;1/1;1;;;;464.0;464.0;280.17241379310343;;;454850.27;97671.18;0;0;;ETN_008_2021_KPP_2021_POSLI_20260724.csv
536530;2021-03-24;2021;2021-05-10;2021;50000.0;1;Prodaja nepremičnin na prostem trgu;2;Tržen posel – neustrezni podatki;Osnovna pogodba;Ne;;HIŠA S PRIPADAJOČIM ZEMLJIŠČEM;HISA_CELI_POSEL;MEŠANI;B;GURS: tržen posel – neustrezni podatki;1;1;2;Stanovanjska hiša;STANOVANJSKA_HISA;Zemljišče pod stavbo ali drugo stavbi ali delu stavbe pripadajoče zemljišče (zemljišče pod stavbo, dvorišče, dovozna pot, vrt, zelenica, stanovanjski atrij in podobno);PRIPADAJOCE;RAKITNA;1652;RAKITNA;RAKITNA 292;1208/98;214/1;1/1;1/1;1;72.0;72.3;60.7;583.0;;;1976;1976;455760.54000000004;83161.425;0;0;;ETN_008_2021_KPP_2021_POSLI_20260724.csv
536654;2021-03-29;2021;2021-05-10;2021;61240.0;1;Prodaja nepremičnin na prostem trgu;1;Tržen posel;Osnovna pogodba;Ne;;MEŠANO/DRUGO ZEMLJIŠČE;NI_NEPOSREDNO_RAZDELJIV;VEČSESTAVINSKI ISTOVRSTEN;B;skupne cene ni mogoče neposredno razdeliti;0;5;5;;;Zemljišče, na katerem je cesta ali parkirišče;INFRASTRUKTURA;BREZOVICA;1724;;;371/31 | 372/15 | 372/32 | 372/44 | 372/45;;;1/1;1;;;;1531.0;;;;;454815.00999999995;98287.85;0;0;;ETN_008_2021_KPP_2021_POSLI_20260724.csv
536737;2021-03-30;2021;2021-05-10;2021;350000.0;1;Prodaja nepremičnin na prostem trgu;2;Tržen posel – neustrezni podatki;Osnovna pogodba;Ne;;HIŠA S PRIPADAJOČIM ZEMLJIŠČEM;HISA_CELI_POSEL;MEŠANI;B;GURS: tržen posel – neustrezni podatki;1;3;4;Stanovanjska hiša;STANOVANJSKA_HISA;Zemljišče pod stavbo ali drugo stavbi ali delu stavbe pripadajoče zemljišče (zemljišče pod stavbo, dvorišče, dovozna pot, vrt, zelenica, stanovanjski atrij in podobno) | Zemljišče, na katerem je cesta ali parkirišče;INFRASTRUKTURA | PRIPADAJOCE;BREZOVICA;1724;NOTRANJE GORICE;PODKLIN 12 E;2566/10 | 2566/14 | 2566/6;4383/1;1/1;1/1 | 1/5;0;201.0;201.4;138.3;423.2;;;2011;2011;453311.0625;94222.0975;0;0;;ETN_008_2021_KPP_2021_POSLI_20260724.csv
536875;2021-01-15;2021;2021-05-10;2021;43800.0;1;Prodaja nepremičnin na prostem trgu;3;Drug posel;Osnovna pogodba;Ne;;KMETIJSKO ZEMLJIŠČE;KMETIJSKO_ZEMLJISCE_CISTO;VEČSESTAVINSKI ISTOVRSTEN;C;GURS tržnost: Drug posel;0;2;2;;;Zemljišče za kmetijsko rabo (njiva, travnik, pašnik);KMETIJSKO;RAKITNA;1652;;;1208/175 | 1208/37;;;1/1;1;;;;2918.0;2918.0;15.01028101439342;;;455846.465;83180.445;0;0;;ETN_008_2021_KPP_2021_POSLI_20260724.csv
536973;2021-03-31;2021;2021-05-11;2021;209000.0;1;Prodaja nepremičnin na prostem trgu;2;Tržen posel – neustrezni podatki;Osnovna pogodba;Ne;;STANOVANJE Z DODATKI/ZEMLJIŠČEM;NI_NEPOSREDNO_RAZDELJIV;MEŠANI;B;GURS: tržen posel – neustrezni podatki;1;7;8;Stanovanje;STANOVANJE;Zemljišče, na katerem je cesta ali parkirišče;INFRASTRUKTURA;BREZOVICA;1724;VNANJE GORICE;NOVA POT 127 L;1542/159 | 1542/220 | 1542/229 | 1542/230 | 1542/231 | 1542/234 | 1542/235;4152/3;1/1;1/1 | 2/72;0;112.0;112.3;74.8;56.388888888888886;;;2009;2009;456000.43625;96932.13125;0;0;;ETN_008_2021_KPP_2021_POSLI_20260724.csv
537270;2021-04-07;2021;2021-05-11;2021;500.0;1;Prodaja nepremičnin na prostem trgu;2;Tržen posel – neustrezni podatki;Osnovna pogodba;Ne;;MEŠANO/DRUGO ZEMLJIŠČE;NI_NEPOSREDNO_RAZDELJIV;ENOSESTAVINSKI;B;GURS: tržen posel – neustrezni podatki;0;1;1;;;Neplodno ali vodno zemljišče ali drugo neuporabno zemljišče;DRUGO;RAKITNA;1652;;;1397/24;;;1/1;1;;;;254.0;;;;;456611.44;82808.56;0;0;;ETN_008_2021_KPP_2021_POSLI_20260724.csv
539844;2021-04-12;2021;2021-06-10;2021;80000.0;1;Prodaja nepremičnin na prostem trgu;3;Drug posel;Osnovna pogodba;Ne;;STAVBNO ZEMLJIŠČE;NI_NEPOSREDNO_RAZDELJIV;VEČSESTAVINSKI ISTOVRSTEN;C;GURS tržnost: Drug posel;0;2;2;;;Zemljišče, na katerem je ali bo mogoče graditi stavbo in je delno komunalno opremljeno ali komunalno neopremljeno;STAVBNO;JEZERO;1703;;;397/10 | 397/12;;;1/12 | 1/2;0;;;;289.4166666666667;;;;;455535.855;92591.655;0;0;;ETN_008_2021_KPP_2021_POSLI_20260724.csv
539890;2021-04-09;2021;2021-06-10;2021;56000.0;1;Prodaja nepremičnin na prostem trgu;2;Tržen posel – neustrezni podatki;Osnovna pogodba;Ne;;STAVBNO ZEMLJIŠČE;STAVBNO_ZEMLJISCE_CISTO;VEČSESTAVINSKI ISTOVRSTEN;B;GURS: tržen posel – neustrezni podatki;0;2;2;;;Zemljišče na katerem je mogoče graditi stavbo in ima gradbeno dovoljenje;STAVBNO;KAMNIK;1704;;;1061/5 | 844/8;;;1/1;1;;;;699.0;699.0;80.11444921316166;;;453477.115;90986.025;0;0;;ETN_008_2021_KPP_2021_POSLI_20260724.csv
539896;2021-04-12;2021;2021-06-10;2021;39000.0;1;Prodaja nepremičnin na prostem trgu;2;Tržen posel – neustrezni podatki;Osnovna pogodba;Ne;;STAVBNO ZEMLJIŠČE;STAVBNO_ZEMLJISCE_CISTO;VEČSESTAVINSKI ISTOVRSTEN;B;GURS: tržen posel – neustrezni podatki;0;2;2;;;Zemljišče na katerem je mogoče graditi stavbo in ima gradbeno dovoljenje;STAVBNO;RAKITNA;1652;;;893/119 | 893/137;;;1/1;1;;;;1068.0;1068.0;36.51685393258427;;;456004.45499999996;83023.01000000001;0;0;;ETN_008_2021_KPP_2021_POSLI_20260724.csv
539901;2021-04-09;2021;2021-06-10;2021;22500.0;1;Prodaja nepremičnin na prostem trgu;3;Drug posel;Osnovna pogodba;Ne;;HIŠA S PRIPADAJOČIM ZEMLJIŠČEM;HISA_CELI_POSEL;MEŠANI;C;GURS tržnost: Drug posel;2;1;3;Drugo | Stanovanjska hiša;POMOZNA_DRUGO | STANOVANJSKA_HISA;Zemljišče, na katerem je mogoče graditi stavbo in je komunalno opremljeno (priključki na vodo, elektriko in neposredni dostop do dovozne poti);STAVBNO;BREZOVICA;1724;PODPLEŠIVICA;PODPLEŠIVICA 13;2784/22;1936/1 | 1937/1;3/5;3/5;0;105.0;62.82;60.42;195.6;;;1880;1880;452223.74666666664;95401.73;0;0;;ETN_008_2021_KPP_2021_POSLI_20260724.csv
539962;2021-04-12;2021;2021-06-10;2021;48920.0;1;Prodaja nepremičnin na prostem trgu;2;Tržen posel – neustrezni podatki;Osnovna pogodba;Ne;;MEŠANO/DRUGO ZEMLJIŠČE;NI_NEPOSREDNO_RAZDELJIV;MEŠANI;B;GURS: tržen posel – neustrezni podatki;0;2;2;;;Zemljišče, na katerem je ali bo mogoče graditi stavbo in je delno komunalno opremljeno ali komunalno neopremljeno | Zemljišče, na katerem je cesta ali parkirišče;INFRASTRUKTURA | STAVBNO;BREZOVICA;1724;;;1539/12 | 1539/16;;;1/1 | 1/8;0;;;;535.75;;;;;456066.52;96956.625;0;0;;ETN_008_2021_KPP_2021_POSLI_20260724.csv
540278;2021-04-15;2021;2021-06-10;2021;85000.0;1;Prodaja nepremičnin na prostem trgu;2;Tržen posel – neustrezni podatki;Osnovna pogodba;Ne;;HIŠA S PRIPADAJOČIM ZEMLJIŠČEM;HISA_CELI_POSEL;MEŠANI;B;GURS: tržen posel – neustrezni podatki;1;1;2;Stanovanjska hiša;STANOVANJSKA_HISA;Zemljišče pod stavbo ali drugo stavbi ali delu stavbe pripadajoče zemljišče (zemljišče pod stavbo, dvorišče, dovozna pot, vrt, zelenica, stanovanjski atrij in podobno);PRIPADAJOCE;KAMNIK;1704;KAMNIK POD KRIMOM;KAMNIK POD KRIMOM 4 A;910/11;121/1;1/1;1/1;1;260.0;259.8;139.1;373.0;;;1920;1920;453369.41000000003;91944.64499999999;0;0;;ETN_008_2021_KPP_2021_POSLI_20260724.csv
540326;2016-06-09;2016;2021-06-10;2021;51.74;1;Prodaja nepremičnin na prostem trgu;4;Neopredeljen posel;Osnovna pogodba;Ne;;KMETIJSKO ZEMLJIŠČE;KMETIJSKO_ZEMLJISCE_CISTO;ENOSESTAVINSKI;C;GURS tržnost: Neopredeljen posel;0;1;1;;;Zemljišče za kmetijsko rabo (njiva, travnik, pašnik);KMETIJSKO;RAKITNA;1652;;;726/3;;;1/1;1;;;;56.0;56.0;0.9239285714285714;;;457110.16;83522.15;0;0;;ETN_008_2021_KPP_2021_POSLI_20260724.csv
540599;2021-03-23;2021;2021-06-10;2021;200.0;1;Prodaja nepremičnin na prostem trgu;3;Drug posel;Osnovna pogodba;Ne;;MEŠANO/DRUGO ZEMLJIŠČE;NI_NEPOSREDNO_RAZDELJIV;ENOSESTAVINSKI;C;GURS tržnost: Drug posel;0;1;1;;;Zemljišče, na katerem je ali bo mogoče graditi prometno ali energetsko infrastrukturo (cesta, plinovod in drugo);INFRASTRUKTURA;KAMNIK;1704;;;841/3;;;1/8;0;;;;42.25;;;;;453391.29;90983.44;0;0;;ETN_008_2021_KPP_2021_POSLI_20260724.csv
540619;2021-04-23;2021;2021-06-10;2021;333333.0;1;Prodaja nepremičnin na prostem trgu;2;Tržen posel – neustrezni podatki;Osnovna pogodba;Ne;;HIŠA S PRIPADAJOČIM ZEMLJIŠČEM;HISA_CELI_POSEL;MEŠANI;B;GURS: tržen posel – neustrezni podatki;1;3;4;Stanovanjska hiša;STANOVANJSKA_HISA;Zemljišče na katerem je mogoče graditi stavbo in ima gradbeno dovoljenje;STAVBNO;BREZOVICA;1724;ŽABNICA;ŽABNICA 62 E;1005/12 | 1005/13 | 1005/6;4373/1;1/1;1/1 | 1/9;0;165.0;164.6;120.3;209.44444444444446;;;2011;2011;454111.685;95802.99;0;0;;ETN_008_2021_KPP_2021_POSLI_20260724.csv
540711;2021-04-26;2021;2021-06-10;2021;314000.0;1;Prodaja nepremičnin na prostem trgu;2;Tržen posel – neustrezni podatki;Osnovna pogodba;Ne;;HIŠA S PRIPADAJOČIM ZEMLJIŠČEM;HISA_CELI_POSEL;MEŠANI;B;GURS: tržen posel – neustrezni podatki;1;2;3;Stanovanjska hiša;STANOVANJSKA_HISA;Zemljišče na katerem je mogoče graditi stavbo in ima gradbeno dovoljenje | Zemljišče pod stavbo ali drugo stavbi ali delu stavbe pripadajoče zemljišče (zemljišče pod stavbo, dvorišče, dovozna pot, vrt, zelenica, stanovanjski atrij in podobno);PRIPADAJOCE | STAVBNO;KAMNIK;1704;KAMNIK POD KRIMOM;KAMNIK POD KRIMOM 86 F;3068/1 | 3068/2;792/1;1/1;1/1;1;229.0;228.8;127.1;500.0;;;2002;2002;454362.1133333333;90364.89333333333;0;0;;ETN_008_2021_KPP_2021_POSLI_20260724.csv
540731;2021-03-24;2021;2021-06-10;2021;2950.0;1;Prodaja nepremičnin na prostem trgu;1;Tržen posel;Osnovna pogodba;Ne;;KMETIJSKO ZEMLJIŠČE;KMETIJSKO_ZEMLJISCE_CISTO;ENOSESTAVINSKI;A;brez zaznanih dodatnih težav;0;1;1;;;Zemljišče za kmetijsko rabo (njiva, travnik, pašnik);KMETIJSKO;RAKITNA;1652;;;1014;;;1/1;1;;;;2266.0;2266.0;1.3018534863195057;;;455404.9;84577.67;0;0;;ETN_008_2021_KPP_2021_POSLI_20260724.csv
541286;2021-04-26;2021;2021-06-11;2021;110000.0;1;Prodaja nepremičnin na prostem trgu;2;Tržen posel – neustrezni podatki;Osnovna pogodba;Ne;;STANOVANJE Z DODATKI/ZEMLJIŠČEM;NI_NEPOSREDNO_RAZDELJIV;MEŠANI;B;GURS: tržen posel – neustrezni podatki;1;1;2;Stanovanje;STANOVANJE;Zemljišče pod stavbo ali drugo stavbi ali delu stavbe pripadajoče zemljišče (zemljišče pod stavbo, dvorišče, dovozna pot, vrt, zelenica, stanovanjski atrij in podobno);PRIPADAJOCE;BREZOVICA;1724;VNANJE GORICE;PODPEŠKA CESTA 145;1095/16;2539/6;1/1;1800/10000;0;81.0;80.5;52.1;68.22;;;1972;1972;454533.26;96730.195;0;0;;ETN_008_2021_KPP_2021_POSLI_20260724.csv
541872;2021-05-07;2021;2021-06-11;2021;9000.0;1;Prodaja nepremičnin na prostem trgu;1;Tržen posel;Osnovna pogodba;Ne;;GOZDNO ZEMLJIŠČE;GOZDNO_ZEMLJISCE_CISTO;ENOSESTAVINSKI;A;brez zaznanih dodatnih težav;0;1;1;;;Zemljišče za gozdno rabo (gozd);GOZDNO;KAMNIK;1704;;;2448;;;1/1;1;;;;13972.0;13972.0;0.644145433724592;;;454141.37;88540.06;0;0;;ETN_008_2021_KPP_2021_POSLI_20260724.csv
541889;2021-04-12;2021;2021-06-11;2021;240000.0;1;Prodaja nepremičnin na prostem trgu;2;Tržen posel – neustrezni podatki;Osnovna pogodba;Ne;;HIŠA S PRIPADAJOČIM ZEMLJIŠČEM;HISA_CELI_POSEL;MEŠANI;B;GURS: tržen posel – neustrezni podatki;1;4;5;Stanovanjska hiša;STANOVANJSKA_HISA;Zemljišče pod stavbo ali drugo stavbi ali delu stavbe pripadajoče zemljišče (zemljišče pod stavbo, dvorišče, dovozna pot, vrt, zelenica, stanovanjski atrij in podobno) | Zemljišče, na katerem je cesta ali parkirišče;INFRASTRUKTURA | PRIPADAJOCE;BREZOVICA;1724;PODPLEŠIVICA;PODPLEŠIVICA 65 C;3020/16 | 3020/19 | 3020/26 | 3020/27;4250/1;1/1;1/1 | 1/8;0;114.0;113.6;73.6;438.875;;;2007;2007;452097.896;96113.30600000001;0;0;;ETN_008_2021_KPP_2021_POSLI_20260724.csv
542225;2021-05-12;2021;2021-06-11;2021;9972.0;1;Prodaja nepremičnin na prostem trgu;1;Tržen posel;Osnovna pogodba;Ne;;GOZDNO ZEMLJIŠČE;GOZDNO_ZEMLJISCE_CISTO;ENOSESTAVINSKI;A;brez zaznanih dodatnih težav;0;1;1;;;Zemljišče za gozdno rabo (gozd);GOZDNO;RAKITNA;1652;;;1337;;;1/1;1;;;;9927.0;9927.0;1.0045330915684496;;;456396.9;82093.69;0;0;;ETN_008_2021_KPP_2021_POSLI_20260724.csv
542720;2021-05-19;2021;2021-06-11;2021;337000.0;1;Prodaja nepremičnin na prostem trgu;2;Tržen posel – neustrezni podatki;Osnovna pogodba;Ne;;HIŠA S PRIPADAJOČIM ZEMLJIŠČEM;HISA_CELI_POSEL;MEŠANI;B;GURS: tržen posel – neustrezni podatki;1;2;3;Stanovanjska hiša;STANOVANJSKA_HISA;Zemljišče pod stavbo ali drugo stavbi ali delu stavbe pripadajoče zemljišče (zemljišče pod stavbo, dvorišče, dovozna pot, vrt, zelenica, stanovanjski atrij in podobno);PRIPADAJOCE;BREZOVICA;1724;VNANJE GORICE;NA LAZIH 15 N;565/8 | 712/27;4088/1;1/1;1/1;1;117.0;117.4;93.3;314.0;;;2008;2008;454448.56666666665;97275.96666666667;0;0;;ETN_008_2021_KPP_2021_POSLI_20260724.csv
543722;2021-04-22;2021;2021-07-10;2021;47500.0;1;Prodaja nepremičnin na prostem trgu;2;Tržen posel – neustrezni podatki;Osnovna pogodba;Ne;;STANOVANJE;STANOVANJE_CISTO;ENOSESTAVINSKI;B;GURS: tržen posel – neustrezni podatki;1;0;1;Stanovanje;STANOVANJE;;;JEZERO;1703;JEZERO;JEZERO 19;;428/5;1/1;;1;55.0;54.7;54.7;;54.7;868.3729433272395;2002;2002;455123.97;92808.67;0;0;;ETN_008_2021_KPP_2021_POSLI_20260724.csv
543952;2021-04-25;2021;2021-07-10;2021;73000.0;1;Prodaja nepremičnin na prostem trgu;2;Tržen posel – neustrezni podatki;Osnovna pogodba;Ne;;HIŠA S PRIPADAJOČIM ZEMLJIŠČEM;HISA_CELI_POSEL;MEŠANI;B;GURS: tržen posel – neustrezni podatki;1;1;2;Stanovanjska hiša;STANOVANJSKA_HISA;Zemljišče pod stavbo ali drugo stavbi ali delu stavbe pripadajoče zemljišče (zemljišče pod stavbo, dvorišče, dovozna pot, vrt, zelenica, stanovanjski atrij in podobno);PRIPADAJOCE;PRESERJE;1705;;;801/5;623/1;1/1;1/1;1;144.0;144.0;115.2;669.0;;;1990;1990;454284.57499999995;91566.14;0;0;;ETN_008_2021_KPP_2021_POSLI_20260724.csv
543989;2021-05-05;2021;2021-07-10;2021;3400.0;1;Prodaja nepremičnin na prostem trgu;2;Tržen posel – neustrezni podatki;Osnovna pogodba;Ne;;STAVBNO ZEMLJIŠČE;STAVBNO_ZEMLJISCE_CISTO;ENOSESTAVINSKI;B;GURS: tržen posel – neustrezni podatki;0;1;1;;;Zemljišče na katerem je mogoče graditi stavbo in ima gradbeno dovoljenje;STAVBNO;BREZOVICA;1724;;;3619/2;;;1/1;1;;;;68.0;68.0;50.0;;;454127.02;95579.58;0;0;;ETN_008_2021_KPP_2021_POSLI_20260724.csv
543993;2021-05-06;2021;2021-07-10;2021;15000.0;1;Prodaja nepremičnin na prostem trgu;2;Tržen posel – neustrezni podatki;Osnovna pogodba;Ne;;MEŠANO/DRUGO ZEMLJIŠČE;NI_NEPOSREDNO_RAZDELJIV;ENOSESTAVINSKI;B;GURS: tržen posel – neustrezni podatki;0;1;1;;;Zemljišče, na katerem je cesta ali parkirišče;INFRASTRUKTURA;KAMNIK;1704;;;91/1;;;1/1;1;;;;2745.0;;;;;453626.09;91485.43;0;0;;ETN_008_2021_KPP_2021_POSLI_20260724.csv
543999;2021-05-12;2021;2021-07-10;2021;3843.0;1;Prodaja nepremičnin na prostem trgu;1;Tržen posel;Osnovna pogodba;Ne;;GOZDNO ZEMLJIŠČE;GOZDNO_ZEMLJISCE_CISTO;ENOSESTAVINSKI;A;brez zaznanih dodatnih težav;0;1;1;;;Zemljišče za gozdno rabo (gozd);GOZDNO;RAKITNA;1652;;;1586/93;;;1/1;1;;;;12810.0;12810.0;0.3;;;459474.26;82913.92;0;0;;ETN_008_2021_KPP_2021_POSLI_20260724.csv
544113;2021-05-14;2021;2021-07-10;2021;260000.0;1;Prodaja nepremičnin na prostem trgu;2;Tržen posel – neustrezni podatki;Osnovna pogodba;Ne;;HIŠA S PRIPADAJOČIM ZEMLJIŠČEM;NI_NEPOSREDNO_RAZDELJIV;MEŠANI;B;GURS: tržen posel – neustrezni podatki;2;2;4;Kmetijski objekt | Stanovanjska hiša;KMETIJSKI_OBJEKT | STANOVANJSKA_HISA;Zemljišče pod stavbo ali drugo stavbi ali delu stavbe pripadajoče zemljišče (zemljišče pod stavbo, dvorišče, dovozna pot, vrt, zelenica, stanovanjski atrij in podobno) | Zemljišče za kmetijsko rabo (njiva, travnik, pašnik);KMETIJSKO | PRIPADAJOCE;BREZOVICA;1724;BREZOVICA PRI LJUBLJANI;ZA GRABNOM 70;674/4 | 674/8;2501/1 | 2502/1;1/1;1/1;1;219.0;218.0;166.5;717.0;;;1981;1981;454068.45;97387.7925;0;0;;ETN_008_2021_KPP_2021_POSLI_20260724.csv
544181;2021-03-16;2021;2021-07-10;2021;2475.0;1;Prodaja nepremičnin na prostem trgu;2;Tržen posel – neustrezni podatki;Osnovna pogodba;Ne;;KMETIJSKO ZEMLJIŠČE;KMETIJSKO_ZEMLJISCE_CISTO;ENOSESTAVINSKI;B;GURS: tržen posel – neustrezni podatki;0;1;1;;;Zemljišče za kmetijsko rabo (njiva, travnik, pašnik);KMETIJSKO;RAKITNA;1652;;;943;;;1/1;1;;;;1650.0;1650.0;1.5;;;455301.96;84417.39;0;0;;ETN_008_2021_KPP_2021_POSLI_20260724.csv
544360;2021-02-15;2021;2021-07-10;2021;85000.0;1;Prodaja nepremičnin na prostem trgu;2;Tržen posel – neustrezni podatki;Osnovna pogodba;Ne;;STAVBNO ZEMLJIŠČE;NI_NEPOSREDNO_RAZDELJIV;VEČSESTAVINSKI ISTOVRSTEN;B;GURS: tržen posel – neustrezni podatki;0;2;2;;;Zemljišče na katerem je mogoče graditi stavbo in ima gradbeno dovoljenje;STAVBNO;BREZOVICA;1724;;;2138/50 | 2138/52;;;1/1 | 1/4;0;;;;691.25;;;;;454274.23;95451.32;0;0;;ETN_008_2021_KPP_2021_POSLI_20260724.csv
544448;2021-05-18;2021;2021-07-10;2021;80000.0;1;Prodaja nepremičnin na prostem trgu;3;Drug posel;Osnovna pogodba;Ne;;HIŠA S PRIPADAJOČIM ZEMLJIŠČEM;HISA_CELI_POSEL;MEŠANI;C;GURS tržnost: Drug posel;1;1;2;Stanovanjska hiša;STANOVANJSKA_HISA;Zemljišče pod stavbo ali drugo stavbi ali delu stavbe pripadajoče zemljišče (zemljišče pod stavbo, dvorišče, dovozna pot, vrt, zelenica, stanovanjski atrij in podobno);PRIPADAJOCE;KAMNIK;1704;;;2724/3;958/1;1/1;1/1;1;119.0;118.7;0.0;469.0;;;2019;2019;454114.0;90525.0;0;0;;ETN_008_2021_KPP_2021_POSLI_20260724.csv
544613;2021-05-19;2021;2021-07-10;2021;107000.0;1;Prodaja nepremičnin na prostem trgu;2;Tržen posel – neustrezni podatki;Osnovna pogodba;Ne;;STANOVANJE Z DODATKI/ZEMLJIŠČEM;NI_NEPOSREDNO_RAZDELJIV;MEŠANI;B;GURS: tržen posel – neustrezni podatki;1;1;2;Stanovanje;STANOVANJE;Zemljišče na katerem je mogoče graditi stavbo in ima gradbeno dovoljenje;STAVBNO;BREZOVICA;1724;ŽABNICA;ŽABNICA 82;944/16;2133/6;1/1;1/1;1;50.0;49.7;49.7;10.0;;;2007;2007;453715.115;95723.85500000001;0;0;;ETN_008_2021_KPP_2021_POSLI_20260724.csv
544772;2021-02-18;2021;2021-07-10;2021;13675.0;1;Prodaja nepremičnin na prostem trgu;1;Tržen posel;Osnovna pogodba;Ne;;KMETIJSKO ZEMLJIŠČE;KMETIJSKO_ZEMLJISCE_CISTO;VEČSESTAVINSKI ISTOVRSTEN;A;brez zaznanih dodatnih težav;0;2;2;;;Zemljišče za kmetijsko rabo (njiva, travnik, pašnik);KMETIJSKO;BREZOVICA;1724;;;2998/23 | 2998/24;;;1/1;1;;;;5470.0;5470.0;2.5;;;452542.07999999996;96462.63;0;0;;ETN_008_2021_KPP_2021_POSLI_20260724.csv
544995;2021-05-07;2021;2021-07-10;2021;2004.0;1;Prodaja nepremičnin na prostem trgu;4;Neopredeljen posel;Osnovna pogodba;Ne;;KMETIJSKO ZEMLJIŠČE;NI_NEPOSREDNO_RAZDELJIV;VEČSESTAVINSKI ISTOVRSTEN;C;GURS tržnost: Neopredeljen posel;0;2;2;;;Zemljišče za kmetijsko rabo (njiva, travnik, pašnik);KMETIJSKO;BREZOVICA;1724;;;3122/4 | 3169;;;1/2;0;;;;6679.5;;;;;452250.695;94288.82;0;0;;ETN_008_2021_KPP_2021_POSLI_20260724.csv
545260;2021-05-20;2021;2021-07-10;2021;260000.0;1;Prodaja nepremičnin na prostem trgu;2;Tržen posel – neustrezni podatki;Osnovna pogodba;Ne;;HIŠA S PRIPADAJOČIM ZEMLJIŠČEM;HISA_CELI_POSEL;MEŠANI;B;GURS: tržen posel – neustrezni podatki;1;3;4;Stanovanjska hiša;STANOVANJSKA_HISA;Zemljišče pod stavbo ali drugo stavbi ali delu stavbe pripadajoče zemljišče (zemljišče pod stavbo, dvorišče, dovozna pot, vrt, zelenica, stanovanjski atrij in podobno) | Zemljišče, na katerem je cesta ali parkirišče;INFRASTRUKTURA | PRIPADAJOCE;BREZOVICA;1724;PODPLEŠIVICA;PODPLEŠIVICA 65 E;3020/16 | 3020/21 | 3020/29;4252/1;1/1;1/1 | 1/8;0;135.0;135.0;126.0;471.875;;;2007;2007;452124.075;96109.9575;0;0;;ETN_008_2021_KPP_2021_POSLI_20260724.csv
545468;2021-05-18;2021;2021-07-11;2021;7340.0;1;Prodaja nepremičnin na prostem trgu;1;Tržen posel;Osnovna pogodba;Ne;;GOZDNO ZEMLJIŠČE;GOZDNO_ZEMLJISCE_CISTO;ENOSESTAVINSKI;A;brez zaznanih dodatnih težav;0;1;1;;;Zemljišče za gozdno rabo (gozd);GOZDNO;RAKITNA;1652;;;1586/117;;;1/1;1;;;;18350.0;18350.0;0.4;;;459303.37;83152.75;0;0;;ETN_008_2021_KPP_2021_POSLI_20260724.csv
545683;2021-06-04;2021;2021-07-11;2021;310000.0;1;Prodaja nepremičnin na prostem trgu;2;Tržen posel – neustrezni podatki;Osnovna pogodba;Ne;;HIŠA S PRIPADAJOČIM ZEMLJIŠČEM;HISA_CELI_POSEL;MEŠANI;B;GURS: tržen posel – neustrezni podatki;1;1;2;Stanovanjska hiša;STANOVANJSKA_HISA;Zemljišče pod stavbo ali drugo stavbi ali delu stavbe pripadajoče zemljišče (zemljišče pod stavbo, dvorišče, dovozna pot, vrt, zelenica, stanovanjski atrij in podobno);PRIPADAJOCE;BREZOVICA;1724;BREZOVICA PRI LJUBLJANI;PODSVETIJA 45;353/2;516/1;1/1;1/1;1;192.0;192.0;60.0;556.0;;;1996;1996;455169.315;97942.12;0;0;;ETN_008_2021_KPP_2021_POSLI_20260724.csv
545684;2021-06-02;2021;2021-07-11;2021;243500.0;1;Prodaja nepremičnin na prostem trgu;2;Tržen posel – neustrezni podatki;Osnovna pogodba;Ne;;HIŠA S PRIPADAJOČIM ZEMLJIŠČEM;HISA_CELI_POSEL;MEŠANI;B;GURS: tržen posel – neustrezni podatki;1;5;6;Stanovanjska hiša;STANOVANJSKA_HISA;Zemljišče pod stavbo ali drugo stavbi ali delu stavbe pripadajoče zemljišče (zemljišče pod stavbo, dvorišče, dovozna pot, vrt, zelenica, stanovanjski atrij in podobno);PRIPADAJOCE;KAMNIK;1704;KAMNIK POD KRIMOM;KAMNIK POD KRIMOM 194 A;1019/11 | 1019/13 | 1019/14 | 1019/15 | 1019/9;864/1;1/1;1/1 | 1/2 | 1/4 | 1/5;0;169.0;169.4;105.5;274.35;;;2008;2008;453577.2916666667;90983.88500000001;0;0;;ETN_008_2021_KPP_2021_POSLI_20260724.csv
546144;2021-06-08;2021;2021-07-11;2021;125000.0;1;Prodaja nepremičnin na prostem trgu;2;Tržen posel – neustrezni podatki;Osnovna pogodba;Ne;;STAVBNO ZEMLJIŠČE;STAVBNO_ZEMLJISCE_CISTO;ENOSESTAVINSKI;B;GURS: tržen posel – neustrezni podatki;0;1;1;;;Zemljišče na katerem je mogoče graditi stavbo in ima gradbeno dovoljenje;STAVBNO;JEZERO;1703;;;73/3;;;1/1;1;;;;1502.0;1502.0;83.22237017310253;;;456561.88;92484.16;0;0;;ETN_008_2021_KPP_2021_POSLI_20260724.csv
546392;2021-06-04;2021;2021-07-11;2021;463000.0;1;Prodaja nepremičnin na prostem trgu;2;Tržen posel – neustrezni podatki;Osnovna pogodba;Ne;;HIŠA S PRIPADAJOČIM ZEMLJIŠČEM;HISA_CELI_POSEL;MEŠANI;B;GURS: tržen posel – neustrezni podatki;1;3;4;Stanovanjska hiša;STANOVANJSKA_HISA;Zemljišče pod stavbo ali drugo stavbi ali delu stavbe pripadajoče zemljišče (zemljišče pod stavbo, dvorišče, dovozna pot, vrt, zelenica, stanovanjski atrij in podobno) | Zemljišče, na katerem je cesta ali parkirišče;INFRASTRUKTURA | PRIPADAJOCE;BREZOVICA;1724;BREZOVICA PRI LJUBLJANI;ZA GRABNOM 17;605/14 | 605/64 | 605/65;4058/1;1/1;1/1;1;190.0;189.9;150.4;223.0;;;2009;2009;454595.34750000003;97860.625;0;0;;ETN_008_2021_KPP_2021_POSLI_20260724.csv
546393;2021-06-04;2021;2021-07-11;2021;2777.0;1;Prodaja nepremičnin na prostem trgu;3;Drug posel;Osnovna pogodba;Ne;;MEŠANO/DRUGO ZEMLJIŠČE;NI_NEPOSREDNO_RAZDELJIV;ENOSESTAVINSKI;C;GURS tržnost: Drug posel;0;1;1;;;Zemljišče, na katerem je cesta ali parkirišče;INFRASTRUKTURA;BREZOVICA;1724;;;605/105;;;1/23;0;;;;112.0;;;;;454622.62;97870.44;0;0;;ETN_008_2021_KPP_2021_POSLI_20260724.csv
546625;2021-06-09;2021;2021-07-11;2021;317500.0;1;Prodaja nepremičnin na prostem trgu;2;Tržen posel – neustrezni podatki;Osnovna pogodba;Ne;;HIŠA S PRIPADAJOČIM ZEMLJIŠČEM;HISA_CELI_POSEL;MEŠANI;B;GURS: tržen posel – neustrezni podatki;1;2;3;Stanovanjska hiša;STANOVANJSKA_HISA;Zemljišče pod stavbo ali drugo stavbi ali delu stavbe pripadajoče zemljišče (zemljišče pod stavbo, dvorišče, dovozna pot, vrt, zelenica, stanovanjski atrij in podobno);PRIPADAJOCE;BREZOVICA;1724;VNANJE GORICE;NA LAZIH 17 A;713/26 | 714/15;4104/1;1/1;1/1;1;127.0;126.8;92.7;359.0;;;2008;2008;454407.61333333334;97281.56666666667;0;0;;ETN_008_2021_KPP_2021_POSLI_20260724.csv
546676;2021-06-07;2021;2021-07-11;2021;120000.0;1;Prodaja nepremičnin na prostem trgu;2;Tržen posel – neustrezni podatki;Osnovna pogodba;Ne;;HIŠA S PRIPADAJOČIM ZEMLJIŠČEM;NI_NEPOSREDNO_RAZDELJIV;MEŠANI;B;GURS: tržen posel – neustrezni podatki;4;2;6;Kmetijski objekt | Stanovanjska hiša | Tehnični ali pomožni prostori;KMETIJSKI_OBJEKT | POMOZNA_DRUGO | STANOVANJSKA_HISA;Zemljišče pod stavbo ali drugo stavbi ali delu stavbe pripadajoče zemljišče (zemljišče pod stavbo, dvorišče, dovozna pot, vrt, zelenica, stanovanjski atrij in podobno) | Zemljišče, na katerem je mogoče graditi stavbo in je komunalno opremljeno (priključki na vodo, elektriko in neposredni dostop do dovozne poti);PRIPADAJOCE | STAVBNO;BREZOVICA;1724;PODPEČ;PODPEČ 56;3393/19 | 3393/43;1433/1 | 1433/2 | 1434/1 | 1455/1;1/1;1/1;1;120.0;120.8;110.8;1200.0;;;1900;2000;454929.5716666666;93104.75;0;0;;ETN_008_2021_KPP_2021_POSLI_20260724.csv
546729;2021-06-14;2021;2021-07-11;2021;216000.0;1;Prodaja nepremičnin na prostem trgu;2;Tržen posel – neustrezni podatki;Osnovna pogodba;Ne;;STANOVANJE Z DODATKI/ZEMLJIŠČEM;NI_NEPOSREDNO_RAZDELJIV;MEŠANI;B;GURS: tržen posel – neustrezni podatki;1;5;6;Stanovanje;STANOVANJE;Zemljišče pod stavbo ali drugo stavbi ali delu stavbe pripadajoče zemljišče (zemljišče pod stavbo, dvorišče, dovozna pot, vrt, zelenica, stanovanjski atrij in podobno) | Zemljišče, na katerem je cesta ali parkirišče;INFRASTRUKTURA | PRIPADAJOCE;BREZOVICA;1724;BREZOVICA PRI LJUBLJANI;PODSVETIJA 26 A;369/182 | 369/205 | 369/207 | 369/208 | 369/227;3882/3;1/1;1/3 | 2/52 | 2/90;0;86.0;86.1;70.7;111.34017094017094;;;2008;2008;455080.75166666665;97950.25166666666;0;0;;ETN_008_2021_KPP_2021_POSLI_20260724.csv
546943;2021-06-14;2021;2021-07-11;2021;300000.0;1;Prodaja nepremičnin na prostem trgu;2;Tržen posel – neustrezni podatki;Osnovna pogodba;Ne;;HIŠA S PRIPADAJOČIM ZEMLJIŠČEM;HISA_CELI_POSEL;MEŠANI;B;GURS: tržen posel – neustrezni podatki;1;1;2;Stanovanjska hiša;STANOVANJSKA_HISA;Zemljišče pod stavbo ali drugo stavbi ali delu stavbe pripadajoče zemljišče (zemljišče pod stavbo, dvorišče, dovozna pot, vrt, zelenica, stanovanjski atrij in podobno);PRIPADAJOCE;BREZOVICA;1724;PLEŠIVICA;PLEŠIVICA 41;2343/3;3616/1;1/1;1/1;1;222.0;222.0;176.0;619.0;;;1990;1990;453498.75;95246.0;0;0;;ETN_008_2021_KPP_2021_POSLI_20260724.csv
547198;2021-06-18;2021;2021-07-12;2021;4600.0;1;Prodaja nepremičnin na prostem trgu;1;Tržen posel;Osnovna pogodba;Ne;;KMETIJSKO ZEMLJIŠČE;KMETIJSKO_ZEMLJISCE_CISTO;ENOSESTAVINSKI;A;brez zaznanih dodatnih težav;0;1;1;;;Zemljišče za kmetijsko rabo (njiva, travnik, pašnik);KMETIJSKO;KAMNIK;1704;;;2893/9;;;1/1;1;;;;664.0;664.0;6.927710843373494;;;454291.43;90858.29;0;0;;ETN_008_2021_KPP_2021_POSLI_20260724.csv
548643;2021-06-07;2021;2021-08-10;2021;105000.0;1;Prodaja nepremičnin na prostem trgu;4;Neopredeljen posel;Osnovna pogodba;Ne;;MEŠANI POSEL – STAVBA IN ZEMLJIŠČE;NI_NEPOSREDNO_RAZDELJIV;MEŠANI;C;GURS tržnost: Neopredeljen posel;1;1;2;Kmetijski objekt;KMETIJSKI_OBJEKT;Zemljišče na katerem je mogoče graditi stavbo in ima gradbeno dovoljenje;STAVBNO;BREZOVICA;1724;;;340/41;585/1;1/1;1/1;1;58.0;58.0;58.0;711.0;;;1990;1990;455443.245;98315.465;0;0;;ETN_008_2021_KPP_2021_POSLI_20260724.csv
548671;2021-06-09;2021;2021-08-10;2021;187000.0;1;Prodaja nepremičnin na prostem trgu;2;Tržen posel – neustrezni podatki;Osnovna pogodba;Ne;;HIŠA S PRIPADAJOČIM ZEMLJIŠČEM;HISA_CELI_POSEL;MEŠANI;B;GURS: tržen posel – neustrezni podatki;1;1;2;Stanovanjska hiša;STANOVANJSKA_HISA;Zemljišče pod stavbo ali drugo stavbi ali delu stavbe pripadajoče zemljišče (zemljišče pod stavbo, dvorišče, dovozna pot, vrt, zelenica, stanovanjski atrij in podobno);PRIPADAJOCE;BREZOVICA;1724;PLEŠIVICA;PLEŠIVICA 65;2937/2;1985/1;1/1;1/1;1;150.0;149.9;143.2;828.0;;;2005;2005;452998.21499999997;95736.04000000001;0;0;;ETN_008_2021_KPP_2021_POSLI_20260724.csv
548840;2021-05-19;2021;2021-08-10;2021;75100.0;1;Prodaja nepremičnin na prostem trgu;4;Neopredeljen posel;Osnovna pogodba;Ne;;HIŠA S PRIPADAJOČIM ZEMLJIŠČEM;NI_NEPOSREDNO_RAZDELJIV;MEŠANI;C;GURS tržnost: Neopredeljen posel;2;2;4;Kmetijski objekt | Stanovanjska hiša;KMETIJSKI_OBJEKT | STANOVANJSKA_HISA;Zemljišče pod stavbo ali drugo stavbi ali delu stavbe pripadajoče zemljišče (zemljišče pod stavbo, dvorišče, dovozna pot, vrt, zelenica, stanovanjski atrij in podobno) | Zemljišče za kmetijsko rabo (njiva, travnik, pašnik);KMETIJSKO | PRIPADAJOCE;BREZOVICA;1724;NOTRANJE GORICE;PODKLIN 16;2563/2 | 3091/3;3496/1 | 3496/2;1/1;1/1;1;127.0;126.5;60.5;5551.0;;;1955;1955;452846.0;94298.525;0;0;;ETN_008_2021_KPP_2021_POSLI_20260724.csv
549044;2021-06-18;2021;2021-08-10;2021;128000.0;1;Prodaja nepremičnin na prostem trgu;2;Tržen posel – neustrezni podatki;Osnovna pogodba;Ne;;STAVBNO ZEMLJIŠČE;STAVBNO_ZEMLJISCE_CISTO;VEČSESTAVINSKI ISTOVRSTEN;B;GURS: tržen posel – neustrezni podatki;0;4;4;;;Zemljišče, na katerem je ali bo mogoče graditi stavbo in je delno komunalno opremljeno ali komunalno neopremljeno;STAVBNO;RAKITNA;1652;;;1208/331 | 1208/332 | 1208/333 | 1208/334;;;1/1;1;;;;2203.0;2203.0;58.102587380844305;;;455893.2325;83677.3225;0;0;;ETN_008_2021_KPP_2021_POSLI_20260724.csv
549053;2021-05-18;2021;2021-08-10;2021;190000.0;1;Prodaja nepremičnin na prostem trgu;2;Tržen posel – neustrezni podatki;Osnovna pogodba;Ne;;HIŠA S PRIPADAJOČIM ZEMLJIŠČEM;NI_NEPOSREDNO_RAZDELJIV;MEŠANI;B;GURS: tržen posel – neustrezni podatki;2;1;3;Kmetijski objekt | Stanovanjska hiša;KMETIJSKI_OBJEKT | STANOVANJSKA_HISA;Zemljišče pod stavbo ali drugo stavbi ali delu stavbe pripadajoče zemljišče (zemljišče pod stavbo, dvorišče, dovozna pot, vrt, zelenica, stanovanjski atrij in podobno);PRIPADAJOCE;PRESERJE;1705;PRESERJE;PRESERJE 7;387/4;269/1 | 270/1;1/1;1/1;1;130.0;129.9;81.0;379.0;;;1800;1800;454773.22000000003;90761.45;0;0;;ETN_008_2021_KPP_2021_POSLI_20260724.csv
549194;2021-06-19;2021;2021-08-10;2021;500.0;1;Prodaja nepremičnin na prostem trgu;3;Drug posel;Osnovna pogodba;Ne;;MEŠANO/DRUGO ZEMLJIŠČE;NI_NEPOSREDNO_RAZDELJIV;ENOSESTAVINSKI;C;GURS tržnost: Drug posel;0;1;1;;;Zemljišče, na katerem je cesta ali parkirišče;INFRASTRUKTURA;BREZOVICA;1724;;;1542/158;;;1/1;1;;;;15.0;;;;;455989.87;96931.85;0;0;;ETN_008_2021_KPP_2021_POSLI_20260724.csv
549351;2021-06-22;2021;2021-08-10;2021;340000.0;1;Prodaja nepremičnin na prostem trgu;2;Tržen posel – neustrezni podatki;Osnovna pogodba;Ne;;HIŠA S PRIPADAJOČIM ZEMLJIŠČEM;HISA_CELI_POSEL;MEŠANI;B;GURS: tržen posel – neustrezni podatki;1;2;3;Stanovanjska hiša;STANOVANJSKA_HISA;Zemljišče pod stavbo ali drugo stavbi ali delu stavbe pripadajoče zemljišče (zemljišče pod stavbo, dvorišče, dovozna pot, vrt, zelenica, stanovanjski atrij in podobno);PRIPADAJOCE;BREZOVICA;1724;BREZOVICA PRI LJUBLJANI;CESTA V LOG 11;340/30 | 340/31;4447/1;1/1;1/1;1;359.0;358.6;295.6;446.0;;;2009;2009;455571.64666666667;98345.13666666667;0;0;;ETN_008_2021_KPP_2021_POSLI_20260724.csv
549415;2021-06-23;2021;2021-08-10;2021;56907.22;1;Prodaja nepremičnin na prostem trgu;4;Neopredeljen posel;Osnovna pogodba;Ne;;HIŠA S PRIPADAJOČIM ZEMLJIŠČEM;NI_NEPOSREDNO_RAZDELJIV;MEŠANI;C;GURS tržnost: Neopredeljen posel;4;1;5;Kmetijski objekt | Stanovanjska hiša | Tehnični ali pomožni prostori;KMETIJSKI_OBJEKT | POMOZNA_DRUGO | STANOVANJSKA_HISA;Zemljišče na katerem je mogoče graditi stavbo in ima gradbeno dovoljenje;STAVBNO;BREZOVICA;1724;;;1133/22;891/1 | 892/1 | 895/1 | 896/1;1/2;1/2;0;307.0;153.14999999999998;120.65;370.5;;;1982;1982;455009.95199999993;96800.84599999999;0;0;;ETN_008_2021_KPP_2021_POSLI_20260724.csv
549431;2021-06-23;2021;2021-08-10;2021;152319.61;1;Prodaja nepremičnin na prostem trgu;3;Drug posel;Osnovna pogodba;Ne;;HIŠA S PRIPADAJOČIM ZEMLJIŠČEM;NI_NEPOSREDNO_RAZDELJIV;MEŠANI;C;GURS tržnost: Drug posel;5;2;7;Kmetijski objekt | Stanovanjska hiša | Tehnični ali pomožni prostori;KMETIJSKI_OBJEKT | POMOZNA_DRUGO | STANOVANJSKA_HISA;Zemljišče pod stavbo ali drugo stavbi ali delu stavbe pripadajoče zemljišče (zemljišče pod stavbo, dvorišče, dovozna pot, vrt, zelenica, stanovanjski atrij in podobno);PRIPADAJOCE;BREZOVICA;1724;VNANJE GORICE;NOVA POT 38;1133/21 | 1133/22;891/1 | 892/1 | 895/1 | 896/1 | 897/1;1/1 | 1/2;1/1 | 1/2;0;408.0;254.05;195.95;987.5;;;1944;1982;455012.1785714286;96807.98285714285;0;0;;ETN_008_2021_KPP_2021_POSLI_20260724.csv
549464;2021-06-27;2021;2021-08-10;2021;94700.0;1;Prodaja nepremičnin na prostem trgu;2;Tržen posel – neustrezni podatki;Osnovna pogodba;Ne;;STAVBNO ZEMLJIŠČE;STAVBNO_ZEMLJISCE_CISTO;ENOSESTAVINSKI;B;GURS: tržen posel – neustrezni podatki;0;1;1;;;Zemljišče na katerem je mogoče graditi stavbo in ima gradbeno dovoljenje;STAVBNO;RAKITNA;1652;;;1208/16;;;1/1;1;;;;1894.0;1894.0;50.0;;;455995.46;83544.25;0;0;;ETN_008_2021_KPP_2021_POSLI_20260724.csv
549730;2021-06-23;2021;2021-08-10;2021;100000.0;1;Prodaja nepremičnin na prostem trgu;2;Tržen posel – neustrezni podatki;Osnovna pogodba;Ne;;HIŠA S PRIPADAJOČIM ZEMLJIŠČEM;HISA_CELI_POSEL;MEŠANI;B;GURS: tržen posel – neustrezni podatki;1;2;3;Stanovanjska hiša;STANOVANJSKA_HISA;Zemljišče pod stavbo ali drugo stavbi ali delu stavbe pripadajoče zemljišče (zemljišče pod stavbo, dvorišče, dovozna pot, vrt, zelenica, stanovanjski atrij in podobno);PRIPADAJOCE;RAKITNA;1652;RAKITNA;RAKITNA 208;1261 | 1263/4;496/1;1/1;1/1;1;53.0;53.0;44.2;1469.0;;;1968;1968;456478.5933333333;83082.04;0;0;;ETN_008_2021_KPP_2021_POSLI_20260724.csv
549810;2021-06-09;2021;2021-08-10;2021;93000.0;1;Prodaja nepremičnin na prostem trgu;3;Drug posel;Osnovna pogodba;Ne;;STAVBNO ZEMLJIŠČE;STAVBNO_ZEMLJISCE_CISTO;VEČSESTAVINSKI ISTOVRSTEN;C;GURS tržnost: Drug posel;0;2;2;;;Zemljišče, na katerem je mogoče graditi stavbo in je komunalno opremljeno (priključki na vodo, elektriko in neposredni dostop do dovozne poti);STAVBNO;BREZOVICA;1724;;;2941/1 | 2941/2;;;1/1;1;;;;921.0;921.0;100.9771986970684;;;453051.065;95720.82500000001;0;0;;ETN_008_2021_KPP_2021_POSLI_20260724.csv
549878;2021-06-28;2021;2021-08-10;2021;107000.0;1;Prodaja nepremičnin na prostem trgu;2;Tržen posel – neustrezni podatki;Osnovna pogodba;Ne;;HIŠA S PRIPADAJOČIM ZEMLJIŠČEM;HISA_CELI_POSEL;MEŠANI;B;GURS: tržen posel – neustrezni podatki;1;1;2;Stanovanjska hiša;STANOVANJSKA_HISA;Zemljišče pod stavbo ali drugo stavbi ali delu stavbe pripadajoče zemljišče (zemljišče pod stavbo, dvorišče, dovozna pot, vrt, zelenica, stanovanjski atrij in podobno);PRIPADAJOCE;RAKITNA;1652;RAKITNA;RAKITNA 306;1273/31;546/1;1/1;1/1;1;32.0;31.8;20.3;467.0;;;1986;1986;456164.54500000004;82633.78;0;0;;ETN_008_2021_KPP_2021_POSLI_20260724.csv
550181;2021-07-02;2021;2021-08-11;2021;108000.0;1;Prodaja nepremičnin na prostem trgu;2;Tržen posel – neustrezni podatki;Osnovna pogodba;Ne;;MEŠANO/DRUGO ZEMLJIŠČE;NI_NEPOSREDNO_RAZDELJIV;MEŠANI;B;GURS: tržen posel – neustrezni podatki;0;3;3;;;Zemljišče, na katerem je cesta ali parkirišče | Zemljišče, na katerem je mogoče graditi stavbo in je komunalno opremljeno (priključki na vodo, elektriko in neposredni dostop do dovozne poti);INFRASTRUKTURA | STAVBNO;JEZERO;1703;;;362/64 | 362/65 | 364/19;;;1/1;1;;;;797.0;;;;;455182.54000000004;92959.46333333333;0;0;;ETN_008_2021_KPP_2021_POSLI_20260724.csv
550375;2021-06-10;2021;2021-08-11;2021;35000.0;1;Prodaja nepremičnin na prostem trgu;2;Tržen posel – neustrezni podatki;Osnovna pogodba;Ne;;STAVBNO ZEMLJIŠČE;STAVBNO_ZEMLJISCE_CISTO;ENOSESTAVINSKI;B;GURS: tržen posel – neustrezni podatki;0;1;1;;;Zemljišče na katerem je mogoče graditi stavbo in ima gradbeno dovoljenje;STAVBNO;RAKITNA;1652;;;1208/361;;;1/1;1;;;;930.0;930.0;37.634408602150536;;;455782.15;83303.52;0;0;;ETN_008_2021_KPP_2021_POSLI_20260724.csv
550920;2021-07-08;2021;2021-08-11;2021;62000.0;1;Prodaja nepremičnin na prostem trgu;2;Tržen posel – neustrezni podatki;Osnovna pogodba;Ne;;STAVBNO ZEMLJIŠČE;STAVBNO_ZEMLJISCE_CISTO;ENOSESTAVINSKI;B;GURS: tržen posel – neustrezni podatki;0;1;1;;;Zemljišče na katerem je mogoče graditi stavbo in ima gradbeno dovoljenje;STAVBNO;KAMNIK;1704;;;933/5;;;1/1;1;;;;825.0;825.0;75.15151515151516;;;453492.5;91671.6;0;0;;ETN_008_2021_KPP_2021_POSLI_20260724.csv
550925;2021-06-29;2021;2021-08-11;2021;169000.0;1;Prodaja nepremičnin na prostem trgu;2;Tržen posel – neustrezni podatki;Osnovna pogodba;Ne;;STANOVANJE Z DODATKI/ZEMLJIŠČEM;NI_NEPOSREDNO_RAZDELJIV;MEŠANI;B;GURS: tržen posel – neustrezni podatki;1;1;2;Stanovanje;STANOVANJE;Zemljišče na katerem je mogoče graditi stavbo in ima gradbeno dovoljenje;STAVBNO;BREZOVICA;1724;NOTRANJE GORICE;CESTA NA LOG 44 A;2485/9;3940/3;1/1;1/1;1;101.0;101.4;80.2;332.0;;;2007;2007;453099.27;94333.12;0;0;;ETN_008_2021_KPP_2021_POSLI_20260724.csv
551024;2021-07-12;2021;2021-08-11;2021;250000.0;1;Prodaja nepremičnin na prostem trgu;2;Tržen posel – neustrezni podatki;Osnovna pogodba;Ne;;HIŠA S PRIPADAJOČIM ZEMLJIŠČEM;HISA_CELI_POSEL;MEŠANI;B;GURS: tržen posel – neustrezni podatki;2;2;4;Stanovanjska hiša | Tehnični ali pomožni prostori;POMOZNA_DRUGO | STANOVANJSKA_HISA;Zemljišče na katerem je mogoče graditi stavbo in ima gradbeno dovoljenje | Zemljišče pod stavbo ali drugo stavbi ali delu stavbe pripadajoče zemljišče (zemljišče pod stavbo, dvorišče, dovozna pot, vrt, zelenica, stanovanjski atrij in podobno);PRIPADAJOCE | STAVBNO;RAKITNA;1652;RAKITNA;RAKITNA 302;1243/21 | 893/109;250/1 | 955/1;1/1;1/1;1;109.0;109.0;105.0;2096.0;;;2010;2010;456061.815;82835.6225;0;0;;ETN_008_2021_KPP_2021_POSLI_20260724.csv
551036;2021-07-05;2021;2021-08-11;2021;57000.0;1;Prodaja nepremičnin na prostem trgu;2;Tržen posel – neustrezni podatki;Osnovna pogodba;Ne;;STAVBNO ZEMLJIŠČE;NI_NEPOSREDNO_RAZDELJIV;VEČSESTAVINSKI ISTOVRSTEN;B;GURS: tržen posel – neustrezni podatki;0;2;2;;;Zemljišče na katerem je mogoče graditi stavbo in ima gradbeno dovoljenje;STAVBNO;RAKITNA;1652;;;1208/153 | 1208/315;;;1/1 | 1/4;0;;;;1165.25;;;;;455927.185;83515.53;0;0;;ETN_008_2021_KPP_2021_POSLI_20260724.csv
551230;2021-07-13;2021;2021-08-11;2021;40000.0;1;Prodaja nepremičnin na prostem trgu;2;Tržen posel – neustrezni podatki;Osnovna pogodba;Ne;;STAVBNO ZEMLJIŠČE;STAVBNO_ZEMLJISCE_CISTO;ENOSESTAVINSKI;B;GURS: tržen posel – neustrezni podatki;0;1;1;;;Zemljišče na katerem je mogoče graditi stavbo in ima gradbeno dovoljenje;STAVBNO;KAMNIK;1704;;;2726/7;;;1/1;1;;;;448.0;448.0;89.28571428571429;;;454078.02;90498.76;0;0;;ETN_008_2021_KPP_2021_POSLI_20260724.csv
551244;2021-06-07;2021;2021-08-11;2021;3600.0;1;Prodaja nepremičnin na prostem trgu;1;Tržen posel;Osnovna pogodba;Ne;;MEŠANO/DRUGO ZEMLJIŠČE;NI_NEPOSREDNO_RAZDELJIV;ENOSESTAVINSKI;B;skupne cene ni mogoče neposredno razdeliti;0;1;1;;;Zemljišče, na katerem je cesta ali parkirišče;INFRASTRUKTURA;RAKITNA;1652;;;1243/13;;;1/1;1;;;;200.0;;;;;456124.62;82799.15;0;0;;ETN_008_2021_KPP_2021_POSLI_20260724.csv
551246;2021-07-05;2021;2021-08-11;2021;25000.0;1;Prodaja nepremičnin na prostem trgu;4;Neopredeljen posel;Osnovna pogodba;Ne;;STANOVANJE Z DODATKI/ZEMLJIŠČEM;NI_NEPOSREDNO_RAZDELJIV;MEŠANI;C;GURS tržnost: Neopredeljen posel;2;1;3;Stanovanje | Tehnični ali pomožni prostori;POMOZNA_DRUGO | STANOVANJE;Zemljišče pod stavbo ali drugo stavbi ali delu stavbe pripadajoče zemljišče (zemljišče pod stavbo, dvorišče, dovozna pot, vrt, zelenica, stanovanjski atrij in podobno);PRIPADAJOCE;BREZOVICA;1724;NOTRANJE GORICE;PODPEŠKA CESTA 374;2419/6;2289/1 | 2289/3;1/4;1/4;0;123.0;30.775;22.3;26.5;;;1933;1933;453716.8033333333;94676.54666666668;0;0;;ETN_008_2021_KPP_2021_POSLI_20260724.csv
551374;2021-07-08;2021;2021-08-11;2021;222000.0;1;Prodaja nepremičnin na prostem trgu;2;Tržen posel – neustrezni podatki;Osnovna pogodba;Ne;;HIŠA S PRIPADAJOČIM ZEMLJIŠČEM;NI_NEPOSREDNO_RAZDELJIV;MEŠANI;B;GURS: tržen posel – neustrezni podatki;3;9;12;Kmetijski objekt | Stanovanjska hiša;KMETIJSKI_OBJEKT | STANOVANJSKA_HISA;Zemljišče pod stavbo ali drugo stavbi ali delu stavbe pripadajoče zemljišče (zemljišče pod stavbo, dvorišče, dovozna pot, vrt, zelenica, stanovanjski atrij in podobno) | Zemljišče za kmetijsko rabo (njiva, travnik, pašnik);KMETIJSKO | PRIPADAJOCE;PRESERJE;1705;PRESERJE;PRESERJE 46;1021/32 | 1021/33 | 260/2 | 265/2 | 267/1 | 267/2 | 282/2 | 283/1 | 283/2;381/1 | 382/1 | 383/1;1/1;1/1;1;307.0;306.0;191.8;16034.0;;;1965;1965;455211.85000000003;91304.69666666667;0;0;;ETN_008_2021_KPP_2021_POSLI_20260724.csv
551556;2021-07-12;2021;2021-08-11;2021;120000.0;1;Prodaja nepremičnin na prostem trgu;3;Drug posel;Osnovna pogodba;Ne;;HIŠA S PRIPADAJOČIM ZEMLJIŠČEM;NI_NEPOSREDNO_RAZDELJIV;MEŠANI;C;GURS tržnost: Drug posel;2;1;3;Kmetijski objekt | Stanovanjska hiša;KMETIJSKI_OBJEKT | STANOVANJSKA_HISA;Zemljišče za kmetijsko rabo (njiva, travnik, pašnik);KMETIJSKO;BREZOVICA;1724;VNANJE GORICE;POD GORICAMI 56;1470/1;1321/1 | 1322/1;3/4;3/4;0;191.0;143.39999999999998;143.39999999999998;2456.25;;;1965;1965;455682.5266666667;96745.86666666665;0;0;;ETN_008_2021_KPP_2021_POSLI_20260724.csv
551557;2016-06-09;2016;2021-08-11;2021;17.0;1;Prodaja nepremičnin na prostem trgu;4;Neopredeljen posel;Osnovna pogodba;Ne;;KMETIJSKO ZEMLJIŠČE;KMETIJSKO_ZEMLJISCE_CISTO;ENOSESTAVINSKI;C;GURS tržnost: Neopredeljen posel;0;1;1;;;Zemljišče za kmetijsko rabo (njiva, travnik, pašnik);KMETIJSKO;RAKITNA;1652;;;681/3;;;1/1;1;;;;56.0;56.0;0.30357142857142855;;;457038.48;83648.16;0;0;;ETN_008_2021_KPP_2021_POSLI_20260724.csv
551647;2021-07-16;2021;2021-08-11;2021;150000.0;1;Prodaja nepremičnin na prostem trgu;2;Tržen posel – neustrezni podatki;Osnovna pogodba;Ne;;HIŠA S PRIPADAJOČIM ZEMLJIŠČEM;HISA_CELI_POSEL;MEŠANI;B;GURS: tržen posel – neustrezni podatki;1;1;2;Stanovanjska hiša;STANOVANJSKA_HISA;Zemljišče pod stavbo ali drugo stavbi ali delu stavbe pripadajoče zemljišče (zemljišče pod stavbo, dvorišče, dovozna pot, vrt, zelenica, stanovanjski atrij in podobno);PRIPADAJOCE;RAKITNA;1652;RAKITNA;RAKITNA 177;1281/1;587/1;1/1;1/1;1;153.0;153.0;153.0;892.0;;;1992;1992;456417.345;82978.73;0;0;;ETN_008_2021_KPP_2021_POSLI_20260724.csv
553470;2021-07-20;2021;2021-09-10;2021;22500.0;1;Prodaja nepremičnin na prostem trgu;3;Drug posel;Osnovna pogodba;Ne;;HIŠA S PRIPADAJOČIM ZEMLJIŠČEM;NI_NEPOSREDNO_RAZDELJIV;MEŠANI;C;GURS tržnost: Drug posel;2;2;4;Kmetijski objekt | Stanovanjska hiša;KMETIJSKI_OBJEKT | STANOVANJSKA_HISA;Zemljišče pod stavbo ali drugo stavbi ali delu stavbe pripadajoče zemljišče (zemljišče pod stavbo, dvorišče, dovozna pot, vrt, zelenica, stanovanjski atrij in podobno) | Zemljišče za kmetijsko rabo (njiva, travnik, pašnik);KMETIJSKO | PRIPADAJOCE;BREZOVICA;1724;PODPLEŠIVICA;PODPLEŠIVICA 13;2784/10 | 2784/22;1936/1 | 1937/1;1/5;1/5 | 4/5;0;105.0;20.94;20.14;6525.2;;;1880;1880;452232.0725;95347.73;0;0;;ETN_008_2021_KPP_2021_POSLI_20260724.csv
553574;2021-07-21;2021;2021-09-10;2021;75000.0;1;Prodaja nepremičnin na prostem trgu;2;Tržen posel – neustrezni podatki;Osnovna pogodba;Ne;;STAVBNO ZEMLJIŠČE;STAVBNO_ZEMLJISCE_CISTO;ENOSESTAVINSKI;B;GURS: tržen posel – neustrezni podatki;0;1;1;;;Zemljišče na katerem je mogoče graditi stavbo in ima gradbeno dovoljenje;STAVBNO;BREZOVICA;1724;;;348/11;;;1/1;1;;;;776.0;776.0;96.64948453608247;;;455425.39;98083.94;0;0;;ETN_008_2021_KPP_2021_POSLI_20260724.csv
553576;2021-07-26;2021;2021-09-10;2021;82000.0;1;Prodaja nepremičnin na prostem trgu;2;Tržen posel – neustrezni podatki;Osnovna pogodba;Ne;;HIŠA S PRIPADAJOČIM ZEMLJIŠČEM;HISA_CELI_POSEL;MEŠANI;B;GURS: tržen posel – neustrezni podatki;1;1;2;Stanovanjska hiša;STANOVANJSKA_HISA;Zemljišče pod stavbo ali drugo stavbi ali delu stavbe pripadajoče zemljišče (zemljišče pod stavbo, dvorišče, dovozna pot, vrt, zelenica, stanovanjski atrij in podobno);PRIPADAJOCE;RAKITNA;1652;RAKITNA;RAKITNA 291;1208/97;213/1;1/1;1/1;1;84.0;84.1;45.7;586.0;;;1967;1967;455774.89;83173.67499999999;0;0;;ETN_008_2021_KPP_2021_POSLI_20260724.csv
554244;2021-07-27;2021;2021-09-10;2021;20000.0;1;Prodaja nepremičnin na prostem trgu;2;Tržen posel – neustrezni podatki;Osnovna pogodba;Ne;;STAVBNO ZEMLJIŠČE;STAVBNO_ZEMLJISCE_CISTO;VEČSESTAVINSKI ISTOVRSTEN;B;GURS: tržen posel – neustrezni podatki;0;2;2;;;Zemljišče, na katerem je ali bo mogoče graditi stavbo in je delno komunalno opremljeno ali komunalno neopremljeno;STAVBNO;RAKITNA;1652;;;1258/4 | 1258/5;;;1/1;1;;;;408.0;408.0;49.01960784313726;;;456407.78500000003;83129.23;0;0;;ETN_008_2021_KPP_2021_POSLI_20260724.csv
554851;2021-08-11;2021;2021-09-11;2021;70805.0;1;Prodaja nepremičnin na prostem trgu;2;Tržen posel – neustrezni podatki;Osnovna pogodba;Ne;;STAVBNO ZEMLJIŠČE;STAVBNO_ZEMLJISCE_CISTO;ENOSESTAVINSKI;B;GURS: tržen posel – neustrezni podatki;0;1;1;;;Zemljišče, na katerem je ali bo mogoče graditi stavbo in je delno komunalno opremljeno ali komunalno neopremljeno;STAVBNO;KAMNIK;1704;;;2735/2;;;1/1;1;;;;833.0;833.0;85.0;;;454043.37;90483.06;0;0;;ETN_008_2021_KPP_2021_POSLI_20260724.csv
554857;2021-07-01;2021;2021-09-11;2021;32851.5;1;Prodaja nepremičnin na prostem trgu;1;Tržen posel;Osnovna pogodba;Ne;;KMETIJSKO ZEMLJIŠČE;KMETIJSKO_ZEMLJISCE_CISTO;ENOSESTAVINSKI;A;brez zaznanih dodatnih težav;0;1;1;;;Zemljišče za kmetijsko rabo (njiva, travnik, pašnik);KMETIJSKO;BREZOVICA;1724;;;2153/4;;;1/1;1;;;;5973.0;5973.0;5.5;;;454150.16;94830.82;0;0;;ETN_008_2021_KPP_2021_POSLI_20260724.csv
555392;2021-07-07;2021;2021-09-11;2021;4470.0;1;Prodaja nepremičnin na prostem trgu;1;Tržen posel;Osnovna pogodba;Ne;;GOZDNO ZEMLJIŠČE;GOZDNO_ZEMLJISCE_CISTO;ENOSESTAVINSKI;A;brez zaznanih dodatnih težav;0;1;1;;;Zemljišče za gozdno rabo (gozd);GOZDNO;RAKITNA;1652;;;1586/115;;;1/1;1;;;;11175.0;11175.0;0.4;;;459231.72;83315.37;0;0;;ETN_008_2021_KPP_2021_POSLI_20260724.csv
556816;2021-08-11;2021;2021-10-10;2021;170000.0;1;Prodaja nepremičnin na prostem trgu;2;Tržen posel – neustrezni podatki;Osnovna pogodba;Ne;;MEŠANO/DRUGO ZEMLJIŠČE;NI_NEPOSREDNO_RAZDELJIV;MEŠANI;B;GURS: tržen posel – neustrezni podatki;0;2;2;;;Zemljišče za kmetijsko rabo (njiva, travnik, pašnik) | Zemljišče, na katerem je mogoče graditi stavbo in je komunalno opremljeno (priključki na vodo, elektriko in neposredni dostop do dovozne poti);KMETIJSKO | STAVBNO;BREZOVICA;1724;;;378/10 | 378/11;;;1/1;1;;;;4714.0;;;;;454891.8;97819.505;0;0;;ETN_008_2021_KPP_2021_POSLI_20260724.csv
556972;2021-08-19;2021;2021-10-10;2021;85000.0;1;Prodaja nepremičnin na prostem trgu;2;Tržen posel – neustrezni podatki;Osnovna pogodba;Ne;;STANOVANJE Z DODATKI/ZEMLJIŠČEM;NI_NEPOSREDNO_RAZDELJIV;MEŠANI;B;GURS: tržen posel – neustrezni podatki;1;3;4;Stanovanje;STANOVANJE;Zemljišče pod stavbo ali drugo stavbi ali delu stavbe pripadajoče zemljišče (zemljišče pod stavbo, dvorišče, dovozna pot, vrt, zelenica, stanovanjski atrij in podobno);PRIPADAJOCE;BREZOVICA;1724;BREZOVICA PRI LJUBLJANI;MALOVAŠKA ULICA 1;607/56 | 607/57 | 607/58;1716/6;1/1;306/2000;0;58.0;58.2;38.0;51.254999999999995;;;1935;1935;454550.305;98388.2575;0;0;;ETN_008_2021_KPP_2021_POSLI_20260724.csv
557487;2021-06-23;2021;2021-10-10;2021;1546.0;1;Prodaja nepremičnin na prostem trgu;1;Tržen posel;Osnovna pogodba;Ne;;GOZDNO ZEMLJIŠČE;GOZDNO_ZEMLJISCE_CISTO;ENOSESTAVINSKI;A;brez zaznanih dodatnih težav;0;1;1;;;Zemljišče za gozdno rabo (gozd);GOZDNO;PRESERJE;1705;;;501/20;;;1/1;1;;;;3492.0;3492.0;0.4427262313860252;;;454520.36;91505.14;0;0;;ETN_008_2021_KPP_2021_POSLI_20260724.csv
557625;2021-04-15;2021;2021-10-10;2021;7699.0;1;Prodaja nepremičnin na prostem trgu;1;Tržen posel;Osnovna pogodba;Ne;;KMETIJSKO ZEMLJIŠČE;KMETIJSKO_ZEMLJISCE_CISTO;VEČSESTAVINSKI ISTOVRSTEN;A;brez zaznanih dodatnih težav;0;2;2;;;Zemljišče za kmetijsko rabo (njiva, travnik, pašnik);KMETIJSKO;PRESERJE;1705;;;1892/1 | 1958/1;;;1/1;1;;;;3080.0;3080.0;2.4996753246753247;;;456284.04500000004;89030.89;0;0;;ETN_008_2021_KPP_2021_POSLI_20260724.csv
557626;2021-04-15;2021;2021-10-10;2021;5637.0;1;Prodaja nepremičnin na prostem trgu;1;Tržen posel;Osnovna pogodba;Ne;;KMETIJSKO ZEMLJIŠČE;KMETIJSKO_ZEMLJISCE_CISTO;VEČSESTAVINSKI ISTOVRSTEN;A;brez zaznanih dodatnih težav;0;2;2;;;Zemljišče za kmetijsko rabo (njiva, travnik, pašnik);KMETIJSKO;PRESERJE;1705;;;1961 | 2032;;;1/1;1;;;;1899.0;1899.0;2.9684044233807265;;;456467.7;88791.735;0;0;;ETN_008_2021_KPP_2021_POSLI_20260724.csv
557627;2021-04-15;2021;2021-10-10;2021;1852.0;1;Prodaja nepremičnin na prostem trgu;1;Tržen posel;Osnovna pogodba;Ne;;KMETIJSKO ZEMLJIŠČE;KMETIJSKO_ZEMLJISCE_CISTO;ENOSESTAVINSKI;A;brez zaznanih dodatnih težav;0;1;1;;;Zemljišče za kmetijsko rabo (njiva, travnik, pašnik);KMETIJSKO;PRESERJE;1705;;;1894/2;;;1/1;1;;;;741.0;741.0;2.4993252361673415;;;456129.45;89067.35;0;0;;ETN_008_2021_KPP_2021_POSLI_20260724.csv
557727;2021-08-05;2021;2021-10-10;2021;145000.0;1;Prodaja nepremičnin na prostem trgu;3;Drug posel;Osnovna pogodba;Ne;;STANOVANJE;STANOVANJE_CISTO;ENOSESTAVINSKI;C;GURS tržnost: Drug posel;1;0;1;Stanovanje;STANOVANJE;;;BREZOVICA;1724;NOTRANJE GORICE;MAVSARJEVA CESTA 1 B;;4708/2;1/1;;1;126.0;126.0;0.0;;0.0;;2016;2016;454024.61;95223.09;0;0;;ETN_008_2021_KPP_2021_POSLI_20260724.csv
557841;2021-08-31;2021;2021-10-10;2021;18001.0;1;Prodaja nepremičnin na prostem trgu;1;Tržen posel;Osnovna pogodba;Ne;;KMETIJSKO ZEMLJIŠČE;KMETIJSKO_ZEMLJISCE_CISTO;VEČSESTAVINSKI ISTOVRSTEN;A;brez zaznanih dodatnih težav;0;3;3;;;Zemljišče za kmetijsko rabo (njiva, travnik, pašnik);KMETIJSKO;BREZOVICA;1724;;;3106 | 3107 | 3109;;;1/1;1;;;;18001.0;18001.0;1.0;;;451918.7766666667;94553.60333333333;0;0;;ETN_008_2021_KPP_2021_POSLI_20260724.csv
558386;2021-09-08;2021;2021-10-11;2021;81456.4;1;Prodaja nepremičnin na prostem trgu;2;Tržen posel – neustrezni podatki;Osnovna pogodba;Ne;;MEŠANO/DRUGO ZEMLJIŠČE;NI_NEPOSREDNO_RAZDELJIV;MEŠANI;B;GURS: tržen posel – neustrezni podatki;0;2;2;;;Zemljišče za kmetijsko rabo (njiva, travnik, pašnik) | Zemljišče, na katerem je mogoče graditi stavbo in je komunalno opremljeno (priključki na vodo, elektriko in neposredni dostop do dovozne poti);KMETIJSKO | STAVBNO;KAMNIK;1704;;;3/6 | 3/7;;;1/1;1;;;;1540.0;;;;;454229.26;90959.47;0;0;;ETN_008_2021_KPP_2021_POSLI_20260724.csv
558471;2021-09-08;2021;2021-10-11;2021;2393.6;1;Prodaja nepremičnin na prostem trgu;4;Neopredeljen posel;Osnovna pogodba;Ne;;STAVBNO ZEMLJIŠČE;STAVBNO_ZEMLJISCE_CISTO;ENOSESTAVINSKI;C;GURS tržnost: Neopredeljen posel;0;1;1;;;Zemljišče, na katerem je mogoče graditi stavbo in je komunalno opremljeno (priključki na vodo, elektriko in neposredni dostop do dovozne poti);STAVBNO;KAMNIK;1704;;;3/8;;;1/1;1;;;;32.0;32.0;74.8;;;454183.76;90951.47;0;0;;ETN_008_2021_KPP_2021_POSLI_20260724.csv
558857;2021-09-09;2021;2021-10-11;2021;30000.0;1;Prodaja nepremičnin na prostem trgu;3;Drug posel;Osnovna pogodba;Ne;;STANOVANJE Z DODATKI/ZEMLJIŠČEM;NI_NEPOSREDNO_RAZDELJIV;MEŠANI;C;GURS tržnost: Drug posel;2;1;3;Garaža | Stanovanje;PARKIRANJE | STANOVANJE;Zemljišče pod stavbo ali drugo stavbi ali delu stavbe pripadajoče zemljišče (zemljišče pod stavbo, dvorišče, dovozna pot, vrt, zelenica, stanovanjski atrij in podobno);PRIPADAJOCE;BREZOVICA;1724;NOTRANJE GORICE;GMAJNA 6;2141/5;3050/1 | 3738/1;1/6;1/6;0;195.0;32.4;24.416666666666664;115.16666666666666;;;1980;1980;454077.6133333333;95183.13666666667;0;0;;ETN_008_2021_KPP_2021_POSLI_20260724.csv
559543;2021-08-13;2021;2021-10-11;2021;51500.0;1;Prodaja nepremičnin na prostem trgu;2;Tržen posel – neustrezni podatki;Osnovna pogodba;Ne;;MEŠANI POSEL – STAVBA IN ZEMLJIŠČE;NI_NEPOSREDNO_RAZDELJIV;MEŠANI;B;GURS: tržen posel – neustrezni podatki;1;2;3;Tehnični ali pomožni prostori;POMOZNA_DRUGO;Zemljišče za gozdno rabo (gozd) | Zemljišče za kmetijsko rabo (njiva, travnik, pašnik);GOZDNO | KMETIJSKO;PRESERJE;1705;;;465/1 | 467;397/1;1/1;1/1;1;37.0;36.9;36.9;18401.0;;;1989;1989;454643.4366666667;91141.33;0;0;;ETN_008_2021_KPP_2021_POSLI_20260724.csv
559584;2021-09-17;2021;2021-10-11;2021;153000.0;1;Prodaja nepremičnin na prostem trgu;2;Tržen posel – neustrezni podatki;Osnovna pogodba;Ne;;HIŠA S PRIPADAJOČIM ZEMLJIŠČEM;HISA_CELI_POSEL;MEŠANI;B;GURS: tržen posel – neustrezni podatki;2;2;4;Garaža | Stanovanjska hiša;PARKIRANJE | STANOVANJSKA_HISA;Zemljišče pod stavbo ali drugo stavbi ali delu stavbe pripadajoče zemljišče (zemljišče pod stavbo, dvorišče, dovozna pot, vrt, zelenica, stanovanjski atrij in podobno);PRIPADAJOCE;RAKITNA;1652;RAKITNA;RAKITNA 256;1208/100 | 1208/222;218/1 | 219/1;1/1;1/1;1;167.0;167.0;112.6;1083.0;;;1970;1970;455725.9875;83139.945;0;0;;ETN_008_2021_KPP_2021_POSLI_20260724.csv
581784;2021-09-22;2021;2021-11-10;2021;64125.0;1;Prodaja nepremičnin na prostem trgu;2;Tržen posel – neustrezni podatki;Osnovna pogodba;Ne;;STAVBNO ZEMLJIŠČE;NI_NEPOSREDNO_RAZDELJIV;VEČSESTAVINSKI ISTOVRSTEN;B;GURS: tržen posel – neustrezni podatki;0;5;5;;;Zemljišče na katerem je mogoče graditi stavbo in ima gradbeno dovoljenje;STAVBNO;RAKITNA;1652;;;1208/173 | 1208/247 | 1208/248 | 1208/89 | 1208/90;;;1/1 | 3/20;0;;;;855.5;;;;;455703.13399999996;83310.726;0;0;;ETN_008_2021_KPP_2021_POSLI_20260724.csv
581860;2021-09-20;2021;2021-11-10;2021;25000.0;1;Prodaja nepremičnin na prostem trgu;3;Drug posel;Osnovna pogodba;Ne;;HIŠA S PRIPADAJOČIM ZEMLJIŠČEM;NI_NEPOSREDNO_RAZDELJIV;MEŠANI;C;GURS tržnost: Drug posel;2;1;3;Kmetijski objekt | Stanovanjska hiša;KMETIJSKI_OBJEKT | STANOVANJSKA_HISA;Zemljišče pod stavbo ali drugo stavbi ali delu stavbe pripadajoče zemljišče (zemljišče pod stavbo, dvorišče, dovozna pot, vrt, zelenica, stanovanjski atrij in podobno);PRIPADAJOCE;BREZOVICA;1724;NOTRANJE GORICE;PODPEŠKA CESTA 403;2622/2;3531/1 | 3542/1;1/3;1/3;0;188.0;62.666666666666664;56.0;419.66666666666663;;;1800;1800;453563.99;94229.15999999999;0;0;;ETN_008_2021_KPP_2021_POSLI_20260724.csv
581861;2021-09-13;2021;2021-11-10;2021;9000.0;1;Prodaja nepremičnin na prostem trgu;1;Tržen posel;Osnovna pogodba;Ne;;KMETIJSKO ZEMLJIŠČE;KMETIJSKO_ZEMLJISCE_CISTO;ENOSESTAVINSKI;A;brez zaznanih dodatnih težav;0;1;1;;;Zemljišče za kmetijsko rabo (njiva, travnik, pašnik);KMETIJSKO;KAMNIK;1704;;;162;;;1/1;1;;;;9794.0;9794.0;0.918929957116602;;;453813.62;91475.17;0;0;;ETN_008_2021_KPP_2021_POSLI_20260724.csv
582242;2021-09-27;2021;2021-11-10;2021;25500.0;1;Prodaja nepremičnin na prostem trgu;2;Tržen posel – neustrezni podatki;Osnovna pogodba;Ne;;STAVBNO ZEMLJIŠČE;STAVBNO_ZEMLJISCE_CISTO;ENOSESTAVINSKI;B;GURS: tržen posel – neustrezni podatki;0;1;1;;;Zemljišče, na katerem je ali bo mogoče graditi stavbo in je delno komunalno opremljeno ali komunalno neopremljeno;STAVBNO;RAKITNA;1652;;;1304/14;;;1/1;1;;;;447.0;447.0;57.04697986577181;;;456444.01;82569.64;0;0;;ETN_008_2021_KPP_2021_POSLI_20260724.csv
582463;2021-09-27;2021;2021-11-10;2021;5000.0;1;Prodaja nepremičnin na prostem trgu;3;Drug posel;Osnovna pogodba;Ne;;POSLOVNA/DRUGA STAVBA;NI_NEPOSREDNO_RAZDELJIV;ENOSESTAVINSKI;C;GURS tržnost: Drug posel;1;0;1;Pisarniški prostori;POSLOVNA_DRUGA;;;BREZOVICA;1724;VNANJE GORICE;ZA TRGOVINO 7;;2567/4;1/1;;1;19.0;18.7;18.7;;;;1976;1976;454449.58;96588.18;0;0;;ETN_008_2021_KPP_2021_POSLI_20260724.csv
582466;2021-08-23;2021;2021-11-10;2021;27000.0;1;Prodaja nepremičnin na prostem trgu;2;Tržen posel – neustrezni podatki;Osnovna pogodba;Ne;;KMETIJSKO ZEMLJIŠČE;KMETIJSKO_ZEMLJISCE_CISTO;VEČSESTAVINSKI ISTOVRSTEN;B;GURS: tržen posel – neustrezni podatki;0;4;4;;;Zemljišče za kmetijsko rabo (njiva, travnik, pašnik);KMETIJSKO;RAKITNA;1652;;;594 | 631 | 632 | 635;;;1/1;1;;;;21423.0;21423.0;1.2603276851981515;;;456623.99;84209.385;0;0;;ETN_008_2021_KPP_2021_POSLI_20260724.csv
582481;2021-09-13;2021;2021-11-10;2021;55000.0;1;Prodaja nepremičnin na prostem trgu;2;Tržen posel – neustrezni podatki;Osnovna pogodba;Ne;;HIŠA S PRIPADAJOČIM ZEMLJIŠČEM;NI_NEPOSREDNO_RAZDELJIV;MEŠANI;B;GURS: tržen posel – neustrezni podatki;2;1;3;Kmetijski objekt | Stanovanjska hiša;KMETIJSKI_OBJEKT | STANOVANJSKA_HISA;Zemljišče pod stavbo ali drugo stavbi ali delu stavbe pripadajoče zemljišče (zemljišče pod stavbo, dvorišče, dovozna pot, vrt, zelenica, stanovanjski atrij in podobno);PRIPADAJOCE;BREZOVICA;1724;NOTRANJE GORICE;PODPEŠKA CESTA 398;2610;3474/1 | 3475/1;1/1;1/1;1;167.0;167.1;149.0;333.0;;;1921;1921;453499.80666666664;94255.53000000001;0;0;;ETN_008_2021_KPP_2021_POSLI_20260724.csv
582784;2021-08-28;2021;2021-11-10;2021;3640.0;1;Prodaja nepremičnin na prostem trgu;1;Tržen posel;Osnovna pogodba;Ne;;GOZDNO ZEMLJIŠČE;GOZDNO_ZEMLJISCE_CISTO;ENOSESTAVINSKI;A;brez zaznanih dodatnih težav;0;1;1;;;Zemljišče za gozdno rabo (gozd);GOZDNO;RAKITNA;1652;;;1586/119;;;1/1;1;;;;9100.0;9100.0;0.4;;;459445.4;83062.27;0;0;;ETN_008_2021_KPP_2021_POSLI_20260724.csv
582807;2021-09-30;2021;2021-11-10;2021;222000.0;1;Prodaja nepremičnin na prostem trgu;2;Tržen posel – neustrezni podatki;Osnovna pogodba;Ne;;STANOVANJE Z DODATKI/ZEMLJIŠČEM;NI_NEPOSREDNO_RAZDELJIV;MEŠANI;B;GURS: tržen posel – neustrezni podatki;1;6;7;Stanovanje;STANOVANJE;Zemljišče, na katerem je cesta ali parkirišče;INFRASTRUKTURA;BREZOVICA;1724;VNANJE GORICE;NOVA POT 127 E;1542/132 | 1542/133 | 1542/188 | 1542/219 | 1542/220 | 1542/225;4162/3;1/1;1/1 | 1/36;0;112.0;112.3;74.8;74.58333333333333;;;2009;2009;456034.35285714286;96985.2757142857;0;0;;ETN_008_2021_KPP_2021_POSLI_20260724.csv
583029;2021-10-07;2021;2021-11-10;2021;200000.0;1;Prodaja nepremičnin na prostem trgu;2;Tržen posel – neustrezni podatki;Osnovna pogodba;Ne;;HIŠA S PRIPADAJOČIM ZEMLJIŠČEM;HISA_CELI_POSEL;MEŠANI;B;GURS: tržen posel – neustrezni podatki;2;2;4;Garaža | Stanovanjska hiša;PARKIRANJE | STANOVANJSKA_HISA;Zemljišče pod stavbo ali drugo stavbi ali delu stavbe pripadajoče zemljišče (zemljišče pod stavbo, dvorišče, dovozna pot, vrt, zelenica, stanovanjski atrij in podobno);PRIPADAJOCE;BREZOVICA;1724;NOTRANJE GORICE;VRSTNA ULICA 33;2150/38 | 2150/44;3224/1 | 3865/1;1/1;1/1;1;135.0;134.2;108.0;179.0;;;1979;1982;454207.165;94962.72750000001;0;0;;ETN_008_2021_KPP_2021_POSLI_20260724.csv
583431;2021-09-07;2021;2021-11-10;2021;31580.0;1;Prodaja nepremičnin na prostem trgu;2;Tržen posel – neustrezni podatki;Osnovna pogodba;Ne;;STAVBNO ZEMLJIŠČE;STAVBNO_ZEMLJISCE_CISTO;ENOSESTAVINSKI;B;GURS: tržen posel – neustrezni podatki;0;1;1;;;Zemljišče, na katerem je ali bo mogoče graditi stavbo in je delno komunalno opremljeno ali komunalno neopremljeno;STAVBNO;BREZOVICA;1724;;;1354/20;;;1/1;1;;;;297.0;297.0;106.32996632996633;;;455069.52;96130.49;0;0;;ETN_008_2021_KPP_2021_POSLI_20260724.csv
583536;2021-10-12;2021;2021-11-10;2021;192500.0;1;Prodaja nepremičnin na prostem trgu;2;Tržen posel – neustrezni podatki;Osnovna pogodba;Ne;;STANOVANJE Z DODATKI/ZEMLJIŠČEM;NI_NEPOSREDNO_RAZDELJIV;MEŠANI;B;GURS: tržen posel – neustrezni podatki;2;3;5;Stanovanje | Tehnični ali pomožni prostori;POMOZNA_DRUGO | STANOVANJE;Zemljišče pod stavbo ali drugo stavbi ali delu stavbe pripadajoče zemljišče (zemljišče pod stavbo, dvorišče, dovozna pot, vrt, zelenica, stanovanjski atrij in podobno) | Zemljišče, na katerem je cesta ali parkirišče;INFRASTRUKTURA | PRIPADAJOCE;BREZOVICA;1724;BREZOVICA PRI LJUBLJANI;KAPALNIŠKA POT 7;298/15 | 298/17 | 298/26;3634/3 | 3634/4;1/1;1/1 | 1/9 | 897/5000;0;86.0;86.4;76.0;64.79304444444445;;;2005;2005;455627.074;98675.59;0;0;;ETN_008_2021_KPP_2021_POSLI_20260724.csv
584116;2021-10-19;2021;2021-11-11;2021;92430.0;1;Prodaja nepremičnin na prostem trgu;2;Tržen posel – neustrezni podatki;Osnovna pogodba;Ne;;STAVBNO ZEMLJIŠČE;STAVBNO_ZEMLJISCE_CISTO;VEČSESTAVINSKI ISTOVRSTEN;B;GURS: tržen posel – neustrezni podatki;0;3;3;;;Zemljišče, na katerem je ali bo mogoče graditi stavbo in je delno komunalno opremljeno ali komunalno neopremljeno;STAVBNO;RAKITNA;1652;;;893/11 | 893/84 | 893/93;;;1/1;1;;;;2054.0;2054.0;45.0;;;456045.2166666666;83357.93;0;0;;ETN_008_2021_KPP_2021_POSLI_20260724.csv
584235;2021-09-27;2021;2021-11-11;2021;2690.0;1;Prodaja nepremičnin na prostem trgu;2;Tržen posel – neustrezni podatki;Osnovna pogodba;Ne;;KMETIJSKO ZEMLJIŠČE;KMETIJSKO_ZEMLJISCE_CISTO;ENOSESTAVINSKI;B;GURS: tržen posel – neustrezni podatki;0;1;1;;;Zemljišče za kmetijsko rabo (njiva, travnik, pašnik);KMETIJSKO;BREZOVICA;1724;;;1349/7;;;1/1;1;;;;162.0;162.0;16.604938271604937;;;454861.99;95885.36;0;0;;ETN_008_2021_KPP_2021_POSLI_20260724.csv
623017;2021-06-11;2021;2021-12-01;2021;247660.0;1;Prodaja nepremičnin na prostem trgu;4;Neopredeljen posel;Osnovna pogodba;Da;22,0%;MEŠANO/DRUGO ZEMLJIŠČE;NI_NEPOSREDNO_RAZDELJIV;MEŠANI;C;GURS tržnost: Neopredeljen posel;0;2;2;;;Zemljišče na katerem je mogoče graditi stavbo in ima gradbeno dovoljenje | Zemljišče, na katerem je cesta ali parkirišče;INFRASTRUKTURA | STAVBNO;PRESERJE;1705;;;100/19 | 100/20;;;100/100 | 146/1000;0;;;;1102.456;;;;;455204.08999999997;90587.315;0;0;Prodaja zazidljive parcele s projektom in pridobljenim gradbenim dovoljenjem za gradnjo dveh dvo-stanovanjskih objektov.;ETN_008_2021_KPP_2021_POSLI_20260724.csv
628648;2021-10-22;2021;2021-12-10;2021;85000.0;1;Prodaja nepremičnin na prostem trgu;2;Tržen posel – neustrezni podatki;Osnovna pogodba;Ne;;STAVBNO ZEMLJIŠČE;NI_NEPOSREDNO_RAZDELJIV;VEČSESTAVINSKI ISTOVRSTEN;B;GURS: tržen posel – neustrezni podatki;0;3;3;;;Zemljišče, na katerem je ali bo mogoče graditi stavbo in je delno komunalno opremljeno ali komunalno neopremljeno;STAVBNO;KAMNIK;1704;;;2717/2 | 2717/4 | 2726/6;;;1/1 | 1/2;0;;;;867.5;;;;;454092.2266666666;90500.48;0;0;;ETN_008_2021_KPP_2021_POSLI_20260724.csv
628866;2021-10-25;2021;2021-12-10;2021;3000.01;1;Prodaja nepremičnin na prostem trgu;2;Tržen posel – neustrezni podatki;Osnovna pogodba;Ne;;STAVBNO ZEMLJIŠČE;STAVBNO_ZEMLJISCE_CISTO;ENOSESTAVINSKI;B;GURS: tržen posel – neustrezni podatki;0;1;1;;;Zemljišče na katerem je mogoče graditi stavbo in ima gradbeno dovoljenje;STAVBNO;JEZERO;1703;;;362/178;;;1/1;1;;;;47.0;47.0;63.830000000000005;;;455043.3;93200.31;0;0;;ETN_008_2021_KPP_2021_POSLI_20260724.csv
629059;2021-11-02;2021;2021-12-10;2021;113000.0;1;Prodaja nepremičnin na prostem trgu;2;Tržen posel – neustrezni podatki;Osnovna pogodba;Ne;;STAVBNO ZEMLJIŠČE;STAVBNO_ZEMLJISCE_CISTO;VEČSESTAVINSKI ISTOVRSTEN;B;GURS: tržen posel – neustrezni podatki;0;4;4;;;Zemljišče, na katerem je ali bo mogoče graditi stavbo in je delno komunalno opremljeno ali komunalno neopremljeno;STAVBNO;BREZOVICA;1724;;;2466/10 | 2466/11 | 2466/8 | 2466/9;;;1/1;1;;;;1713.0;1713.0;65.96614127262113;;;453318.115;94471.485;0;0;;ETN_008_2021_KPP_2021_POSLI_20260724.csv
629203;2021-10-30;2021;2021-12-10;2021;40640.0;1;Prodaja nepremičnin na prostem trgu;2;Tržen posel – neustrezni podatki;Osnovna pogodba;Ne;;STAVBNO ZEMLJIŠČE;STAVBNO_ZEMLJISCE_CISTO;VEČSESTAVINSKI ISTOVRSTEN;B;GURS: tržen posel – neustrezni podatki;0;2;2;;;Zemljišče na katerem je mogoče graditi stavbo in ima gradbeno dovoljenje;STAVBNO;BREZOVICA;1724;;;252/25 | 252/32;;;1/1;1;;;;522.0;522.0;77.8544061302682;;;455076.095;98777.37;0;0;;ETN_008_2021_KPP_2021_POSLI_20260724.csv
629314;2021-04-10;2021;2021-12-10;2021;4437.0;1;Prodaja nepremičnin na prostem trgu;2;Tržen posel – neustrezni podatki;Osnovna pogodba;Ne;;GOZDNO ZEMLJIŠČE;GOZDNO_ZEMLJISCE_CISTO;ENOSESTAVINSKI;B;GURS: tržen posel – neustrezni podatki;0;1;1;;;Zemljišče za gozdno rabo (gozd);GOZDNO;JEZERO;1703;;;846;;;1/1;1;;;;8730.0;8730.0;0.5082474226804123;;;457220.47;91013.5;0;0;;ETN_008_2021_KPP_2021_POSLI_20260724.csv
629567;2021-07-15;2021;2021-12-10;2021;1295.0;1;Prodaja nepremičnin na prostem trgu;3;Drug posel;Osnovna pogodba;Ne;;GOZDNO ZEMLJIŠČE;NI_NEPOSREDNO_RAZDELJIV;ENOSESTAVINSKI;C;GURS tržnost: Drug posel;0;1;1;;;Zemljišče za gozdno rabo (gozd);GOZDNO;JEZERO;1703;;;501/9;;;1/3;0;;;;1438.6666666666665;;;;;455710.3;92095.82;0;0;;ETN_008_2021_KPP_2021_POSLI_20260724.csv
629589;2021-08-02;2021;2021-12-10;2021;1000.0;1;Prodaja nepremičnin na prostem trgu;2;Tržen posel – neustrezni podatki;Osnovna pogodba;Ne;;GOZDNO ZEMLJIŠČE;GOZDNO_ZEMLJISCE_CISTO;ENOSESTAVINSKI;B;GURS: tržen posel – neustrezni podatki;0;1;1;;;Zemljišče za gozdno rabo (gozd);GOZDNO;RAKITNA;1652;;;1098;;;1/1;1;;;;1138.0;1138.0;0.8787346221441125;;;455521.69;83444.82;0;0;;ETN_008_2021_KPP_2021_POSLI_20260724.csv
629738;2021-11-08;2021;2021-12-10;2021;182700.0;1;Prodaja nepremičnin na prostem trgu;2;Tržen posel – neustrezni podatki;Osnovna pogodba;Ne;;STANOVANJE;STANOVANJE_CISTO;ENOSESTAVINSKI;B;GURS: tržen posel – neustrezni podatki;1;0;1;Stanovanje;STANOVANJE;;;BREZOVICA;1724;NOTRANJE GORICE;PODKLIN 14;;3495/2;1/1;;1;81.0;80.9;80.9;;80.9;2258.343634116193;1986;1986;453292.97;94176.54;0;0;;ETN_008_2021_KPP_2021_POSLI_20260724.csv
629745;2021-11-08;2021;2021-12-10;2021;220300.0;1;Prodaja nepremičnin na prostem trgu;2;Tržen posel – neustrezni podatki;Osnovna pogodba;Ne;;STAVBNO ZEMLJIŠČE;STAVBNO_ZEMLJISCE_CISTO;ENOSESTAVINSKI;B;GURS: tržen posel – neustrezni podatki;0;1;1;;;Zemljišče, na katerem je ali bo mogoče graditi stavbo in je delno komunalno opremljeno ali komunalno neopremljeno;STAVBNO;BREZOVICA;1724;;;933/1;;;1/1;1;;;;2203.0;2203.0;100.0;;;453637.61;95727.19;0;0;;ETN_008_2021_KPP_2021_POSLI_20260724.csv
630133;2021-11-09;2021;2021-12-10;2021;64125.0;1;Prodaja nepremičnin na prostem trgu;2;Tržen posel – neustrezni podatki;Osnovna pogodba;Ne;;STAVBNO ZEMLJIŠČE;NI_NEPOSREDNO_RAZDELJIV;VEČSESTAVINSKI ISTOVRSTEN;B;GURS: tržen posel – neustrezni podatki;0;5;5;;;Zemljišče na katerem je mogoče graditi stavbo in ima gradbeno dovoljenje;STAVBNO;RAKITNA;1652;;;1208/173 | 1208/247 | 1208/248 | 1208/89 | 1208/90;;;1/1 | 3/20;0;;;;855.5;;;;;455703.13399999996;83310.726;0;0;;ETN_008_2021_KPP_2021_POSLI_20260724.csv
630190;2021-11-02;2021;2021-12-10;2021;13476.04;1;Prodaja nepremičnin na prostem trgu;4;Neopredeljen posel;Osnovna pogodba;Ne;;STAVBNO ZEMLJIŠČE;STAVBNO_ZEMLJISCE_CISTO;ENOSESTAVINSKI;C;GURS tržnost: Neopredeljen posel;0;1;1;;;Zemljišče na katerem je mogoče graditi stavbo in ima gradbeno dovoljenje;STAVBNO;BREZOVICA;1724;;;3516/1;;;1/1;1;;;;546.0;546.0;24.681391941391944;;;454004.15;95258.49;0;0;;ETN_008_2021_KPP_2021_POSLI_20260724.csv
630191;2021-11-02;2021;2021-12-10;2021;948.08;1;Prodaja nepremičnin na prostem trgu;4;Neopredeljen posel;Osnovna pogodba;Ne;;STAVBNO ZEMLJIŠČE;STAVBNO_ZEMLJISCE_CISTO;ENOSESTAVINSKI;C;GURS tržnost: Neopredeljen posel;0;1;1;;;Zemljišče na katerem je mogoče graditi stavbo in ima gradbeno dovoljenje;STAVBNO;BREZOVICA;1724;;;2636/7;;;1/1;1;;;;323.0;323.0;2.935232198142415;;;453679.36;94336.28;0;0;;ETN_008_2021_KPP_2021_POSLI_20260724.csv
630345;2021-09-08;2021;2021-12-11;2021;20195.0;1;Prodaja nepremičnin na prostem trgu;1;Tržen posel;Osnovna pogodba;Ne;;KMETIJSKO ZEMLJIŠČE;KMETIJSKO_ZEMLJISCE_CISTO;ENOSESTAVINSKI;A;brez zaznanih dodatnih težav;0;1;1;;;Zemljišče za kmetijsko rabo (njiva, travnik, pašnik);KMETIJSKO;BREZOVICA;1724;;;834;;;1/1;1;;;;4039.0;4039.0;5.0;;;453900.69;96022.83;0;0;;ETN_008_2021_KPP_2021_POSLI_20260724.csv
630351;2021-11-04;2021;2021-12-11;2021;112160.0;1;Prodaja nepremičnin na prostem trgu;4;Neopredeljen posel;Osnovna pogodba;Ne;;STAVBNO ZEMLJIŠČE;STAVBNO_ZEMLJISCE_CISTO;ENOSESTAVINSKI;C;GURS tržnost: Neopredeljen posel;0;1;1;;;Zemljišče, na katerem je ali bo mogoče graditi stavbo in je delno komunalno opremljeno ali komunalno neopremljeno;STAVBNO;BREZOVICA;1724;;;607/77;;;1/1;1;;;;701.0;701.0;160.0;;;454507.35;97892.22;0;0;;ETN_008_2021_KPP_2021_POSLI_20260724.csv
630674;2021-11-11;2021;2021-12-11;2021;135000.0;1;Prodaja nepremičnin na prostem trgu;2;Tržen posel – neustrezni podatki;Osnovna pogodba;Ne;;HIŠA S PRIPADAJOČIM ZEMLJIŠČEM;HISA_CELI_POSEL;MEŠANI;B;GURS: tržen posel – neustrezni podatki;1;1;2;Stanovanjska hiša;STANOVANJSKA_HISA;Zemljišče na katerem je mogoče graditi stavbo in ima gradbeno dovoljenje;STAVBNO;BREZOVICA;1724;VNANJE GORICE;PODPEŠKA CESTA 145;1095/16;2539/3;1/1;17/100;0;78.0;78.0;71.3;64.43;;;1972;1972;454533.26;96730.195;0;0;;ETN_008_2021_KPP_2021_POSLI_20260724.csv
630678;2021-11-15;2021;2021-12-11;2021;15000.0;4;Prodaja nepremičnin družinskim članom, med povezanimi fizičnimi in pravnimi osebami ali med povezanimi pravnimi osebami;4;Neopredeljen posel;Osnovna pogodba;Ne;;HIŠA S PRIPADAJOČIM ZEMLJIŠČEM;HISA_CELI_POSEL;MEŠANI;C;"GURS tržnost: Neopredeljen posel; ni prosti trg/prostovoljna javna prodaja";1;1;2;Stanovanjska hiša;STANOVANJSKA_HISA;Zemljišče pod stavbo ali drugo stavbi ali delu stavbe pripadajoče zemljišče (zemljišče pod stavbo, dvorišče, dovozna pot, vrt, zelenica, stanovanjski atrij in podobno);PRIPADAJOCE;RAKITNA;1652;RAKITNA;RAKITNA 25 L;1208/92;887/1;1/4;1/4;0;65.0;16.175;8.3;127.5;;;2000;2000;455683.615;83339.16;0;0;;ETN_008_2021_KPP_2021_POSLI_20260724.csv
630682;2021-11-11;2021;2021-12-11;2021;50000.0;1;Prodaja nepremičnin na prostem trgu;2;Tržen posel – neustrezni podatki;Osnovna pogodba;Ne;;STANOVANJE Z DODATKI/ZEMLJIŠČEM;NI_NEPOSREDNO_RAZDELJIV;MEŠANI;B;GURS: tržen posel – neustrezni podatki;1;1;2;Stanovanje;STANOVANJE;Zemljišče pod stavbo ali drugo stavbi ali delu stavbe pripadajoče zemljišče (zemljišče pod stavbo, dvorišče, dovozna pot, vrt, zelenica, stanovanjski atrij in podobno);PRIPADAJOCE;BREZOVICA;1724;VNANJE GORICE;PODPEŠKA CESTA 145;1095/16;2539/4;1/1;12/100;0;54.0;53.5;51.2;45.48;;;1972;1972;454533.26;96730.195;0;0;;ETN_008_2021_KPP_2021_POSLI_20260724.csv
632190;2021-11-11;2021;2022-01-10;2022;105000.0;1;Prodaja nepremičnin na prostem trgu;2;Tržen posel – neustrezni podatki;Osnovna pogodba;Ne;;STANOVANJE Z DODATKI/ZEMLJIŠČEM;NI_NEPOSREDNO_RAZDELJIV;MEŠANI;B;GURS: tržen posel – neustrezni podatki;1;1;2;Stanovanje;STANOVANJE;Zemljišče pod stavbo ali drugo stavbi ali delu stavbe pripadajoče zemljišče (zemljišče pod stavbo, dvorišče, dovozna pot, vrt, zelenica, stanovanjski atrij in podobno);PRIPADAJOCE;BREZOVICA;1724;VNANJE GORICE;PODPEŠKA CESTA 145;1095/16;2539/5;1/1;17/100;0;112.0;112.2;70.7;64.43;;;1972;1972;454533.26;96730.195;0;0;;ETN_008_2022_KPP_2022_POSLI_20260724.csv
632227;2021-09-15;2021;2022-01-10;2022;8500.0;1;Prodaja nepremičnin na prostem trgu;2;Tržen posel – neustrezni podatki;Osnovna pogodba;Ne;;KMETIJSKO ZEMLJIŠČE;KMETIJSKO_ZEMLJISCE_CISTO;ENOSESTAVINSKI;B;GURS: tržen posel – neustrezni podatki;0;1;1;;;Zemljišče za kmetijsko rabo (njiva, travnik, pašnik);KMETIJSKO;BREZOVICA;1724;;;1780;;;1/1;1;;;;6172.0;6172.0;1.3771872974724562;;;458232.14;96610.04;0;0;;ETN_008_2022_KPP_2022_POSLI_20260724.csv
632261;2021-11-11;2021;2022-01-10;2022;90000.0;1;Prodaja nepremičnin na prostem trgu;2;Tržen posel – neustrezni podatki;Osnovna pogodba;Ne;;STANOVANJE Z DODATKI/ZEMLJIŠČEM;NI_NEPOSREDNO_RAZDELJIV;MEŠANI;B;GURS: tržen posel – neustrezni podatki;1;2;3;Stanovanje;STANOVANJE;Zemljišče pod stavbo ali drugo stavbi ali delu stavbe pripadajoče zemljišče (zemljišče pod stavbo, dvorišče, dovozna pot, vrt, zelenica, stanovanjski atrij in podobno) | Zemljišče za kmetijsko rabo (njiva, travnik, pašnik);KMETIJSKO | PRIPADAJOCE;BREZOVICA;1724;VNANJE GORICE;PODPEŠKA CESTA 145;1095/16 | 1095/18;2539/1;1/1;1/1 | 17/100;0;77.0;77.4;77.4;122.43;;;1972;1972;454535.74333333335;96726.06;0;0;;ETN_008_2022_KPP_2022_POSLI_20260724.csv
632262;2021-11-12;2021;2022-01-10;2022;85000.0;1;Prodaja nepremičnin na prostem trgu;2;Tržen posel – neustrezni podatki;Osnovna pogodba;Ne;;MEŠANO/DRUGO ZEMLJIŠČE;NI_NEPOSREDNO_RAZDELJIV;MEŠANI;B;GURS: tržen posel – neustrezni podatki;0;3;3;;;Zemljišče za kmetijsko rabo (njiva, travnik, pašnik) | Zemljišče, na katerem je ali bo mogoče graditi stavbo in je delno komunalno opremljeno ali komunalno neopremljeno;KMETIJSKO | STAVBNO;BREZOVICA;1724;;;3021/3 | 3021/5 | 3021/6;;;1/1;1;;;;1058.0;;;;;451952.1966666666;96151.11333333333;0;0;;ETN_008_2022_KPP_2022_POSLI_20260724.csv
632500;2021-11-22;2021;2022-01-10;2022;60000.0;1;Prodaja nepremičnin na prostem trgu;2;Tržen posel – neustrezni podatki;Osnovna pogodba;Ne;;STAVBNO ZEMLJIŠČE;STAVBNO_ZEMLJISCE_CISTO;ENOSESTAVINSKI;B;GURS: tržen posel – neustrezni podatki;0;1;1;;;Zemljišče na katerem je mogoče graditi stavbo in ima gradbeno dovoljenje;STAVBNO;RAKITNA;1652;;;893/150;;;1/1;1;;;;700.0;700.0;85.71428571428571;;;456126.24;83030.44;0;0;;ETN_008_2022_KPP_2022_POSLI_20260724.csv
632637;2021-11-30;2021;2022-01-10;2022;22500.0;1;Prodaja nepremičnin na prostem trgu;2;Tržen posel – neustrezni podatki;Osnovna pogodba;Ne;;STAVBNO ZEMLJIŠČE;STAVBNO_ZEMLJISCE_CISTO;ENOSESTAVINSKI;B;GURS: tržen posel – neustrezni podatki;0;1;1;;;Zemljišče, na katerem je ali bo mogoče graditi stavbo in je delno komunalno opremljeno ali komunalno neopremljeno;STAVBNO;RAKITNA;1652;;;1273/26;;;1/1;1;;;;1000.0;1000.0;22.5;;;456110.15;82648.63;0;0;;ETN_008_2022_KPP_2022_POSLI_20260724.csv
632844;2021-11-30;2021;2022-01-10;2022;43600.0;1;Prodaja nepremičnin na prostem trgu;2;Tržen posel – neustrezni podatki;Osnovna pogodba;Ne;;STAVBNO ZEMLJIŠČE;STAVBNO_ZEMLJISCE_CISTO;ENOSESTAVINSKI;B;GURS: tržen posel – neustrezni podatki;0;1;1;;;Zemljišče, na katerem je ali bo mogoče graditi stavbo in je delno komunalno opremljeno ali komunalno neopremljeno;STAVBNO;BREZOVICA;1724;;;369/54;;;1/1;1;;;;218.0;218.0;200.0;;;455173.36;98331.69;0;0;;ETN_008_2022_KPP_2022_POSLI_20260724.csv
632855;2021-11-18;2021;2022-01-10;2022;55000.0;1;Prodaja nepremičnin na prostem trgu;2;Tržen posel – neustrezni podatki;Osnovna pogodba;Ne;;STANOVANJE;STANOVANJE_CISTO;ENOSESTAVINSKI;B;GURS: tržen posel – neustrezni podatki;1;0;1;Stanovanje;STANOVANJE;;;BREZOVICA;1724;PLEŠIVICA;PLEŠIVICA 64;;1986/11;1/1;;1;26.0;25.7;25.6;;25.6;2148.4375;1984;1984;453029.7;95712.28;0;0;;ETN_008_2022_KPP_2022_POSLI_20260724.csv
633373;2021-12-10;2021;2022-01-10;2022;260.0;1;Prodaja nepremičnin na prostem trgu;2;Tržen posel – neustrezni podatki;Osnovna pogodba;Ne;;STAVBNO ZEMLJIŠČE;STAVBNO_ZEMLJISCE_CISTO;ENOSESTAVINSKI;B;GURS: tržen posel – neustrezni podatki;0;1;1;;;Zemljišče na katerem je mogoče graditi stavbo in ima gradbeno dovoljenje;STAVBNO;BREZOVICA;1724;;;571/63;;;1/1;1;;;;13.0;13.0;20.0;;;454731.13;97393.33;0;0;;ETN_008_2022_KPP_2022_POSLI_20260724.csv
633610;2021-12-24;2021;2022-01-10;2022;260000.0;1;Prodaja nepremičnin na prostem trgu;2;Tržen posel – neustrezni podatki;Osnovna pogodba;Ne;;HIŠA S PRIPADAJOČIM ZEMLJIŠČEM;HISA_CELI_POSEL;MEŠANI;B;GURS: tržen posel – neustrezni podatki;1;1;2;Stanovanjska hiša;STANOVANJSKA_HISA;Zemljišče pod stavbo ali drugo stavbi ali delu stavbe pripadajoče zemljišče (zemljišče pod stavbo, dvorišče, dovozna pot, vrt, zelenica, stanovanjski atrij in podobno);PRIPADAJOCE;RAKITNA;1652;RAKITNA;RAKITNA 414;1398/13;956/1;1/1;1/1;1;122.0;121.9;115.2;718.0;;;2013;2013;456601.92500000005;82736.35;0;0;;ETN_008_2022_KPP_2022_POSLI_20260724.csv
633737;2021-11-24;2021;2022-01-10;2022;8297.8;3;Prodaja nepremicnin na javni dražbi ali druga oblika javne prodaje v izvršilnem postopku, prisilni poravnavi, stečaju ali stečajnem postopku;3;Drug posel;Osnovna pogodba;Ne;;HIŠA S PRIPADAJOČIM ZEMLJIŠČEM;NI_NEPOSREDNO_RAZDELJIV;MEŠANI;C;"GURS tržnost: Drug posel; ni prosti trg/prostovoljna javna prodaja";2;2;4;Kmetijski objekt | Stanovanjska hiša;KMETIJSKI_OBJEKT | STANOVANJSKA_HISA;Zemljišče pod stavbo ali drugo stavbi ali delu stavbe pripadajoče zemljišče (zemljišče pod stavbo, dvorišče, dovozna pot, vrt, zelenica, stanovanjski atrij in podobno);PRIPADAJOCE;KAMNIK;1704;KAMNIK POD KRIMOM;KAMNIK POD KRIMOM 14;3540 | 899/1;191/1 | 823/1;1/8;1/8;0;188.0;23.5125;18.8875;55.375;;;1945;1945;453468.41000000003;91578.65;0;0;;ETN_008_2022_KPP_2022_POSLI_20260724.csv
633761;2021-11-30;2021;2022-01-10;2022;100000.0;4;Prodaja nepremičnin družinskim članom, med povezanimi fizičnimi in pravnimi osebami ali med povezanimi pravnimi osebami;4;Neopredeljen posel;Osnovna pogodba;Ne;;HIŠA S PRIPADAJOČIM ZEMLJIŠČEM;HISA_CELI_POSEL;MEŠANI;C;"GURS tržnost: Neopredeljen posel; ni prosti trg/prostovoljna javna prodaja";2;1;3;Garaža | Stanovanjska hiša;PARKIRANJE | STANOVANJSKA_HISA;Zemljišče pod stavbo ali drugo stavbi ali delu stavbe pripadajoče zemljišče (zemljišče pod stavbo, dvorišče, dovozna pot, vrt, zelenica, stanovanjski atrij in podobno);PRIPADAJOCE;BREZOVICA;1724;VNANJE GORICE;POŽARNICE 116;1330;1220/1 | 1220/2;1/2;1/2;0;196.0;98.30000000000001;69.35000000000001;239.0;;;2000;2000;455280.7133333333;96168.28666666667;0;0;;ETN_008_2022_KPP_2022_POSLI_20260724.csv
633775;2021-09-15;2021;2022-01-10;2022;35515.0;3;Prodaja nepremicnin na javni dražbi ali druga oblika javne prodaje v izvršilnem postopku, prisilni poravnavi, stečaju ali stečajnem postopku;3;Drug posel;Osnovna pogodba;Ne;;HIŠA S PRIPADAJOČIM ZEMLJIŠČEM;NI_NEPOSREDNO_RAZDELJIV;MEŠANI;C;"GURS tržnost: Drug posel; ni prosti trg/prostovoljna javna prodaja";2;1;3;Kmetijski objekt | Stanovanjska hiša;KMETIJSKI_OBJEKT | STANOVANJSKA_HISA;Zemljišče pod stavbo ali drugo stavbi ali delu stavbe pripadajoče zemljišče (zemljišče pod stavbo, dvorišče, dovozna pot, vrt, zelenica, stanovanjski atrij in podobno);PRIPADAJOCE;BREZOVICA;1724;NOTRANJE GORICE;PODPEŠKA CESTA 403;2622/2;3531/1 | 3542/1;1/3;1/3;0;188.0;62.666666666666664;56.0;419.66666666666663;;;1800;1800;453563.99;94229.15999999999;0;0;;ETN_008_2022_KPP_2022_POSLI_20260724.csv
633849;2021-10-26;2021;2022-01-10;2022;85000.0;1;Prodaja nepremičnin na prostem trgu;3;Drug posel;Osnovna pogodba;Ne;;HIŠA S PRIPADAJOČIM ZEMLJIŠČEM;NI_NEPOSREDNO_RAZDELJIV;MEŠANI;C;GURS tržnost: Drug posel;2;1;3;Kmetijski objekt | Stanovanjska hiša;KMETIJSKI_OBJEKT | STANOVANJSKA_HISA;Zemljišče pod stavbo ali drugo stavbi ali delu stavbe pripadajoče zemljišče (zemljišče pod stavbo, dvorišče, dovozna pot, vrt, zelenica, stanovanjski atrij in podobno);PRIPADAJOCE;BREZOVICA;1724;NOTRANJE GORICE;MAVSARJEVA CESTA 13;2143/3;3148/1 | 3149/1;1/1;1/1;1;168.0;167.0;163.0;818.0;;;1960;1960;454030.41;95086.37;0;0;;ETN_008_2022_KPP_2022_POSLI_20260724.csv
633901;2021-11-11;2021;2022-01-10;2022;60000.0;1;Prodaja nepremičnin na prostem trgu;2;Tržen posel – neustrezni podatki;Osnovna pogodba;Ne;;STANOVANJE Z DODATKI/ZEMLJIŠČEM;NI_NEPOSREDNO_RAZDELJIV;MEŠANI;B;GURS: tržen posel – neustrezni podatki;1;2;3;Stanovanje;STANOVANJE;Zemljišče pod stavbo ali drugo stavbi ali delu stavbe pripadajoče zemljišče (zemljišče pod stavbo, dvorišče, dovozna pot, vrt, zelenica, stanovanjski atrij in podobno);PRIPADAJOCE;BREZOVICA;1724;VNANJE GORICE;PODPEŠKA CESTA 145;1095/16 | 1095/17;2539/8;1/1;1/1 | 11/100;0;52.0;51.8;51.8;56.69;;;1972;1972;454533.99333333335;96732.19666666666;0;0;;ETN_008_2022_KPP_2022_POSLI_20260724.csv
634899;2021-11-17;2021;2022-01-11;2022;153000.0;1;Prodaja nepremičnin na prostem trgu;5;V preverjanju;Osnovna pogodba;Ne;;PRIPADAJOČE ZEMLJIŠČE;NI_NEPOSREDNO_RAZDELJIV;VEČSESTAVINSKI ISTOVRSTEN;C;GURS tržnost: V preverjanju;0;2;2;;;Zemljišče pod stavbo ali drugo stavbi ali delu stavbe pripadajoče zemljišče (zemljišče pod stavbo, dvorišče, dovozna pot, vrt, zelenica, stanovanjski atrij in podobno);PRIPADAJOCE;BREZOVICA;1724;;;949/4 | 949/5;;;1/1;1;;;;335.0;;;;;453754.05;95778.245;0;0;;ETN_008_2022_KPP_2022_POSLI_20260724.csv
634956;2021-09-07;2021;2022-01-11;2022;14856.6;1;Prodaja nepremičnin na prostem trgu;1;Tržen posel;Osnovna pogodba;Ne;;KMETIJSKO ZEMLJIŠČE;KMETIJSKO_ZEMLJISCE_CISTO;VEČSESTAVINSKI ISTOVRSTEN;A;brez zaznanih dodatnih težav;0;2;2;;;Zemljišče za kmetijsko rabo (njiva, travnik, pašnik);KMETIJSKO;BREZOVICA;1724;;;3380/1 | 3381;;;1/1;1;;;;13506.0;13506.0;1.1;;;455418.15;94266.18;0;0;;ETN_008_2022_KPP_2022_POSLI_20260724.csv
635113;2021-11-18;2021;2022-01-11;2022;265000.0;1;Prodaja nepremičnin na prostem trgu;5;V preverjanju;Osnovna pogodba;Ne;;PRIPADAJOČE ZEMLJIŠČE;NI_NEPOSREDNO_RAZDELJIV;ENOSESTAVINSKI;C;GURS tržnost: V preverjanju;0;1;1;;;Zemljišče pod stavbo ali drugo stavbi ali delu stavbe pripadajoče zemljišče (zemljišče pod stavbo, dvorišče, dovozna pot, vrt, zelenica, stanovanjski atrij in podobno);PRIPADAJOCE;BREZOVICA;1724;;;2147/21;;;1/1;1;;;;226.0;;;;;454096.37;94986.41;0;0;;ETN_008_2022_KPP_2022_POSLI_20260724.csv
636747;2021-09-17;2021;2022-02-10;2022;64500.0;3;Prodaja nepremicnin na javni dražbi ali druga oblika javne prodaje v izvršilnem postopku, prisilni poravnavi, stečaju ali stečajnem postopku;3;Drug posel;Osnovna pogodba;Ne;;HIŠA S PRIPADAJOČIM ZEMLJIŠČEM;HISA_CELI_POSEL;MEŠANI;C;"GURS tržnost: Drug posel; ni prosti trg/prostovoljna javna prodaja";1;1;2;Stanovanjska hiša;STANOVANJSKA_HISA;Zemljišče pod stavbo ali drugo stavbi ali delu stavbe pripadajoče zemljišče (zemljišče pod stavbo, dvorišče, dovozna pot, vrt, zelenica, stanovanjski atrij in podobno);PRIPADAJOCE;BREZOVICA;1724;ŽABNICA;ŽABNICA 27 J;960/22;4332/1;1/2;1/2;0;184.0;91.95;67.6;227.0;;;2010;2010;453903.95;95754.765;0;0;;ETN_008_2022_KPP_2022_POSLI_20260724.csv
636856;2021-12-15;2021;2022-02-10;2022;80000.0;1;Prodaja nepremičnin na prostem trgu;2;Tržen posel – neustrezni podatki;Osnovna pogodba;Ne;;MEŠANO/DRUGO ZEMLJIŠČE;NI_NEPOSREDNO_RAZDELJIV;MEŠANI;B;GURS: tržen posel – neustrezni podatki;0;2;2;;;Zemljišče, na katerem je ali bo mogoče graditi stavbo in je delno komunalno opremljeno ali komunalno neopremljeno | Zemljišče, na katerem je cesta ali parkirišče;INFRASTRUKTURA | STAVBNO;RAKITNA;1652;;;120/11 | 120/8;;;1/1;1;;;;1257.0;;;;;456544.78500000003;83738.94;0;0;;ETN_008_2022_KPP_2022_POSLI_20260724.csv
637151;2021-09-07;2021;2022-02-10;2022;20518.0;1;Prodaja nepremičnin na prostem trgu;1;Tržen posel;Osnovna pogodba;Ne;;KMETIJSKO ZEMLJIŠČE;KMETIJSKO_ZEMLJISCE_CISTO;VEČSESTAVINSKI ISTOVRSTEN;A;brez zaznanih dodatnih težav;0;8;8;;;Zemljišče za kmetijsko rabo (njiva, travnik, pašnik);KMETIJSKO;BREZOVICA;1724;;;3367/1 | 3367/2 | 3386/48 | 3386/49 | 3386/50 | 3386/51 | 3386/59 | 3386/61;;;1/1;1;;;;20518.0;20518.0;1.0;;;455431.2875;94154.4475;0;0;;ETN_008_2022_KPP_2022_POSLI_20260724.csv
637190;2021-12-24;2021;2022-02-10;2022;65000.0;1;Prodaja nepremičnin na prostem trgu;2;Tržen posel – neustrezni podatki;Osnovna pogodba;Ne;;STAVBNO ZEMLJIŠČE;STAVBNO_ZEMLJISCE_CISTO;ENOSESTAVINSKI;B;GURS: tržen posel – neustrezni podatki;0;1;1;;;Zemljišče, na katerem je ali bo mogoče graditi stavbo in je delno komunalno opremljeno ali komunalno neopremljeno;STAVBNO;BREZOVICA;1724;;;961/6;;;1/1;1;;;;527.0;527.0;123.33965844402277;;;453795.23;95680.09;0;0;;ETN_008_2022_KPP_2022_POSLI_20260724.csv
637214;2021-11-17;2021;2022-02-10;2022;64000.0;3;Prodaja nepremicnin na javni dražbi ali druga oblika javne prodaje v izvršilnem postopku, prisilni poravnavi, stečaju ali stečajnem postopku;3;Drug posel;Osnovna pogodba;Ne;;HIŠA S PRIPADAJOČIM ZEMLJIŠČEM;HISA_CELI_POSEL;MEŠANI;C;"GURS tržnost: Drug posel; ni prosti trg/prostovoljna javna prodaja";1;2;3;Stanovanjska hiša;STANOVANJSKA_HISA;Zemljišče pod stavbo ali drugo stavbi ali delu stavbe pripadajoče zemljišče (zemljišče pod stavbo, dvorišče, dovozna pot, vrt, zelenica, stanovanjski atrij in podobno);PRIPADAJOCE;KAMNIK;1704;KAMNIK POD KRIMOM;KAMNIK POD KRIMOM 3 E;877/14 | 877/15;830/1;1/2;1/2;0;170.0;84.95;70.55;187.5;;;2000;2000;453250.76;91839.09000000001;0;0;;ETN_008_2022_KPP_2022_POSLI_20260724.csv
637328;2021-12-23;2021;2022-02-10;2022;112000.0;1;Prodaja nepremičnin na prostem trgu;4;Neopredeljen posel;Osnovna pogodba;Ne;;STAVBNO ZEMLJIŠČE;STAVBNO_ZEMLJISCE_CISTO;ENOSESTAVINSKI;C;GURS tržnost: Neopredeljen posel;0;1;1;;;Zemljišče, na katerem je ali bo mogoče graditi stavbo in je delno komunalno opremljeno ali komunalno neopremljeno;STAVBNO;BREZOVICA;1724;;;607/78;;;1/1;1;;;;700.0;700.0;160.0;;;454503.47;97914.95;0;0;;ETN_008_2022_KPP_2022_POSLI_20260724.csv
637574;2021-12-28;2021;2022-02-10;2022;120000.0;1;Prodaja nepremičnin na prostem trgu;2;Tržen posel – neustrezni podatki;Osnovna pogodba;Ne;;STAVBNO ZEMLJIŠČE;STAVBNO_ZEMLJISCE_CISTO;ENOSESTAVINSKI;B;GURS: tržen posel – neustrezni podatki;0;1;1;;;Zemljišče, na katerem je ali bo mogoče graditi stavbo in je delno komunalno opremljeno ali komunalno neopremljeno;STAVBNO;BREZOVICA;1724;;;369/124;;;1/1;1;;;;600.0;600.0;200.0;;;455170.65;98347.4;0;0;;ETN_008_2022_KPP_2022_POSLI_20260724.csv
638229;2022-01-06;2022;2022-02-10;2022;285000.0;1;Prodaja nepremičnin na prostem trgu;2;Tržen posel – neustrezni podatki;Osnovna pogodba;Ne;;STANOVANJE;STANOVANJE_CISTO;ENOSESTAVINSKI;B;GURS: tržen posel – neustrezni podatki;1;0;1;Stanovanje;STANOVANJE;;;BREZOVICA;1724;BREZOVICA PRI LJUBLJANI;TRŽAŠKA CESTA 402;;4150/3;1/1;;1;251.0;250.7;99.2;;99.2;2872.983870967742;2009;2009;454894.76;98444.61;0;0;;ETN_008_2022_KPP_2022_POSLI_20260724.csv
638331;2021-12-13;2021;2022-02-10;2022;193500.0;1;Prodaja nepremičnin na prostem trgu;2;Tržen posel – neustrezni podatki;Osnovna pogodba;Ne;;STAVBNO ZEMLJIŠČE;STAVBNO_ZEMLJISCE_CISTO;VEČSESTAVINSKI ISTOVRSTEN;B;GURS: tržen posel – neustrezni podatki;0;2;2;;;Zemljišče, na katerem je mogoče graditi stavbo in je komunalno opremljeno (priključki na vodo, elektriko in neposredni dostop do dovozne poti);STAVBNO;BREZOVICA;1724;;;1453/7 | 1453/8;;;1/1;1;;;;938.0;938.0;206.28997867803838;;;455480.305;96511.36;0;0;;ETN_008_2022_KPP_2022_POSLI_20260724.csv
638401;2022-01-06;2022;2022-02-10;2022;56000.0;1;Prodaja nepremičnin na prostem trgu;2;Tržen posel – neustrezni podatki;Osnovna pogodba;Ne;;STAVBNO ZEMLJIŠČE;STAVBNO_ZEMLJISCE_CISTO;VEČSESTAVINSKI ISTOVRSTEN;B;GURS: tržen posel – neustrezni podatki;0;2;2;;;Zemljišče, na katerem je ali bo mogoče graditi stavbo in je delno komunalno opremljeno ali komunalno neopremljeno;STAVBNO;KAMNIK;1704;;;1061/4 | 844/7;;;1/1;1;;;;700.0;700.0;80.0;;;453447.035;90991.245;0;0;;ETN_008_2022_KPP_2022_POSLI_20260724.csv
638566;2021-12-29;2021;2022-02-10;2022;225000.0;1;Prodaja nepremičnin na prostem trgu;2;Tržen posel – neustrezni podatki;Osnovna pogodba;Ne;;STANOVANJE;STANOVANJE_CISTO;ENOSESTAVINSKI;B;GURS: tržen posel – neustrezni podatki;1;0;1;Stanovanje;STANOVANJE;;;BREZOVICA;1724;NOTRANJE GORICE;PODKLIN 14;;3495/4;1/1;;1;128.0;128.1;98.3;;98.3;2288.9114954221773;1986;1986;453292.97;94176.54;0;0;;ETN_008_2022_KPP_2022_POSLI_20260724.csv
638671;2021-12-23;2021;2022-02-10;2022;1975.0;1;Prodaja nepremičnin na prostem trgu;4;Neopredeljen posel;Osnovna pogodba;Ne;;MEŠANO/DRUGO ZEMLJIŠČE;NI_NEPOSREDNO_RAZDELJIV;ENOSESTAVINSKI;C;GURS tržnost: Neopredeljen posel;0;1;1;;;Zemljišče, na katerem je cesta ali parkirišče;INFRASTRUKTURA;BREZOVICA;1724;;;266/11;;;1/2;0;;;;39.5;;;;;454612.42;98451.0;0;0;;ETN_008_2022_KPP_2022_POSLI_20260724.csv
638680;2021-12-23;2021;2022-02-10;2022;612.5;1;Prodaja nepremičnin na prostem trgu;4;Neopredeljen posel;Osnovna pogodba;Ne;;MEŠANO/DRUGO ZEMLJIŠČE;NI_NEPOSREDNO_RAZDELJIV;VEČSESTAVINSKI ISTOVRSTEN;C;GURS tržnost: Neopredeljen posel;0;2;2;;;Zemljišče, na katerem je cesta ali parkirišče;INFRASTRUKTURA;BREZOVICA;1724;;;266/15 | 266/16;;;1/4;0;;;;24.0;;;;;454632.105;98467.815;0;0;;ETN_008_2022_KPP_2022_POSLI_20260724.csv
638736;2022-01-04;2022;2022-02-10;2022;30000.0;1;Prodaja nepremičnin na prostem trgu;3;Drug posel;Osnovna pogodba;Ne;;HIŠA S PRIPADAJOČIM ZEMLJIŠČEM;HISA_CELI_POSEL;MEŠANI;C;GURS tržnost: Drug posel;1;1;2;Stanovanjska hiša;STANOVANJSKA_HISA;Zemljišče pod stavbo ali drugo stavbi ali delu stavbe pripadajoče zemljišče (zemljišče pod stavbo, dvorišče, dovozna pot, vrt, zelenica, stanovanjski atrij in podobno);PRIPADAJOCE;KAMNIK;1704;KAMNIK POD KRIMOM;KAMNIK POD KRIMOM 82 B;2927/3;745/2;1/1;1/1;1;35.0;34.5;19.5;276.0;;;1975;1975;454527.82499999995;90711.7;0;0;;ETN_008_2022_KPP_2022_POSLI_20260724.csv
638970;2021-12-14;2021;2022-02-11;2022;9138.6;1;Prodaja nepremičnin na prostem trgu;2;Tržen posel – neustrezni podatki;Osnovna pogodba;Ne;;GOZDNO ZEMLJIŠČE;GOZDNO_ZEMLJISCE_CISTO;ENOSESTAVINSKI;B;GURS: tržen posel – neustrezni podatki;0;1;1;;;Zemljišče za gozdno rabo (gozd);GOZDNO;BREZOVICA;1724;;;3386/14;;;1/1;1;;;;10154.0;10154.0;0.9;;;455345.19;93887.16;0;0;;ETN_008_2022_KPP_2022_POSLI_20260724.csv
639121;2022-01-19;2022;2022-02-11;2022;205000.0;3;Prodaja nepremicnin na javni dražbi ali druga oblika javne prodaje v izvršilnem postopku, prisilni poravnavi, stečaju ali stečajnem postopku;4;Neopredeljen posel;Osnovna pogodba;Ne;;HIŠA S PRIPADAJOČIM ZEMLJIŠČEM;HISA_CELI_POSEL;MEŠANI;C;"GURS tržnost: Neopredeljen posel; ni prosti trg/prostovoljna javna prodaja";1;1;2;Stanovanjska hiša;STANOVANJSKA_HISA;Zemljišče pod stavbo ali drugo stavbi ali delu stavbe pripadajoče zemljišče (zemljišče pod stavbo, dvorišče, dovozna pot, vrt, zelenica, stanovanjski atrij in podobno);PRIPADAJOCE;BREZOVICA;1724;VNANJE GORICE;NA LAZIH 21 E;713/15;4094/1;1/1;1/1;1;85.0;85.1;74.7;145.0;;;2008;2008;454433.22;97379.535;0;0;;ETN_008_2022_KPP_2022_POSLI_20260724.csv
639324;2022-01-19;2022;2022-02-11;2022;275000.0;1;Prodaja nepremičnin na prostem trgu;2;Tržen posel – neustrezni podatki;Osnovna pogodba;Ne;;STANOVANJE Z DODATKI/ZEMLJIŠČEM;NI_NEPOSREDNO_RAZDELJIV;MEŠANI;B;GURS: tržen posel – neustrezni podatki;1;6;7;Stanovanje;STANOVANJE;Zemljišče pod stavbo ali drugo stavbi ali delu stavbe pripadajoče zemljišče (zemljišče pod stavbo, dvorišče, dovozna pot, vrt, zelenica, stanovanjski atrij in podobno) | Zemljišče, na katerem je cesta ali parkirišče;INFRASTRUKTURA | PRIPADAJOCE;BREZOVICA;1724;BREZOVICA PRI LJUBLJANI;PODSVETIJA 26 A;369/182 | 369/205 | 369/207 | 369/208 | 369/227 | 369/229;3882/1;1/1;1/1 | 1/26 | 1/3 | 1/45;0;61.0;61.2;61.2;156.34017094017094;;;2008;2008;455083.7;97947.68857142856;0;0;;ETN_008_2022_KPP_2022_POSLI_20260724.csv
640225;2021-11-18;2021;2022-03-08;2022;197100.0;1;Prodaja nepremičnin na prostem trgu;5;V preverjanju;Osnovna pogodba;Da;9,5%;PRIPADAJOČE ZEMLJIŠČE;NI_NEPOSREDNO_RAZDELJIV;ENOSESTAVINSKI;C;GURS tržnost: V preverjanju;0;1;1;;;Zemljišče pod stavbo ali drugo stavbi ali delu stavbe pripadajoče zemljišče (zemljišče pod stavbo, dvorišče, dovozna pot, vrt, zelenica, stanovanjski atrij in podobno);PRIPADAJOCE;BREZOVICA;1724;;;2445/18;;;1/1;1;;;;264.0;;;;;453618.26;94462.62;0;0;;ETN_008_2022_KPP_2022_POSLI_20260724.csv
640504;2022-01-10;2022;2022-03-10;2022;16735.5;1;Prodaja nepremičnin na prostem trgu;5;V preverjanju;Osnovna pogodba;Ne;;KMETIJSKO ZEMLJIŠČE;KMETIJSKO_ZEMLJISCE_CISTO;ENOSESTAVINSKI;C;GURS tržnost: V preverjanju;0;1;1;;;Zemljišče za kmetijsko rabo (njiva, travnik, pašnik);KMETIJSKO;BREZOVICA;1724;;;2777/4;;;1/1;1;;;;11157.0;11157.0;1.5;;;452382.04;94499.72;0;0;;ETN_008_2022_KPP_2022_POSLI_20260724.csv
640550;2022-01-17;2022;2022-03-10;2022;96000.0;1;Prodaja nepremičnin na prostem trgu;5;V preverjanju;Osnovna pogodba;Ne;;MEŠANI POSEL – STAVBA IN ZEMLJIŠČE;NI_NEPOSREDNO_RAZDELJIV;MEŠANI;C;GURS tržnost: V preverjanju;1;1;2;Kmetijski objekt;KMETIJSKI_OBJEKT;Zemljišče za kmetijsko rabo (njiva, travnik, pašnik);KMETIJSKO;KAMNIK;1704;;;980;480/1;1/1;1/1;1;20.0;20.0;20.0;1993.0;;;1997;1997;453364.4;91417.925;0;0;;ETN_008_2022_KPP_2022_POSLI_20260724.csv
640991;2021-12-14;2021;2022-03-10;2022;3609.6;1;Prodaja nepremičnin na prostem trgu;5;V preverjanju;Osnovna pogodba;Ne;;GOZDNO ZEMLJIŠČE;GOZDNO_ZEMLJISCE_CISTO;VEČSESTAVINSKI ISTOVRSTEN;C;GURS tržnost: V preverjanju;0;3;3;;;Zemljišče za gozdno rabo (gozd);GOZDNO;BREZOVICA;1724;;;2929/8 | 2953 | 2954;;;1/1;1;;;;6016.0;6016.0;0.6;;;453042.92;95760.55666666666;0;0;;ETN_008_2022_KPP_2022_POSLI_20260724.csv
641685;2022-02-02;2022;2022-03-10;2022;4399.0;1;Prodaja nepremičnin na prostem trgu;5;V preverjanju;Osnovna pogodba;Ne;;KMETIJSKO ZEMLJIŠČE;KMETIJSKO_ZEMLJISCE_CISTO;VEČSESTAVINSKI ISTOVRSTEN;C;GURS tržnost: V preverjanju;0;2;2;;;Zemljišče za kmetijsko rabo (njiva, travnik, pašnik);KMETIJSKO;KAMNIK;1704;;;1571/11 | 1571/12;;;1/1;1;;;;4399.0;4399.0;1.0;;;451379.24;91126.945;0;0;;ETN_008_2022_KPP_2022_POSLI_20260724.csv
641922;2022-02-03;2022;2022-03-10;2022;91000.0;1;Prodaja nepremičnin na prostem trgu;5;V preverjanju;Osnovna pogodba;Ne;;STANOVANJE;STANOVANJE_CISTO;ENOSESTAVINSKI;C;GURS tržnost: V preverjanju;1;0;1;Stanovanje;STANOVANJE;;;BREZOVICA;1724;NOTRANJE GORICE;PODPEŠKA CESTA 374;;2289/2;1/1;;1;150.0;150.2;96.8;;96.8;940.0826446280992;1933;1933;453717.43;94676.91;0;0;;ETN_008_2022_KPP_2022_POSLI_20260724.csv
642456;2022-02-07;2022;2022-03-11;2022;71236.96;1;Prodaja nepremičnin na prostem trgu;5;V preverjanju;Osnovna pogodba;Ne;;STAVBNO ZEMLJIŠČE;STAVBNO_ZEMLJISCE_CISTO;ENOSESTAVINSKI;C;GURS tržnost: V preverjanju;0;1;1;;;Zemljišče na katerem je mogoče graditi stavbo in ima gradbeno dovoljenje;STAVBNO;BREZOVICA;1724;;;266/8;;;1/1;1;;;;549.0;549.0;129.7576684881603;;;454627.33;98475.6;0;0;;ETN_008_2022_KPP_2022_POSLI_20260724.csv
642477;2022-01-26;2022;2022-03-11;2022;55000.0;1;Prodaja nepremičnin na prostem trgu;5;V preverjanju;Osnovna pogodba;Ne;;STAVBNO ZEMLJIŠČE;STAVBNO_ZEMLJISCE_CISTO;VEČSESTAVINSKI ISTOVRSTEN;C;GURS tržnost: V preverjanju;0;2;2;;;Zemljišče, na katerem je ali bo mogoče graditi stavbo in je delno komunalno opremljeno ali komunalno neopremljeno;STAVBNO;JEZERO;1703;;;1040/3 | 366/3;;;1/1;1;;;;1061.0;1061.0;51.837888784165884;;;455291.745;93036.205;0;0;;ETN_008_2022_KPP_2022_POSLI_20260724.csv
642568;2022-02-14;2022;2022-03-11;2022;204000.0;1;Prodaja nepremičnin na prostem trgu;5;V preverjanju;Osnovna pogodba;Ne;;HIŠA S PRIPADAJOČIM ZEMLJIŠČEM;HISA_CELI_POSEL;MEŠANI;C;GURS tržnost: V preverjanju;1;1;2;Stanovanjska hiša;STANOVANJSKA_HISA;Zemljišče pod stavbo ali drugo stavbi ali delu stavbe pripadajoče zemljišče (zemljišče pod stavbo, dvorišče, dovozna pot, vrt, zelenica, stanovanjski atrij in podobno);PRIPADAJOCE;BREZOVICA;1724;NOTRANJE GORICE;PODKLIN 9 A;2701/45;4209/1;1/1;1/1;1;148.0;147.6;119.7;312.0;;;2009;2009;453376.885;94141.505;0;0;;ETN_008_2022_KPP_2022_POSLI_20260724.csv
642954;2022-01-12;2022;2022-03-11;2022;1954.0;1;Prodaja nepremičnin na prostem trgu;5;V preverjanju;Osnovna pogodba;Ne;;KMETIJSKO ZEMLJIŠČE;NI_NEPOSREDNO_RAZDELJIV;ENOSESTAVINSKI;C;GURS tržnost: V preverjanju;0;1;1;;;Zemljišče za kmetijsko rabo (njiva, travnik, pašnik);KMETIJSKO;BREZOVICA;1724;;;2506/2;;;13/15;0;;;;976.7333333333333;;;;;452912.82;94703.95;0;0;;ETN_008_2022_KPP_2022_POSLI_20260724.csv
644288;2022-02-04;2022;2022-04-10;2022;102000.0;1;Prodaja nepremičnin na prostem trgu;2;Tržen posel – neustrezni podatki;Osnovna pogodba;Ne;;KMETIJSKO ZEMLJIŠČE;KMETIJSKO_ZEMLJISCE_CISTO;ENOSESTAVINSKI;B;GURS: tržen posel – neustrezni podatki;0;1;1;;;Zemljišče za kmetijsko rabo (njiva, travnik, pašnik);KMETIJSKO;KAMNIK;1704;;;981;;;1/1;1;;;;1874.0;1874.0;54.4290288153682;;;453401.41;91398.32;0;0;;ETN_008_2022_KPP_2022_POSLI_20260724.csv
644296;2022-02-03;2022;2022-04-10;2022;132307.0;1;Prodaja nepremičnin na prostem trgu;2;Tržen posel – neustrezni podatki;Osnovna pogodba;Ne;;HIŠA S PRIPADAJOČIM ZEMLJIŠČEM;NI_NEPOSREDNO_RAZDELJIV;MEŠANI;B;GURS: tržen posel – neustrezni podatki;3;2;5;Kmetijski objekt | Stanovanjska hiša;KMETIJSKI_OBJEKT | STANOVANJSKA_HISA;Zemljišče pod stavbo ali drugo stavbi ali delu stavbe pripadajoče zemljišče (zemljišče pod stavbo, dvorišče, dovozna pot, vrt, zelenica, stanovanjski atrij in podobno);PRIPADAJOCE;JEZERO;1703;JEZERO;JEZERO 51;*36 | 17;90/1 | 91/1 | 92/1;1/1;1/1;1;331.0;331.8;310.8;919.0;;;1700;1975;456303.718;92391.16;0;0;;ETN_008_2022_KPP_2022_POSLI_20260724.csv
644573;2021-12-10;2021;2022-04-10;2022;135000.0;1;Prodaja nepremičnin na prostem trgu;2;Tržen posel – neustrezni podatki;Osnovna pogodba;Ne;;MEŠANO/DRUGO ZEMLJIŠČE;NI_NEPOSREDNO_RAZDELJIV;MEŠANI;B;GURS: tržen posel – neustrezni podatki;0;3;3;;;Zemljišče za kmetijsko rabo (njiva, travnik, pašnik) | Zemljišče, na katerem je ali bo mogoče graditi stavbo in je delno komunalno opremljeno ali komunalno neopremljeno;KMETIJSKO | STAVBNO;BREZOVICA;1724;;;1358/4 | 1360/2 | 1360/4;;;1/1;1;;;;651.0;;;;;455312.9466666666;96199.98999999999;0;0;;ETN_008_2022_KPP_2022_POSLI_20260724.csv
645810;2022-02-28;2022;2022-04-10;2022;150000.0;1;Prodaja nepremičnin na prostem trgu;2;Tržen posel – neustrezni podatki;Osnovna pogodba;Ne;;STANOVANJE Z DODATKI/ZEMLJIŠČEM;NI_NEPOSREDNO_RAZDELJIV;MEŠANI;B;GURS: tržen posel – neustrezni podatki;3;1;4;Garaža | Kmetijski objekt | Stanovanje;KMETIJSKI_OBJEKT | PARKIRANJE | STANOVANJE;Zemljišče pod stavbo ali drugo stavbi ali delu stavbe pripadajoče zemljišče (zemljišče pod stavbo, dvorišče, dovozna pot, vrt, zelenica, stanovanjski atrij in podobno);PRIPADAJOCE;BREZOVICA;1724;NOTRANJE GORICE;MAVSARJEVA CESTA 28;2212/24;3142/1 | 3143/2 | 3678/1;1/1;1/1;1;137.0;136.4;124.2;166.0;;;1943;1972;454004.60250000004;95002.4125;0;0;;ETN_008_2022_KPP_2022_POSLI_20260724.csv
646018;2022-01-25;2022;2022-04-10;2022;3656.01;1;Prodaja nepremičnin na prostem trgu;1;Tržen posel;Osnovna pogodba;Ne;;GOZDNO ZEMLJIŠČE;GOZDNO_ZEMLJISCE_CISTO;VEČSESTAVINSKI ISTOVRSTEN;A;brez zaznanih dodatnih težav;0;2;2;;;Zemljišče za gozdno rabo (gozd);GOZDNO;BREZOVICA;1724;;;2967/2 | 2968/1;;;1/1;1;;;;5223.0;5223.0;0.6999827685238369;;;453210.57999999996;95680.155;0;0;;ETN_008_2022_KPP_2022_POSLI_20260724.csv
646028;2022-03-03;2022;2022-04-10;2022;355000.0;1;Prodaja nepremičnin na prostem trgu;2;Tržen posel – neustrezni podatki;Osnovna pogodba;Ne;;HIŠA S PRIPADAJOČIM ZEMLJIŠČEM;HISA_CELI_POSEL;MEŠANI;B;GURS: tržen posel – neustrezni podatki;2;4;6;Stanovanjska hiša | Tehnični ali pomožni prostori;POMOZNA_DRUGO | STANOVANJSKA_HISA;Zemljišče pod stavbo ali drugo stavbi ali delu stavbe pripadajoče zemljišče (zemljišče pod stavbo, dvorišče, dovozna pot, vrt, zelenica, stanovanjski atrij in podobno);PRIPADAJOCE;JEZERO;1703;JEZERO;JEZERO 143;109/1 | 115/5 | 117/2 | 118/2;143/1 | 627/1;1/1;1/1;1;316.0;316.2;212.70000000000002;1298.0;;;2004;2004;456584.39166666666;92551.97833333333;0;0;;ETN_008_2022_KPP_2022_POSLI_20260724.csv
646222;2021-12-24;2021;2022-04-10;2022;360000.0;1;Prodaja nepremičnin na prostem trgu;2;Tržen posel – neustrezni podatki;Osnovna pogodba;Ne;;HIŠA S PRIPADAJOČIM ZEMLJIŠČEM;NI_NEPOSREDNO_RAZDELJIV;MEŠANI;B;GURS: tržen posel – neustrezni podatki;2;3;5;Kmetijski objekt | Stanovanjska hiša;KMETIJSKI_OBJEKT | STANOVANJSKA_HISA;Zemljišče na katerem je mogoče graditi stavbo in ima gradbeno dovoljenje | Zemljišče pod stavbo ali drugo stavbi ali delu stavbe pripadajoče zemljišče (zemljišče pod stavbo, dvorišče, dovozna pot, vrt, zelenica, stanovanjski atrij in podobno) | Zemljišče za kmetijsko rabo (njiva, travnik, pašnik);KMETIJSKO | PRIPADAJOCE | STAVBNO;BREZOVICA;1724;NOTRANJE GORICE;V KOLNIK 11;2406/1 | 2407/1 | 2407/2;2328/1 | 2333/1;1/1;1/1;1;275.0;274.6;189.79999999999998;4748.0;;;1990;1990;453680.164;94847.094;0;0;;ETN_008_2022_KPP_2022_POSLI_20260724.csv
646241;2022-03-08;2022;2022-04-10;2022;97000.0;1;Prodaja nepremičnin na prostem trgu;2;Tržen posel – neustrezni podatki;Osnovna pogodba;Ne;;STAVBNO ZEMLJIŠČE;STAVBNO_ZEMLJISCE_CISTO;ENOSESTAVINSKI;B;GURS: tržen posel – neustrezni podatki;0;1;1;;;Zemljišče, na katerem je ali bo mogoče graditi stavbo in je delno komunalno opremljeno ali komunalno neopremljeno;STAVBNO;BREZOVICA;1724;;;3020/8;;;1/1;1;;;;879.0;879.0;110.35267349260523;;;452013.3;96106.07;0;0;;ETN_008_2022_KPP_2022_POSLI_20260724.csv
646355;2022-03-09;2022;2022-04-10;2022;35000.0;1;Prodaja nepremičnin na prostem trgu;3;Drug posel;Osnovna pogodba;Ne;;HIŠA S PRIPADAJOČIM ZEMLJIŠČEM;NI_NEPOSREDNO_RAZDELJIV;MEŠANI;C;GURS tržnost: Drug posel;2;1;3;Kmetijski objekt | Stanovanjska hiša;KMETIJSKI_OBJEKT | STANOVANJSKA_HISA;Zemljišče pod stavbo ali drugo stavbi ali delu stavbe pripadajoče zemljišče (zemljišče pod stavbo, dvorišče, dovozna pot, vrt, zelenica, stanovanjski atrij in podobno);PRIPADAJOCE;BREZOVICA;1724;NOTRANJE GORICE;PODPEŠKA CESTA 403;2622/2;3531/1 | 3542/1;1/3;1/3;0;188.0;62.666666666666664;56.0;419.66666666666663;;;1800;1800;453563.99;94229.15999999999;0;0;;ETN_008_2022_KPP_2022_POSLI_20260724.csv
646464;2022-03-07;2022;2022-04-11;2022;140000.0;1;Prodaja nepremičnin na prostem trgu;2;Tržen posel – neustrezni podatki;Osnovna pogodba;Ne;;HIŠA S PRIPADAJOČIM ZEMLJIŠČEM;HISA_CELI_POSEL;MEŠANI;B;GURS: tržen posel – neustrezni podatki;1;1;2;Stanovanjska hiša;STANOVANJSKA_HISA;Zemljišče pod stavbo ali drugo stavbi ali delu stavbe pripadajoče zemljišče (zemljišče pod stavbo, dvorišče, dovozna pot, vrt, zelenica, stanovanjski atrij in podobno);PRIPADAJOCE;RAKITNA;1652;RAKITNA;RAKITNA 347 B;1243/10;527/1;1/1;1/1;1;82.0;82.0;42.0;618.0;;;1984;1984;456158.24;82829.72;0;0;;ETN_008_2022_KPP_2022_POSLI_20260724.csv
646813;2022-03-15;2022;2022-04-11;2022;445000.0;1;Prodaja nepremičnin na prostem trgu;2;Tržen posel – neustrezni podatki;Osnovna pogodba;Ne;;HIŠA S PRIPADAJOČIM ZEMLJIŠČEM;HISA_CELI_POSEL;MEŠANI;B;GURS: tržen posel – neustrezni podatki;1;1;2;Stanovanjska hiša;STANOVANJSKA_HISA;Zemljišče pod stavbo ali drugo stavbi ali delu stavbe pripadajoče zemljišče (zemljišče pod stavbo, dvorišče, dovozna pot, vrt, zelenica, stanovanjski atrij in podobno);PRIPADAJOCE;BREZOVICA;1724;VNANJE GORICE;POD GORICAMI 47 C;1460/14;4564/1;1/1;1/1;1;153.0;152.6;100.7;482.0;;;2016;2016;455448.995;96696.56;0;0;;ETN_008_2022_KPP_2022_POSLI_20260724.csv
647011;2022-03-14;2022;2022-04-11;2022;7838.88;1;Prodaja nepremičnin na prostem trgu;1;Tržen posel;Osnovna pogodba;Ne;;GOZDNO ZEMLJIŠČE;GOZDNO_ZEMLJISCE_CISTO;VEČSESTAVINSKI ISTOVRSTEN;A;brez zaznanih dodatnih težav;0;2;2;;;Zemljišče za gozdno rabo (gozd);GOZDNO;RAKITNA;1652;;;1082/80 | 1082/81;;;1/1;1;;;;24587.0;24587.0;0.31882214178224266;;;456911.415;80679.65;0;0;;ETN_008_2022_KPP_2022_POSLI_20260724.csv
647151;2022-03-18;2022;2022-04-11;2022;218000.0;1;Prodaja nepremičnin na prostem trgu;2;Tržen posel – neustrezni podatki;Osnovna pogodba;Ne;;STANOVANJE Z DODATKI/ZEMLJIŠČEM;NI_NEPOSREDNO_RAZDELJIV;MEŠANI;B;GURS: tržen posel – neustrezni podatki;1;2;3;Stanovanje;STANOVANJE;Zemljišče na katerem je mogoče graditi stavbo in ima gradbeno dovoljenje;STAVBNO;BREZOVICA;1724;NOTRANJE GORICE;CESTA NA LOG 33;2557/10 | 2557/7;3433/2;1/1;1/1 | 2/6;0;126.0;126.4;104.3;206.33333333333331;;;1997;1997;453204.38000000006;94284.58;0;0;;ETN_008_2022_KPP_2022_POSLI_20260724.csv
647310;2022-03-07;2022;2022-04-11;2022;330000.0;1;Prodaja nepremičnin na prostem trgu;2;Tržen posel – neustrezni podatki;Osnovna pogodba;Ne;;HIŠA S PRIPADAJOČIM ZEMLJIŠČEM;HISA_CELI_POSEL;MEŠANI;B;GURS: tržen posel – neustrezni podatki;1;1;2;Stanovanjska hiša;STANOVANJSKA_HISA;Zemljišče pod stavbo ali drugo stavbi ali delu stavbe pripadajoče zemljišče (zemljišče pod stavbo, dvorišče, dovozna pot, vrt, zelenica, stanovanjski atrij in podobno);PRIPADAJOCE;BREZOVICA;1724;VNANJE GORICE;ULICA BRATOV POTOČNIKOV 9;754/7;2612/1;1/1;1/1;1;241.0;240.9;128.3;587.0;;;1984;1984;454483.66500000004;96396.715;0;0;;ETN_008_2022_KPP_2022_POSLI_20260724.csv
647661;2022-03-23;2022;2022-04-11;2022;190000.0;1;Prodaja nepremičnin na prostem trgu;2;Tržen posel – neustrezni podatki;Osnovna pogodba;Ne;;STANOVANJE;STANOVANJE_CISTO;ENOSESTAVINSKI;B;GURS: tržen posel – neustrezni podatki;1;0;1;Stanovanje;STANOVANJE;;;JEZERO;1703;JEZERO;JEZERO 28 K;;657/2;1/1;;1;75.0;74.9;67.3;;67.3;2823.179791976226;2008;2008;455490.0;92640.92;0;0;;ETN_008_2022_KPP_2022_POSLI_20260724.csv
647970;2022-03-17;2022;2022-04-15;2022;12331.76;1;Prodaja nepremičnin na prostem trgu;2;Tržen posel – neustrezni podatki;Osnovna pogodba;Da;22,0%;MEŠANO/DRUGO ZEMLJIŠČE;NI_NEPOSREDNO_RAZDELJIV;VEČSESTAVINSKI ISTOVRSTEN;B;GURS: tržen posel – neustrezni podatki;0;2;2;;;Zemljišče, na katerem je ali bo mogoče graditi prometno ali energetsko infrastrukturo (cesta, plinovod in drugo);INFRASTRUKTURA;BREZOVICA;1724;;;3512/64 | 3512/67;;;1/1;1;;;;133.0;;;;;453739.225;94425.575;0;0;;ETN_008_2022_KPP_2022_POSLI_20260724.csv
648527;2022-03-08;2022;2022-05-10;2022;445.0;1;Prodaja nepremičnin na prostem trgu;3;Drug posel;Osnovna pogodba;Ne;;PRIPADAJOČE ZEMLJIŠČE;NI_NEPOSREDNO_RAZDELJIV;VEČSESTAVINSKI ISTOVRSTEN;C;GURS tržnost: Drug posel;0;2;2;;;Zemljišče pod stavbo ali drugo stavbi ali delu stavbe pripadajoče zemljišče (zemljišče pod stavbo, dvorišče, dovozna pot, vrt, zelenica, stanovanjski atrij in podobno);PRIPADAJOCE;BREZOVICA;1724;;;1542/220 | 1542/225;;;1/36;0;;;;49.44444444444444;;;;;456020.63;96939.14;0;0;;ETN_008_2022_KPP_2022_POSLI_20260724.csv
648552;2021-12-27;2021;2022-05-10;2022;8673.0;1;Prodaja nepremičnin na prostem trgu;1;Tržen posel;Osnovna pogodba;Ne;;GOZDNO ZEMLJIŠČE;GOZDNO_ZEMLJISCE_CISTO;VEČSESTAVINSKI ISTOVRSTEN;A;brez zaznanih dodatnih težav;0;2;2;;;Zemljišče za gozdno rabo (gozd);GOZDNO;PRESERJE;1705;;;2161 | 2172;;;1/1;1;;;;14455.0;14455.0;0.6;;;456531.77;87496.715;0;0;;ETN_008_2022_KPP_2022_POSLI_20260724.csv
648625;2021-12-27;2021;2022-05-10;2022;5888.0;1;Prodaja nepremičnin na prostem trgu;1;Tržen posel;Osnovna pogodba;Ne;;GOZDNO ZEMLJIŠČE;GOZDNO_ZEMLJISCE_CISTO;VEČSESTAVINSKI ISTOVRSTEN;A;brez zaznanih dodatnih težav;0;2;2;;;Zemljišče za gozdno rabo (gozd);GOZDNO;PRESERJE;1705;;;1687 | 2178/1;;;1/1;1;;;;9815.0;9815.0;0.5998981151299032;;;456328.495;88490.45999999999;0;0;;ETN_008_2022_KPP_2022_POSLI_20260724.csv
648775;2022-03-25;2022;2022-05-10;2022;235000.0;1;Prodaja nepremičnin na prostem trgu;2;Tržen posel – neustrezni podatki;Osnovna pogodba;Ne;;MEŠANO/DRUGO ZEMLJIŠČE;NI_NEPOSREDNO_RAZDELJIV;MEŠANI;B;GURS: tržen posel – neustrezni podatki;0;2;2;;;Zemljišče pod stavbo ali drugo stavbi ali delu stavbe pripadajoče zemljišče (zemljišče pod stavbo, dvorišče, dovozna pot, vrt, zelenica, stanovanjski atrij in podobno) | Zemljišče, na katerem je cesta ali parkirišče;INFRASTRUKTURA | PRIPADAJOCE;RAKITNA;1652;;;1208/254 | 1208/86;;;1/1;1;;;;512.0;;;;;455735.98;83374.625;0;0;;ETN_008_2022_KPP_2022_POSLI_20260724.csv
648783;2022-03-18;2022;2022-05-10;2022;5000.0;1;Prodaja nepremičnin na prostem trgu;2;Tržen posel – neustrezni podatki;Osnovna pogodba;Ne;;STAVBNO ZEMLJIŠČE;STAVBNO_ZEMLJISCE_CISTO;ENOSESTAVINSKI;B;GURS: tržen posel – neustrezni podatki;0;1;1;;;Zemljišče na katerem je mogoče graditi stavbo in ima gradbeno dovoljenje;STAVBNO;RAKITNA;1652;;;119/3;;;1/1;1;;;;226.0;226.0;22.123893805309734;;;456524.01;83798.59;0;0;;ETN_008_2022_KPP_2022_POSLI_20260724.csv
648984;2022-03-24;2022;2022-05-10;2022;32583.33;1;Prodaja nepremičnin na prostem trgu;2;Tržen posel – neustrezni podatki;Osnovna pogodba;Ne;;STAVBNO ZEMLJIŠČE;STAVBNO_ZEMLJISCE_CISTO;VEČSESTAVINSKI ISTOVRSTEN;B;GURS: tržen posel – neustrezni podatki;0;2;2;;;Zemljišče na katerem je mogoče graditi stavbo in ima gradbeno dovoljenje;STAVBNO;RAKITNA;1652;;;1293/12 | 1293/16;;;1/1;1;;;;500.0;500.0;65.16666000000001;;;456309.74;82762.995;0;0;;ETN_008_2022_KPP_2022_POSLI_20260724.csv
649043;2022-03-16;2022;2022-05-10;2022;25000.0;1;Prodaja nepremičnin na prostem trgu;3;Drug posel;Osnovna pogodba;Ne;;HIŠA S PRIPADAJOČIM ZEMLJIŠČEM;NI_NEPOSREDNO_RAZDELJIV;MEŠANI;C;GURS tržnost: Drug posel;2;2;4;Kmetijski objekt | Stanovanjska hiša;KMETIJSKI_OBJEKT | STANOVANJSKA_HISA;Zemljišče pod stavbo ali drugo stavbi ali delu stavbe pripadajoče zemljišče (zemljišče pod stavbo, dvorišče, dovozna pot, vrt, zelenica, stanovanjski atrij in podobno);PRIPADAJOCE;RAKITNA;1652;RAKITNA;RAKITNA 68;*11 | 49/4;357/1 | 358/1;1/3;1/1 | 1/3;0;210.0;70.1;54.266666666666666;405.0;;;1995;1995;456658.99;83627.83499999999;0;0;;ETN_008_2022_KPP_2022_POSLI_20260724.csv
649057;2022-03-24;2022;2022-05-10;2022;42416.67;1;Prodaja nepremičnin na prostem trgu;2;Tržen posel – neustrezni podatki;Osnovna pogodba;Ne;;STAVBNO ZEMLJIŠČE;STAVBNO_ZEMLJISCE_CISTO;ENOSESTAVINSKI;B;GURS: tržen posel – neustrezni podatki;0;1;1;;;Zemljišče na katerem je mogoče graditi stavbo in ima gradbeno dovoljenje;STAVBNO;RAKITNA;1652;;;1294/11;;;1/1;1;;;;509.0;509.0;83.3333398821218;;;456324.42;82773.82;0;0;;ETN_008_2022_KPP_2022_POSLI_20260724.csv
649413;2022-03-03;2022;2022-05-10;2022;3000.0;1;Prodaja nepremičnin na prostem trgu;3;Drug posel;Osnovna pogodba;Ne;;MEŠANO/DRUGO ZEMLJIŠČE;NI_NEPOSREDNO_RAZDELJIV;MEŠANI;C;GURS tržnost: Drug posel;0;2;2;;;Zemljišče za gozdno rabo (gozd) | Zemljišče za kmetijsko rabo (njiva, travnik, pašnik);GOZDNO | KMETIJSKO;KAMNIK;1704;;;174 | 2264/25;;;1/1;1;;;;4006.0;;;;;453477.53500000003;90653.23;0;0;;ETN_008_2022_KPP_2022_POSLI_20260724.csv
651006;2022-04-14;2022;2022-05-11;2022;80000.0;1;Prodaja nepremičnin na prostem trgu;2;Tržen posel – neustrezni podatki;Osnovna pogodba;Ne;;STANOVANJE Z DODATKI/ZEMLJIŠČEM;NI_NEPOSREDNO_RAZDELJIV;MEŠANI;B;GURS: tržen posel – neustrezni podatki;1;1;2;Stanovanje;STANOVANJE;Zemljišče pod stavbo ali drugo stavbi ali delu stavbe pripadajoče zemljišče (zemljišče pod stavbo, dvorišče, dovozna pot, vrt, zelenica, stanovanjski atrij in podobno);PRIPADAJOCE;BREZOVICA;1724;BREZOVICA PRI LJUBLJANI;NA LAZIH 16;574/20;2377/3;1/1;4984/100000;0;31.0;31.0;31.0;18.29128;;;1980;1980;454458.9;97465.28;0;0;;ETN_008_2022_KPP_2022_POSLI_20260724.csv
651444;2022-03-21;2022;2022-05-11;2022;941.5;4;Prodaja nepremičnin družinskim članom, med povezanimi fizičnimi in pravnimi osebami ali med povezanimi pravnimi osebami;4;Neopredeljen posel;Osnovna pogodba;Ne;;STAVBNO ZEMLJIŠČE;NI_NEPOSREDNO_RAZDELJIV;ENOSESTAVINSKI;C;"GURS tržnost: Neopredeljen posel; ni prosti trg/prostovoljna javna prodaja";0;1;1;;;Zemljišče, na katerem je ali bo mogoče graditi stavbo in je delno komunalno opremljeno ali komunalno neopremljeno;STAVBNO;RAKITNA;1652;;;1295/9;;;7/16;0;;;;192.5;;;;;456397.89;82714.03;0;0;;ETN_008_2022_KPP_2022_POSLI_20260724.csv
652980;2022-04-22;2022;2022-06-10;2022;30700.0;1;Prodaja nepremičnin na prostem trgu;2;Tržen posel – neustrezni podatki;Osnovna pogodba;Ne;;PRIPADAJOČE ZEMLJIŠČE;NI_NEPOSREDNO_RAZDELJIV;VEČSESTAVINSKI ISTOVRSTEN;B;GURS: tržen posel – neustrezni podatki;0;2;2;;;Zemljišče pod stavbo ali drugo stavbi ali delu stavbe pripadajoče zemljišče (zemljišče pod stavbo, dvorišče, dovozna pot, vrt, zelenica, stanovanjski atrij in podobno);PRIPADAJOCE;BREZOVICA;1724;;;252/15 | 252/33;;;1/1;1;;;;424.0;;;;;455066.42;98797.095;0;0;;ETN_008_2022_KPP_2022_POSLI_20260724.csv
653512;2022-04-21;2022;2022-06-10;2022;70000.0;1;Prodaja nepremičnin na prostem trgu;3;Drug posel;Osnovna pogodba;Ne;;HIŠA S PRIPADAJOČIM ZEMLJIŠČEM;HISA_CELI_POSEL;MEŠANI;C;GURS tržnost: Drug posel;1;2;3;Stanovanjska hiša;STANOVANJSKA_HISA;Zemljišče pod stavbo ali drugo stavbi ali delu stavbe pripadajoče zemljišče (zemljišče pod stavbo, dvorišče, dovozna pot, vrt, zelenica, stanovanjski atrij in podobno);PRIPADAJOCE;KAMNIK;1704;KAMNIK POD KRIMOM;KAMNIK POD KRIMOM 3 E;877/14 | 877/15;830/1;1/2;1/2;0;170.0;84.95;70.55;187.5;;;2000;2000;453250.76;91839.09000000001;0;0;;ETN_008_2022_KPP_2022_POSLI_20260724.csv
653566;2022-04-25;2022;2022-06-10;2022;66272.5;1;Prodaja nepremičnin na prostem trgu;3;Drug posel;Osnovna pogodba;Ne;;STAVBNO ZEMLJIŠČE;STAVBNO_ZEMLJISCE_CISTO;ENOSESTAVINSKI;C;GURS tržnost: Drug posel;0;1;1;;;Zemljišče, na katerem je ali bo mogoče graditi stavbo in je delno komunalno opremljeno ali komunalno neopremljeno;STAVBNO;BREZOVICA;1724;;;583/37;;;1/1;1;;;;235.0;235.0;282.01063829787233;;;454814.6;97564.45;0;0;;ETN_008_2022_KPP_2022_POSLI_20260724.csv
653572;2022-04-25;2022;2022-06-10;2022;66272.5;1;Prodaja nepremičnin na prostem trgu;2;Tržen posel – neustrezni podatki;Osnovna pogodba;Ne;;STAVBNO ZEMLJIŠČE;STAVBNO_ZEMLJISCE_CISTO;ENOSESTAVINSKI;B;GURS: tržen posel – neustrezni podatki;0;1;1;;;Zemljišče, na katerem je ali bo mogoče graditi stavbo in je delno komunalno opremljeno ali komunalno neopremljeno;STAVBNO;BREZOVICA;1724;;;583/39;;;1/1;1;;;;306.0;306.0;216.57679738562092;;;454828.46;97566.37;0;0;;ETN_008_2022_KPP_2022_POSLI_20260724.csv
653867;2022-05-09;2022;2022-06-10;2022;195000.0;1;Prodaja nepremičnin na prostem trgu;2;Tržen posel – neustrezni podatki;Osnovna pogodba;Ne;;STAVBNO ZEMLJIŠČE;STAVBNO_ZEMLJISCE_CISTO;ENOSESTAVINSKI;B;GURS: tržen posel – neustrezni podatki;0;1;1;;;Zemljišče, na katerem je ali bo mogoče graditi stavbo in je delno komunalno opremljeno ali komunalno neopremljeno;STAVBNO;BREZOVICA;1724;;;369/96;;;1/1;1;;;;1058.0;1058.0;184.31001890359167;;;454807.54;97983.41;0;0;;ETN_008_2022_KPP_2022_POSLI_20260724.csv
653868;2022-05-06;2022;2022-06-10;2022;217000.0;1;Prodaja nepremičnin na prostem trgu;2;Tržen posel – neustrezni podatki;Osnovna pogodba;Ne;;HIŠA S PRIPADAJOČIM ZEMLJIŠČEM;HISA_CELI_POSEL;MEŠANI;B;GURS: tržen posel – neustrezni podatki;2;3;5;Garaža | Stanovanjska hiša;PARKIRANJE | STANOVANJSKA_HISA;Zemljišče pod stavbo ali drugo stavbi ali delu stavbe pripadajoče zemljišče (zemljišče pod stavbo, dvorišče, dovozna pot, vrt, zelenica, stanovanjski atrij in podobno) | Zemljišče, na katerem je cesta ali parkirišče;INFRASTRUKTURA | PRIPADAJOCE;RAKITNA;1652;RAKITNA;RAKITNA 188;1288/2 | 1289/6 | 893/121;575/1 | 823/1;1/1;1/1 | 2/84;0;67.0;67.5;62.2;1654.5714285714287;;;1983;1983;456292.074;82951.662;0;0;;ETN_008_2022_KPP_2022_POSLI_20260724.csv
654055;2022-04-28;2022;2022-06-10;2022;810000.0;1;Prodaja nepremičnin na prostem trgu;2;Tržen posel – neustrezni podatki;Osnovna pogodba;Ne;;HIŠA S PRIPADAJOČIM ZEMLJIŠČEM;HISA_CELI_POSEL;MEŠANI;B;GURS: tržen posel – neustrezni podatki;1;1;2;Stanovanjska hiša;STANOVANJSKA_HISA;Zemljišče pod stavbo ali drugo stavbi ali delu stavbe pripadajoče zemljišče (zemljišče pod stavbo, dvorišče, dovozna pot, vrt, zelenica, stanovanjski atrij in podobno);PRIPADAJOCE;PRESERJE;1705;PRESERJE;PRESERJE 42 F;240/1;744/1;1/1;1/1;1;485.0;485.1;214.0;2362.0;;;2006;2006;455241.69;90750.26000000001;0;0;;ETN_008_2022_KPP_2022_POSLI_20260724.csv
654068;2022-05-06;2022;2022-06-10;2022;146000.0;1;Prodaja nepremičnin na prostem trgu;2;Tržen posel – neustrezni podatki;Osnovna pogodba;Ne;;HIŠA S PRIPADAJOČIM ZEMLJIŠČEM;HISA_CELI_POSEL;MEŠANI;B;GURS: tržen posel – neustrezni podatki;3;6;9;Drugo | Garaža | Stanovanjska hiša;PARKIRANJE | POMOZNA_DRUGO | STANOVANJSKA_HISA;Zemljišče pod stavbo ali drugo stavbi ali delu stavbe pripadajoče zemljišče (zemljišče pod stavbo, dvorišče, dovozna pot, vrt, zelenica, stanovanjski atrij in podobno) | Zemljišče, na katerem je ali bo mogoče graditi stavbo in je delno komunalno opremljeno ali komunalno neopremljeno;PRIPADAJOCE | STAVBNO;RAKITNA;1652;RAKITNA;RAKITNA 187;1272/11 | 1272/23 | 1273/2 | 1273/32 | 1273/36 | 1273/37;551/1 | 909/1 | 925/1;1/1;1/1;1;125.0;125.4;85.1;2044.0;;;2013;2013;456276.9422222222;82882.04777777777;0;0;;ETN_008_2022_KPP_2022_POSLI_20260724.csv
654147;2022-03-10;2022;2022-06-10;2022;70000.0;1;Prodaja nepremičnin na prostem trgu;4;Neopredeljen posel;Osnovna pogodba;Ne;;MEŠANO/DRUGO ZEMLJIŠČE;NI_NEPOSREDNO_RAZDELJIV;MEŠANI;C;GURS tržnost: Neopredeljen posel;0;9;9;;;Zemljišče za kmetijsko rabo (njiva, travnik, pašnik) | Zemljišče, na katerem je ali bo mogoče graditi stavbo in je delno komunalno opremljeno ali komunalno neopremljeno;KMETIJSKO | STAVBNO;RAKITNA;1652;;;12/4 | 12/5 | 12/6 | 13/1 | 13/2 | 13/3 | 28/1 | 28/3 | 28/4;;;1/1;1;;;;6648.0;;;;;456559.09777777776;83508.7011111111;0;0;;ETN_008_2022_KPP_2022_POSLI_20260724.csv
654803;2022-05-16;2022;2022-06-11;2022;320000.0;1;Prodaja nepremičnin na prostem trgu;2;Tržen posel – neustrezni podatki;Osnovna pogodba;Ne;;STANOVANJE Z DODATKI/ZEMLJIŠČEM;NI_NEPOSREDNO_RAZDELJIV;MEŠANI;B;GURS: tržen posel – neustrezni podatki;1;3;4;Stanovanje;STANOVANJE;Zemljišče, na katerem je mogoče graditi stavbo in je komunalno opremljeno (priključki na vodo, elektriko in neposredni dostop do dovozne poti);STAVBNO;BREZOVICA;1724;NOTRANJE GORICE;CESTA NA LOG 33;2557/10 | 2557/6 | 2557/9;3433/1;1/1;1/1 | 2/3;0;232.0;231.6;129.8;585.6666666666666;;;1997;1997;453201.885;94280.735;0;0;;ETN_008_2022_KPP_2022_POSLI_20260724.csv
656460;2022-04-19;2022;2022-07-10;2022;250000.0;1;Prodaja nepremičnin na prostem trgu;4;Neopredeljen posel;Osnovna pogodba;Ne;;STANOVANJE Z DODATKI/ZEMLJIŠČEM;NI_NEPOSREDNO_RAZDELJIV;MEŠANI;C;GURS tržnost: Neopredeljen posel;1;9;10;Stanovanje;STANOVANJE;Zemljišče na katerem je mogoče graditi stavbo in ima gradbeno dovoljenje;STAVBNO;BREZOVICA;1724;VNANJE GORICE;PODOLGA NJIVA 4;759/19 | 759/20 | 759/21 | 759/22 | 759/23 | 759/24 | 759/25 | 759/26 | 759/27;4462/1;1/1;1/4;0;155.0;155.3;141.6;167.25;;;2006;2006;454513.216;96331.16;0;0;;ETN_008_2022_KPP_2022_POSLI_20260724.csv
657177;2022-05-17;2022;2022-07-10;2022;494.4;1;Prodaja nepremičnin na prostem trgu;2;Tržen posel – neustrezni podatki;Osnovna pogodba;Ne;;MEŠANO/DRUGO ZEMLJIŠČE;NI_NEPOSREDNO_RAZDELJIV;ENOSESTAVINSKI;B;GURS: tržen posel – neustrezni podatki;0;1;1;;;Zemljišče, na katerem je ali bo mogoče graditi prometno ali energetsko infrastrukturo (cesta, plinovod in drugo);INFRASTRUKTURA;BREZOVICA;1724;;;267/10;;;1/1;1;;;;4.0;;;;;454642.16;98429.65;0;0;;ETN_008_2022_KPP_2022_POSLI_20260724.csv
657333;2022-05-25;2022;2022-07-10;2022;37129.25;1;Prodaja nepremičnin na prostem trgu;3;Drug posel;Osnovna pogodba;Ne;;HIŠA S PRIPADAJOČIM ZEMLJIŠČEM;NI_NEPOSREDNO_RAZDELJIV;MEŠANI;C;GURS tržnost: Drug posel;2;2;4;Kmetijski objekt | Stanovanjska hiša;KMETIJSKI_OBJEKT | STANOVANJSKA_HISA;Zemljišče pod stavbo ali drugo stavbi ali delu stavbe pripadajoče zemljišče (zemljišče pod stavbo, dvorišče, dovozna pot, vrt, zelenica, stanovanjski atrij in podobno) | Zemljišče, na katerem je ali bo mogoče graditi stavbo in je delno komunalno opremljeno ali komunalno neopremljeno;PRIPADAJOCE | STAVBNO;BREZOVICA;1724;VNANJE GORICE;POŽARNICE 56;1337/15 | 1337/16;1183/1 | 1185/1;1/4;1/4;0;302.0;75.35;51.2;250.25;;;1960;1960;454962.15249999997;96149.6425;0;0;;ETN_008_2022_KPP_2022_POSLI_20260724.csv
657401;2022-05-25;2022;2022-07-10;2022;140000.0;1;Prodaja nepremičnin na prostem trgu;2;Tržen posel – neustrezni podatki;Osnovna pogodba;Ne;;STANOVANJE Z DODATKI/ZEMLJIŠČEM;NI_NEPOSREDNO_RAZDELJIV;MEŠANI;B;GURS: tržen posel – neustrezni podatki;1;1;2;Stanovanje;STANOVANJE;Zemljišče pod stavbo ali drugo stavbi ali delu stavbe pripadajoče zemljišče (zemljišče pod stavbo, dvorišče, dovozna pot, vrt, zelenica, stanovanjski atrij in podobno);PRIPADAJOCE;BREZOVICA;1724;VNANJE GORICE;PODPEŠKA CESTA 145;1095/16;2539/6;1/1;18/100;0;81.0;80.5;52.1;68.22;;;1972;1972;454533.26;96730.195;0;0;;ETN_008_2022_KPP_2022_POSLI_20260724.csv
657538;2022-05-20;2022;2022-07-10;2022;119600.0;1;Prodaja nepremičnin na prostem trgu;2;Tržen posel – neustrezni podatki;Osnovna pogodba;Ne;;STAVBNO ZEMLJIŠČE;NI_NEPOSREDNO_RAZDELJIV;VEČSESTAVINSKI ISTOVRSTEN;B;GURS: tržen posel – neustrezni podatki;0;4;4;;;Zemljišče, na katerem je ali bo mogoče graditi stavbo in je delno komunalno opremljeno ali komunalno neopremljeno;STAVBNO;BREZOVICA;1724;;;1462/13 | 1462/14 | 1462/17 | 1462/18;;;1/1 | 1/2;0;;;;874.5;;;;;455570.3175;96776.5425;0;0;;ETN_008_2022_KPP_2022_POSLI_20260724.csv
658111;2022-02-15;2022;2022-07-10;2022;10000.0;1;Prodaja nepremičnin na prostem trgu;1;Tržen posel;Osnovna pogodba;Ne;;GOZDNO ZEMLJIŠČE;GOZDNO_ZEMLJISCE_CISTO;ENOSESTAVINSKI;A;brez zaznanih dodatnih težav;0;1;1;;;Zemljišče za gozdno rabo (gozd);GOZDNO;BREZOVICA;1724;;;2406/5;;;1/1;1;;;;2288.0;2288.0;4.370629370629371;;;453593.0;94859.82;0;0;;ETN_008_2022_KPP_2022_POSLI_20260724.csv
658267;2022-05-26;2022;2022-07-10;2022;200000.0;1;Prodaja nepremičnin na prostem trgu;2;Tržen posel – neustrezni podatki;Osnovna pogodba;Ne;;MEŠANI DELI STAVBE;NI_NEPOSREDNO_RAZDELJIV;MEŠANI;B;GURS: tržen posel – neustrezni podatki;3;0;3;Garaža | Stanovanje;PARKIRANJE | STANOVANJE;;;BREZOVICA;1724;BREZOVICA PRI LJUBLJANI;PODPEŠKA CESTA 77 | PODPEŠKA CESTA 77 B;;3988/37 | 3988/38 | 3988/9;1/1;;1;127.0;128.0;90.19999999999999;;;;2007;2007;454763.41;97478.29;0;0;;ETN_008_2022_KPP_2022_POSLI_20260724.csv
658532;2022-05-12;2022;2022-07-10;2022;239.4;3;Prodaja nepremicnin na javni dražbi ali druga oblika javne prodaje v izvršilnem postopku, prisilni poravnavi, stečaju ali stečajnem postopku;3;Drug posel;Osnovna pogodba;Ne;;KMETIJSKO ZEMLJIŠČE;NI_NEPOSREDNO_RAZDELJIV;ENOSESTAVINSKI;C;"GURS tržnost: Drug posel; ni prosti trg/prostovoljna javna prodaja";0;1;1;;;Zemljišče za kmetijsko rabo (njiva, travnik, pašnik);KMETIJSKO;KAMNIK;1704;;;315/5;;;1/8;0;;;;1510.375;;;;;453042.94;91940.91;0;0;;ETN_008_2022_KPP_2022_POSLI_20260724.csv
658729;2022-05-20;2022;2022-07-11;2022;9540.0;1;Prodaja nepremičnin na prostem trgu;2;Tržen posel – neustrezni podatki;Osnovna pogodba;Ne;;STAVBNO ZEMLJIŠČE;STAVBNO_ZEMLJISCE_CISTO;VEČSESTAVINSKI ISTOVRSTEN;B;GURS: tržen posel – neustrezni podatki;0;2;2;;;Zemljišče, na katerem je ali bo mogoče graditi stavbo in je delno komunalno opremljeno ali komunalno neopremljeno;STAVBNO;RAKITNA;1652;;;1208/362 | 1711/3;;;1/1;1;;;;159.0;159.0;60.0;;;455965.115;83470.125;0;0;;ETN_008_2022_KPP_2022_POSLI_20260724.csv
658741;2022-05-16;2022;2022-07-11;2022;40000.0;1;Prodaja nepremičnin na prostem trgu;3;Drug posel;Osnovna pogodba;Ne;;MEŠANO/DRUGO ZEMLJIŠČE;NI_NEPOSREDNO_RAZDELJIV;MEŠANI;C;GURS tržnost: Drug posel;0;3;3;;;Zemljišče za gozdno rabo (gozd) | Zemljišče za kmetijsko rabo (njiva, travnik, pašnik);GOZDNO | KMETIJSKO;BREZOVICA;1724;;;2830/1 | 2832/2 | 2833;;;1/1;1;;;;10398.0;;;;;453403.02;95003.43333333333;0;0;;ETN_008_2022_KPP_2022_POSLI_20260724.csv
658748;2022-06-07;2022;2022-07-11;2022;8912.0;1;Prodaja nepremičnin na prostem trgu;2;Tržen posel – neustrezni podatki;Osnovna pogodba;Ne;;GOZDNO ZEMLJIŠČE;GOZDNO_ZEMLJISCE_CISTO;VEČSESTAVINSKI ISTOVRSTEN;B;GURS: tržen posel – neustrezni podatki;0;2;2;;;Zemljišče za gozdno rabo (gozd);GOZDNO;RAKITNA;1652;;;1482 | 1511;;;1/1;1;;;;16457.0;16457.0;0.5415324785805432;;;457661.03500000003;82742.93;0;0;;ETN_008_2022_KPP_2022_POSLI_20260724.csv
658750;2022-06-07;2022;2022-07-11;2022;140000.0;1;Prodaja nepremičnin na prostem trgu;3;Drug posel;Osnovna pogodba;Ne;;HIŠA S PRIPADAJOČIM ZEMLJIŠČEM;NI_NEPOSREDNO_RAZDELJIV;MEŠANI;C;GURS tržnost: Drug posel;3;4;7;Kmetijski objekt | Stanovanjska hiša;KMETIJSKI_OBJEKT | STANOVANJSKA_HISA;Zemljišče pod stavbo ali drugo stavbi ali delu stavbe pripadajoče zemljišče (zemljišče pod stavbo, dvorišče, dovozna pot, vrt, zelenica, stanovanjski atrij in podobno) | Zemljišče za kmetijsko rabo (njiva, travnik, pašnik) | Zemljišče, na katerem je ali bo mogoče graditi stavbo in je delno komunalno opremljeno ali komunalno neopremljeno;KMETIJSKO | PRIPADAJOCE | STAVBNO;RAKITNA;1652;RAKITNA;RAKITNA 102;*169 | 1498 | 713/1 | 714/2;777/1 | 778/1 | 779/1;1/1;1/1;1;133.0;133.0;109.0;3500.0;;;1800;1930;457107.13714285713;83155.60714285714;0;0;;ETN_008_2022_KPP_2022_POSLI_20260724.csv
658774;2022-06-07;2022;2022-07-11;2022;13493.0;1;Prodaja nepremičnin na prostem trgu;3;Drug posel;Osnovna pogodba;Ne;;KMETIJSKO ZEMLJIŠČE;KMETIJSKO_ZEMLJISCE_CISTO;VEČSESTAVINSKI ISTOVRSTEN;C;GURS tržnost: Drug posel;0;2;2;;;Zemljišče za kmetijsko rabo (njiva, travnik, pašnik);KMETIJSKO;RAKITNA;1652;;;1485/1 | 1509/2;;;1/1;1;;;;29943.0;29943.0;0.4506228500818221;;;457318.08;82936.185;0;0;;ETN_008_2022_KPP_2022_POSLI_20260724.csv
658902;2022-06-13;2022;2022-07-11;2022;147000.0;4;Prodaja nepremičnin družinskim članom, med povezanimi fizičnimi in pravnimi osebami ali med povezanimi pravnimi osebami;4;Neopredeljen posel;Osnovna pogodba;Ne;;MEŠANI POSEL – STAVBA IN ZEMLJIŠČE;NI_NEPOSREDNO_RAZDELJIV;MEŠANI;C;"GURS tržnost: Neopredeljen posel; ni prosti trg/prostovoljna javna prodaja";1;1;2;Industrijski prostori;POSLOVNA_DRUGA;Zemljišče pod stavbo ali drugo stavbi ali delu stavbe pripadajoče zemljišče (zemljišče pod stavbo, dvorišče, dovozna pot, vrt, zelenica, stanovanjski atrij in podobno);PRIPADAJOCE;PRESERJE;1705;;;756/3;699/1;1/1;1/1;1;120.0;120.0;120.0;291.0;;;1998;1998;454514.83999999997;92020.98999999999;0;0;;ETN_008_2022_KPP_2022_POSLI_20260724.csv
658975;2022-06-10;2022;2022-07-11;2022;170000.0;1;Prodaja nepremičnin na prostem trgu;3;Drug posel;Osnovna pogodba;Ne;;HIŠA S PRIPADAJOČIM ZEMLJIŠČEM;HISA_CELI_POSEL;MEŠANI;C;GURS tržnost: Drug posel;1;1;2;Stanovanjska hiša;STANOVANJSKA_HISA;Zemljišče pod stavbo ali drugo stavbi ali delu stavbe pripadajoče zemljišče (zemljišče pod stavbo, dvorišče, dovozna pot, vrt, zelenica, stanovanjski atrij in podobno);PRIPADAJOCE;BREZOVICA;1724;BREZOVICA PRI LJUBLJANI;PODPEŠKA CESTA 89 B;571/62;4644/1;1/1;1/1;1;129.0;129.0;129.0;250.0;;;2018;2018;454734.11;97406.98;0;0;;ETN_008_2022_KPP_2022_POSLI_20260724.csv
658998;2022-06-13;2022;2022-07-11;2022;286000.0;1;Prodaja nepremičnin na prostem trgu;2;Tržen posel – neustrezni podatki;Osnovna pogodba;Ne;;STANOVANJE Z DODATKI/ZEMLJIŠČEM;NI_NEPOSREDNO_RAZDELJIV;MEŠANI;B;GURS: tržen posel – neustrezni podatki;1;5;6;Stanovanje;STANOVANJE;Zemljišče na katerem je mogoče graditi stavbo in ima gradbeno dovoljenje;STAVBNO;BREZOVICA;1724;BREZOVICA PRI LJUBLJANI;PODSVETIJA 24 F;369/182 | 369/184 | 369/205 | 369/206 | 369/208;3874/3;1/1;1/19 | 1/3 | 1/45;0;86.0;86.1;70.7;102.69239766081871;;;2008;2008;455053.26666666666;97968.98333333334;0;0;;ETN_008_2022_KPP_2022_POSLI_20260724.csv
659065;2022-06-14;2022;2022-07-11;2022;125000.0;1;Prodaja nepremičnin na prostem trgu;4;Neopredeljen posel;Osnovna pogodba;Ne;;HIŠA S PRIPADAJOČIM ZEMLJIŠČEM;HISA_CELI_POSEL;MEŠANI;C;GURS tržnost: Neopredeljen posel;1;1;2;Stanovanjska hiša;STANOVANJSKA_HISA;Zemljišče pod stavbo ali drugo stavbi ali delu stavbe pripadajoče zemljišče (zemljišče pod stavbo, dvorišče, dovozna pot, vrt, zelenica, stanovanjski atrij in podobno);PRIPADAJOCE;RAKITNA;1652;RAKITNA;RAKITNA 191;1289/3;558/1;1/1;1/1;1;58.0;58.2;49.5;748.0;;;1980;1980;456345.885;82881.315;0;0;;ETN_008_2022_KPP_2022_POSLI_20260724.csv
659201;2022-06-14;2022;2022-07-11;2022;90000.0;1;Prodaja nepremičnin na prostem trgu;2;Tržen posel – neustrezni podatki;Osnovna pogodba;Ne;;MEŠANO/DRUGO ZEMLJIŠČE;NI_NEPOSREDNO_RAZDELJIV;MEŠANI;B;GURS: tržen posel – neustrezni podatki;0;2;2;;;Zemljišče, na katerem je ali bo mogoče graditi stavbo in je delno komunalno opremljeno ali komunalno neopremljeno | Zemljišče, na katerem je cesta ali parkirišče;INFRASTRUKTURA | STAVBNO;KAMNIK;1704;;;1061/10 | 1061/15;;;1/1;1;;;;907.0;;;;;453454.025;90967.61499999999;0;0;;ETN_008_2022_KPP_2022_POSLI_20260724.csv
659391;2022-06-07;2022;2022-07-11;2022;360000.0;1;Prodaja nepremičnin na prostem trgu;2;Tržen posel – neustrezni podatki;Osnovna pogodba;Ne;;HIŠA S PRIPADAJOČIM ZEMLJIŠČEM;HISA_CELI_POSEL;MEŠANI;B;GURS: tržen posel – neustrezni podatki;1;2;3;Stanovanjska hiša;STANOVANJSKA_HISA;Zemljišče pod stavbo ali drugo stavbi ali delu stavbe pripadajoče zemljišče (zemljišče pod stavbo, dvorišče, dovozna pot, vrt, zelenica, stanovanjski atrij in podobno);PRIPADAJOCE;BREZOVICA;1724;ŽABNICA;ŽABNICA 15 B;2318/11 | 2318/15;4555/1;1/1;1/1;1;122.0;121.9;107.5;299.0;;;2016;2016;453926.06666666665;95574.27;0;0;;ETN_008_2022_KPP_2022_POSLI_20260724.csv
659453;2022-02-21;2022;2022-07-11;2022;150000.0;1;Prodaja nepremičnin na prostem trgu;3;Drug posel;Osnovna pogodba;Ne;;HIŠA S PRIPADAJOČIM ZEMLJIŠČEM;HISA_CELI_POSEL;MEŠANI;C;GURS tržnost: Drug posel;1;2;3;Stanovanjska hiša;STANOVANJSKA_HISA;Zemljišče pod stavbo ali drugo stavbi ali delu stavbe pripadajoče zemljišče (zemljišče pod stavbo, dvorišče, dovozna pot, vrt, zelenica, stanovanjski atrij in podobno);PRIPADAJOCE;KAMNIK;1704;KAMNIK POD KRIMOM;KAMNIK POD KRIMOM 3 E;877/14 | 877/15;830/1;1/2;1/2;0;170.0;84.95;70.55;187.5;;;2000;2000;453250.76;91839.09000000001;0;0;;ETN_008_2022_KPP_2022_POSLI_20260724.csv
661187;2022-04-16;2022;2022-08-10;2022;18597.0;1;Prodaja nepremičnin na prostem trgu;1;Tržen posel;Osnovna pogodba;Ne;;GOZDNO ZEMLJIŠČE;GOZDNO_ZEMLJISCE_CISTO;VEČSESTAVINSKI ISTOVRSTEN;A;brez zaznanih dodatnih težav;0;4;4;;;Zemljišče za gozdno rabo (gozd);GOZDNO;PRESERJE;1705;;;2178/25 | 2178/26 | 2178/43 | 2178/44;;;1/1;1;;;;33816.0;33816.0;0.5499467707594038;;;457359.46;87445.8875;0;0;;ETN_008_2022_KPP_2022_POSLI_20260724.csv
661204;2022-06-20;2022;2022-08-10;2022;30000.0;1;Prodaja nepremičnin na prostem trgu;3;Drug posel;Osnovna pogodba;Ne;;HIŠA S PRIPADAJOČIM ZEMLJIŠČEM;HISA_CELI_POSEL;MEŠANI;C;GURS tržnost: Drug posel;2;1;3;Garaža | Stanovanjska hiša;PARKIRANJE | STANOVANJSKA_HISA;Zemljišče pod stavbo ali drugo stavbi ali delu stavbe pripadajoče zemljišče (zemljišče pod stavbo, dvorišče, dovozna pot, vrt, zelenica, stanovanjski atrij in podobno);PRIPADAJOCE;BREZOVICA;1724;NOTRANJE GORICE;GMAJNA 6;2141/5;3050/1 | 3738/1;1/6;1/6;0;195.0;32.4;24.416666666666664;115.16666666666666;;;1980;1980;454077.6133333333;95183.13666666667;0;0;;ETN_008_2022_KPP_2022_POSLI_20260724.csv
661284;2022-06-24;2022;2022-08-10;2022;50000.0;1;Prodaja nepremičnin na prostem trgu;3;Drug posel;Osnovna pogodba;Ne;;HIŠA S PRIPADAJOČIM ZEMLJIŠČEM;HISA_CELI_POSEL;MEŠANI;C;GURS tržnost: Drug posel;1;2;3;Stanovanjska hiša;STANOVANJSKA_HISA;Zemljišče pod stavbo ali drugo stavbi ali delu stavbe pripadajoče zemljišče (zemljišče pod stavbo, dvorišče, dovozna pot, vrt, zelenica, stanovanjski atrij in podobno) | Zemljišče, na katerem je ali bo mogoče graditi stavbo in je delno komunalno opremljeno ali komunalno neopremljeno;PRIPADAJOCE | STAVBNO;JEZERO;1703;JEZERO;JEZERO 117 B;662/4 | 662/7;54/1;1/1;1/1;1;50.0;50.0;25.0;710.0;;;1973;1973;456382.3233333333;92172.98666666668;0;0;;ETN_008_2022_KPP_2022_POSLI_20260724.csv
661296;2022-06-23;2022;2022-08-10;2022;10500.0;1;Prodaja nepremičnin na prostem trgu;1;Tržen posel;Osnovna pogodba;Ne;;GOZDNO ZEMLJIŠČE;GOZDNO_ZEMLJISCE_CISTO;ENOSESTAVINSKI;A;brez zaznanih dodatnih težav;0;1;1;;;Zemljišče za gozdno rabo (gozd);GOZDNO;RAKITNA;1652;;;1770;;;1/1;1;;;;8301.0;8301.0;1.264907842428623;;;457809.81;84418.36;0;0;;ETN_008_2022_KPP_2022_POSLI_20260724.csv
661333;2022-06-23;2022;2022-08-10;2022;52000.0;1;Prodaja nepremičnin na prostem trgu;2;Tržen posel – neustrezni podatki;Osnovna pogodba;Ne;;POSLOVNA/DRUGA STAVBA;NI_NEPOSREDNO_RAZDELJIV;ENOSESTAVINSKI;B;GURS: tržen posel – neustrezni podatki;1;0;1;Trgovski ali storitveni lokal;POSLOVNA_DRUGA;;;PRESERJE;1705;PODPEČ;PODPEČ 48;;586/18;1/1;;1;38.0;38.1;38.1;;;;2004;2004;455063.24;92830.49;0;0;;ETN_008_2022_KPP_2022_POSLI_20260724.csv
661334;2022-06-23;2022;2022-08-10;2022;49000.0;1;Prodaja nepremičnin na prostem trgu;2;Tržen posel – neustrezni podatki;Osnovna pogodba;Ne;;POSLOVNA/DRUGA STAVBA;NI_NEPOSREDNO_RAZDELJIV;ENOSESTAVINSKI;B;GURS: tržen posel – neustrezni podatki;1;0;1;Trgovski ali storitveni lokal;POSLOVNA_DRUGA;;;PRESERJE;1705;PODPEČ;PODPEČ 48;;586/19;1/1;;1;35.0;35.4;35.4;;;;2004;2004;455063.24;92830.49;0;0;;ETN_008_2022_KPP_2022_POSLI_20260724.csv
661451;2022-06-22;2022;2022-08-10;2022;6370.0;1;Prodaja nepremičnin na prostem trgu;4;Neopredeljen posel;Osnovna pogodba;Ne;;MEŠANI POSEL – STAVBA IN ZEMLJIŠČE;NI_NEPOSREDNO_RAZDELJIV;MEŠANI;C;GURS tržnost: Neopredeljen posel;1;1;2;Garaža;PARKIRANJE;Zemljišče pod stavbo ali drugo stavbi ali delu stavbe pripadajoče zemljišče (zemljišče pod stavbo, dvorišče, dovozna pot, vrt, zelenica, stanovanjski atrij in podobno);PRIPADAJOCE;PRESERJE;1705;;;2254/11;738/1;1/1;1/1;1;57.0;56.6;56.6;91.0;;;1995;1995;454281.52;91397.06;0;0;;ETN_008_2022_KPP_2022_POSLI_20260724.csv
662172;2022-06-22;2022;2022-08-10;2022;7490.0;1;Prodaja nepremičnin na prostem trgu;2;Tržen posel – neustrezni podatki;Osnovna pogodba;Ne;;PRIPADAJOČE ZEMLJIŠČE;NI_NEPOSREDNO_RAZDELJIV;ENOSESTAVINSKI;B;GURS: tržen posel – neustrezni podatki;0;1;1;;;Zemljišče pod stavbo ali drugo stavbi ali delu stavbe pripadajoče zemljišče (zemljišče pod stavbo, dvorišče, dovozna pot, vrt, zelenica, stanovanjski atrij in podobno);PRIPADAJOCE;PRESERJE;1705;;;2254/12;;;1/1;1;;;;107.0;;;;;454283.0;91373.0;0;0;;ETN_008_2022_KPP_2022_POSLI_20260724.csv
662372;2022-07-07;2022;2022-08-10;2022;222500.0;1;Prodaja nepremičnin na prostem trgu;2;Tržen posel – neustrezni podatki;Osnovna pogodba;Ne;;HIŠA S PRIPADAJOČIM ZEMLJIŠČEM;NI_NEPOSREDNO_RAZDELJIV;MEŠANI;B;GURS: tržen posel – neustrezni podatki;4;1;5;Drugo | Garaža | Kmetijski objekt | Stanovanjska hiša;KMETIJSKI_OBJEKT | PARKIRANJE | POMOZNA_DRUGO | STANOVANJSKA_HISA;Zemljišče pod stavbo ali drugo stavbi ali delu stavbe pripadajoče zemljišče (zemljišče pod stavbo, dvorišče, dovozna pot, vrt, zelenica, stanovanjski atrij in podobno);PRIPADAJOCE;RAKITNA;1652;RAKITNA;RAKITNA 295;892/9;438/1 | 439/1 | 920/1 | 921/1;1/1;1/1;1;169.0;169.0;104.1;950.0;;;2010;2010;456167.34;83190.068;0;0;;ETN_008_2022_KPP_2022_POSLI_20260724.csv
662398;2022-07-06;2022;2022-08-10;2022;129000.0;1;Prodaja nepremičnin na prostem trgu;2;Tržen posel – neustrezni podatki;Osnovna pogodba;Ne;;MEŠANO/DRUGO ZEMLJIŠČE;NI_NEPOSREDNO_RAZDELJIV;MEŠANI;B;GURS: tržen posel – neustrezni podatki;0;2;2;;;Zemljišče, na katerem je ali bo mogoče graditi stavbo in je delno komunalno opremljeno ali komunalno neopremljeno | Zemljišče, na katerem je cesta ali parkirišče;INFRASTRUKTURA | STAVBNO;RAKITNA;1652;;;1208/157 | 1208/337;;;1/1 | 1/10;0;;;;1200.9;;;;;455892.19999999995;83620.33499999999;0;0;;ETN_008_2022_KPP_2022_POSLI_20260724.csv
662906;2022-07-14;2022;2022-08-11;2022;16000.0;1;Prodaja nepremičnin na prostem trgu;2;Tržen posel – neustrezni podatki;Osnovna pogodba;Ne;;STAVBNO ZEMLJIŠČE;STAVBNO_ZEMLJISCE_CISTO;ENOSESTAVINSKI;B;GURS: tržen posel – neustrezni podatki;0;1;1;;;Zemljišče, na katerem je ali bo mogoče graditi stavbo in je delno komunalno opremljeno ali komunalno neopremljeno;STAVBNO;RAKITNA;1652;;;1391/21;;;1/1;1;;;;418.0;418.0;38.27751196172249;;;456832.87;82720.5;0;0;;ETN_008_2022_KPP_2022_POSLI_20260724.csv
663421;2022-06-13;2022;2022-08-11;2022;363.75;1;Prodaja nepremičnin na prostem trgu;3;Drug posel;Osnovna pogodba;Ne;;KMETIJSKO ZEMLJIŠČE;NI_NEPOSREDNO_RAZDELJIV;ENOSESTAVINSKI;C;GURS tržnost: Drug posel;0;1;1;;;Zemljišče za kmetijsko rabo (njiva, travnik, pašnik);KMETIJSKO;RAKITNA;1652;;;623;;;1/2;0;;;;242.5;;;;;456489.02;84140.04;0;0;;ETN_008_2022_KPP_2022_POSLI_20260724.csv
664317;2022-07-12;2022;2022-09-10;2022;100000.0;4;Prodaja nepremičnin družinskim članom, med povezanimi fizičnimi in pravnimi osebami ali med povezanimi pravnimi osebami;4;Neopredeljen posel;Osnovna pogodba;Ne;;HIŠA S PRIPADAJOČIM ZEMLJIŠČEM;HISA_CELI_POSEL;MEŠANI;C;"GURS tržnost: Neopredeljen posel; ni prosti trg/prostovoljna javna prodaja";1;1;2;Stanovanjska hiša;STANOVANJSKA_HISA;Zemljišče pod stavbo ali drugo stavbi ali delu stavbe pripadajoče zemljišče (zemljišče pod stavbo, dvorišče, dovozna pot, vrt, zelenica, stanovanjski atrij in podobno);PRIPADAJOCE;BREZOVICA;1724;VNANJE GORICE;POD GORICAMI 35;1455/3;1288/1;1/2;1/2;0;213.0;106.4;47.2;460.0;;;1984;1984;455462.275;96580.88500000001;0;0;;ETN_008_2022_KPP_2022_POSLI_20260724.csv
664416;2022-07-18;2022;2022-09-10;2022;310000.0;1;Prodaja nepremičnin na prostem trgu;2;Tržen posel – neustrezni podatki;Osnovna pogodba;Ne;;HIŠA S PRIPADAJOČIM ZEMLJIŠČEM;NI_NEPOSREDNO_RAZDELJIV;MEŠANI;B;GURS: tržen posel – neustrezni podatki;3;3;6;Kmetijski objekt | Stanovanjska hiša;KMETIJSKI_OBJEKT | STANOVANJSKA_HISA;Zemljišče pod stavbo ali drugo stavbi ali delu stavbe pripadajoče zemljišče (zemljišče pod stavbo, dvorišče, dovozna pot, vrt, zelenica, stanovanjski atrij in podobno) | Zemljišče za gozdno rabo (gozd) | Zemljišče za kmetijsko rabo (njiva, travnik, pašnik);GOZDNO | KMETIJSKO | PRIPADAJOCE;JEZERO;1703;JEZERO;JEZERO 130;40/1 | 40/2 | 40/3;95/1 | 96/1 | 97/1;1/1;1/1;1;295.0;295.0;163.0;2816.0;;;1980;1994;456476.89166666666;92285.12833333334;0;0;;ETN_008_2022_KPP_2022_POSLI_20260724.csv
664443;2022-07-14;2022;2022-09-10;2022;240000.0;1;Prodaja nepremičnin na prostem trgu;2;Tržen posel – neustrezni podatki;Osnovna pogodba;Ne;;STANOVANJE Z DODATKI/ZEMLJIŠČEM;NI_NEPOSREDNO_RAZDELJIV;MEŠANI;B;GURS: tržen posel – neustrezni podatki;2;1;3;Stanovanje | Tehnični ali pomožni prostori;POMOZNA_DRUGO | STANOVANJE;Zemljišče pod stavbo ali drugo stavbi ali delu stavbe pripadajoče zemljišče (zemljišče pod stavbo, dvorišče, dovozna pot, vrt, zelenica, stanovanjski atrij in podobno);PRIPADAJOCE;BREZOVICA;1724;VNANJE GORICE;VNANJE GORICE 67;1134/1;3641/1 | 954/1;1/1;1/1;1;184.0;184.3;105.8;450.0;;;1980;1980;454993.9733333333;96497.86666666665;0;0;;ETN_008_2022_KPP_2022_POSLI_20260724.csv
664448;2022-07-19;2022;2022-09-10;2022;10000.0;1;Prodaja nepremičnin na prostem trgu;2;Tržen posel – neustrezni podatki;Osnovna pogodba;Ne;;STAVBNO ZEMLJIŠČE;STAVBNO_ZEMLJISCE_CISTO;ENOSESTAVINSKI;B;GURS: tržen posel – neustrezni podatki;0;1;1;;;Zemljišče, na katerem je ali bo mogoče graditi stavbo in je delno komunalno opremljeno ali komunalno neopremljeno;STAVBNO;RAKITNA;1652;;;46/6;;;1/1;1;;;;510.0;510.0;19.607843137254903;;;456783.92;83579.05;0;0;;ETN_008_2022_KPP_2022_POSLI_20260724.csv
664659;2022-07-23;2022;2022-09-10;2022;175000.0;1;Prodaja nepremičnin na prostem trgu;2;Tržen posel – neustrezni podatki;Osnovna pogodba;Ne;;MEŠANO/DRUGO ZEMLJIŠČE;NI_NEPOSREDNO_RAZDELJIV;MEŠANI;B;GURS: tržen posel – neustrezni podatki;0;2;2;;;Zemljišče na katerem je mogoče graditi stavbo in ima gradbeno dovoljenje | Zemljišče, na katerem je cesta ali parkirišče;INFRASTRUKTURA | STAVBNO;JEZERO;1703;;;51/5 | 52;;;1/1 | 1/9;0;;;;979.7777777777778;;;;;456488.135;92332.695;0;0;;ETN_008_2022_KPP_2022_POSLI_20260724.csv
664829;2022-06-29;2022;2022-09-10;2022;66400.0;1;Prodaja nepremičnin na prostem trgu;2;Tržen posel – neustrezni podatki;Osnovna pogodba;Ne;;HIŠA S PRIPADAJOČIM ZEMLJIŠČEM;NI_NEPOSREDNO_RAZDELJIV;MEŠANI;B;GURS: tržen posel – neustrezni podatki;2;2;4;Kmetijski objekt | Stanovanjska hiša;KMETIJSKI_OBJEKT | STANOVANJSKA_HISA;Zemljišče pod stavbo ali drugo stavbi ali delu stavbe pripadajoče zemljišče (zemljišče pod stavbo, dvorišče, dovozna pot, vrt, zelenica, stanovanjski atrij in podobno) | Zemljišče, na katerem je ali bo mogoče graditi stavbo in je delno komunalno opremljeno ali komunalno neopremljeno;PRIPADAJOCE | STAVBNO;BREZOVICA;1724;VNANJE GORICE;NA GULČ 20;1037/3 | 1038/3;1043/1 | 3680/1;1/1;1/1;1;143.0;142.8;109.30000000000001;774.0;;;1805;1805;454886.71499999997;96302.355;0;0;;ETN_008_2022_KPP_2022_POSLI_20260724.csv
665087;2022-07-14;2022;2022-09-10;2022;27000.0;1;Prodaja nepremičnin na prostem trgu;2;Tržen posel – neustrezni podatki;Osnovna pogodba;Ne;;KMETIJSKO ZEMLJIŠČE;KMETIJSKO_ZEMLJISCE_CISTO;ENOSESTAVINSKI;B;GURS: tržen posel – neustrezni podatki;0;1;1;;;Zemljišče za kmetijsko rabo (njiva, travnik, pašnik);KMETIJSKO;BREZOVICA;1724;;;3020/9;;;1/1;1;;;;243.0;243.0;111.11111111111111;;;452023.89;96105.53;0;0;;ETN_008_2022_KPP_2022_POSLI_20260724.csv
665232;2022-07-12;2022;2022-09-10;2022;125910.0;1;Prodaja nepremičnin na prostem trgu;1;Tržen posel;Osnovna pogodba;Ne;;KMETIJSKO ZEMLJIŠČE;KMETIJSKO_ZEMLJISCE_CISTO;VEČSESTAVINSKI ISTOVRSTEN;A;brez zaznanih dodatnih težav;0;2;2;;;Zemljišče za kmetijsko rabo (njiva, travnik, pašnik);KMETIJSKO;BREZOVICA;1724;;;1239/10 | 1239/11;;;1/1;1;;;;1399.0;1399.0;90.0;;;454693.795;95935.62;0;0;;ETN_008_2022_KPP_2022_POSLI_20260724.csv
665239;2022-08-02;2022;2022-09-10;2022;110000.0;1;Prodaja nepremičnin na prostem trgu;2;Tržen posel – neustrezni podatki;Osnovna pogodba;Ne;;MEŠANI POSEL – STAVBA IN ZEMLJIŠČE;NI_NEPOSREDNO_RAZDELJIV;MEŠANI;B;GURS: tržen posel – neustrezni podatki;1;1;2;Kmetijski objekt;KMETIJSKI_OBJEKT;Zemljišče pod stavbo ali drugo stavbi ali delu stavbe pripadajoče zemljišče (zemljišče pod stavbo, dvorišče, dovozna pot, vrt, zelenica, stanovanjski atrij in podobno);PRIPADAJOCE;BREZOVICA;1724;;;340/41;585/1;1/1;1/1;1;58.0;58.0;58.0;711.0;;;1990;1990;455443.245;98315.465;0;0;;ETN_008_2022_KPP_2022_POSLI_20260724.csv
665606;2022-08-08;2022;2022-09-10;2022;84000.0;1;Prodaja nepremičnin na prostem trgu;2;Tržen posel – neustrezni podatki;Osnovna pogodba;Ne;;STAVBNO ZEMLJIŠČE;STAVBNO_ZEMLJISCE_CISTO;ENOSESTAVINSKI;B;GURS: tržen posel – neustrezni podatki;0;1;1;;;Zemljišče, na katerem je ali bo mogoče graditi stavbo in je delno komunalno opremljeno ali komunalno neopremljeno;STAVBNO;RAKITNA;1652;;;1273/12;;;1/1;1;;;;787.0;787.0;106.73443456162643;;;456227.89;82746.65;0;0;;ETN_008_2022_KPP_2022_POSLI_20260724.csv
665731;2022-07-27;2022;2022-09-10;2022;5180.0;1;Prodaja nepremičnin na prostem trgu;2;Tržen posel – neustrezni podatki;Osnovna pogodba;Ne;;PRIPADAJOČE ZEMLJIŠČE;NI_NEPOSREDNO_RAZDELJIV;ENOSESTAVINSKI;B;GURS: tržen posel – neustrezni podatki;0;1;1;;;Zemljišče pod stavbo ali drugo stavbi ali delu stavbe pripadajoče zemljišče (zemljišče pod stavbo, dvorišče, dovozna pot, vrt, zelenica, stanovanjski atrij in podobno);PRIPADAJOCE;BREZOVICA;1724;;;3523/24;;;1/1;1;;;;74.0;;;;;453898.35;98381.6;0;0;;ETN_008_2022_KPP_2022_POSLI_20260724.csv
665748;2022-08-10;2022;2022-09-10;2022;329000.0;1;Prodaja nepremičnin na prostem trgu;2;Tržen posel – neustrezni podatki;Osnovna pogodba;Ne;;HIŠA S PRIPADAJOČIM ZEMLJIŠČEM;HISA_CELI_POSEL;MEŠANI;B;GURS: tržen posel – neustrezni podatki;1;2;3;Stanovanjska hiša;STANOVANJSKA_HISA;Zemljišče pod stavbo ali drugo stavbi ali delu stavbe pripadajoče zemljišče (zemljišče pod stavbo, dvorišče, dovozna pot, vrt, zelenica, stanovanjski atrij in podobno);PRIPADAJOCE;BREZOVICA;1724;ŽABNICA;ŽABNICA 62 D;1005/11 | 1005/6;4372/1;1/1;1/1 | 1/9;0;166.0;166.2;120.3;179.44444444444446;;;2011;2011;454094.0333333334;95801.92666666668;0;0;;ETN_008_2022_KPP_2022_POSLI_20260724.csv
666085;2022-08-16;2022;2022-09-10;2022;122000.0;1;Prodaja nepremičnin na prostem trgu;2;Tržen posel – neustrezni podatki;Osnovna pogodba;Ne;;STAVBNO ZEMLJIŠČE;STAVBNO_ZEMLJISCE_CISTO;VEČSESTAVINSKI ISTOVRSTEN;B;GURS: tržen posel – neustrezni podatki;0;2;2;;;Zemljišče, na katerem je ali bo mogoče graditi stavbo in je delno komunalno opremljeno ali komunalno neopremljeno;STAVBNO;JEZERO;1703;;;398/12 | 398/7;;;1/1;1;;;;960.0;960.0;127.08333333333333;;;455465.04;92632.465;0;0;;ETN_008_2022_KPP_2022_POSLI_20260724.csv
666246;2022-08-10;2022;2022-09-10;2022;150000.0;1;Prodaja nepremičnin na prostem trgu;3;Drug posel;Osnovna pogodba;Ne;;HIŠA S PRIPADAJOČIM ZEMLJIŠČEM;HISA_CELI_POSEL;MEŠANI;C;GURS tržnost: Drug posel;2;1;3;Garaža | Stanovanjska hiša;PARKIRANJE | STANOVANJSKA_HISA;Zemljišče pod stavbo ali drugo stavbi ali delu stavbe pripadajoče zemljišče (zemljišče pod stavbo, dvorišče, dovozna pot, vrt, zelenica, stanovanjski atrij in podobno);PRIPADAJOCE;JEZERO;1703;JEZERO;JEZERO 35;399/19;298/1 | 299/1;1/1;1/1;1;305.0;304.8;191.5;798.0;;;1936;1936;455737.94;92576.68333333333;0;0;;ETN_008_2022_KPP_2022_POSLI_20260724.csv
666386;2022-08-03;2022;2022-09-10;2022;21204.0;1;Prodaja nepremičnin na prostem trgu;1;Tržen posel;Osnovna pogodba;Ne;;KMETIJSKO ZEMLJIŠČE;KMETIJSKO_ZEMLJISCE_CISTO;VEČSESTAVINSKI ISTOVRSTEN;A;brez zaznanih dodatnih težav;0;2;2;;;Zemljišče za kmetijsko rabo (njiva, travnik, pašnik);KMETIJSKO;BREZOVICA;1724;;;2649/7 | 2792/2;;;1/1;1;;;;10602.0;10602.0;2.0;;;453131.945;95043.93;0;0;;ETN_008_2022_KPP_2022_POSLI_20260724.csv
666666;2022-08-18;2022;2022-09-11;2022;4126.65;1;Prodaja nepremičnin na prostem trgu;3;Drug posel;Osnovna pogodba;Ne;;GOZDNO ZEMLJIŠČE;NI_NEPOSREDNO_RAZDELJIV;ENOSESTAVINSKI;C;GURS tržnost: Drug posel;0;1;1;;;Zemljišče za gozdno rabo (gozd);GOZDNO;KAMNIK;1704;;;2165;;;1/4;0;;;;6877.75;;;;;452082.59;89412.33;0;0;;ETN_008_2022_KPP_2022_POSLI_20260724.csv
668076;2022-02-03;2022;2022-10-10;2022;5300.0;3;Prodaja nepremicnin na javni dražbi ali druga oblika javne prodaje v izvršilnem postopku, prisilni poravnavi, stečaju ali stečajnem postopku;3;Drug posel;Osnovna pogodba;Ne;;STAVBNO ZEMLJIŠČE;NI_NEPOSREDNO_RAZDELJIV;VEČSESTAVINSKI ISTOVRSTEN;C;"GURS tržnost: Drug posel; ni prosti trg/prostovoljna javna prodaja";0;4;4;;;Zemljišče, na katerem je ali bo mogoče graditi stavbo in je delno komunalno opremljeno ali komunalno neopremljeno;STAVBNO;JEZERO;1703;;;*56/2 | *56/5 | 382/6 | 386;;;1/6;0;;;;90.33333333333333;;;;;455275.5225;92697.01;0;0;;ETN_008_2022_KPP_2022_POSLI_20260724.csv
668081;2022-06-20;2022;2022-10-10;2022;3300.0;1;Prodaja nepremičnin na prostem trgu;2;Tržen posel – neustrezni podatki;Osnovna pogodba;Ne;;MEŠANO/DRUGO ZEMLJIŠČE;NI_NEPOSREDNO_RAZDELJIV;ENOSESTAVINSKI;B;GURS: tržen posel – neustrezni podatki;0;1;1;;;Neplodno ali vodno zemljišče ali drugo neuporabno zemljišče;DRUGO;BREZOVICA;1724;;;241/1;;;1/1;1;;;;619.0;;;;;455113.63;98730.31;0;0;;ETN_008_2022_KPP_2022_POSLI_20260724.csv
668114;2022-07-07;2022;2022-10-10;2022;13106.25;1;Prodaja nepremičnin na prostem trgu;1;Tržen posel;Osnovna pogodba;Ne;;GOZDNO ZEMLJIŠČE;GOZDNO_ZEMLJISCE_CISTO;VEČSESTAVINSKI ISTOVRSTEN;A;brez zaznanih dodatnih težav;0;2;2;;;Zemljišče za gozdno rabo (gozd);GOZDNO;RAKITNA;1652;;;1586/30 | 1586/96;;;1/1;1;;;;29125.0;29125.0;0.45;;;459258.22;82686.23;0;0;;ETN_008_2022_KPP_2022_POSLI_20260724.csv
668638;2022-08-24;2022;2022-10-10;2022;257000.0;1;Prodaja nepremičnin na prostem trgu;2;Tržen posel – neustrezni podatki;Osnovna pogodba;Ne;;STANOVANJE Z DODATKI/ZEMLJIŠČEM;NI_NEPOSREDNO_RAZDELJIV;MEŠANI;B;GURS: tržen posel – neustrezni podatki;1;5;6;Stanovanje;STANOVANJE;Zemljišče, na katerem je cesta ali parkirišče;INFRASTRUKTURA;BREZOVICA;1724;BREZOVICA PRI LJUBLJANI;PODSVETIJA 24 A;369/182 | 369/199 | 369/205 | 369/206 | 369/208;3879/2;1/1;2/38 | 2/6 | 2/90;0;86.0;86.1;70.7;96.69239766081871;;;2008;2008;455076.5083333333;97970.69666666666;0;0;;ETN_008_2022_KPP_2022_POSLI_20260724.csv
669085;2022-05-22;2022;2023-03-06;2023;110000.0;1;Prodaja nepremičnin na prostem trgu;5;V preverjanju;Osnovna pogodba;Ne;;STAVBNO ZEMLJIŠČE;STAVBNO_ZEMLJISCE_CISTO;ENOSESTAVINSKI;C;GURS tržnost: V preverjanju;0;1;1;;;Zemljišče, na katerem je ali bo mogoče graditi stavbo in je delno komunalno opremljeno ali komunalno neopremljeno;STAVBNO;BREZOVICA;1724;;;1124/51;;;1/1;1;;;;;;;;;;;1;0;;ETN_008_2023_KPP_2023_POSLI_20260724.csv
669247;2022-09-01;2022;2022-10-10;2022;100000.0;1;Prodaja nepremičnin na prostem trgu;2;Tržen posel – neustrezni podatki;Osnovna pogodba;Ne;;HIŠA S PRIPADAJOČIM ZEMLJIŠČEM;NI_NEPOSREDNO_RAZDELJIV;MEŠANI;B;GURS: tržen posel – neustrezni podatki;2;1;3;Kmetijski objekt | Stanovanjska hiša;KMETIJSKI_OBJEKT | STANOVANJSKA_HISA;Zemljišče pod stavbo ali drugo stavbi ali delu stavbe pripadajoče zemljišče (zemljišče pod stavbo, dvorišče, dovozna pot, vrt, zelenica, stanovanjski atrij in podobno);PRIPADAJOCE;BREZOVICA;1724;NOTRANJE GORICE;NA PESKE 1;2581;3395/1 | 3398/1;1/1;1/1;1;315.0;315.0;158.7;592.0;;;1924;1924;453471.67333333334;94368.08333333333;0;0;;ETN_008_2022_KPP_2022_POSLI_20260724.csv
669369;2022-08-31;2022;2022-10-10;2022;117500.0;1;Prodaja nepremičnin na prostem trgu;3;Drug posel;Osnovna pogodba;Ne;;HIŠA S PRIPADAJOČIM ZEMLJIŠČEM;HISA_CELI_POSEL;MEŠANI;C;GURS tržnost: Drug posel;1;2;3;Stanovanjska hiša;STANOVANJSKA_HISA;Zemljišče pod stavbo ali drugo stavbi ali delu stavbe pripadajoče zemljišče (zemljišče pod stavbo, dvorišče, dovozna pot, vrt, zelenica, stanovanjski atrij in podobno);PRIPADAJOCE;BREZOVICA;1724;ŽABNICA;ŽABNICA 62 C;1005/10 | 1005/6;4371/1;45/100;1/18 | 45/100;0;163.0;73.44;52.785;108.77222222222223;;;2011;2011;454084.91;95801.67;0;0;;ETN_008_2022_KPP_2022_POSLI_20260724.csv
669375;2022-09-01;2022;2022-10-10;2022;6615.0;1;Prodaja nepremičnin na prostem trgu;2;Tržen posel – neustrezni podatki;Osnovna pogodba;Ne;;KMETIJSKO ZEMLJIŠČE;KMETIJSKO_ZEMLJISCE_CISTO;ENOSESTAVINSKI;B;GURS: tržen posel – neustrezni podatki;0;1;1;;;Zemljišče za kmetijsko rabo (njiva, travnik, pašnik);KMETIJSKO;RAKITNA;1652;;;1150/4;;;1/1;1;;;;1323.0;1323.0;5.0;;;455485.24;83988.37;0;0;;ETN_008_2022_KPP_2022_POSLI_20260724.csv
669426;2022-09-06;2022;2022-10-10;2022;90000.0;1;Prodaja nepremičnin na prostem trgu;2;Tržen posel – neustrezni podatki;Osnovna pogodba;Ne;;HIŠA S PRIPADAJOČIM ZEMLJIŠČEM;NI_NEPOSREDNO_RAZDELJIV;MEŠANI;B;GURS: tržen posel – neustrezni podatki;3;2;5;Garaža | Kmetijski objekt | Stanovanjska hiša;KMETIJSKI_OBJEKT | PARKIRANJE | STANOVANJSKA_HISA;Zemljišče pod stavbo ali drugo stavbi ali delu stavbe pripadajoče zemljišče (zemljišče pod stavbo, dvorišče, dovozna pot, vrt, zelenica, stanovanjski atrij in podobno);PRIPADAJOCE;RAKITNA;1652;RAKITNA;RAKITNA 40;255 | 256/17;266/1 | 267/1 | 268/1;1/1;1/1;1;142.0;142.2;113.1;571.0;;;1967;1985;456308.50999999995;83632.78400000001;0;0;;ETN_008_2022_KPP_2022_POSLI_20260724.csv
669562;2022-09-06;2022;2022-10-10;2022;7506.5;1;Prodaja nepremičnin na prostem trgu;3;Drug posel;Osnovna pogodba;Ne;;MEŠANO/DRUGO ZEMLJIŠČE;NI_NEPOSREDNO_RAZDELJIV;MEŠANI;C;GURS tržnost: Drug posel;0;2;2;;;Zemljišče za gozdno rabo (gozd) | Zemljišče za kmetijsko rabo (njiva, travnik, pašnik);GOZDNO | KMETIJSKO;KAMNIK;1704;;;1587/2 | 1587/3;;;1/1;1;;;;15013.0;;;;;450846.75;91021.61499999999;0;0;;ETN_008_2022_KPP_2022_POSLI_20260724.csv
669563;2022-09-06;2022;2022-10-10;2022;163600.0;1;Prodaja nepremičnin na prostem trgu;2;Tržen posel – neustrezni podatki;Osnovna pogodba;Ne;;STANOVANJE;STANOVANJE_CISTO;ENOSESTAVINSKI;B;GURS: tržen posel – neustrezni podatki;1;0;1;Stanovanje;STANOVANJE;;;BREZOVICA;1724;VNANJE GORICE;VNANJE GORICE 11;;2528/3;1/1;;1;77.0;76.9;76.9;;76.9;2127.438231469441;1965;1965;454612.52;96863.36;0;0;;ETN_008_2022_KPP_2022_POSLI_20260724.csv
669852;2022-09-08;2022;2022-10-10;2022;320000.0;1;Prodaja nepremičnin na prostem trgu;2;Tržen posel – neustrezni podatki;Osnovna pogodba;Ne;;HIŠA S PRIPADAJOČIM ZEMLJIŠČEM;HISA_CELI_POSEL;MEŠANI;B;GURS: tržen posel – neustrezni podatki;2;5;7;Stanovanjska hiša | Tehnični ali pomožni prostori;POMOZNA_DRUGO | STANOVANJSKA_HISA;Zemljišče pod stavbo ali drugo stavbi ali delu stavbe pripadajoče zemljišče (zemljišče pod stavbo, dvorišče, dovozna pot, vrt, zelenica, stanovanjski atrij in podobno) | Zemljišče, na katerem je ali bo mogoče graditi stavbo in je delno komunalno opremljeno ali komunalno neopremljeno | Zemljišče, na katerem je cesta ali parkirišče;INFRASTRUKTURA | PRIPADAJOCE | STAVBNO;BREZOVICA;1724;BREZOVICA PRI LJUBLJANI;ULICA JOŽETA KOPITARJA 19 A;346/8 | 346/9 | 347/11 | 347/12 | 347/2;487/1 | 647/1;1/1;1/1;1;357.0;357.5;170.5;1495.0;;;1943;1984;455365.15714285715;98112.3442857143;0;0;;ETN_008_2022_KPP_2022_POSLI_20260724.csv
670054;2022-09-08;2022;2022-10-10;2022;3300.0;1;Prodaja nepremičnin na prostem trgu;2;Tržen posel – neustrezni podatki;Osnovna pogodba;Ne;;STAVBNO ZEMLJIŠČE;STAVBNO_ZEMLJISCE_CISTO;ENOSESTAVINSKI;B;GURS: tržen posel – neustrezni podatki;0;1;1;;;Zemljišče, na katerem je ali bo mogoče graditi stavbo in je delno komunalno opremljeno ali komunalno neopremljeno;STAVBNO;RAKITNA;1652;;;1208/365;;;1/1;1;;;;66.0;66.0;50.0;;;455948.32;83504.01;0;0;;ETN_008_2022_KPP_2022_POSLI_20260724.csv
670056;2022-08-25;2022;2022-10-10;2022;4000.0;1;Prodaja nepremičnin na prostem trgu;1;Tržen posel;Osnovna pogodba;Ne;;KMETIJSKO ZEMLJIŠČE;KMETIJSKO_ZEMLJISCE_CISTO;ENOSESTAVINSKI;A;brez zaznanih dodatnih težav;0;1;1;;;Zemljišče za kmetijsko rabo (njiva, travnik, pašnik);KMETIJSKO;BREZOVICA;1724;;;1315/12;;;1/1;1;;;;800.0;800.0;5.0;;;455629.22;95581.96;0;0;;ETN_008_2022_KPP_2022_POSLI_20260724.csv
670057;2022-09-12;2022;2022-10-10;2022;25000.0;1;Prodaja nepremičnin na prostem trgu;1;Tržen posel;Osnovna pogodba;Ne;;KMETIJSKO ZEMLJIŠČE;KMETIJSKO_ZEMLJISCE_CISTO;ENOSESTAVINSKI;A;brez zaznanih dodatnih težav;0;1;1;;;Zemljišče za kmetijsko rabo (njiva, travnik, pašnik);KMETIJSKO;BREZOVICA;1724;;;3399/1;;;1/1;1;;;;5201.0;5201.0;4.806767929244376;;;451240.09;92107.04;0;0;;ETN_008_2022_KPP_2022_POSLI_20260724.csv
670064;2022-09-09;2022;2022-10-10;2022;332000.0;1;Prodaja nepremičnin na prostem trgu;2;Tržen posel – neustrezni podatki;Osnovna pogodba;Ne;;HIŠA S PRIPADAJOČIM ZEMLJIŠČEM;HISA_CELI_POSEL;MEŠANI;B;GURS: tržen posel – neustrezni podatki;2;1;3;Drugo | Stanovanjska hiša;POMOZNA_DRUGO | STANOVANJSKA_HISA;Zemljišče pod stavbo ali drugo stavbi ali delu stavbe pripadajoče zemljišče (zemljišče pod stavbo, dvorišče, dovozna pot, vrt, zelenica, stanovanjski atrij in podobno);PRIPADAJOCE;RAKITNA;1652;RAKITNA;RAKITNA 467;1378/2;623/1 | 834/1;1/1;1/1;1;146.0;146.4;95.0;618.0;;;1979;1979;456631.83666666667;82510.22;0;0;;ETN_008_2022_KPP_2022_POSLI_20260724.csv
670505;2022-09-19;2022;2022-10-11;2022;155000.0;1;Prodaja nepremičnin na prostem trgu;2;Tržen posel – neustrezni podatki;Osnovna pogodba;Ne;;STAVBNO ZEMLJIŠČE;STAVBNO_ZEMLJISCE_CISTO;ENOSESTAVINSKI;B;GURS: tržen posel – neustrezni podatki;0;1;1;;;Zemljišče na katerem je mogoče graditi stavbo in ima gradbeno dovoljenje;STAVBNO;BREZOVICA;1724;;;340/32;;;1/1;1;;;;500.0;500.0;310.0;;;455550.5;98346.49;0;0;;ETN_008_2022_KPP_2022_POSLI_20260724.csv
671758;2022-08-18;2022;2022-11-10;2022;25537.0;1;Prodaja nepremičnin na prostem trgu;1;Tržen posel;Osnovna pogodba;Ne;;KMETIJSKO ZEMLJIŠČE;KMETIJSKO_ZEMLJISCE_CISTO;VEČSESTAVINSKI ISTOVRSTEN;A;brez zaznanih dodatnih težav;0;4;4;;;Zemljišče za kmetijsko rabo (njiva, travnik, pašnik);KMETIJSKO;BREZOVICA;1724;;;3130 | 3134 | 3137 | 3138;;;1/1;1;;;;25537.0;25537.0;1.0;;;452200.52749999997;94358.845;0;0;;ETN_008_2022_KPP_2022_POSLI_20260724.csv
671761;2022-07-27;2022;2022-11-10;2022;75000.0;1;Prodaja nepremičnin na prostem trgu;2;Tržen posel – neustrezni podatki;Osnovna pogodba;Ne;;STAVBNO ZEMLJIŠČE;STAVBNO_ZEMLJISCE_CISTO;ENOSESTAVINSKI;B;GURS: tržen posel – neustrezni podatki;0;1;1;;;Zemljišče na katerem je mogoče graditi stavbo in ima gradbeno dovoljenje;STAVBNO;KAMNIK;1704;;;1401/5;;;1/1;1;;;;1000.0;1000.0;75.0;;;452082.37;90479.2;0;0;;ETN_008_2022_KPP_2022_POSLI_20260724.csv
672360;2022-09-29;2022;2022-11-10;2022;420000.0;1;Prodaja nepremičnin na prostem trgu;2;Tržen posel – neustrezni podatki;Osnovna pogodba;Ne;;HIŠA S PRIPADAJOČIM ZEMLJIŠČEM;HISA_CELI_POSEL;MEŠANI;B;GURS: tržen posel – neustrezni podatki;1;1;2;Stanovanjska hiša;STANOVANJSKA_HISA;Zemljišče pod stavbo ali drugo stavbi ali delu stavbe pripadajoče zemljišče (zemljišče pod stavbo, dvorišče, dovozna pot, vrt, zelenica, stanovanjski atrij in podobno);PRIPADAJOCE;PRESERJE;1705;PODPEČ;PODPEČ 14 B;988/6;825/1;1/1;1/1;1;234.0;234.1;122.0;635.0;;;2011;2011;454808.33999999997;92322.595;0;0;;ETN_008_2022_KPP_2022_POSLI_20260724.csv
672903;2022-09-29;2022;2022-11-10;2022;5.23;1;Prodaja nepremičnin na prostem trgu;3;Drug posel;Osnovna pogodba;Ne;;PRIPADAJOČE ZEMLJIŠČE;NI_NEPOSREDNO_RAZDELJIV;ENOSESTAVINSKI;C;GURS tržnost: Drug posel;0;1;1;;;Zemljišče pod stavbo ali drugo stavbi ali delu stavbe pripadajoče zemljišče (zemljišče pod stavbo, dvorišče, dovozna pot, vrt, zelenica, stanovanjski atrij in podobno);PRIPADAJOCE;JEZERO;1703;;;693/9;;;1/32;0;;;;5.625;;;;;457084.98;92864.92;0;0;;ETN_008_2022_KPP_2022_POSLI_20260724.csv
673177;2022-09-22;2022;2022-11-10;2022;23154.45;1;Prodaja nepremičnin na prostem trgu;1;Tržen posel;Osnovna pogodba;Ne;;GOZDNO ZEMLJIŠČE;GOZDNO_ZEMLJISCE_CISTO;ENOSESTAVINSKI;A;brez zaznanih dodatnih težav;0;1;1;;;Zemljišče za gozdno rabo (gozd);GOZDNO;PRESERJE;1705;;;1182/8;;;1/1;1;;;;42099.0;42099.0;0.55;;;455953.28;90137.07;0;0;;ETN_008_2022_KPP_2022_POSLI_20260724.csv
673271;2022-10-10;2022;2022-11-10;2022;200000.0;1;Prodaja nepremičnin na prostem trgu;2;Tržen posel – neustrezni podatki;Osnovna pogodba;Ne;;STANOVANJE Z DODATKI/ZEMLJIŠČEM;NI_NEPOSREDNO_RAZDELJIV;MEŠANI;B;GURS: tržen posel – neustrezni podatki;3;1;4;Drugo | Stanovanje;POMOZNA_DRUGO | STANOVANJE;Zemljišče pod stavbo ali drugo stavbi ali delu stavbe pripadajoče zemljišče (zemljišče pod stavbo, dvorišče, dovozna pot, vrt, zelenica, stanovanjski atrij in podobno);PRIPADAJOCE;BREZOVICA;1724;NOTRANJE GORICE;GMAJNA 19;2134/9;3079/1 | 3079/2 | 3297/1;1/1;1/1;1;138.0;137.5;106.9;464.0;;;1969;1969;454170.56;95153.19;0;0;;ETN_008_2022_KPP_2022_POSLI_20260724.csv
673272;2022-10-11;2022;2023-03-06;2023;5445.0;1;Prodaja nepremičnin na prostem trgu;5;V preverjanju;Osnovna pogodba;Ne;;STAVBNO ZEMLJIŠČE;STAVBNO_ZEMLJISCE_CISTO;ENOSESTAVINSKI;C;GURS tržnost: V preverjanju;0;1;1;;;Zemljišče, na katerem je ali bo mogoče graditi stavbo in je delno komunalno opremljeno ali komunalno neopremljeno;STAVBNO;RAKITNA;1652;;;893/221;;;1/1;1;;;;;;;;;;;1;0;;ETN_008_2023_KPP_2023_POSLI_20260724.csv
673336;2022-09-26;2022;2022-11-10;2022;1398.84;1;Prodaja nepremičnin na prostem trgu;3;Drug posel;Osnovna pogodba;Ne;;MEŠANO/DRUGO ZEMLJIŠČE;NI_NEPOSREDNO_RAZDELJIV;ENOSESTAVINSKI;C;GURS tržnost: Drug posel;0;1;1;;;Zemljišče, na katerem je ali bo mogoče graditi prometno ali energetsko infrastrukturo (cesta, plinovod in drugo);INFRASTRUKTURA;BREZOVICA;1724;;;747/1;;;1/32;0;;;;19.625;;;;;454499.98;96648.76;0;0;;ETN_008_2022_KPP_2022_POSLI_20260724.csv
673338;2022-10-10;2022;2022-11-10;2022;73000.0;1;Prodaja nepremičnin na prostem trgu;2;Tržen posel – neustrezni podatki;Osnovna pogodba;Ne;;STAVBNO ZEMLJIŠČE;STAVBNO_ZEMLJISCE_CISTO;ENOSESTAVINSKI;B;GURS: tržen posel – neustrezni podatki;0;1;1;;;Zemljišče, na katerem je ali bo mogoče graditi stavbo in je delno komunalno opremljeno ali komunalno neopremljeno;STAVBNO;BREZOVICA;1724;;;594/6;;;1/1;1;;;;330.0;330.0;221.21212121212122;;;454881.0;97717.14;0;0;;ETN_008_2022_KPP_2022_POSLI_20260724.csv
673420;2022-10-12;2022;2022-11-10;2022;182000.0;1;Prodaja nepremičnin na prostem trgu;2;Tržen posel – neustrezni podatki;Osnovna pogodba;Ne;;HIŠA S PRIPADAJOČIM ZEMLJIŠČEM;HISA_CELI_POSEL;MEŠANI;B;GURS: tržen posel – neustrezni podatki;3;1;4;Drugo | Stanovanjska hiša;POMOZNA_DRUGO | STANOVANJSKA_HISA;Zemljišče pod stavbo ali drugo stavbi ali delu stavbe pripadajoče zemljišče (zemljišče pod stavbo, dvorišče, dovozna pot, vrt, zelenica, stanovanjski atrij in podobno);PRIPADAJOCE;RAKITNA;1652;RAKITNA;RAKITNA 164;869/8;411/1 | 412/1 | 413/1;1/1;1/1;1;143.0;143.0;94.5;692.0;;;1996;1996;456165.09249999997;83407.0275;0;0;;ETN_008_2022_KPP_2022_POSLI_20260724.csv
673427;2022-10-11;2022;2022-11-10;2022;49599.0;1;Prodaja nepremičnin na prostem trgu;2;Tržen posel – neustrezni podatki;Osnovna pogodba;Ne;;STAVBNO ZEMLJIŠČE;NI_NEPOSREDNO_RAZDELJIV;VEČSESTAVINSKI ISTOVRSTEN;B;GURS: tržen posel – neustrezni podatki;0;3;3;;;Zemljišče, na katerem je ali bo mogoče graditi stavbo in je delno komunalno opremljeno ali komunalno neopremljeno;STAVBNO;RAKITNA;1652;;;904/6 | 904/9 | 906/10;;;1/1 | 1/2;0;;;;549.5;;;;;455638.6333333333;83733.28333333334;0;0;;ETN_008_2022_KPP_2022_POSLI_20260724.csv
673754;2022-09-02;2022;2022-11-10;2022;15000.0;1;Prodaja nepremičnin na prostem trgu;1;Tržen posel;Osnovna pogodba;Ne;;GOZDNO ZEMLJIŠČE;GOZDNO_ZEMLJISCE_CISTO;ENOSESTAVINSKI;A;brez zaznanih dodatnih težav;0;1;1;;;Zemljišče za gozdno rabo (gozd);GOZDNO;BREZOVICA;1724;;;76;;;1/1;1;;;;8913.0;8913.0;1.682935038707506;;;454125.09;99006.58;0;0;;ETN_008_2022_KPP_2022_POSLI_20260724.csv
673933;2022-10-18;2022;2022-11-10;2022;260000.0;1;Prodaja nepremičnin na prostem trgu;2;Tržen posel – neustrezni podatki;Osnovna pogodba;Ne;;HIŠA S PRIPADAJOČIM ZEMLJIŠČEM;HISA_CELI_POSEL;MEŠANI;B;GURS: tržen posel – neustrezni podatki;1;2;3;Stanovanjska hiša;STANOVANJSKA_HISA;Zemljišče pod stavbo ali drugo stavbi ali delu stavbe pripadajoče zemljišče (zemljišče pod stavbo, dvorišče, dovozna pot, vrt, zelenica, stanovanjski atrij in podobno);PRIPADAJOCE;BREZOVICA;1724;ŽABNICA;ŽABNICA 58;1005/19 | 1005/21;4425/1;1/1;1/1;1;96.0;96.0;80.9;180.0;;;1997;1997;453989.26666666666;95796.64;0;0;;ETN_008_2022_KPP_2022_POSLI_20260724.csv
674123;2022-09-30;2022;2022-11-11;2022;28280.1;1;Prodaja nepremičnin na prostem trgu;1;Tržen posel;Osnovna pogodba;Ne;;GOZDNO ZEMLJIŠČE;GOZDNO_ZEMLJISCE_CISTO;ENOSESTAVINSKI;A;brez zaznanih dodatnih težav;0;1;1;;;Zemljišče za gozdno rabo (gozd);GOZDNO;PRESERJE;1705;;;2337;;;1/1;1;;;;40401.0;40401.0;0.6999851488824533;;;457698.16;86182.15;0;0;;ETN_008_2022_KPP_2022_POSLI_20260724.csv
674177;2022-10-19;2022;2022-11-11;2022;210000.0;1;Prodaja nepremičnin na prostem trgu;2;Tržen posel – neustrezni podatki;Osnovna pogodba;Ne;;HIŠA S PRIPADAJOČIM ZEMLJIŠČEM;HISA_CELI_POSEL;MEŠANI;B;GURS: tržen posel – neustrezni podatki;1;1;2;Stanovanjska hiša;STANOVANJSKA_HISA;Zemljišče pod stavbo ali drugo stavbi ali delu stavbe pripadajoče zemljišče (zemljišče pod stavbo, dvorišče, dovozna pot, vrt, zelenica, stanovanjski atrij in podobno);PRIPADAJOCE;RAKITNA;1652;RAKITNA;RAKITNA 438;1391/22;613/1;1/1;1/1;1;151.0;151.2;99.4;706.0;;;2004;2004;456741.275;82801.66;0;0;;ETN_008_2022_KPP_2022_POSLI_20260724.csv
675703;2022-10-19;2022;2022-12-10;2022;77000.0;1;Prodaja nepremičnin na prostem trgu;2;Tržen posel – neustrezni podatki;Osnovna pogodba;Ne;;STAVBNO ZEMLJIŠČE;STAVBNO_ZEMLJISCE_CISTO;ENOSESTAVINSKI;B;GURS: tržen posel – neustrezni podatki;0;1;1;;;Zemljišče, na katerem je mogoče graditi stavbo in je komunalno opremljeno (priključki na vodo, elektriko in neposredni dostop do dovozne poti);STAVBNO;KAMNIK;1704;;;102/11;;;1/1;1;;;;550.0;550.0;140.0;;;453884.44;91088.94;0;0;;ETN_008_2022_KPP_2022_POSLI_20260724.csv
675925;2022-10-18;2022;2022-12-10;2022;54225.0;1;Prodaja nepremičnin na prostem trgu;2;Tržen posel – neustrezni podatki;Osnovna pogodba;Ne;;STAVBNO ZEMLJIŠČE;STAVBNO_ZEMLJISCE_CISTO;VEČSESTAVINSKI ISTOVRSTEN;B;GURS: tržen posel – neustrezni podatki;0;2;2;;;Zemljišče, na katerem je ali bo mogoče graditi stavbo in je delno komunalno opremljeno ali komunalno neopremljeno | Zemljišče, na katerem je mogoče graditi stavbo in je komunalno opremljeno (priključki na vodo, elektriko in neposredni dostop do dovozne poti);STAVBNO;KAMNIK;1704;;;2321/4 | 2322/2;;;1/1;1;;;;723.0;723.0;75.0;;;452042.04500000004;90172.74;0;0;;ETN_008_2022_KPP_2022_POSLI_20260724.csv
676104;2022-10-26;2022;2022-12-10;2022;26000.0;1;Prodaja nepremičnin na prostem trgu;2;Tržen posel – neustrezni podatki;Osnovna pogodba;Ne;;STAVBNO ZEMLJIŠČE;STAVBNO_ZEMLJISCE_CISTO;ENOSESTAVINSKI;B;GURS: tržen posel – neustrezni podatki;0;1;1;;;Zemljišče, na katerem je ali bo mogoče graditi stavbo in je delno komunalno opremljeno ali komunalno neopremljeno;STAVBNO;PRESERJE;1705;;;346/2;;;1/1;1;;;;495.0;495.0;52.525252525252526;;;454928.75;91029.06;0;0;;ETN_008_2022_KPP_2022_POSLI_20260724.csv
677432;2022-11-10;2022;2022-12-10;2022;55050.0;1;Prodaja nepremičnin na prostem trgu;2;Tržen posel – neustrezni podatki;Osnovna pogodba;Ne;;MEŠANO/DRUGO ZEMLJIŠČE;NI_NEPOSREDNO_RAZDELJIV;MEŠANI;B;GURS: tržen posel – neustrezni podatki;0;2;2;;;Zemljišče za gozdno rabo (gozd) | Zemljišče, na katerem je ali bo mogoče graditi stavbo in je delno komunalno opremljeno ali komunalno neopremljeno;GOZDNO | STAVBNO;BREZOVICA;1724;;;2417/14 | 2417/5;;;1/1;1;;;;615.0;;;;;453570.37;94679.75;0;0;;ETN_008_2022_KPP_2022_POSLI_20260724.csv
677595;2022-10-27;2022;2022-12-10;2022;79500.0;1;Prodaja nepremičnin na prostem trgu;3;Drug posel;Osnovna pogodba;Ne;;KMETIJSKO ZEMLJIŠČE;KMETIJSKO_ZEMLJISCE_CISTO;ENOSESTAVINSKI;C;GURS tržnost: Drug posel;0;1;1;;;Zemljišče za kmetijsko rabo (njiva, travnik, pašnik);KMETIJSKO;BREZOVICA;1724;;;2134/1;;;1/1;1;;;;4007.0;4007.0;19.840279510856003;;;454432.3;95261.42;0;0;;ETN_008_2022_KPP_2022_POSLI_20260724.csv
677792;2022-11-10;2022;2022-12-11;2022;122000.0;1;Prodaja nepremičnin na prostem trgu;3;Drug posel;Osnovna pogodba;Ne;;STANOVANJE Z DODATKI/ZEMLJIŠČEM;NI_NEPOSREDNO_RAZDELJIV;MEŠANI;C;GURS tržnost: Drug posel;2;5;7;Stanovanje;STANOVANJE;Zemljišče pod stavbo ali drugo stavbi ali delu stavbe pripadajoče zemljišče (zemljišče pod stavbo, dvorišče, dovozna pot, vrt, zelenica, stanovanjski atrij in podobno) | Zemljišče, na katerem je ali bo mogoče graditi stavbo in je delno komunalno opremljeno ali komunalno neopremljeno;PRIPADAJOCE | STAVBNO;KAMNIK;1704;KAMNIK POD KRIMOM;KAMNIK POD KRIMOM 2 A | KAMNIK POD KRIMOM 2 B;3394/44 | 3394/45 | 3394/46 | 3394/47 | 3394/48;881/3 | 882/7;1/1;13/100;0;101.0;100.6;64.0;141.96;;;1972;1985;453223.61285714287;91841.39857142858;0;0;;ETN_008_2022_KPP_2022_POSLI_20260724.csv
677931;2022-11-12;2022;2022-12-11;2022;250000.0;1;Prodaja nepremičnin na prostem trgu;2;Tržen posel – neustrezni podatki;Osnovna pogodba;Ne;;HIŠA S PRIPADAJOČIM ZEMLJIŠČEM;HISA_CELI_POSEL;MEŠANI;B;GURS: tržen posel – neustrezni podatki;1;2;3;Stanovanjska hiša;STANOVANJSKA_HISA;Zemljišče, na katerem je cesta ali parkirišče | Zemljišče, na katerem je mogoče graditi stavbo in je komunalno opremljeno (priključki na vodo, elektriko in neposredni dostop do dovozne poti);INFRASTRUKTURA | STAVBNO;RAKITNA;1652;RAKITNA;RAKITNA 376;1304/22 | 1304/31;684/1;1/1;1/1;1;175.0;175.0;100.4;1065.0;;;1985;1985;456476.17;82601.25;0;0;;ETN_008_2022_KPP_2022_POSLI_20260724.csv
678663;2022-11-25;2022;2023-01-04;2023;205000.0;1;Prodaja nepremičnin na prostem trgu;2;Tržen posel – neustrezni podatki;Osnovna pogodba;Da;9,5%;STANOVANJE;NI_NEPOSREDNO_RAZDELJIV;ENOSESTAVINSKI;B;GURS: tržen posel – neustrezni podatki;1;0;1;Stanovanje;STANOVANJE;;;PRESERJE;1705;;;;873/1;1/2;;0;73.0;;;;;;2022;2022;;;1;0;;ETN_008_2023_KPP_2023_POSLI_20260724.csv
679076;2022-11-10;2022;2023-01-10;2023;55050.0;1;Prodaja nepremičnin na prostem trgu;2;Tržen posel – neustrezni podatki;Osnovna pogodba;Ne;;GOZDNO ZEMLJIŠČE;GOZDNO_ZEMLJISCE_CISTO;ENOSESTAVINSKI;B;GURS: tržen posel – neustrezni podatki;0;1;1;;;Zemljišče za gozdno rabo (gozd);GOZDNO;BREZOVICA;1724;;;2416/7;;;1/1;1;;;;949.0;949.0;58.00842992623814;;;453561.86;94712.67;0;0;;ETN_008_2023_KPP_2023_POSLI_20260724.csv
679229;2022-11-17;2022;2023-03-07;2023;4680.0;1;Prodaja nepremičnin na prostem trgu;5;V preverjanju;Osnovna pogodba;Ne;;STAVBNO ZEMLJIŠČE;STAVBNO_ZEMLJISCE_CISTO;ENOSESTAVINSKI;C;GURS tržnost: V preverjanju;0;1;1;;;Zemljišče, na katerem je ali bo mogoče graditi stavbo in je delno komunalno opremljeno ali komunalno neopremljeno;STAVBNO;RAKITNA;1652;;;124/13;;;1/1;1;;;;;;;;;;;1;0;;ETN_008_2023_KPP_2023_POSLI_20260724.csv
679346;2022-11-24;2022;2023-01-10;2023;4741.0;1;Prodaja nepremičnin na prostem trgu;1;Tržen posel;Osnovna pogodba;Ne;;KMETIJSKO ZEMLJIŠČE;KMETIJSKO_ZEMLJISCE_CISTO;ENOSESTAVINSKI;A;brez zaznanih dodatnih težav;0;1;1;;;Zemljišče za kmetijsko rabo (njiva, travnik, pašnik);KMETIJSKO;KAMNIK;1704;;;507;;;1/1;1;;;;4741.0;4741.0;1.0;;;451461.8;91149.5;0;0;;ETN_008_2023_KPP_2023_POSLI_20260724.csv
679551;2022-11-23;2022;2023-01-10;2023;70000.0;1;Prodaja nepremičnin na prostem trgu;4;Neopredeljen posel;Osnovna pogodba;Ne;;STAVBNO ZEMLJIŠČE;STAVBNO_ZEMLJISCE_CISTO;ENOSESTAVINSKI;C;GURS tržnost: Neopredeljen posel;0;1;1;;;Zemljišče na katerem je mogoče graditi stavbo in ima gradbeno dovoljenje;STAVBNO;BREZOVICA;1724;;;43/10;;;1/1;1;;;;497.0;497.0;140.8450704225352;;;454284.98;98369.29;0;0;;ETN_008_2023_KPP_2023_POSLI_20260724.csv
680915;2022-12-12;2022;2023-01-10;2023;320000.0;1;Prodaja nepremičnin na prostem trgu;2;Tržen posel – neustrezni podatki;Osnovna pogodba;Ne;;HIŠA S PRIPADAJOČIM ZEMLJIŠČEM;HISA_CELI_POSEL;MEŠANI;B;GURS: tržen posel – neustrezni podatki;1;3;4;Stanovanjska hiša;STANOVANJSKA_HISA;Zemljišče na katerem je mogoče graditi stavbo in ima gradbeno dovoljenje | Zemljišče pod stavbo ali drugo stavbi ali delu stavbe pripadajoče zemljišče (zemljišče pod stavbo, dvorišče, dovozna pot, vrt, zelenica, stanovanjski atrij in podobno) | Zemljišče, na katerem je cesta ali parkirišče;INFRASTRUKTURA | PRIPADAJOCE | STAVBNO;JEZERO;1703;JEZERO;JEZERO 205;362/136 | 362/142 | 362/147;642/1;1/1;1/1 | 1/10;0;99.0;98.8;96.0;293.7;;;2009;2009;455086.18;93101.8725;0;0;;ETN_008_2023_KPP_2023_POSLI_20260724.csv
682562;2022-10-21;2022;2023-02-10;2023;1500.0;1;Prodaja nepremičnin na prostem trgu;3;Drug posel;Osnovna pogodba;Ne;;STAVBNO ZEMLJIŠČE;STAVBNO_ZEMLJISCE_CISTO;VEČSESTAVINSKI ISTOVRSTEN;C;GURS tržnost: Drug posel;0;3;3;;;Zemljišče, na katerem je ali bo mogoče graditi stavbo in je delno komunalno opremljeno ali komunalno neopremljeno;STAVBNO;RAKITNA;1652;;;906/6 | 906/7 | 906/8;;;1/1;1;;;;365.0;365.0;4.109589041095891;;;455631.2066666667;83666.24666666666;0;0;;ETN_008_2023_KPP_2023_POSLI_20260724.csv
682640;2022-11-05;2022;2023-02-10;2023;8417.6;1;Prodaja nepremičnin na prostem trgu;1;Tržen posel;Osnovna pogodba;Ne;;GOZDNO ZEMLJIŠČE;GOZDNO_ZEMLJISCE_CISTO;ENOSESTAVINSKI;A;brez zaznanih dodatnih težav;0;1;1;;;Zemljišče za gozdno rabo (gozd);GOZDNO;RAKITNA;1652;;;1817/85;;;1/1;1;;;;10522.0;10522.0;0.8;;;455168.31;82086.28;0;0;;ETN_008_2023_KPP_2023_POSLI_20260724.csv
682974;2022-10-26;2022;2023-02-10;2023;375000.0;1;Prodaja nepremičnin na prostem trgu;2;Tržen posel – neustrezni podatki;Osnovna pogodba;Ne;;HIŠA S PRIPADAJOČIM ZEMLJIŠČEM;NI_NEPOSREDNO_RAZDELJIV;MEŠANI;B;GURS: tržen posel – neustrezni podatki;2;1;3;Kmetijski objekt | Stanovanjska hiša;KMETIJSKI_OBJEKT | STANOVANJSKA_HISA;Zemljišče pod stavbo ali drugo stavbi ali delu stavbe pripadajoče zemljišče (zemljišče pod stavbo, dvorišče, dovozna pot, vrt, zelenica, stanovanjski atrij in podobno);PRIPADAJOCE;BREZOVICA;1724;VNANJE GORICE;NOVA POT 112;1464/5;1257/1 | 1258/1;1/1;1/1;1;209.0;208.9;173.9;1480.0;;;1976;1976;455593.26333333337;96896.77666666667;0;0;;ETN_008_2023_KPP_2023_POSLI_20260724.csv
683033;2022-12-27;2022;2023-02-10;2023;75000.0;1;Prodaja nepremičnin na prostem trgu;2;Tržen posel – neustrezni podatki;Osnovna pogodba;Ne;;MEŠANI POSEL – STAVBA IN ZEMLJIŠČE;NI_NEPOSREDNO_RAZDELJIV;MEŠANI;B;GURS: tržen posel – neustrezni podatki;2;2;4;Kmetijski objekt;KMETIJSKI_OBJEKT;Zemljišče, na katerem je ali bo mogoče graditi stavbo in je delno komunalno opremljeno ali komunalno neopremljeno;STAVBNO;BREZOVICA;1724;;;2577/1 | 2577/2;3392/1 | 3393/1;1/1;1/1;1;50.0;50.0;50.0;566.0;;;1850;1850;453402.635;94347.5525;0;0;;ETN_008_2023_KPP_2023_POSLI_20260724.csv
683381;2022-12-28;2022;2023-02-10;2023;10000.0;1;Prodaja nepremičnin na prostem trgu;2;Tržen posel – neustrezni podatki;Osnovna pogodba;Ne;;STAVBNO ZEMLJIŠČE;STAVBNO_ZEMLJISCE_CISTO;ENOSESTAVINSKI;B;GURS: tržen posel – neustrezni podatki;0;1;1;;;Zemljišče, na katerem je ali bo mogoče graditi stavbo in je delno komunalno opremljeno ali komunalno neopremljeno;STAVBNO;PRESERJE;1705;;;801/13;;;1/1;1;;;;74.0;74.0;135.13513513513513;;;454288.13;91575.57;0;0;;ETN_008_2023_KPP_2023_POSLI_20260724.csv
683382;2022-12-29;2022;2023-02-10;2023;3600.0;1;Prodaja nepremičnin na prostem trgu;2;Tržen posel – neustrezni podatki;Osnovna pogodba;Ne;;MEŠANO/DRUGO ZEMLJIŠČE;NI_NEPOSREDNO_RAZDELJIV;ENOSESTAVINSKI;B;GURS: tržen posel – neustrezni podatki;0;1;1;;;Zemljišče, na katerem je cesta ali parkirišče;INFRASTRUKTURA;BREZOVICA;1724;;;194/3;;;1/1;1;;;;36.0;;;;;454917.14;99028.69;0;0;;ETN_008_2023_KPP_2023_POSLI_20260724.csv
683512;2022-12-24;2022;2023-02-10;2023;260000.0;1;Prodaja nepremičnin na prostem trgu;2;Tržen posel – neustrezni podatki;Osnovna pogodba;Ne;;HIŠA S PRIPADAJOČIM ZEMLJIŠČEM;NI_NEPOSREDNO_RAZDELJIV;MEŠANI;B;GURS: tržen posel – neustrezni podatki;2;2;4;Kmetijski objekt | Stanovanjska hiša;KMETIJSKI_OBJEKT | STANOVANJSKA_HISA;Zemljišče pod stavbo ali drugo stavbi ali delu stavbe pripadajoče zemljišče (zemljišče pod stavbo, dvorišče, dovozna pot, vrt, zelenica, stanovanjski atrij in podobno);PRIPADAJOCE;BREZOVICA;1724;NOTRANJE GORICE;CESTA NA LOG 47;2549/4 | 2549/7;3332/1 | 3332/2;1/1;1/1;1;383.0;382.7;154.6;573.0;;;1972;1972;453051.78;94299.18;0;0;;ETN_008_2023_KPP_2023_POSLI_20260724.csv
683599;2022-12-23;2022;2023-03-07;2023;1441990.0;1;Prodaja nepremičnin na prostem trgu;5;V preverjanju;Osnovna pogodba;Ne;;STAVBNO ZEMLJIŠČE;STAVBNO_ZEMLJISCE_CISTO;VEČSESTAVINSKI ISTOVRSTEN;C;GURS tržnost: V preverjanju;0;2;2;;;Zemljišče, na katerem je ali bo mogoče graditi stavbo in je delno komunalno opremljeno ali komunalno neopremljeno;STAVBNO;BREZOVICA;1724;;;607/94 | 607/95;;;1/1;1;;;;;;;;;;;1;0;;ETN_008_2023_KPP_2023_POSLI_20260724.csv
683792;2022-12-21;2022;2023-03-07;2023;250.0;1;Prodaja nepremičnin na prostem trgu;5;V preverjanju;Osnovna pogodba;Ne;;MEŠANO/DRUGO ZEMLJIŠČE;NI_NEPOSREDNO_RAZDELJIV;ENOSESTAVINSKI;C;GURS tržnost: V preverjanju;0;1;1;;;Zemljišče, na katerem je cesta ali parkirišče;INFRASTRUKTURA;BREZOVICA;1724;;;523/12;;;1/1;1;;;;;;;;;;;1;0;;ETN_008_2023_KPP_2023_POSLI_20260724.csv
684106;2023-01-12;2023;2023-02-10;2023;226500.0;3;Prodaja nepremicnin na javni dražbi ali druga oblika javne prodaje v izvršilnem postopku, prisilni poravnavi, stečaju ali stečajnem postopku;3;Drug posel;Osnovna pogodba;Ne;;HIŠA S PRIPADAJOČIM ZEMLJIŠČEM;HISA_CELI_POSEL;MEŠANI;C;"GURS tržnost: Drug posel; ni prosti trg/prostovoljna javna prodaja";2;1;3;Drugo | Stanovanjska hiša;POMOZNA_DRUGO | STANOVANJSKA_HISA;Zemljišče pod stavbo ali drugo stavbi ali delu stavbe pripadajoče zemljišče (zemljišče pod stavbo, dvorišče, dovozna pot, vrt, zelenica, stanovanjski atrij in podobno);PRIPADAJOCE;BREZOVICA;1724;PODPLEŠIVICA;PODPLEŠIVICA 83;3020/2;1821/1 | 1822/1;1/1;1/1;1;289.0;289.0;158.0;1411.0;;;1986;1986;451950.55666666664;96184.34999999999;0;0;;ETN_008_2023_KPP_2023_POSLI_20260724.csv
684666;2023-01-09;2023;2023-02-10;2023;332000.0;1;Prodaja nepremičnin na prostem trgu;2;Tržen posel – neustrezni podatki;Osnovna pogodba;Ne;;STANOVANJE Z DODATKI/ZEMLJIŠČEM;NI_NEPOSREDNO_RAZDELJIV;MEŠANI;B;GURS: tržen posel – neustrezni podatki;2;6;8;Stanovanje;STANOVANJE;Zemljišče pod stavbo ali drugo stavbi ali delu stavbe pripadajoče zemljišče (zemljišče pod stavbo, dvorišče, dovozna pot, vrt, zelenica, stanovanjski atrij in podobno);PRIPADAJOCE;BREZOVICA;1724;ŽABNICA;ŽABNICA 75;3572/5 | 987/6 | 988/11 | 988/5 | 989/1 | 989/2;2909/1 | 2909/2;1/1;1/1;1;140.0;140.2;125.9;610.0;;;1926;1926;454068.84375;95654.7925;0;0;;ETN_008_2023_KPP_2023_POSLI_20260724.csv
686109;2023-03-09;2023;2023-03-10;2023;270000.0;1;Prodaja nepremičnin na prostem trgu;2;Tržen posel – neustrezni podatki;Osnovna pogodba;Da;9,5%;STANOVANJE;NI_NEPOSREDNO_RAZDELJIV;ENOSESTAVINSKI;B;GURS: tržen posel – neustrezni podatki;1;0;1;Stanovanje;STANOVANJE;;;PRESERJE;1705;PRESERJE;PRESERJE 54 T;;873/2;1/2;;0;120.0;75.6;60.5;;;;2022;2022;455249.56;90546.24;0;0;;ETN_008_2023_KPP_2023_POSLI_20260724.csv
688850;2022-12-23;2022;2023-03-16;2023;230000.0;1;Prodaja nepremičnin na prostem trgu;2;Tržen posel – neustrezni podatki;Osnovna pogodba;Ne;;HIŠA S PRIPADAJOČIM ZEMLJIŠČEM;HISA_CELI_POSEL;MEŠANI;B;GURS: tržen posel – neustrezni podatki;1;1;2;Stanovanjska hiša;STANOVANJSKA_HISA;Zemljišče pod stavbo ali drugo stavbi ali delu stavbe pripadajoče zemljišče (zemljišče pod stavbo, dvorišče, dovozna pot, vrt, zelenica, stanovanjski atrij in podobno);PRIPADAJOCE;PRESERJE;1705;PRESERJE;PRESERJE 54 P;100/94;854/1;1/1;1/1;1;114.0;113.7;98.5;156.0;;;2016;2016;455140.78;90682.0;0;0;;ETN_008_2023_KPP_2023_POSLI_20260724.csv
688906;2022-11-22;2022;2023-03-16;2023;22700.0;3;Prodaja nepremicnin na javni dražbi ali druga oblika javne prodaje v izvršilnem postopku, prisilni poravnavi, stečaju ali stečajnem postopku;3;Drug posel;Osnovna pogodba;Ne;;HIŠA S PRIPADAJOČIM ZEMLJIŠČEM;NI_NEPOSREDNO_RAZDELJIV;MEŠANI;C;"GURS tržnost: Drug posel; ni prosti trg/prostovoljna javna prodaja";2;1;3;Kmetijski objekt | Stanovanjska hiša;KMETIJSKI_OBJEKT | STANOVANJSKA_HISA;Zemljišče pod stavbo ali drugo stavbi ali delu stavbe pripadajoče zemljišče (zemljišče pod stavbo, dvorišče, dovozna pot, vrt, zelenica, stanovanjski atrij in podobno);PRIPADAJOCE;BREZOVICA;1724;NOTRANJE GORICE;V KOSOV LAZ 18;2473;3371/1 | 3373/1;1/1;1/1;1;210.0;209.6;140.2;128.0;;;1979;1979;453355.98333333334;94427.7;0;0;;ETN_008_2023_KPP_2023_POSLI_20260724.csv
689129;2023-01-23;2023;2023-03-16;2023;2500.0;1;Prodaja nepremičnin na prostem trgu;3;Drug posel;Osnovna pogodba;Ne;;STAVBNO ZEMLJIŠČE;STAVBNO_ZEMLJISCE_CISTO;ENOSESTAVINSKI;C;GURS tržnost: Drug posel;0;1;1;;;Zemljišče, na katerem je ali bo mogoče graditi stavbo in je delno komunalno opremljeno ali komunalno neopremljeno;STAVBNO;RAKITNA;1652;;;904/11;;;1/1;1;;;;27.0;27.0;92.5925925925926;;;455612.98;83787.21;0;0;;ETN_008_2023_KPP_2023_POSLI_20260724.csv
689131;2023-01-24;2023;2023-03-16;2023;130334.0;1;Prodaja nepremičnin na prostem trgu;4;Neopredeljen posel;Osnovna pogodba;Ne;;STAVBNO ZEMLJIŠČE;NI_NEPOSREDNO_RAZDELJIV;VEČSESTAVINSKI ISTOVRSTEN;C;GURS tržnost: Neopredeljen posel;0;2;2;;;Zemljišče, na katerem je ali bo mogoče graditi stavbo in je delno komunalno opremljeno ali komunalno neopremljeno;STAVBNO;BREZOVICA;1724;;;607/97 | 607/98;;;1/1 | 1/3;0;;;;651.6666666666666;;;;;454530.375;97901.14499999999;0;0;;ETN_008_2023_KPP_2023_POSLI_20260724.csv
689132;2023-01-24;2023;2023-03-16;2023;149066.67;1;Prodaja nepremičnin na prostem trgu;4;Neopredeljen posel;Osnovna pogodba;Ne;;STAVBNO ZEMLJIŠČE;NI_NEPOSREDNO_RAZDELJIV;VEČSESTAVINSKI ISTOVRSTEN;C;GURS tržnost: Neopredeljen posel;0;3;3;;;Zemljišče, na katerem je ali bo mogoče graditi stavbo in je delno komunalno opremljeno ali komunalno neopremljeno;STAVBNO;BREZOVICA;1724;;;607/102 | 607/103 | 607/97;;;1/1 | 2/3;0;;;;745.3333333333334;;;;;454524.63666666666;97918.10333333333;0;0;;ETN_008_2023_KPP_2023_POSLI_20260724.csv
689302;2023-01-25;2023;2023-03-16;2023;95000.0;1;Prodaja nepremičnin na prostem trgu;2;Tržen posel – neustrezni podatki;Osnovna pogodba;Ne;;HIŠA S PRIPADAJOČIM ZEMLJIŠČEM;HISA_CELI_POSEL;MEŠANI;B;GURS: tržen posel – neustrezni podatki;1;1;2;Stanovanjska hiša;STANOVANJSKA_HISA;Zemljišče pod stavbo ali drugo stavbi ali delu stavbe pripadajoče zemljišče (zemljišče pod stavbo, dvorišče, dovozna pot, vrt, zelenica, stanovanjski atrij in podobno);PRIPADAJOCE;RAKITNA;1652;RAKITNA;RAKITNA 93;46/10;400/1;1/1;1/1;1;192.0;144.0;80.0;664.0;;;1800;1800;456814.5;83572.83499999999;0;0;;ETN_008_2023_KPP_2023_POSLI_20260724.csv
689413;2023-01-26;2023;2023-03-17;2023;83520.0;1;Prodaja nepremičnin na prostem trgu;2;Tržen posel – neustrezni podatki;Osnovna pogodba;Ne;;STAVBNO ZEMLJIŠČE;STAVBNO_ZEMLJISCE_CISTO;ENOSESTAVINSKI;B;GURS: tržen posel – neustrezni podatki;0;1;1;;;Zemljišče, na katerem je ali bo mogoče graditi stavbo in je delno komunalno opremljeno ali komunalno neopremljeno;STAVBNO;KAMNIK;1704;;;1353;;;1/1;1;;;;1044.0;1044.0;80.0;;;452061.45;90247.6;0;0;;ETN_008_2023_KPP_2023_POSLI_20260724.csv
689834;2023-01-31;2023;2023-03-17;2023;3000.0;1;Prodaja nepremičnin na prostem trgu;2;Tržen posel – neustrezni podatki;Osnovna pogodba;Ne;;STAVBNO ZEMLJIŠČE;STAVBNO_ZEMLJISCE_CISTO;ENOSESTAVINSKI;B;GURS: tržen posel – neustrezni podatki;0;1;1;;;Zemljišče, na katerem je mogoče graditi stavbo in je komunalno opremljeno (priključki na vodo, elektriko in neposredni dostop do dovozne poti);STAVBNO;PRESERJE;1705;;;559/9;;;1/1;1;;;;138.0;138.0;21.73913043478261;;;454840.17;91043.74;0;0;;ETN_008_2023_KPP_2023_POSLI_20260724.csv
690243;2023-02-06;2023;2023-03-17;2023;177000.0;1;Prodaja nepremičnin na prostem trgu;2;Tržen posel – neustrezni podatki;Osnovna pogodba;Ne;;HIŠA S PRIPADAJOČIM ZEMLJIŠČEM;HISA_CELI_POSEL;MEŠANI;B;GURS: tržen posel – neustrezni podatki;1;1;2;Stanovanjska hiša;STANOVANJSKA_HISA;Zemljišče pod stavbo ali drugo stavbi ali delu stavbe pripadajoče zemljišče (zemljišče pod stavbo, dvorišče, dovozna pot, vrt, zelenica, stanovanjski atrij in podobno);PRIPADAJOCE;BREZOVICA;1724;NOTRANJE GORICE;PODPEŠKA CESTA 362;2412/4;2318/1;1/1;1/1;1;213.0;212.6;96.1;323.0;;;1963;1963;453706.0;94756.135;0;0;;ETN_008_2023_KPP_2023_POSLI_20260724.csv
690387;2023-02-13;2023;2023-03-17;2023;250000.0;1;Prodaja nepremičnin na prostem trgu;3;Drug posel;Osnovna pogodba;Ne;;HIŠA S PRIPADAJOČIM ZEMLJIŠČEM;NI_NEPOSREDNO_RAZDELJIV;MEŠANI;C;GURS tržnost: Drug posel;2;1;3;Kmetijski objekt | Stanovanjska hiša;KMETIJSKI_OBJEKT | STANOVANJSKA_HISA;Zemljišče pod stavbo ali drugo stavbi ali delu stavbe pripadajoče zemljišče (zemljišče pod stavbo, dvorišče, dovozna pot, vrt, zelenica, stanovanjski atrij in podobno);PRIPADAJOCE;BREZOVICA;1724;NOTRANJE GORICE;MAVSARJEVA CESTA 7;2142/20;3052/1 | 4400/1;1/1;1/1;1;373.0;372.8;236.3;429.0;;;1990;1990;454035.47000000003;95156.38333333335;0;0;;ETN_008_2023_KPP_2023_POSLI_20260724.csv
733447;2023-02-18;2023;2023-04-17;2023;2600.0;1;Prodaja nepremičnin na prostem trgu;2;Tržen posel – neustrezni podatki;Osnovna pogodba;Ne;;MEŠANO/DRUGO ZEMLJIŠČE;NI_NEPOSREDNO_RAZDELJIV;ENOSESTAVINSKI;B;GURS: tržen posel – neustrezni podatki;0;1;1;;;Zemljišče, na katerem je cesta ali parkirišče;INFRASTRUKTURA;BREZOVICA;1724;;;1124/37;;;1/1;1;;;;55.0;;;;;454742.56;96751.21;0;0;;ETN_008_2023_KPP_2023_POSLI_20260724.csv
733513;2022-11-18;2022;2023-04-17;2023;8600.0;1;Prodaja nepremičnin na prostem trgu;2;Tržen posel – neustrezni podatki;Osnovna pogodba;Ne;;KMETIJSKO ZEMLJIŠČE;KMETIJSKO_ZEMLJISCE_CISTO;ENOSESTAVINSKI;B;GURS: tržen posel – neustrezni podatki;0;1;1;;;Zemljišče za kmetijsko rabo (njiva, travnik, pašnik);KMETIJSKO;KAMNIK;1704;;;3366/11;;;1/1;1;;;;260.0;260.0;33.07692307692308;;;451849.39;90378.69;0;0;;ETN_008_2023_KPP_2023_POSLI_20260724.csv
733554;2023-02-21;2023;2023-04-17;2023;8080.6;1;Prodaja nepremičnin na prostem trgu;2;Tržen posel – neustrezni podatki;Osnovna pogodba;Ne;;GOZDNO ZEMLJIŠČE;GOZDNO_ZEMLJISCE_CISTO;ENOSESTAVINSKI;B;GURS: tržen posel – neustrezni podatki;0;1;1;;;Zemljišče za gozdno rabo (gozd);GOZDNO;PRESERJE;1705;;;2179/40;;;1/1;1;;;;14692.0;14692.0;0.55;;;457602.04;89033.81;0;0;;ETN_008_2023_KPP_2023_POSLI_20260724.csv
734016;2023-02-22;2023;2023-04-17;2023;5076.0;1;Prodaja nepremičnin na prostem trgu;4;Neopredeljen posel;Osnovna pogodba;Ne;;KMETIJSKO ZEMLJIŠČE;KMETIJSKO_ZEMLJISCE_CISTO;ENOSESTAVINSKI;C;GURS tržnost: Neopredeljen posel;0;1;1;;;Zemljišče za kmetijsko rabo (njiva, travnik, pašnik);KMETIJSKO;KAMNIK;1704;;;2920;;;1/1;1;;;;1269.0;1269.0;4.0;;;454325.2;90739.22;0;0;;ETN_008_2023_KPP_2023_POSLI_20260724.csv
734041;2023-02-27;2023;2023-04-17;2023;60000.0;1;Prodaja nepremičnin na prostem trgu;2;Tržen posel – neustrezni podatki;Osnovna pogodba;Ne;;STAVBNO ZEMLJIŠČE;STAVBNO_ZEMLJISCE_CISTO;ENOSESTAVINSKI;B;GURS: tržen posel – neustrezni podatki;0;1;1;;;Zemljišče, na katerem je ali bo mogoče graditi stavbo in je delno komunalno opremljeno ali komunalno neopremljeno;STAVBNO;RAKITNA;1652;;;892/23;;;1/1;1;;;;951.0;951.0;63.09148264984227;;;456171.44;83122.35;0;0;;ETN_008_2023_KPP_2023_POSLI_20260724.csv
734155;2023-02-24;2023;2023-04-17;2023;170000.0;1;Prodaja nepremičnin na prostem trgu;2;Tržen posel – neustrezni podatki;Osnovna pogodba;Ne;;STANOVANJE Z DODATKI/ZEMLJIŠČEM;NI_NEPOSREDNO_RAZDELJIV;MEŠANI;B;GURS: tržen posel – neustrezni podatki;1;2;3;Stanovanje;STANOVANJE;Zemljišče, na katerem je cesta ali parkirišče;INFRASTRUKTURA;BREZOVICA;1724;VNANJE GORICE;NOVA POT 127 F;1542/198 | 1542/199;4159/2;1/1;1/1;1;86.0;86.1;69.1;24.0;;;2009;2009;456053.2866666667;96988.03333333333;0;0;;ETN_008_2023_KPP_2023_POSLI_20260724.csv
734560;2023-02-03;2023;2023-04-17;2023;50000.0;1;Prodaja nepremičnin na prostem trgu;2;Tržen posel – neustrezni podatki;Osnovna pogodba;Ne;;HIŠA S PRIPADAJOČIM ZEMLJIŠČEM;HISA_CELI_POSEL;MEŠANI;B;GURS: tržen posel – neustrezni podatki;1;2;3;Stanovanjska hiša;STANOVANJSKA_HISA;Zemljišče pod stavbo ali drugo stavbi ali delu stavbe pripadajoče zemljišče (zemljišče pod stavbo, dvorišče, dovozna pot, vrt, zelenica, stanovanjski atrij in podobno);PRIPADAJOCE;JEZERO;1703;JEZERO;JEZERO 117 B;662/4 | 662/7;54/1;1/1;1/1;1;50.0;50.0;25.0;710.0;;;1973;1973;456386.76666666666;92176.17666666668;0;0;;ETN_008_2023_KPP_2023_POSLI_20260724.csv
734972;2023-03-07;2023;2023-04-18;2023;1800.0;1;Prodaja nepremičnin na prostem trgu;3;Drug posel;Osnovna pogodba;Ne;;STAVBNO ZEMLJIŠČE;STAVBNO_ZEMLJISCE_CISTO;ENOSESTAVINSKI;C;GURS tržnost: Drug posel;0;1;1;;;Zemljišče, na katerem je ali bo mogoče graditi stavbo in je delno komunalno opremljeno ali komunalno neopremljeno;STAVBNO;JEZERO;1703;;;366/38;;;1/1;1;;;;36.0;36.0;50.0;;;455273.62;93001.88;0;0;;ETN_008_2023_KPP_2023_POSLI_20260724.csv
735587;2023-03-03;2023;2023-04-18;2023;89895.12;1;Prodaja nepremičnin na prostem trgu;3;Drug posel;Osnovna pogodba;Ne;;KMETIJSKO ZEMLJIŠČE;NI_NEPOSREDNO_RAZDELJIV;ENOSESTAVINSKI;C;GURS tržnost: Drug posel;0;1;1;;;Zemljišče za kmetijsko rabo (njiva, travnik, pašnik);KMETIJSKO;BREZOVICA;1724;;;3084/3;;;1/2;0;;;;2044.0;;;;;451783.96;94946.11;0;0;;ETN_008_2023_KPP_2023_POSLI_20260724.csv
735838;2023-03-03;2023;2023-04-18;2023;91874.22;1;Prodaja nepremičnin na prostem trgu;4;Neopredeljen posel;Osnovna pogodba;Ne;;KMETIJSKO ZEMLJIŠČE;KMETIJSKO_ZEMLJISCE_CISTO;ENOSESTAVINSKI;C;GURS tržnost: Neopredeljen posel;0;1;1;;;Zemljišče za kmetijsko rabo (njiva, travnik, pašnik);KMETIJSKO;BREZOVICA;1724;;;899/1;;;1/1;1;;;;2089.0;2089.0;43.980000000000004;;;453673.66;96439.12;0;0;;ETN_008_2023_KPP_2023_POSLI_20260724.csv
735905;2023-03-16;2023;2023-04-18;2023;1600.0;1;Prodaja nepremičnin na prostem trgu;2;Tržen posel – neustrezni podatki;Osnovna pogodba;Ne;;STAVBNO ZEMLJIŠČE;STAVBNO_ZEMLJISCE_CISTO;ENOSESTAVINSKI;B;GURS: tržen posel – neustrezni podatki;0;1;1;;;Zemljišče, na katerem je ali bo mogoče graditi stavbo in je delno komunalno opremljeno ali komunalno neopremljeno;STAVBNO;RAKITNA;1652;;;1208/368;;;1/1;1;;;;32.0;32.0;50.0;;;455901.05;83528.5;0;0;;ETN_008_2023_KPP_2023_POSLI_20260724.csv
736844;2023-01-26;2023;2023-05-10;2023;5600.0;1;Prodaja nepremičnin na prostem trgu;2;Tržen posel – neustrezni podatki;Osnovna pogodba;Ne;;KMETIJSKO ZEMLJIŠČE;KMETIJSKO_ZEMLJISCE_CISTO;ENOSESTAVINSKI;B;GURS: tržen posel – neustrezni podatki;0;1;1;;;Zemljišče za kmetijsko rabo (njiva, travnik, pašnik);KMETIJSKO;RAKITNA;1652;;;46/8;;;1/1;1;;;;70.0;70.0;80.0;;;456861.33;83588.01;0;0;;ETN_008_2023_KPP_2023_POSLI_20260724.csv
736913;2023-02-28;2023;2023-05-10;2023;103400.0;1;Prodaja nepremičnin na prostem trgu;4;Neopredeljen posel;Osnovna pogodba;Ne;;HIŠA S PRIPADAJOČIM ZEMLJIŠČEM;HISA_CELI_POSEL;MEŠANI;C;GURS tržnost: Neopredeljen posel;1;1;2;Stanovanjska hiša;STANOVANJSKA_HISA;Zemljišče pod stavbo ali drugo stavbi ali delu stavbe pripadajoče zemljišče (zemljišče pod stavbo, dvorišče, dovozna pot, vrt, zelenica, stanovanjski atrij in podobno);PRIPADAJOCE;PRESERJE;1705;KAMNIK POD KRIMOM;KAMNIK POD KRIMOM 113;801/4;624/1;1/1;1/1;1;62.0;62.0;33.0;683.0;;;1950;1950;454296.18;91592.555;0;0;;ETN_008_2023_KPP_2023_POSLI_20260724.csv
736944;2023-03-14;2023;2023-05-10;2023;100000.0;1;Prodaja nepremičnin na prostem trgu;1;Tržen posel;Osnovna pogodba;Ne;;STANOVANJE;STANOVANJE_CISTO;ENOSESTAVINSKI;A;brez zaznanih dodatnih težav;1;0;1;Stanovanje;STANOVANJE;;;BREZOVICA;1724;PODPEČ;PODPEČ 63;;1410/17;1/1;;1;60.0;60.2;58.4;;58.4;1712.3287671232877;1949;1949;454746.46;92936.7;0;0;;ETN_008_2023_KPP_2023_POSLI_20260724.csv
737054;2023-03-21;2023;2023-05-10;2023;30000.0;1;Prodaja nepremičnin na prostem trgu;2;Tržen posel – neustrezni podatki;Osnovna pogodba;Ne;;STAVBNO ZEMLJIŠČE;STAVBNO_ZEMLJISCE_CISTO;ENOSESTAVINSKI;B;GURS: tržen posel – neustrezni podatki;0;1;1;;;Zemljišče, na katerem je ali bo mogoče graditi stavbo in je delno komunalno opremljeno ali komunalno neopremljeno;STAVBNO;BREZOVICA;1724;;;1123/11;;;1/1;1;;;;300.0;300.0;100.0;;;454694.43;96760.39;0;0;;ETN_008_2023_KPP_2023_POSLI_20260724.csv
737297;2023-03-21;2023;2023-05-10;2023;9760.0;3;Prodaja nepremicnin na javni dražbi ali druga oblika javne prodaje v izvršilnem postopku, prisilni poravnavi, stečaju ali stečajnem postopku;3;Drug posel;Osnovna pogodba;Ne;;KMETIJSKO ZEMLJIŠČE;KMETIJSKO_ZEMLJISCE_CISTO;ENOSESTAVINSKI;C;"GURS tržnost: Drug posel; ni prosti trg/prostovoljna javna prodaja";0;1;1;;;Zemljišče za kmetijsko rabo (njiva, travnik, pašnik);KMETIJSKO;BREZOVICA;1724;;;3386/16;;;1/1;1;;;;5110.0;5110.0;1.9099804305283756;;;455378.8;93893.83;0;0;;ETN_008_2023_KPP_2023_POSLI_20260724.csv
737502;2023-03-27;2023;2023-05-10;2023;210000.0;1;Prodaja nepremičnin na prostem trgu;4;Neopredeljen posel;Osnovna pogodba;Ne;;HIŠA S PRIPADAJOČIM ZEMLJIŠČEM;HISA_CELI_POSEL;MEŠANI;C;GURS tržnost: Neopredeljen posel;1;1;2;Stanovanjska hiša;STANOVANJSKA_HISA;Zemljišče pod stavbo ali drugo stavbi ali delu stavbe pripadajoče zemljišče (zemljišče pod stavbo, dvorišče, dovozna pot, vrt, zelenica, stanovanjski atrij in podobno);PRIPADAJOCE;BREZOVICA;1724;BREZOVICA PRI LJUBLJANI;REMŠKARJEVA CESTA 18;238/1;92/1;1/1;1/1;1;212.0;211.8;149.0;438.0;;;1980;1980;455273.135;98662.67;0;0;;ETN_008_2023_KPP_2023_POSLI_20260724.csv
737585;2023-03-31;2023;2023-05-10;2023;115000.0;1;Prodaja nepremičnin na prostem trgu;3;Drug posel;Osnovna pogodba;Ne;;HIŠA S PRIPADAJOČIM ZEMLJIŠČEM;HISA_CELI_POSEL;MEŠANI;C;GURS tržnost: Drug posel;1;2;3;Stanovanjska hiša;STANOVANJSKA_HISA;Zemljišče pod stavbo ali drugo stavbi ali delu stavbe pripadajoče zemljišče (zemljišče pod stavbo, dvorišče, dovozna pot, vrt, zelenica, stanovanjski atrij in podobno);PRIPADAJOCE;BREZOVICA;1724;BREZOVICA PRI LJUBLJANI;MALOVAŠKA ULICA 24;607/15 | 607/44;1734/1;1/2;1/2;0;280.0;139.75;120.5;603.5;;;1995;1995;454562.11999999994;98224.98333333332;0;0;;ETN_008_2023_KPP_2023_POSLI_20260724.csv
737595;2023-03-29;2023;2023-05-10;2023;2854.72;1;Prodaja nepremičnin na prostem trgu;2;Tržen posel – neustrezni podatki;Osnovna pogodba;Ne;;MEŠANO/DRUGO ZEMLJIŠČE;NI_NEPOSREDNO_RAZDELJIV;ENOSESTAVINSKI;B;GURS: tržen posel – neustrezni podatki;0;1;1;;;Zemljišče, na katerem je cesta ali parkirišče;INFRASTRUKTURA;BREZOVICA;1724;;;266/17;;;1/1;1;;;;22.0;;;;;454609.5;98455.67;0;0;;ETN_008_2023_KPP_2023_POSLI_20260724.csv
737801;2023-03-29;2023;2023-05-10;2023;908.32;1;Prodaja nepremičnin na prostem trgu;2;Tržen posel – neustrezni podatki;Osnovna pogodba;Ne;;MEŠANO/DRUGO ZEMLJIŠČE;NI_NEPOSREDNO_RAZDELJIV;ENOSESTAVINSKI;B;GURS: tržen posel – neustrezni podatki;0;1;1;;;Zemljišče, na katerem je cesta ali parkirišče;INFRASTRUKTURA;BREZOVICA;1724;;;266/19;;;1/1;1;;;;7.0;;;;;454620.21;98462.13;0;0;;ETN_008_2023_KPP_2023_POSLI_20260724.csv
738414;2023-02-27;2023;2023-05-11;2023;11900.0;1;Prodaja nepremičnin na prostem trgu;2;Tržen posel – neustrezni podatki;Osnovna pogodba;Ne;;KMETIJSKO ZEMLJIŠČE;KMETIJSKO_ZEMLJISCE_CISTO;ENOSESTAVINSKI;B;GURS: tržen posel – neustrezni podatki;0;1;1;;;Zemljišče za kmetijsko rabo (njiva, travnik, pašnik);KMETIJSKO;JEZERO;1703;;;13/1;;;1/1;1;;;;281.0;281.0;42.34875444839858;;;456267.97;92280.18;0;0;;ETN_008_2023_KPP_2023_POSLI_20260724.csv
738415;2023-04-07;2023;2023-05-11;2023;14000.0;1;Prodaja nepremičnin na prostem trgu;3;Drug posel;Osnovna pogodba;Ne;;STAVBNO ZEMLJIŠČE;NI_NEPOSREDNO_RAZDELJIV;ENOSESTAVINSKI;C;GURS tržnost: Drug posel;0;1;1;;;Zemljišče, na katerem je ali bo mogoče graditi stavbo in je delno komunalno opremljeno ali komunalno neopremljeno;STAVBNO;KAMNIK;1704;;;*56;;;29/36;0;;;;188.5;;;;;454105.62;90908.68;0;0;;ETN_008_2023_KPP_2023_POSLI_20260724.csv
738529;2023-03-28;2023;2023-05-11;2023;36237.0;1;Prodaja nepremičnin na prostem trgu;3;Drug posel;Osnovna pogodba;Ne;;GOZDNO ZEMLJIŠČE;NI_NEPOSREDNO_RAZDELJIV;ENOSESTAVINSKI;C;GURS tržnost: Drug posel;0;1;1;;;Zemljišče za gozdno rabo (gozd);GOZDNO;PRESERJE;1705;;;2433;;;1/2;0;;;;30197.5;;;;;456900.58;85747.59;0;0;;ETN_008_2023_KPP_2023_POSLI_20260724.csv
738668;2023-04-19;2023;2023-05-11;2023;276850.0;1;Prodaja nepremičnin na prostem trgu;2;Tržen posel – neustrezni podatki;Osnovna pogodba;Ne;;HIŠA S PRIPADAJOČIM ZEMLJIŠČEM;HISA_CELI_POSEL;MEŠANI;B;GURS: tržen posel – neustrezni podatki;1;1;2;Stanovanjska hiša;STANOVANJSKA_HISA;Zemljišče pod stavbo ali drugo stavbi ali delu stavbe pripadajoče zemljišče (zemljišče pod stavbo, dvorišče, dovozna pot, vrt, zelenica, stanovanjski atrij in podobno);PRIPADAJOCE;BREZOVICA;1724;BREZOVICA PRI LJUBLJANI;TRŽAŠKA CESTA 473;331/2;228/1;1/1;1/1;1;162.0;162.3;73.9;705.0;;;1945;1945;455576.44;98537.945;0;0;;ETN_008_2023_KPP_2023_POSLI_20260724.csv
739836;2023-04-19;2023;2023-06-10;2023;4138.0;1;Prodaja nepremičnin na prostem trgu;2;Tržen posel – neustrezni podatki;Osnovna pogodba;Ne;;KMETIJSKO ZEMLJIŠČE;KMETIJSKO_ZEMLJISCE_CISTO;ENOSESTAVINSKI;B;GURS: tržen posel – neustrezni podatki;0;1;1;;;Zemljišče za kmetijsko rabo (njiva, travnik, pašnik);KMETIJSKO;KAMNIK;1704;;;861/3;;;1/1;1;;;;3379.0;3379.0;1.2246226694288251;;;453258.08;91562.6;0;0;;ETN_008_2023_KPP_2023_POSLI_20260724.csv
739946;2023-04-20;2023;2023-06-10;2023;105000.0;1;Prodaja nepremičnin na prostem trgu;1;Tržen posel;Osnovna pogodba;Ne;;STANOVANJE;STANOVANJE_CISTO;ENOSESTAVINSKI;A;brez zaznanih dodatnih težav;1;0;1;Stanovanje;STANOVANJE;;;BREZOVICA;1724;VNANJE GORICE;PODPEŠKA CESTA 192;;2766/1;1/1;;1;34.0;34.1;34.1;;34.1;3079.1788856304984;1967;1967;454576.01;96114.43;0;0;;ETN_008_2023_KPP_2023_POSLI_20260724.csv
740803;2023-05-16;2023;2023-06-10;2023;2550.0;1;Prodaja nepremičnin na prostem trgu;2;Tržen posel – neustrezni podatki;Osnovna pogodba;Ne;;STAVBNO ZEMLJIŠČE;STAVBNO_ZEMLJISCE_CISTO;ENOSESTAVINSKI;B;GURS: tržen posel – neustrezni podatki;0;1;1;;;Zemljišče na katerem je mogoče graditi stavbo in ima gradbeno dovoljenje;STAVBNO;PRESERJE;1705;;;209/14;;;1/1;1;;;;34.0;34.0;75.0;;;454868.63;90801.79;0;0;;ETN_008_2023_KPP_2023_POSLI_20260724.csv
741139;2023-03-21;2023;2023-06-11;2023;20000.0;1;Prodaja nepremičnin na prostem trgu;2;Tržen posel – neustrezni podatki;Osnovna pogodba;Ne;;GOZDNO ZEMLJIŠČE;GOZDNO_ZEMLJISCE_CISTO;ENOSESTAVINSKI;B;GURS: tržen posel – neustrezni podatki;0;1;1;;;Zemljišče za gozdno rabo (gozd);GOZDNO;PRESERJE;1705;;;238/31;;;1/1;1;;;;3101.0;3101.0;6.449532408900355;;;455355.62;90584.65;0;0;;ETN_008_2023_KPP_2023_POSLI_20260724.csv
741215;2023-04-05;2023;2023-06-11;2023;10030.0;1;Prodaja nepremičnin na prostem trgu;2;Tržen posel – neustrezni podatki;Osnovna pogodba;Ne;;KMETIJSKO ZEMLJIŠČE;KMETIJSKO_ZEMLJISCE_CISTO;ENOSESTAVINSKI;B;GURS: tržen posel – neustrezni podatki;0;1;1;;;Zemljišče za kmetijsko rabo (njiva, travnik, pašnik);KMETIJSKO;BREZOVICA;1724;;;870;;;1/1;1;;;;1180.0;1180.0;8.5;;;453642.33;95962.46;0;0;;ETN_008_2023_KPP_2023_POSLI_20260724.csv
741335;2023-05-08;2023;2023-06-11;2023;50000.0;1;Prodaja nepremičnin na prostem trgu;1;Tržen posel;Osnovna pogodba;Ne;;STAVBNO ZEMLJIŠČE;STAVBNO_ZEMLJISCE_CISTO;ENOSESTAVINSKI;A;brez zaznanih dodatnih težav;0;1;1;;;Zemljišče, na katerem je ali bo mogoče graditi stavbo in je delno komunalno opremljeno ali komunalno neopremljeno;STAVBNO;PRESERJE;1705;;;240/10;;;1/1;1;;;;989.0;989.0;50.55611729019211;;;455223.25;90769.64;0;0;;ETN_008_2023_KPP_2023_POSLI_20260724.csv
741394;2023-05-11;2023;2023-06-11;2023;820000.0;1;Prodaja nepremičnin na prostem trgu;2;Tržen posel – neustrezni podatki;Osnovna pogodba;Ne;;HIŠA S PRIPADAJOČIM ZEMLJIŠČEM;HISA_CELI_POSEL;MEŠANI;B;GURS: tržen posel – neustrezni podatki;1;1;2;Stanovanjska hiša;STANOVANJSKA_HISA;Zemljišče pod stavbo ali drugo stavbi ali delu stavbe pripadajoče zemljišče (zemljišče pod stavbo, dvorišče, dovozna pot, vrt, zelenica, stanovanjski atrij in podobno);PRIPADAJOCE;BREZOVICA;1724;BREZOVICA PRI LJUBLJANI;NA LAZIH 6;574/2;4596/1;1/1;1/1;1;275.0;274.5;191.8;819.0;;;2016;2016;454549.885;97436.73999999999;0;0;;ETN_008_2023_KPP_2023_POSLI_20260724.csv
743453;2023-05-18;2023;2023-07-10;2023;133256.17;1;Prodaja nepremičnin na prostem trgu;4;Neopredeljen posel;Osnovna pogodba;Ne;;STAVBNO ZEMLJIŠČE;STAVBNO_ZEMLJISCE_CISTO;VEČSESTAVINSKI ISTOVRSTEN;C;GURS tržnost: Neopredeljen posel;0;3;3;;;Zemljišče na katerem je mogoče graditi stavbo in ima gradbeno dovoljenje;STAVBNO;BREZOVICA;1724;;;332/12 | 332/13 | 332/14;;;1/1;1;;;;1054.0;1054.0;126.42900379506642;;;455455.98666666663;98404.55333333334;0;0;;ETN_008_2023_KPP_2023_POSLI_20260724.csv
744061;2023-05-15;2023;2023-07-10;2023;123000.0;1;Prodaja nepremičnin na prostem trgu;3;Drug posel;Osnovna pogodba;Ne;;HIŠA S PRIPADAJOČIM ZEMLJIŠČEM;HISA_CELI_POSEL;MEŠANI;C;GURS tržnost: Drug posel;1;3;4;Stanovanjska hiša;STANOVANJSKA_HISA;Zemljišče pod stavbo ali drugo stavbi ali delu stavbe pripadajoče zemljišče (zemljišče pod stavbo, dvorišče, dovozna pot, vrt, zelenica, stanovanjski atrij in podobno);PRIPADAJOCE;RAKITNA;1652;RAKITNA;RAKITNA 336;1273/35 | 1293/17 | 1293/18;559/1;3/4;3/4 | 3/8;0;171.0;128.10000000000002;77.4;1114.5;;;1900;1900;456328.855;82830.7325;0;0;;ETN_008_2023_KPP_2023_POSLI_20260724.csv
745065;2023-07-18;2023;2023-08-18;2023;12265.88;2;Prodaja nepremičnin na prostovoljni javni dražbi ali druga oblika prostovoljne javne prodaje;4;Neopredeljen posel;Osnovna pogodba;Da;22,0%;PRIPADAJOČE ZEMLJIŠČE;NI_NEPOSREDNO_RAZDELJIV;ENOSESTAVINSKI;C;GURS tržnost: Neopredeljen posel;0;1;1;;;Zemljišče pod stavbo ali drugo stavbi ali delu stavbe pripadajoče zemljišče (zemljišče pod stavbo, dvorišče, dovozna pot, vrt, zelenica, stanovanjski atrij in podobno);PRIPADAJOCE;BREZOVICA;1724;;;332/4;;;1/1;1;;;;185.0;;;;;455488.53;98341.83;0;0;;ETN_008_2023_KPP_2023_POSLI_20260724.csv
745276;2023-06-01;2023;2023-08-29;2023;400.0;1;Prodaja nepremičnin na prostem trgu;3;Drug posel;Osnovna pogodba;Ne;;PRIPADAJOČE ZEMLJIŠČE;NI_NEPOSREDNO_RAZDELJIV;VEČSESTAVINSKI ISTOVRSTEN;C;GURS tržnost: Drug posel;0;2;2;;;Zemljišče pod stavbo ali drugo stavbi ali delu stavbe pripadajoče zemljišče (zemljišče pod stavbo, dvorišče, dovozna pot, vrt, zelenica, stanovanjski atrij in podobno);PRIPADAJOCE;BREZOVICA;1724;;;1095/22 | 1095/23;;;18/25;0;;;;14.399999999999999;;;;;454540.935;96732.795;0;0;;ETN_008_2023_KPP_2023_POSLI_20260724.csv
745443;2023-06-15;2023;2023-08-29;2023;160000.0;1;Prodaja nepremičnin na prostem trgu;2;Tržen posel – neustrezni podatki;Osnovna pogodba;Ne;;STAVBNO ZEMLJIŠČE;STAVBNO_ZEMLJISCE_CISTO;ENOSESTAVINSKI;B;GURS: tržen posel – neustrezni podatki;0;1;1;;;Zemljišče, na katerem je ali bo mogoče graditi stavbo in je delno komunalno opremljeno ali komunalno neopremljeno;STAVBNO;PRESERJE;1705;;;223/9;;;1/1;1;;;;739.0;739.0;216.50879566982408;;;455112.38;90867.41;0;0;;ETN_008_2023_KPP_2023_POSLI_20260724.csv
745561;2023-06-27;2023;2023-08-29;2023;760.0;1;Prodaja nepremičnin na prostem trgu;1;Tržen posel;Osnovna pogodba;Ne;;STAVBNO ZEMLJIŠČE;STAVBNO_ZEMLJISCE_CISTO;VEČSESTAVINSKI ISTOVRSTEN;A;brez zaznanih dodatnih težav;0;2;2;;;Zemljišče, na katerem je ali bo mogoče graditi stavbo in je delno komunalno opremljeno ali komunalno neopremljeno;STAVBNO;BREZOVICA;1724;;;1094/67 | 1094/68;;;1/1;1;;;;38.0;38.0;20.0;;;454544.02;96729.125;0;0;;ETN_008_2023_KPP_2023_POSLI_20260724.csv
746199;2023-07-10;2023;2023-08-29;2023;60000.0;1;Prodaja nepremičnin na prostem trgu;3;Drug posel;Osnovna pogodba;Ne;;HIŠA S PRIPADAJOČIM ZEMLJIŠČEM;HISA_CELI_POSEL;MEŠANI;C;GURS tržnost: Drug posel;2;3;5;Stanovanjska hiša | Tehnični ali pomožni prostori;POMOZNA_DRUGO | STANOVANJSKA_HISA;Zemljišče pod stavbo ali drugo stavbi ali delu stavbe pripadajoče zemljišče (zemljišče pod stavbo, dvorišče, dovozna pot, vrt, zelenica, stanovanjski atrij in podobno) | Zemljišče, na katerem je ali bo mogoče graditi stavbo in je delno komunalno opremljeno ali komunalno neopremljeno;PRIPADAJOCE | STAVBNO;BREZOVICA;1724;VNANJE GORICE;VNANJE GORICE 64;1198/1 | 1198/2 | 1199/7;1077/1 | 4680/1;1/3;1/1 | 1/3;0;213.0;71.03333333333333;59.4;189.0;;;1871;1970;455000.29000000004;96410.278;0;0;;ETN_008_2023_KPP_2023_POSLI_20260724.csv
746410;2023-07-10;2023;2023-08-30;2023;7533.04;1;Prodaja nepremičnin na prostem trgu;2;Tržen posel – neustrezni podatki;Osnovna pogodba;Ne;;KMETIJSKO ZEMLJIŠČE;KMETIJSKO_ZEMLJISCE_CISTO;ENOSESTAVINSKI;B;GURS: tržen posel – neustrezni podatki;0;1;1;;;Zemljišče za kmetijsko rabo (njiva, travnik, pašnik);KMETIJSKO;BREZOVICA;1724;;;2696;;;1/1;1;;;;5539.0;5539.0;1.36;;;452987.56;93843.2;0;0;;ETN_008_2023_KPP_2023_POSLI_20260724.csv
746535;2023-07-18;2023;2023-08-30;2023;167250.0;1;Prodaja nepremičnin na prostem trgu;2;Tržen posel – neustrezni podatki;Osnovna pogodba;Ne;;STAVBNO ZEMLJIŠČE;STAVBNO_ZEMLJISCE_CISTO;VEČSESTAVINSKI ISTOVRSTEN;B;GURS: tržen posel – neustrezni podatki;0;2;2;;;Zemljišče, na katerem je ali bo mogoče graditi stavbo in je delno komunalno opremljeno ali komunalno neopremljeno;STAVBNO;BREZOVICA;1724;;;586/12 | 586/13;;;1/1;1;;;;534.0;534.0;313.2022471910112;;;454777.32;97585.07500000001;0;0;;ETN_008_2023_KPP_2023_POSLI_20260724.csv
747061;2023-05-24;2023;2023-08-30;2023;2650.0;1;Prodaja nepremičnin na prostem trgu;2;Tržen posel – neustrezni podatki;Osnovna pogodba;Ne;;PRIPADAJOČE ZEMLJIŠČE;NI_NEPOSREDNO_RAZDELJIV;ENOSESTAVINSKI;B;GURS: tržen posel – neustrezni podatki;0;1;1;;;Zemljišče pod stavbo ali drugo stavbi ali delu stavbe pripadajoče zemljišče (zemljišče pod stavbo, dvorišče, dovozna pot, vrt, zelenica, stanovanjski atrij in podobno);PRIPADAJOCE;RAKITNA;1652;;;13/3;;;1/1;1;;;;53.0;;;;;456420.3;83523.65;0;0;;ETN_008_2023_KPP_2023_POSLI_20260724.csv
747259;2023-06-06;2023;2023-08-31;2023;400.0;1;Prodaja nepremičnin na prostem trgu;3;Drug posel;Osnovna pogodba;Ne;;MEŠANO/DRUGO ZEMLJIŠČE;NI_NEPOSREDNO_RAZDELJIV;ENOSESTAVINSKI;C;GURS tržnost: Drug posel;0;1;1;;;Zemljišče, na katerem je cesta ali parkirišče;INFRASTRUKTURA;BREZOVICA;1724;;;372/94;;;1/1;1;;;;12.0;;;;;454687.89;98351.94;0;0;;ETN_008_2023_KPP_2023_POSLI_20260724.csv
747761;2023-06-19;2023;2023-08-31;2023;264000.0;1;Prodaja nepremičnin na prostem trgu;2;Tržen posel – neustrezni podatki;Osnovna pogodba;Ne;;HIŠA S PRIPADAJOČIM ZEMLJIŠČEM;HISA_CELI_POSEL;MEŠANI;B;GURS: tržen posel – neustrezni podatki;1;2;3;Stanovanjska hiša;STANOVANJSKA_HISA;Zemljišče pod stavbo ali drugo stavbi ali delu stavbe pripadajoče zemljišče (zemljišče pod stavbo, dvorišče, dovozna pot, vrt, zelenica, stanovanjski atrij in podobno) | Zemljišče, na katerem je ali bo mogoče graditi stavbo in je delno komunalno opremljeno ali komunalno neopremljeno;PRIPADAJOCE | STAVBNO;RAKITNA;1652;RAKITNA;RAKITNA 239;893/12 | 893/58;157/1;1/1;1/1;1;70.0;60.0;42.6;1454.0;;;1964;1964;456062.1433333333;83316.50333333334;0;0;;ETN_008_2023_KPP_2023_POSLI_20260724.csv
747798;2023-06-26;2023;2023-08-31;2023;80000.0;1;Prodaja nepremičnin na prostem trgu;2;Tržen posel – neustrezni podatki;Osnovna pogodba;Ne;;STAVBNO ZEMLJIŠČE;STAVBNO_ZEMLJISCE_CISTO;ENOSESTAVINSKI;B;GURS: tržen posel – neustrezni podatki;0;1;1;;;Zemljišče, na katerem je ali bo mogoče graditi stavbo in je delno komunalno opremljeno ali komunalno neopremljeno;STAVBNO;RAKITNA;1652;;;893/155;;;1/1;1;;;;1225.0;1225.0;65.3061224489796;;;456018.66;82676.86;0;0;;ETN_008_2023_KPP_2023_POSLI_20260724.csv
747954;2023-06-01;2023;2023-09-01;2023;70000.0;1;Prodaja nepremičnin na prostem trgu;4;Neopredeljen posel;Osnovna pogodba;Ne;;STANOVANJE Z DODATKI/ZEMLJIŠČEM;NI_NEPOSREDNO_RAZDELJIV;MEŠANI;C;GURS tržnost: Neopredeljen posel;1;1;2;Stanovanje;STANOVANJE;Zemljišče, na katerem je ali bo mogoče graditi stavbo in je delno komunalno opremljeno ali komunalno neopremljeno;STAVBNO;BREZOVICA;1724;NOTRANJE GORICE;MAVSARJEVA CESTA 28;2212/9;3143/1;1/1;1/1;1;59.0;58.6;49.0;209.0;;;1943;1943;454010.77;94993.08;0;0;;ETN_008_2023_KPP_2023_POSLI_20260724.csv
748293;2023-06-09;2023;2023-09-02;2023;120000.0;1;Prodaja nepremičnin na prostem trgu;2;Tržen posel – neustrezni podatki;Osnovna pogodba;Ne;;MEŠANO/DRUGO ZEMLJIŠČE;NI_NEPOSREDNO_RAZDELJIV;MEŠANI;B;GURS: tržen posel – neustrezni podatki;0;3;3;;;Zemljišče, na katerem je ali bo mogoče graditi stavbo in je delno komunalno opremljeno ali komunalno neopremljeno | Zemljišče, na katerem je cesta ali parkirišče;INFRASTRUKTURA | STAVBNO;RAKITNA;1652;;;1208/157 | 1208/196 | 1208/238;;;1/1 | 2/10;0;;;;1457.8;;;;;455909.3833333333;83640.70333333332;0;0;;ETN_008_2023_KPP_2023_POSLI_20260724.csv
748740;2023-06-20;2023;2023-09-02;2023;137500.0;1;Prodaja nepremičnin na prostem trgu;2;Tržen posel – neustrezni podatki;Osnovna pogodba;Ne;;STAVBNO ZEMLJIŠČE;STAVBNO_ZEMLJISCE_CISTO;ENOSESTAVINSKI;B;GURS: tržen posel – neustrezni podatki;0;1;1;;;Zemljišče na katerem je mogoče graditi stavbo in ima gradbeno dovoljenje;STAVBNO;PRESERJE;1705;;;223/10;;;1/1;1;;;;929.0;929.0;148.00861141011842;;;455131.62;90852.95;0;0;;ETN_008_2023_KPP_2023_POSLI_20260724.csv
748745;2023-06-28;2023;2023-09-02;2023;45000.0;1;Prodaja nepremičnin na prostem trgu;2;Tržen posel – neustrezni podatki;Osnovna pogodba;Ne;;MEŠANI POSEL – STAVBA IN ZEMLJIŠČE;NI_NEPOSREDNO_RAZDELJIV;MEŠANI;B;GURS: tržen posel – neustrezni podatki;1;1;2;Kmetijski objekt;KMETIJSKI_OBJEKT;Zemljišče pod stavbo ali drugo stavbi ali delu stavbe pripadajoče zemljišče (zemljišče pod stavbo, dvorišče, dovozna pot, vrt, zelenica, stanovanjski atrij in podobno);PRIPADAJOCE;PRESERJE;1705;;;783/9;774/1;1/1;1/1;1;12.0;12.2;12.2;932.0;;;1994;1994;454330.53500000003;91945.08499999999;0;0;;ETN_008_2023_KPP_2023_POSLI_20260724.csv
748869;2023-06-22;2023;2023-09-02;2023;15000.0;1;Prodaja nepremičnin na prostem trgu;3;Drug posel;Osnovna pogodba;Ne;;MEŠANO/DRUGO ZEMLJIŠČE;NI_NEPOSREDNO_RAZDELJIV;MEŠANI;C;GURS tržnost: Drug posel;0;3;3;;;Zemljišče pod stavbo ali drugo stavbi ali delu stavbe pripadajoče zemljišče (zemljišče pod stavbo, dvorišče, dovozna pot, vrt, zelenica, stanovanjski atrij in podobno) | Zemljišče, na katerem je ali bo mogoče graditi stavbo in je delno komunalno opremljeno ali komunalno neopremljeno;PRIPADAJOCE | STAVBNO;BREZOVICA;1724;;;21/1 | 21/2 | 22/5;;;2/35;0;;;;184.85714285714286;;;;;453964.0966666667;98417.56333333334;0;0;;ETN_008_2023_KPP_2023_POSLI_20260724.csv
748936;2023-06-27;2023;2023-09-02;2023;12500.0;1;Prodaja nepremičnin na prostem trgu;2;Tržen posel – neustrezni podatki;Osnovna pogodba;Ne;;PRIPADAJOČE ZEMLJIŠČE;NI_NEPOSREDNO_RAZDELJIV;ENOSESTAVINSKI;B;GURS: tržen posel – neustrezni podatki;0;1;1;;;Zemljišče pod stavbo ali drugo stavbi ali delu stavbe pripadajoče zemljišče (zemljišče pod stavbo, dvorišče, dovozna pot, vrt, zelenica, stanovanjski atrij in podobno);PRIPADAJOCE;BREZOVICA;1724;;;1094/69;;;1/1;1;;;;91.0;;;;;454554.71;96707.29;0;0;;ETN_008_2023_KPP_2023_POSLI_20260724.csv
749160;2023-07-10;2023;2023-09-02;2023;114000.0;1;Prodaja nepremičnin na prostem trgu;2;Tržen posel – neustrezni podatki;Osnovna pogodba;Ne;;MEŠANO/DRUGO ZEMLJIŠČE;NI_NEPOSREDNO_RAZDELJIV;MEŠANI;B;GURS: tržen posel – neustrezni podatki;0;4;4;;;Zemljišče za kmetijsko rabo (njiva, travnik, pašnik) | Zemljišče, na katerem je ali bo mogoče graditi stavbo in je delno komunalno opremljeno ali komunalno neopremljeno;KMETIJSKO | STAVBNO;KAMNIK;1704;;;2847/1 | 2847/2 | 2855/1 | 2855/2;;;1/1;1;;;;3923.0;;;;;454035.97750000004;90766.08;0;0;;ETN_008_2023_KPP_2023_POSLI_20260724.csv
749177;2022-12-12;2022;2023-09-02;2023;10000.0;1;Prodaja nepremičnin na prostem trgu;2;Tržen posel – neustrezni podatki;Osnovna pogodba;Ne;;GOZDNO ZEMLJIŠČE;GOZDNO_ZEMLJISCE_CISTO;ENOSESTAVINSKI;B;GURS: tržen posel – neustrezni podatki;0;1;1;;;Zemljišče za gozdno rabo (gozd);GOZDNO;BREZOVICA;1724;;;2754;;;1/1;1;;;;1155.0;1155.0;8.658008658008658;;;452722.79;94740.96;0;0;;ETN_008_2023_KPP_2023_POSLI_20260724.csv
750221;2023-07-19;2023;2023-09-10;2023;220000.0;1;Prodaja nepremičnin na prostem trgu;1;Tržen posel;Osnovna pogodba;Ne;;STANOVANJE;STANOVANJE_CISTO;ENOSESTAVINSKI;A;brez zaznanih dodatnih težav;1;0;1;Stanovanje;STANOVANJE;;;PRESERJE;1705;PODPEČ;PODPEČ 48;;586/6;1/1;;1;125.0;124.7;77.8;;77.8;2827.763496143959;2004;2004;455063.24;92830.49;0;0;;ETN_008_2023_KPP_2023_POSLI_20260724.csv
750472;2023-07-14;2023;2023-09-10;2023;75000.0;1;Prodaja nepremičnin na prostem trgu;2;Tržen posel – neustrezni podatki;Osnovna pogodba;Ne;;STAVBNO ZEMLJIŠČE;STAVBNO_ZEMLJISCE_CISTO;ENOSESTAVINSKI;B;GURS: tržen posel – neustrezni podatki;0;1;1;;;Zemljišče, na katerem je ali bo mogoče graditi stavbo in je delno komunalno opremljeno ali komunalno neopremljeno;STAVBNO;BREZOVICA;1724;;;2349/7;;;1/1;1;;;;450.0;450.0;166.66666666666666;;;453530.27;95215.78;0;0;;ETN_008_2023_KPP_2023_POSLI_20260724.csv
750691;2023-07-10;2023;2023-09-10;2023;1290.0;1;Prodaja nepremičnin na prostem trgu;2;Tržen posel – neustrezni podatki;Osnovna pogodba;Ne;;KMETIJSKO ZEMLJIŠČE;KMETIJSKO_ZEMLJISCE_CISTO;ENOSESTAVINSKI;B;GURS: tržen posel – neustrezni podatki;0;1;1;;;Zemljišče za kmetijsko rabo (njiva, travnik, pašnik);KMETIJSKO;KAMNIK;1704;;;1314/1;;;1/1;1;;;;1290.0;1290.0;1.0;;;452574.03;90723.71;0;0;;ETN_008_2023_KPP_2023_POSLI_20260724.csv
751166;2023-08-09;2023;2023-09-10;2023;2400.0;1;Prodaja nepremičnin na prostem trgu;2;Tržen posel – neustrezni podatki;Osnovna pogodba;Ne;;PRIPADAJOČE ZEMLJIŠČE;NI_NEPOSREDNO_RAZDELJIV;VEČSESTAVINSKI ISTOVRSTEN;B;GURS: tržen posel – neustrezni podatki;0;2;2;;;Zemljišče pod stavbo ali drugo stavbi ali delu stavbe pripadajoče zemljišče (zemljišče pod stavbo, dvorišče, dovozna pot, vrt, zelenica, stanovanjski atrij in podobno);PRIPADAJOCE;JEZERO;1703;;;362/195 | 362/198;;;1/1;1;;;;40.0;;;;;455039.29500000004;93197.345;0;0;;ETN_008_2023_KPP_2023_POSLI_20260724.csv
751574;2023-08-16;2023;2023-09-11;2023;58000.0;1;Prodaja nepremičnin na prostem trgu;2;Tržen posel – neustrezni podatki;Osnovna pogodba;Ne;;MEŠANI POSEL – STAVBA IN ZEMLJIŠČE;NI_NEPOSREDNO_RAZDELJIV;MEŠANI;B;GURS: tržen posel – neustrezni podatki;1;1;2;Kmetijski objekt;KMETIJSKI_OBJEKT;Zemljišče pod stavbo ali drugo stavbi ali delu stavbe pripadajoče zemljišče (zemljišče pod stavbo, dvorišče, dovozna pot, vrt, zelenica, stanovanjski atrij in podobno);PRIPADAJOCE;BREZOVICA;1724;;;2155/6;3281/1;1/1;1/1;1;16.0;16.0;16.0;312.0;;;1950;1950;454050.84;94759.23;0;0;;ETN_008_2023_KPP_2023_POSLI_20260724.csv
751665;2023-08-17;2023;2023-09-11;2023;328000.0;1;Prodaja nepremičnin na prostem trgu;2;Tržen posel – neustrezni podatki;Osnovna pogodba;Ne;;HIŠA S PRIPADAJOČIM ZEMLJIŠČEM;HISA_CELI_POSEL;MEŠANI;B;GURS: tržen posel – neustrezni podatki;1;1;2;Stanovanjska hiša;STANOVANJSKA_HISA;Zemljišče pod stavbo ali drugo stavbi ali delu stavbe pripadajoče zemljišče (zemljišče pod stavbo, dvorišče, dovozna pot, vrt, zelenica, stanovanjski atrij in podobno);PRIPADAJOCE;KAMNIK;1704;KAMNIK POD KRIMOM;KAMNIK POD KRIMOM 12 E;933/5;972/1;1/1;1/1;1;141.0;141.3;141.3;825.0;;;2023;2023;453496.1;91671.425;0;0;;ETN_008_2023_KPP_2023_POSLI_20260724.csv
751855;2023-08-21;2023;2023-09-11;2023;550000.0;1;Prodaja nepremičnin na prostem trgu;2;Tržen posel – neustrezni podatki;Osnovna pogodba;Ne;;HIŠA S PRIPADAJOČIM ZEMLJIŠČEM;HISA_CELI_POSEL;MEŠANI;B;GURS: tržen posel – neustrezni podatki;2;2;4;Garaža | Stanovanjska hiša;PARKIRANJE | STANOVANJSKA_HISA;Zemljišče pod stavbo ali drugo stavbi ali delu stavbe pripadajoče zemljišče (zemljišče pod stavbo, dvorišče, dovozna pot, vrt, zelenica, stanovanjski atrij in podobno) | Zemljišče, na katerem je ali bo mogoče graditi stavbo in je delno komunalno opremljeno ali komunalno neopremljeno;PRIPADAJOCE | STAVBNO;BREZOVICA;1724;BREZOVICA PRI LJUBLJANI;PODPEŠKA CESTA 91;571/1 | 571/51;763/1 | 764/1;1/1;1/1;1;327.0;327.0;152.0;1827.0;;;1952;1974;454663.79;97379.5;0;0;;ETN_008_2023_KPP_2023_POSLI_20260724.csv
752308;2023-08-28;2023;2023-09-11;2023;10920.0;1;Prodaja nepremičnin na prostem trgu;2;Tržen posel – neustrezni podatki;Osnovna pogodba;Ne;;PRIPADAJOČE ZEMLJIŠČE;NI_NEPOSREDNO_RAZDELJIV;ENOSESTAVINSKI;B;GURS: tržen posel – neustrezni podatki;0;1;1;;;Zemljišče pod stavbo ali drugo stavbi ali delu stavbe pripadajoče zemljišče (zemljišče pod stavbo, dvorišče, dovozna pot, vrt, zelenica, stanovanjski atrij in podobno);PRIPADAJOCE;BREZOVICA;1724;;;2790/21;;;1/1;1;;;;156.0;;;;;452293.16;95750.27;0;0;;ETN_008_2023_KPP_2023_POSLI_20260724.csv
753889;2023-07-12;2023;2023-10-16;2023;15573.2;1;Prodaja nepremičnin na prostem trgu;3;Drug posel;Osnovna pogodba;Ne;;MEŠANO/DRUGO ZEMLJIŠČE;NI_NEPOSREDNO_RAZDELJIV;MEŠANI;C;GURS tržnost: Drug posel;0;6;6;;;Zemljišče za gozdno rabo (gozd) | Zemljišče za kmetijsko rabo (njiva, travnik, pašnik);GOZDNO | KMETIJSKO;PRESERJE;1705;;;1315 | 1928/2 | 1987/1 | 1998 | 2018 | 2179/15;;;4/5;0;;;;9356.0;;;;;456582.9766666666;88775.12;0;0;;ETN_008_2023_KPP_2023_POSLI_20260724.csv
753890;2023-06-15;2023;2023-10-16;2023;500.0;1;Prodaja nepremičnin na prostem trgu;2;Tržen posel – neustrezni podatki;Osnovna pogodba;Ne;;PRIPADAJOČE ZEMLJIŠČE;NI_NEPOSREDNO_RAZDELJIV;ENOSESTAVINSKI;B;GURS: tržen posel – neustrezni podatki;0;1;1;;;Zemljišče pod stavbo ali drugo stavbi ali delu stavbe pripadajoče zemljišče (zemljišče pod stavbo, dvorišče, dovozna pot, vrt, zelenica, stanovanjski atrij in podobno);PRIPADAJOCE;BREZOVICA;1724;;;3565/4;;;1/1;1;;;;4.0;;;;;453208.72;95952.21;0;0;;ETN_008_2023_KPP_2023_POSLI_20260724.csv
754098;2023-08-22;2023;2023-10-16;2023;33000.0;1;Prodaja nepremičnin na prostem trgu;2;Tržen posel – neustrezni podatki;Osnovna pogodba;Ne;;MEŠANO/DRUGO ZEMLJIŠČE;NI_NEPOSREDNO_RAZDELJIV;MEŠANI;B;GURS: tržen posel – neustrezni podatki;0;2;2;;;Zemljišče na katerem je mogoče graditi stavbo in ima gradbeno dovoljenje | Zemljišče, na katerem je cesta ali parkirišče;INFRASTRUKTURA | STAVBNO;RAKITNA;1652;;;1243/13 | 1243/14;;;1/1;1;;;;1118.0;;;;;456103.56;82789.075;0;0;;ETN_008_2023_KPP_2023_POSLI_20260724.csv
754633;2023-08-16;2023;2023-10-20;2023;14500.0;1;Prodaja nepremičnin na prostem trgu;3;Drug posel;Osnovna pogodba;Ne;;HIŠA S PRIPADAJOČIM ZEMLJIŠČEM;NI_NEPOSREDNO_RAZDELJIV;MEŠANI;C;GURS tržnost: Drug posel;3;17;20;Kmetijski objekt | Stanovanjska hiša;KMETIJSKI_OBJEKT | STANOVANJSKA_HISA;Zemljišče pod stavbo ali drugo stavbi ali delu stavbe pripadajoče zemljišče (zemljišče pod stavbo, dvorišče, dovozna pot, vrt, zelenica, stanovanjski atrij in podobno) | Zemljišče za gozdno rabo (gozd) | Zemljišče za kmetijsko rabo (njiva, travnik, pašnik);GOZDNO | KMETIJSKO | PRIPADAJOCE;BREZOVICA;1724;PLEŠIVICA;PLEŠIVICA 54;2808/9 | 2867 | 2871 | 2875 | 2888 | 2889/1 | 2902 | 2945 | 2946 | 2947 | 2970 | 2998/42 | 3045 | 3046 | 3092/1 | 3140 | 3141;2003/1 | 2003/2 | 2004/1;1/12;1/12;0;198.0;16.491666666666667;16.491666666666667;6525.75;;;1878;1887;452769.6385;95431.68000000001;0;0;;ETN_008_2023_KPP_2023_POSLI_20260724.csv
754715;2023-09-01;2023;2023-10-20;2023;436275.0;1;Prodaja nepremičnin na prostem trgu;2;Tržen posel – neustrezni podatki;Osnovna pogodba;Ne;;HIŠA S PRIPADAJOČIM ZEMLJIŠČEM;HISA_CELI_POSEL;MEŠANI;B;GURS: tržen posel – neustrezni podatki;1;1;2;Stanovanjska hiša;STANOVANJSKA_HISA;Zemljišče pod stavbo ali drugo stavbi ali delu stavbe pripadajoče zemljišče (zemljišče pod stavbo, dvorišče, dovozna pot, vrt, zelenica, stanovanjski atrij in podobno);PRIPADAJOCE;BREZOVICA;1724;NOTRANJE GORICE;PODOVNICE 46;2445/17;4068/1;1/1;1/1;1;195.0;195.1;117.0;273.0;;;2007;2007;453610.64;94472.845;0;0;;ETN_008_2023_KPP_2023_POSLI_20260724.csv
756029;2023-09-15;2023;2023-10-21;2023;19800.0;1;Prodaja nepremičnin na prostem trgu;4;Neopredeljen posel;Osnovna pogodba;Ne;;KMETIJSKO ZEMLJIŠČE;KMETIJSKO_ZEMLJISCE_CISTO;ENOSESTAVINSKI;C;GURS tržnost: Neopredeljen posel;0;1;1;;;Zemljišče za kmetijsko rabo (njiva, travnik, pašnik);KMETIJSKO;KAMNIK;1704;;;2897/6;;;1/1;1;;;;6597.0;6597.0;3.001364256480218;;;454354.75;90845.11;0;0;;ETN_008_2023_KPP_2023_POSLI_20260724.csv
756275;2023-09-26;2023;2023-10-21;2023;300000.0;1;Prodaja nepremičnin na prostem trgu;2;Tržen posel – neustrezni podatki;Osnovna pogodba;Ne;;HIŠA S PRIPADAJOČIM ZEMLJIŠČEM;HISA_CELI_POSEL;MEŠANI;B;GURS: tržen posel – neustrezni podatki;2;1;3;Stanovanjska hiša | Tehnični ali pomožni prostori;POMOZNA_DRUGO | STANOVANJSKA_HISA;Zemljišče pod stavbo ali drugo stavbi ali delu stavbe pripadajoče zemljišče (zemljišče pod stavbo, dvorišče, dovozna pot, vrt, zelenica, stanovanjski atrij in podobno);PRIPADAJOCE;BREZOVICA;1724;PODPLEŠIVICA;PODPLEŠIVICA 83;3020/2;1821/1 | 1822/1;1/1;1/1;1;289.0;289.0;158.0;1411.0;;;1986;1998;451952.5833333333;96182.96;0;0;;ETN_008_2023_KPP_2023_POSLI_20260724.csv
756330;2023-09-27;2023;2023-10-21;2023;350000.0;1;Prodaja nepremičnin na prostem trgu;1;Tržen posel;Osnovna pogodba;Ne;;HIŠA S PRIPADAJOČIM ZEMLJIŠČEM;HISA_CELI_POSEL;MEŠANI;A;brez zaznanih dodatnih težav;1;2;3;Stanovanjska hiša;STANOVANJSKA_HISA;Zemljišče na katerem je mogoče graditi stavbo in ima gradbeno dovoljenje;STAVBNO;PRESERJE;1705;PRESERJE;PRESERJE 42 D;240/14 | 240/3;776/1;1/1;1/1;1;284.7;284.7;123.6;961.0;;;2007;2007;455210.60333333333;90810.77;0;0;;ETN_008_2023_KPP_2023_POSLI_20260724.csv
757583;2023-09-22;2023;2023-11-15;2023;20454.0;1;Prodaja nepremičnin na prostem trgu;2;Tržen posel – neustrezni podatki;Osnovna pogodba;Ne;;GOZDNO ZEMLJIŠČE;GOZDNO_ZEMLJISCE_CISTO;ENOSESTAVINSKI;B;GURS: tržen posel – neustrezni podatki;0;1;1;;;Zemljišče za gozdno rabo (gozd);GOZDNO;KAMNIK;1704;;;2436;;;1/1;1;;;;20454.0;20454.0;1.0;;;454428.55;89550.34;0;0;;ETN_008_2023_KPP_2023_POSLI_20260724.csv
757794;2023-09-08;2023;2023-11-15;2023;6000.0;1;Prodaja nepremičnin na prostem trgu;2;Tržen posel – neustrezni podatki;Osnovna pogodba;Ne;;GOZDNO ZEMLJIŠČE;GOZDNO_ZEMLJISCE_CISTO;ENOSESTAVINSKI;B;GURS: tržen posel – neustrezni podatki;0;1;1;;;Zemljišče za gozdno rabo (gozd);GOZDNO;PRESERJE;1705;;;2284;;;1/1;1;;;;7104.0;7104.0;0.8445945945945946;;;458221.93;87165.41;0;0;;ETN_008_2023_KPP_2023_POSLI_20260724.csv
757896;2023-09-29;2023;2023-11-15;2023;148170.0;1;Prodaja nepremičnin na prostem trgu;2;Tržen posel – neustrezni podatki;Osnovna pogodba;Ne;;STAVBNO ZEMLJIŠČE;STAVBNO_ZEMLJISCE_CISTO;VEČSESTAVINSKI ISTOVRSTEN;B;GURS: tržen posel – neustrezni podatki;0;2;2;;;Zemljišče, na katerem je ali bo mogoče graditi stavbo in je delno komunalno opremljeno ali komunalno neopremljeno;STAVBNO;RAKITNA;1652;;;921/6 | 921/7;;;1/1;1;;;;1347.0;1347.0;110.0;;;455569.97;83979.23499999999;0;0;;ETN_008_2023_KPP_2023_POSLI_20260724.csv
758068;2023-10-04;2023;2023-11-15;2023;45000.0;1;Prodaja nepremičnin na prostem trgu;3;Drug posel;Osnovna pogodba;Ne;;STAVBNO ZEMLJIŠČE;NI_NEPOSREDNO_RAZDELJIV;ENOSESTAVINSKI;C;GURS tržnost: Drug posel;0;1;1;;;Zemljišče, na katerem je ali bo mogoče graditi stavbo in je delno komunalno opremljeno ali komunalno neopremljeno;STAVBNO;RAKITNA;1652;;;1209/11;;;1/2;0;;;;244.5;;;;;455606.77;82988.41;0;0;;ETN_008_2023_KPP_2023_POSLI_20260724.csv
758385;2023-08-09;2023;2023-11-15;2023;21680.0;1;Prodaja nepremičnin na prostem trgu;2;Tržen posel – neustrezni podatki;Osnovna pogodba;Ne;;KMETIJSKO ZEMLJIŠČE;KMETIJSKO_ZEMLJISCE_CISTO;ENOSESTAVINSKI;B;GURS: tržen posel – neustrezni podatki;0;1;1;;;Zemljišče za kmetijsko rabo (njiva, travnik, pašnik);KMETIJSKO;RAKITNA;1652;;;14/6;;;1/1;1;;;;2072.0;2072.0;10.463320463320464;;;456486.25;83505.4;0;0;;ETN_008_2023_KPP_2023_POSLI_20260724.csv
758816;2023-10-12;2023;2023-11-16;2023;125000.0;1;Prodaja nepremičnin na prostem trgu;2;Tržen posel – neustrezni podatki;Osnovna pogodba;Ne;;STAVBNO ZEMLJIŠČE;STAVBNO_ZEMLJISCE_CISTO;VEČSESTAVINSKI ISTOVRSTEN;B;GURS: tržen posel – neustrezni podatki;0;2;2;;;Zemljišče, na katerem je ali bo mogoče graditi stavbo in je delno komunalno opremljeno ali komunalno neopremljeno;STAVBNO;BREZOVICA;1724;;;2411/16 | 2411/2;;;1/1;1;;;;731.0;731.0;170.9986320109439;;;453684.15;94824.95999999999;0;0;;ETN_008_2023_KPP_2023_POSLI_20260724.csv
758869;2023-09-22;2023;2023-11-16;2023;23000.0;1;Prodaja nepremičnin na prostem trgu;2;Tržen posel – neustrezni podatki;Osnovna pogodba;Ne;;KMETIJSKO ZEMLJIŠČE;KMETIJSKO_ZEMLJISCE_CISTO;ENOSESTAVINSKI;B;GURS: tržen posel – neustrezni podatki;0;1;1;;;Zemljišče za kmetijsko rabo (njiva, travnik, pašnik);KMETIJSKO;BREZOVICA;1724;;;2940;;;1/1;1;;;;1382.0;1382.0;16.642547033285094;;;452978.02;95750.47;0;0;;ETN_008_2023_KPP_2023_POSLI_20260724.csv
758908;2023-10-10;2023;2023-11-16;2023;113300.0;1;Prodaja nepremičnin na prostem trgu;2;Tržen posel – neustrezni podatki;Osnovna pogodba;Ne;;STAVBNO ZEMLJIŠČE;STAVBNO_ZEMLJISCE_CISTO;VEČSESTAVINSKI ISTOVRSTEN;B;GURS: tržen posel – neustrezni podatki;0;2;2;;;Zemljišče, na katerem je ali bo mogoče graditi stavbo in je delno komunalno opremljeno ali komunalno neopremljeno;STAVBNO;JEZERO;1703;;;73/10 | 73/11;;;1/1;1;;;;1039.0;1039.0;109.04716073147257;;;456575.895;92460.09;0;0;;ETN_008_2023_KPP_2023_POSLI_20260724.csv
790187;2023-10-12;2023;2023-12-15;2023;3987.9;1;Prodaja nepremičnin na prostem trgu;2;Tržen posel – neustrezni podatki;Osnovna pogodba;Ne;;GOZDNO ZEMLJIŠČE;GOZDNO_ZEMLJISCE_CISTO;ENOSESTAVINSKI;B;GURS: tržen posel – neustrezni podatki;0;1;1;;;Zemljišče za gozdno rabo (gozd);GOZDNO;JEZERO;1703;;;988/2;;;1/1;1;;;;5697.0;5697.0;0.7000000000000001;;;458121.56;89597.31;0;0;;ETN_008_2023_KPP_2023_POSLI_20260724.csv
790270;2023-10-18;2023;2023-12-15;2023;77400.0;1;Prodaja nepremičnin na prostem trgu;1;Tržen posel;Osnovna pogodba;Ne;;STAVBNO ZEMLJIŠČE;STAVBNO_ZEMLJISCE_CISTO;ENOSESTAVINSKI;A;brez zaznanih dodatnih težav;0;1;1;;;Zemljišče, na katerem je ali bo mogoče graditi stavbo in je delno komunalno opremljeno ali komunalno neopremljeno;STAVBNO;BREZOVICA;1724;;;372/16;;;1/1;1;;;;290.0;290.0;266.8965517241379;;;454882.29;98320.54;0;0;;ETN_008_2023_KPP_2023_POSLI_20260724.csv
790821;2023-10-18;2023;2023-12-15;2023;390000.0;1;Prodaja nepremičnin na prostem trgu;2;Tržen posel – neustrezni podatki;Osnovna pogodba;Ne;;HIŠA S PRIPADAJOČIM ZEMLJIŠČEM;HISA_CELI_POSEL;MEŠANI;B;GURS: tržen posel – neustrezni podatki;1;3;4;Stanovanjska hiša;STANOVANJSKA_HISA;Zemljišče pod stavbo ali drugo stavbi ali delu stavbe pripadajoče zemljišče (zemljišče pod stavbo, dvorišče, dovozna pot, vrt, zelenica, stanovanjski atrij in podobno);PRIPADAJOCE;JEZERO;1703;JEZERO;JEZERO 204;362/136 | 362/141 | 362/147;641/1;1/1;1/1 | 1/10;0;98.8;98.8;96.0;290.7;;;2009;2009;455076.1075;93094.04999999999;0;0;;ETN_008_2023_KPP_2023_POSLI_20260724.csv
791051;2023-11-02;2023;2023-12-15;2023;1040.0;1;Prodaja nepremičnin na prostem trgu;2;Tržen posel – neustrezni podatki;Osnovna pogodba;Ne;;MEŠANI POSEL – STAVBA IN ZEMLJIŠČE;NI_NEPOSREDNO_RAZDELJIV;MEŠANI;B;GURS: tržen posel – neustrezni podatki;1;1;2;Kmetijski objekt;KMETIJSKI_OBJEKT;Zemljišče pod stavbo ali drugo stavbi ali delu stavbe pripadajoče zemljišče (zemljišče pod stavbo, dvorišče, dovozna pot, vrt, zelenica, stanovanjski atrij in podobno);PRIPADAJOCE;PRESERJE;1705;;;905/3;570/1;1/1;1/1;1;20.3;20.3;20.3;52.0;;;1990;1990;454903.805;92673.91;0;0;;ETN_008_2023_KPP_2023_POSLI_20260724.csv
791590;2023-11-08;2023;2023-12-16;2023;260000.0;1;Prodaja nepremičnin na prostem trgu;2;Tržen posel – neustrezni podatki;Osnovna pogodba;Ne;;HIŠA S PRIPADAJOČIM ZEMLJIŠČEM;HISA_CELI_POSEL;MEŠANI;B;GURS: tržen posel – neustrezni podatki;1;1;2;Stanovanjska hiša;STANOVANJSKA_HISA;Zemljišče pod stavbo ali drugo stavbi ali delu stavbe pripadajoče zemljišče (zemljišče pod stavbo, dvorišče, dovozna pot, vrt, zelenica, stanovanjski atrij in podobno);PRIPADAJOCE;BREZOVICA;1724;BREZOVICA PRI LJUBLJANI;ZALOŽNIKOVA ULICA 10;342/17;681/1;1/1;1/1;1;276.5;276.5;208.9;129.0;;;1967;1967;455626.14;98224.315;0;0;;ETN_008_2023_KPP_2023_POSLI_20260724.csv
791672;2023-11-06;2023;2023-12-16;2023;600.0;1;Prodaja nepremičnin na prostem trgu;1;Tržen posel;Osnovna pogodba;Ne;;STAVBNO ZEMLJIŠČE;STAVBNO_ZEMLJISCE_CISTO;VEČSESTAVINSKI ISTOVRSTEN;A;brez zaznanih dodatnih težav;0;2;2;;;Zemljišče, na katerem je ali bo mogoče graditi stavbo in je delno komunalno opremljeno ali komunalno neopremljeno;STAVBNO;BREZOVICA;1724;;;2701/19 | 2701/25;;;1/1;1;;;;120.0;120.0;5.0;;;453301.015;94150.2;0;0;;ETN_008_2023_KPP_2023_POSLI_20260724.csv
791698;2023-11-14;2023;2023-12-16;2023;275000.0;1;Prodaja nepremičnin na prostem trgu;2;Tržen posel – neustrezni podatki;Osnovna pogodba;Ne;;STANOVANJE Z DODATKI/ZEMLJIŠČEM;NI_NEPOSREDNO_RAZDELJIV;MEŠANI;B;GURS: tržen posel – neustrezni podatki;1;7;8;Stanovanje;STANOVANJE;Zemljišče pod stavbo ali drugo stavbi ali delu stavbe pripadajoče zemljišče (zemljišče pod stavbo, dvorišče, dovozna pot, vrt, zelenica, stanovanjski atrij in podobno) | Zemljišče, na katerem je ali bo mogoče graditi stavbo in je delno komunalno opremljeno ali komunalno neopremljeno;PRIPADAJOCE | STAVBNO;BREZOVICA;1724;VNANJE GORICE;NOVA POT 127 B;1542/123 | 1542/188 | 1542/219 | 1542/220 | 1542/222 | 1542/225 | 1543/9;4160/2;1/1;1/1 | 1/36;0;86.1;86.1;69.1;67.72222222222223;;;2009;2009;456028.29;96988.05625;0;0;;ETN_008_2023_KPP_2023_POSLI_20260724.csv
791912;2023-11-16;2023;2023-12-16;2023;340000.0;1;Prodaja nepremičnin na prostem trgu;3;Drug posel;Osnovna pogodba;Ne;;HIŠA S PRIPADAJOČIM ZEMLJIŠČEM;HISA_CELI_POSEL;MEŠANI;C;GURS tržnost: Drug posel;1;2;3;Stanovanjska hiša;STANOVANJSKA_HISA;Zemljišče pod stavbo ali drugo stavbi ali delu stavbe pripadajoče zemljišče (zemljišče pod stavbo, dvorišče, dovozna pot, vrt, zelenica, stanovanjski atrij in podobno) | Zemljišče, na katerem je ali bo mogoče graditi stavbo in je delno komunalno opremljeno ali komunalno neopremljeno;PRIPADAJOCE | STAVBNO;PRESERJE;1705;PRESERJE;PRESERJE 39 B;227/2 | 228/6;443/1;1/1;1/1;1;278.5;278.5;156.0;4035.0;;;1977;1977;455129.42333333334;90819.72000000002;0;0;;ETN_008_2023_KPP_2023_POSLI_20260724.csv
792233;2023-11-09;2023;2023-12-16;2023;2000.0;1;Prodaja nepremičnin na prostem trgu;2;Tržen posel – neustrezni podatki;Osnovna pogodba;Ne;;KMETIJSKO ZEMLJIŠČE;KMETIJSKO_ZEMLJISCE_CISTO;ENOSESTAVINSKI;B;GURS: tržen posel – neustrezni podatki;0;1;1;;;Zemljišče za kmetijsko rabo (njiva, travnik, pašnik);KMETIJSKO;BREZOVICA;1724;;;2465/4;;;1/1;1;;;;341.0;341.0;5.865102639296188;;;453400.34;94517.0;0;0;;ETN_008_2023_KPP_2023_POSLI_20260724.csv
808859;2023-12-06;2023;2024-01-15;2024;286875.0;1;Prodaja nepremičnin na prostem trgu;4;Neopredeljen posel;Osnovna pogodba;Ne;;STAVBNO ZEMLJIŠČE;STAVBNO_ZEMLJISCE_CISTO;ENOSESTAVINSKI;C;GURS tržnost: Neopredeljen posel;0;1;1;;;Zemljišče, na katerem je ali bo mogoče graditi stavbo in je delno komunalno opremljeno ali komunalno neopremljeno;STAVBNO;BREZOVICA;1724;;;673/2;;;1/1;1;;;;2125.0;2125.0;135.0;;;453959.5;97855.81;0;0;;ETN_008_2024_KPP_2024_POSLI_20260724.csv
809467;2023-11-30;2023;2024-01-17;2024;9000.0;1;Prodaja nepremičnin na prostem trgu;1;Tržen posel;Osnovna pogodba;Ne;;STAVBNO ZEMLJIŠČE;STAVBNO_ZEMLJISCE_CISTO;VEČSESTAVINSKI ISTOVRSTEN;A;brez zaznanih dodatnih težav;0;2;2;;;Zemljišče, na katerem je ali bo mogoče graditi stavbo in je delno komunalno opremljeno ali komunalno neopremljeno;STAVBNO;BREZOVICA;1724;;;1094/72 | 1094/74;;;1/1;1;;;;60.0;60.0;150.0;;;454562.125;96705.16;0;0;;ETN_008_2024_KPP_2024_POSLI_20260724.csv
809789;2023-06-22;2023;2024-01-18;2024;1500.0;1;Prodaja nepremičnin na prostem trgu;1;Tržen posel;Osnovna pogodba;Ne;;STAVBNO ZEMLJIŠČE;STAVBNO_ZEMLJISCE_CISTO;ENOSESTAVINSKI;A;brez zaznanih dodatnih težav;0;1;1;;;Zemljišče, na katerem je ali bo mogoče graditi stavbo in je delno komunalno opremljeno ali komunalno neopremljeno;STAVBNO;RAKITNA;1652;;;1294/23;;;1/1;1;;;;15.0;15.0;100.0;;;456309.92;82776.4;0;0;;ETN_008_2024_KPP_2024_POSLI_20260724.csv
809851;2023-12-11;2023;2024-01-18;2024;200000.0;1;Prodaja nepremičnin na prostem trgu;2;Tržen posel – neustrezni podatki;Osnovna pogodba;Ne;;STANOVANJE Z DODATKI/ZEMLJIŠČEM;NI_NEPOSREDNO_RAZDELJIV;MEŠANI;B;GURS: tržen posel – neustrezni podatki;1;1;2;Stanovanje;STANOVANJE;Zemljišče, na katerem je cesta ali parkirišče;INFRASTRUKTURA;BREZOVICA;1724;BREZOVICA PRI LJUBLJANI;TRŽAŠKA CESTA 438;266/16;253/6;1/1;1/1;1;77.8;77.8;77.8;26.0;;;1969;1969;454631.515;98461.73000000001;0;0;;ETN_008_2024_KPP_2024_POSLI_20260724.csv
809893;2023-12-11;2023;2024-01-18;2024;1440.0;1;Prodaja nepremičnin na prostem trgu;1;Tržen posel;Osnovna pogodba;Ne;;STAVBNO ZEMLJIŠČE;STAVBNO_ZEMLJISCE_CISTO;ENOSESTAVINSKI;A;brez zaznanih dodatnih težav;0;1;1;;;Zemljišče, na katerem je ali bo mogoče graditi stavbo in je delno komunalno opremljeno ali komunalno neopremljeno;STAVBNO;RAKITNA;1652;;;1265/39;;;1/1;1;;;;18.0;18.0;80.0;;;456389.41;83118.33;0;0;;ETN_008_2024_KPP_2024_POSLI_20260724.csv
809970;2023-12-07;2023;2024-01-18;2024;290000.0;1;Prodaja nepremičnin na prostem trgu;2;Tržen posel – neustrezni podatki;Osnovna pogodba;Ne;;HIŠA S PRIPADAJOČIM ZEMLJIŠČEM;HISA_CELI_POSEL;MEŠANI;B;GURS: tržen posel – neustrezni podatki;1;1;2;Stanovanjska hiša;STANOVANJSKA_HISA;Zemljišče pod stavbo ali drugo stavbi ali delu stavbe pripadajoče zemljišče (zemljišče pod stavbo, dvorišče, dovozna pot, vrt, zelenica, stanovanjski atrij in podobno);PRIPADAJOCE;RAKITNA;1652;RAKITNA;RAKITNA 110 E;1208/166;901/1;1/1;1/1;1;110.7;110.7;82.7;636.0;;;2011;2011;455919.785;83588.965;0;0;;ETN_008_2024_KPP_2024_POSLI_20260724.csv
810077;2023-12-01;2023;2024-01-18;2024;6228.0;1;Prodaja nepremičnin na prostem trgu;3;Drug posel;Osnovna pogodba;Ne;;GOZDNO ZEMLJIŠČE;NI_NEPOSREDNO_RAZDELJIV;VEČSESTAVINSKI ISTOVRSTEN;C;GURS tržnost: Drug posel;0;2;2;;;Zemljišče za gozdno rabo (gozd);GOZDNO;JEZERO;1703;;;758/1 | 758/3;;;1/2;0;;;;7785.0;;;;;456548.19;91162.155;0;0;;ETN_008_2024_KPP_2024_POSLI_20260724.csv
810126;2023-12-15;2023;2024-01-18;2024;20000.0;1;Prodaja nepremičnin na prostem trgu;2;Tržen posel – neustrezni podatki;Osnovna pogodba;Ne;;STAVBNO ZEMLJIŠČE;STAVBNO_ZEMLJISCE_CISTO;ENOSESTAVINSKI;B;GURS: tržen posel – neustrezni podatki;0;1;1;;;Zemljišče, na katerem je ali bo mogoče graditi stavbo in je delno komunalno opremljeno ali komunalno neopremljeno;STAVBNO;KAMNIK;1704;;;2737/9;;;1/1;1;;;;281.0;281.0;71.17437722419929;;;453944.03;90489.69;0;0;;ETN_008_2024_KPP_2024_POSLI_20260724.csv
811322;2023-12-19;2023;2024-02-15;2024;27900.0;1;Prodaja nepremičnin na prostem trgu;4;Neopredeljen posel;Osnovna pogodba;Ne;;KMETIJSKO ZEMLJIŠČE;KMETIJSKO_ZEMLJISCE_CISTO;ENOSESTAVINSKI;C;GURS tržnost: Neopredeljen posel;0;1;1;;;Zemljišče za kmetijsko rabo (njiva, travnik, pašnik);KMETIJSKO;BREZOVICA;1724;;;1093/18;;;1/1;1;;;;186.0;186.0;150.0;;;454579.38;96709.62;0;0;;ETN_008_2024_KPP_2024_POSLI_20260724.csv
811501;2023-12-15;2023;2024-02-15;2024;15418.5;1;Prodaja nepremičnin na prostem trgu;2;Tržen posel – neustrezni podatki;Osnovna pogodba;Ne;;KMETIJSKO ZEMLJIŠČE;KMETIJSKO_ZEMLJISCE_CISTO;VEČSESTAVINSKI ISTOVRSTEN;B;GURS: tržen posel – neustrezni podatki;0;2;2;;;Zemljišče za kmetijsko rabo (njiva, travnik, pašnik);KMETIJSKO;BREZOVICA;1724;;;3279/3 | 3279/5;;;1/1;1;;;;10279.0;10279.0;1.5;;;452915.97;93498.32;0;0;;ETN_008_2024_KPP_2024_POSLI_20260724.csv
811527;2023-12-20;2023;2024-02-15;2024;229000.0;1;Prodaja nepremičnin na prostem trgu;3;Drug posel;Osnovna pogodba;Ne;;HIŠA S PRIPADAJOČIM ZEMLJIŠČEM;HISA_CELI_POSEL;MEŠANI;C;GURS tržnost: Drug posel;1;1;2;Stanovanjska hiša;STANOVANJSKA_HISA;Zemljišče pod stavbo ali drugo stavbi ali delu stavbe pripadajoče zemljišče (zemljišče pod stavbo, dvorišče, dovozna pot, vrt, zelenica, stanovanjski atrij in podobno);PRIPADAJOCE;PRESERJE;1705;PRESERJE;PRESERJE 37 E;1182/67;827/1;2/5;2/5;0;324.3;129.72;72.4;356.0;;;2011;2011;455093.07;90952.67499999999;0;0;;ETN_008_2024_KPP_2024_POSLI_20260724.csv
811572;2023-12-20;2023;2024-02-15;2024;300400.0;1;Prodaja nepremičnin na prostem trgu;2;Tržen posel – neustrezni podatki;Osnovna pogodba;Ne;;HIŠA S PRIPADAJOČIM ZEMLJIŠČEM;HISA_CELI_POSEL;MEŠANI;B;GURS: tržen posel – neustrezni podatki;1;1;2;Stanovanjska hiša;STANOVANJSKA_HISA;Zemljišče pod stavbo ali drugo stavbi ali delu stavbe pripadajoče zemljišče (zemljišče pod stavbo, dvorišče, dovozna pot, vrt, zelenica, stanovanjski atrij in podobno);PRIPADAJOCE;PRESERJE;1705;PRESERJE;PRESERJE 37 E;1182/67;827/1;3/5;3/5;0;324.3;194.58;108.6;534.0;;;2011;2011;455093.07;90952.67499999999;0;0;;ETN_008_2024_KPP_2024_POSLI_20260724.csv
811766;2023-12-29;2023;2024-02-15;2024;189700.0;1;Prodaja nepremičnin na prostem trgu;2;Tržen posel – neustrezni podatki;Osnovna pogodba;Ne;;STAVBNO ZEMLJIŠČE;NI_NEPOSREDNO_RAZDELJIV;VEČSESTAVINSKI ISTOVRSTEN;B;GURS: tržen posel – neustrezni podatki;0;2;2;;;Zemljišče, na katerem je ali bo mogoče graditi stavbo in je delno komunalno opremljeno ali komunalno neopremljeno;STAVBNO;BREZOVICA;1724;;;294/7 | 294/8;;;1/1 | 1/2;0;;;;677.5;;;;;455576.8;98590.14499999999;0;0;;ETN_008_2024_KPP_2024_POSLI_20260724.csv
811768;2023-12-18;2023;2024-02-15;2024;80000.0;1;Prodaja nepremičnin na prostem trgu;4;Neopredeljen posel;Osnovna pogodba;Ne;;HIŠA S PRIPADAJOČIM ZEMLJIŠČEM;NI_NEPOSREDNO_RAZDELJIV;MEŠANI;C;GURS tržnost: Neopredeljen posel;2;2;4;Kmetijski objekt | Stanovanjska hiša;KMETIJSKI_OBJEKT | STANOVANJSKA_HISA;Zemljišče pod stavbo ali drugo stavbi ali delu stavbe pripadajoče zemljišče (zemljišče pod stavbo, dvorišče, dovozna pot, vrt, zelenica, stanovanjski atrij in podobno) | Zemljišče, na katerem je ali bo mogoče graditi stavbo in je delno komunalno opremljeno ali komunalno neopremljeno;PRIPADAJOCE | STAVBNO;RAKITNA;1652;RAKITNA;RAKITNA 206;1253/11 | 1253/13;479/1 | 961/1;1/1;1/1;1;29.3;29.3;29.3;1800.0;;;1966;1970;456437.48;83171.9625;0;0;;ETN_008_2024_KPP_2024_POSLI_20260724.csv
811859;2023-12-22;2023;2024-02-15;2024;115000.0;1;Prodaja nepremičnin na prostem trgu;2;Tržen posel – neustrezni podatki;Osnovna pogodba;Ne;;STAVBNO ZEMLJIŠČE;NI_NEPOSREDNO_RAZDELJIV;VEČSESTAVINSKI ISTOVRSTEN;B;GURS: tržen posel – neustrezni podatki;0;3;3;;;Zemljišče, na katerem je ali bo mogoče graditi stavbo in je delno komunalno opremljeno ali komunalno neopremljeno;STAVBNO;KAMNIK;1704;;;906/1 | 907/6 | 907/9;;;1/1 | 1/8;0;;;;918.875;;;;;453360.9466666667;91831.67666666668;0;0;;ETN_008_2024_KPP_2024_POSLI_20260724.csv
811909;2024-01-04;2024;2024-02-15;2024;289000.0;1;Prodaja nepremičnin na prostem trgu;2;Tržen posel – neustrezni podatki;Osnovna pogodba;Ne;;STANOVANJE Z DODATKI/ZEMLJIŠČEM;NI_NEPOSREDNO_RAZDELJIV;MEŠANI;B;GURS: tržen posel – neustrezni podatki;1;5;6;Stanovanje;STANOVANJE;Zemljišče pod stavbo ali drugo stavbi ali delu stavbe pripadajoče zemljišče (zemljišče pod stavbo, dvorišče, dovozna pot, vrt, zelenica, stanovanjski atrij in podobno) | Zemljišče, na katerem je ali bo mogoče graditi stavbo in je delno komunalno opremljeno ali komunalno neopremljeno;PRIPADAJOCE | STAVBNO;BREZOVICA;1724;BREZOVICA PRI LJUBLJANI;PODSVETIJA 26 F;369/182 | 369/205 | 369/207 | 369/208 | 369/212;3887/2;1/1;1/26 | 1/3 | 1/45;0;86.1;86.1;70.7;107.67350427350428;;;2008;2008;455056.74333333335;97949.75166666666;0;0;;ETN_008_2024_KPP_2024_POSLI_20260724.csv
812088;2024-01-10;2024;2024-02-15;2024;55000.0;1;Prodaja nepremičnin na prostem trgu;2;Tržen posel – neustrezni podatki;Osnovna pogodba;Ne;;STAVBNO ZEMLJIŠČE;STAVBNO_ZEMLJISCE_CISTO;ENOSESTAVINSKI;B;GURS: tržen posel – neustrezni podatki;0;1;1;;;Zemljišče, na katerem je ali bo mogoče graditi stavbo in je delno komunalno opremljeno ali komunalno neopremljeno;STAVBNO;JEZERO;1703;;;398/15;;;1/1;1;;;;519.0;519.0;105.97302504816956;;;455518.15;92611.57;0;0;;ETN_008_2024_KPP_2024_POSLI_20260724.csv
812343;2024-01-10;2024;2024-02-15;2024;212500.0;1;Prodaja nepremičnin na prostem trgu;2;Tržen posel – neustrezni podatki;Osnovna pogodba;Ne;;MEŠANI POSEL – STAVBA IN ZEMLJIŠČE;NI_NEPOSREDNO_RAZDELJIV;MEŠANI;B;GURS: tržen posel – neustrezni podatki;1;5;6;Kmetijski objekt;KMETIJSKI_OBJEKT;Zemljišče pod stavbo ali drugo stavbi ali delu stavbe pripadajoče zemljišče (zemljišče pod stavbo, dvorišče, dovozna pot, vrt, zelenica, stanovanjski atrij in podobno) | Zemljišče, na katerem je ali bo mogoče graditi stavbo in je delno komunalno opremljeno ali komunalno neopremljeno;PRIPADAJOCE | STAVBNO;BREZOVICA;1724;;;1354/10 | 1354/12 | 1354/14 | 1354/17 | 1354/8;1177/1;1/6;1/1 | 1/6;0;324.8;54.13333333333333;54.13333333333333;1120.0;;;1944;1944;455057.9366666667;96178.83833333333;0;0;;ETN_008_2024_KPP_2024_POSLI_20260724.csv
812439;2024-01-15;2024;2024-02-15;2024;110000.0;1;Prodaja nepremičnin na prostem trgu;2;Tržen posel – neustrezni podatki;Osnovna pogodba;Ne;;STAVBNO ZEMLJIŠČE;STAVBNO_ZEMLJISCE_CISTO;ENOSESTAVINSKI;B;GURS: tržen posel – neustrezni podatki;0;1;1;;;Zemljišče na katerem je mogoče graditi stavbo in ima gradbeno dovoljenje;STAVBNO;PRESERJE;1705;;;223/8;;;1/1;1;;;;885.0;885.0;124.29378531073446;;;455089.77;90889.63;0;0;;ETN_008_2024_KPP_2024_POSLI_20260724.csv
812594;2024-01-16;2024;2024-02-15;2024;27300.0;1;Prodaja nepremičnin na prostem trgu;2;Tržen posel – neustrezni podatki;Osnovna pogodba;Ne;;STAVBNO ZEMLJIŠČE;STAVBNO_ZEMLJISCE_CISTO;ENOSESTAVINSKI;B;GURS: tržen posel – neustrezni podatki;0;1;1;;;Zemljišče, na katerem je ali bo mogoče graditi stavbo in je delno komunalno opremljeno ali komunalno neopremljeno;STAVBNO;KAMNIK;1704;;;1347/2;;;1/1;1;;;;480.0;480.0;56.875;;;452136.23;90245.37;0;0;Hiša, ki je stala na parceli je glede na prodajno pogodbo porušena.;ETN_008_2024_KPP_2024_POSLI_20260724.csv
813037;2024-01-25;2024;2024-02-20;2024;18000.0;1;Prodaja nepremičnin na prostem trgu;2;Tržen posel – neustrezni podatki;Osnovna pogodba;Ne;;GOZDNO ZEMLJIŠČE;GOZDNO_ZEMLJISCE_CISTO;ENOSESTAVINSKI;B;GURS: tržen posel – neustrezni podatki;0;1;1;;;Zemljišče za gozdno rabo (gozd);GOZDNO;KAMNIK;1704;;;1344/9;;;1/1;1;;;;7045.0;7045.0;2.55500354861604;;;452196.21;90114.14;0;0;;ETN_008_2024_KPP_2024_POSLI_20260724.csv
814203;2023-12-12;2023;2024-03-15;2024;3695.0;3;Prodaja nepremicnin na javni dražbi ali druga oblika javne prodaje v izvršilnem postopku, prisilni poravnavi, stečaju ali stečajnem postopku;3;Drug posel;Osnovna pogodba;Ne;;STAVBNO ZEMLJIŠČE;STAVBNO_ZEMLJISCE_CISTO;VEČSESTAVINSKI ISTOVRSTEN;C;"GURS tržnost: Drug posel; ni prosti trg/prostovoljna javna prodaja";0;2;2;;;Zemljišče, na katerem je ali bo mogoče graditi stavbo in je delno komunalno opremljeno ali komunalno neopremljeno;STAVBNO;BREZOVICA;1724;;;369/288 | 369/289;;;1/1;1;;;;74.0;74.0;49.932432432432435;;;454785.565;98089.65;0;0;;ETN_008_2024_KPP_2024_POSLI_20260724.csv
814401;2024-01-20;2024;2024-03-15;2024;490000.0;1;Prodaja nepremičnin na prostem trgu;2;Tržen posel – neustrezni podatki;Osnovna pogodba;Ne;;HIŠA S PRIPADAJOČIM ZEMLJIŠČEM;HISA_CELI_POSEL;MEŠANI;B;GURS: tržen posel – neustrezni podatki;1;2;3;Stanovanjska hiša;STANOVANJSKA_HISA;Zemljišče pod stavbo ali drugo stavbi ali delu stavbe pripadajoče zemljišče (zemljišče pod stavbo, dvorišče, dovozna pot, vrt, zelenica, stanovanjski atrij in podobno);PRIPADAJOCE;BREZOVICA;1724;BREZOVICA PRI LJUBLJANI;NA BREZNO 38;299/8 | 299/9;3600/1;1/1;1/1;1;325.5;325.5;218.7;783.0;;;1999;1999;455430.05;98726.09333333334;0;0;;ETN_008_2024_KPP_2024_POSLI_20260724.csv
814554;2023-12-05;2023;2024-03-15;2024;9359.0;1;Prodaja nepremičnin na prostem trgu;2;Tržen posel – neustrezni podatki;Osnovna pogodba;Ne;;GOZDNO ZEMLJIŠČE;GOZDNO_ZEMLJISCE_CISTO;VEČSESTAVINSKI ISTOVRSTEN;B;GURS: tržen posel – neustrezni podatki;0;3;3;;;Zemljišče za gozdno rabo (gozd);GOZDNO;KAMNIK | PRESERJE;1704 | 1705;;;2485 | 2498/19 | 2498/20;;;1/1;1;;;;13370.0;13370.0;0.7;;;455178.8133333333;88738.54333333333;0;0;;ETN_008_2024_KPP_2024_POSLI_20260724.csv
814798;2024-01-28;2024;2024-03-15;2024;105000.0;1;Prodaja nepremičnin na prostem trgu;3;Drug posel;Osnovna pogodba;Ne;;STANOVANJE;STANOVANJE_CISTO;ENOSESTAVINSKI;C;GURS tržnost: Drug posel;1;0;1;Stanovanje;STANOVANJE;;;BREZOVICA;1724;BREZOVICA PRI LJUBLJANI;STAROVAŠKA CESTA 15;;1612/2;1/1;;1;69.7;69.7;65.8;;65.8;1595.744680851064;1853;1853;454066.17;98441.6;0;0;;ETN_008_2024_KPP_2024_POSLI_20260724.csv
814834;2024-01-25;2024;2024-03-15;2024;190000.0;1;Prodaja nepremičnin na prostem trgu;2;Tržen posel – neustrezni podatki;Osnovna pogodba;Ne;;HIŠA S PRIPADAJOČIM ZEMLJIŠČEM;NI_NEPOSREDNO_RAZDELJIV;MEŠANI;B;GURS: tržen posel – neustrezni podatki;2;3;5;Kmetijski objekt | Stanovanjska hiša;KMETIJSKI_OBJEKT | STANOVANJSKA_HISA;Zemljišče na katerem je mogoče graditi stavbo in ima gradbeno dovoljenje | Zemljišče, na katerem je ali bo mogoče graditi stavbo in je delno komunalno opremljeno ali komunalno neopremljeno | Zemljišče, na katerem je cesta ali parkirišče;INFRASTRUKTURA | STAVBNO;BREZOVICA;1724;BREZOVICA PRI LJUBLJANI;BORŠTNARJEVA POT 1;253/2 | 253/3 | 253/8;72/1 | 73/1;1/1;1/1;1;92.0;92.0;77.8;1692.0;;;1941;1960;455063.3;98648.292;0;0;;ETN_008_2024_KPP_2024_POSLI_20260724.csv
815246;2023-11-22;2023;2024-03-15;2024;15000.0;1;Prodaja nepremičnin na prostem trgu;2;Tržen posel – neustrezni podatki;Osnovna pogodba;Ne;;MEŠANO/DRUGO ZEMLJIŠČE;NI_NEPOSREDNO_RAZDELJIV;MEŠANI;B;GURS: tržen posel – neustrezni podatki;0;5;5;;;Zemljišče za gozdno rabo (gozd) | Zemljišče za kmetijsko rabo (njiva, travnik, pašnik);GOZDNO | KMETIJSKO;BREZOVICA;1724;;;2929/6 | 2929/7 | 2935/5 | 2935/6 | 2989/4;;;1/1;1;;;;5086.0;;;;;452932.69000000006;95743.068;0;0;;ETN_008_2024_KPP_2024_POSLI_20260724.csv
815248;2023-11-22;2023;2024-03-15;2024;27000.0;1;Prodaja nepremičnin na prostem trgu;2;Tržen posel – neustrezni podatki;Osnovna pogodba;Ne;;MEŠANO/DRUGO ZEMLJIŠČE;NI_NEPOSREDNO_RAZDELJIV;MEŠANI;B;GURS: tržen posel – neustrezni podatki;0;5;5;;;Zemljišče za gozdno rabo (gozd) | Zemljišče za kmetijsko rabo (njiva, travnik, pašnik);GOZDNO | KMETIJSKO;BREZOVICA;1724;;;2935/1 | 2935/2 | 2935/4 | 2937/5 | 2937/6;;;1/1;1;;;;1409.0;;;;;452894.68200000003;95733.51;0;0;;ETN_008_2024_KPP_2024_POSLI_20260724.csv
815249;2023-11-22;2023;2024-03-15;2024;135.0;1;Prodaja nepremičnin na prostem trgu;2;Tržen posel – neustrezni podatki;Osnovna pogodba;Ne;;KMETIJSKO ZEMLJIŠČE;KMETIJSKO_ZEMLJISCE_CISTO;ENOSESTAVINSKI;B;GURS: tržen posel – neustrezni podatki;0;1;1;;;Zemljišče za kmetijsko rabo (njiva, travnik, pašnik);KMETIJSKO;BREZOVICA;1724;;;2935/8;;;1/1;1;;;;9.0;9.0;15.0;;;452935.52;95720.39;0;0;;ETN_008_2024_KPP_2024_POSLI_20260724.csv
815250;2023-10-12;2023;2024-03-15;2024;13000.0;1;Prodaja nepremičnin na prostem trgu;2;Tržen posel – neustrezni podatki;Osnovna pogodba;Ne;;KMETIJSKO ZEMLJIŠČE;KMETIJSKO_ZEMLJISCE_CISTO;VEČSESTAVINSKI ISTOVRSTEN;B;GURS: tržen posel – neustrezni podatki;0;3;3;;;Zemljišče za kmetijsko rabo (njiva, travnik, pašnik);KMETIJSKO;BREZOVICA;1724;;;2929/5 | 2936/10 | 2936/11;;;1/1;1;;;;889.0;889.0;14.623172103487065;;;452905.0366666667;95703.89666666667;0;0;;ETN_008_2024_KPP_2024_POSLI_20260724.csv
815575;2024-01-12;2024;2024-03-15;2024;209817.5;1;Prodaja nepremičnin na prostem trgu;4;Neopredeljen posel;Osnovna pogodba;Ne;;STAVBNO ZEMLJIŠČE;NI_NEPOSREDNO_RAZDELJIV;VEČSESTAVINSKI ISTOVRSTEN;C;GURS tržnost: Neopredeljen posel;0;2;2;;;Zemljišče, na katerem je ali bo mogoče graditi stavbo in je delno komunalno opremljeno ali komunalno neopremljeno;STAVBNO;BREZOVICA;1724;;;607/110 | 607/114;;;1/1 | 1/4;0;;;;912.25;;;;;454565.445;97911.89499999999;0;0;;ETN_008_2024_KPP_2024_POSLI_20260724.csv
817109;2024-02-22;2024;2024-04-15;2024;240000.0;1;Prodaja nepremičnin na prostem trgu;2;Tržen posel – neustrezni podatki;Osnovna pogodba;Ne;;STANOVANJE Z DODATKI/ZEMLJIŠČEM;NI_NEPOSREDNO_RAZDELJIV;MEŠANI;B;GURS: tržen posel – neustrezni podatki;1;2;3;Stanovanje;STANOVANJE;Zemljišče pod stavbo ali drugo stavbi ali delu stavbe pripadajoče zemljišče (zemljišče pod stavbo, dvorišče, dovozna pot, vrt, zelenica, stanovanjski atrij in podobno) | Zemljišče, na katerem je cesta ali parkirišče;INFRASTRUKTURA | PRIPADAJOCE;BREZOVICA;1724;BREZOVICA PRI LJUBLJANI;KAPALNIŠKA POT 5 a;298/13 | 298/26;3633/2;1/1;1/1 | 2/18;0;86.1;86.1;66.3;45.44444444444444;;;2005;2005;455636.69;98680.65666666666;0;0;;ETN_008_2024_KPP_2024_POSLI_20260724.csv
817416;2024-02-09;2024;2024-04-15;2024;300000.0;1;Prodaja nepremičnin na prostem trgu;2;Tržen posel – neustrezni podatki;Osnovna pogodba;Ne;;HIŠA S PRIPADAJOČIM ZEMLJIŠČEM;HISA_CELI_POSEL;MEŠANI;B;GURS: tržen posel – neustrezni podatki;2;2;4;Garaža | Stanovanjska hiša;PARKIRANJE | STANOVANJSKA_HISA;Zemljišče pod stavbo ali drugo stavbi ali delu stavbe pripadajoče zemljišče (zemljišče pod stavbo, dvorišče, dovozna pot, vrt, zelenica, stanovanjski atrij in podobno);PRIPADAJOCE;RAKITNA;1652;RAKITNA;463;1303/13 | 1303/23;678/1 | 843/1;1/1;1/1;1;206.9;206.9;122.2;943.0;;;1975;1975;456570.925;82525.59;0;0;;ETN_008_2024_KPP_2024_POSLI_20260724.csv
817536;2024-02-28;2024;2024-04-15;2024;49700.0;1;Prodaja nepremičnin na prostem trgu;3;Drug posel;Osnovna pogodba;Ne;;STANOVANJE Z DODATKI/ZEMLJIŠČEM;NI_NEPOSREDNO_RAZDELJIV;MEŠANI;C;GURS tržnost: Drug posel;2;5;7;Kmetijski objekt | Stanovanje;KMETIJSKI_OBJEKT | STANOVANJE;Zemljišče pod stavbo ali drugo stavbi ali delu stavbe pripadajoče zemljišče (zemljišče pod stavbo, dvorišče, dovozna pot, vrt, zelenica, stanovanjski atrij in podobno);PRIPADAJOCE;KAMNIK;1704;KAMNIK POD KRIMOM;2 a | 2 b;3394/44 | 3394/45 | 3394/46 | 3394/47 | 3394/48;881/7 | 882/11;1/1;63/1000;0;34.4;34.4;32.300000000000004;68.796;;;1972;1985;453226.8657142857;91844.72714285714;0;0;;ETN_008_2024_KPP_2024_POSLI_20260724.csv
817589;2024-02-28;2024;2024-04-15;2024;397000.0;1;Prodaja nepremičnin na prostem trgu;2;Tržen posel – neustrezni podatki;Osnovna pogodba;Ne;;HIŠA S PRIPADAJOČIM ZEMLJIŠČEM;HISA_CELI_POSEL;MEŠANI;B;GURS: tržen posel – neustrezni podatki;1;3;4;Stanovanjska hiša;STANOVANJSKA_HISA;Zemljišče pod stavbo ali drugo stavbi ali delu stavbe pripadajoče zemljišče (zemljišče pod stavbo, dvorišče, dovozna pot, vrt, zelenica, stanovanjski atrij in podobno) | Zemljišče, na katerem je cesta ali parkirišče;INFRASTRUKTURA | PRIPADAJOCE;JEZERO;1703;JEZERO;197;362/150 | 362/160 | 362/161;668/1;1/1;1/1 | 1/12;0;143.7;143.7;115.2;234.83333333333334;;;2010;2010;455096.1575;93075.2425;0;0;;ETN_008_2024_KPP_2024_POSLI_20260724.csv
817678;2024-02-28;2024;2024-04-15;2024;250000.0;1;Prodaja nepremičnin na prostem trgu;4;Neopredeljen posel;Osnovna pogodba;Ne;;HIŠA S PRIPADAJOČIM ZEMLJIŠČEM;HISA_CELI_POSEL;MEŠANI;C;GURS tržnost: Neopredeljen posel;1;2;3;Stanovanjska hiša;STANOVANJSKA_HISA;Zemljišče pod stavbo ali drugo stavbi ali delu stavbe pripadajoče zemljišče (zemljišče pod stavbo, dvorišče, dovozna pot, vrt, zelenica, stanovanjski atrij in podobno);PRIPADAJOCE;KAMNIK;1704;KAMNIK POD KRIMOM;3 e;877/14 | 877/15;830/1;1/1;1/1;1;169.9;169.9;141.1;375.0;;;2000;2000;453251.14666666667;91838.91333333333;0;0;;ETN_008_2024_KPP_2024_POSLI_20260724.csv
817699;2024-03-05;2024;2025-04-16;2025;12000.0;1;Prodaja nepremičnin na prostem trgu;5;V preverjanju;Osnovna pogodba;Ne;;MEŠANI POSEL – STAVBA IN ZEMLJIŠČE;NI_NEPOSREDNO_RAZDELJIV;MEŠANI;C;GURS tržnost: V preverjanju;1;2;3;Drugo;POMOZNA_DRUGO;Zemljišče pod stavbo ali drugo stavbi ali delu stavbe pripadajoče zemljišče (zemljišče pod stavbo, dvorišče, dovozna pot, vrt, zelenica, stanovanjski atrij in podobno);PRIPADAJOCE;RAKITNA;1652;RAKITNA;61;*5/2 | 123/1;342/2;1/1;1/1;1;34.0;34.0;34.0;615.0;;;1800;1800;456600.48333333334;83626.38666666667;0;0;;ETN_008_2025_KPP_2025_POSLI_20260724.csv
818000;2024-02-29;2024;2024-04-15;2024;477000.0;1;Prodaja nepremičnin na prostem trgu;2;Tržen posel – neustrezni podatki;Osnovna pogodba;Ne;;HIŠA S PRIPADAJOČIM ZEMLJIŠČEM;HISA_CELI_POSEL;MEŠANI;B;GURS: tržen posel – neustrezni podatki;1;5;6;Stanovanjska hiša;STANOVANJSKA_HISA;Zemljišče na katerem je mogoče graditi stavbo in ima gradbeno dovoljenje | Zemljišče pod stavbo ali drugo stavbi ali delu stavbe pripadajoče zemljišče (zemljišče pod stavbo, dvorišče, dovozna pot, vrt, zelenica, stanovanjski atrij in podobno);PRIPADAJOCE | STAVBNO;BREZOVICA;1724;BREZOVICA PRI LJUBLJANI;CESTA NA POSTAJO 29 g;369/233 | 369/234 | 369/242 | 369/250 | 369/251;4124/1;1/1;1/1 | 1/15;0;110.7;110.7;88.9;396.93333333333334;;;2008;2008;455140.70166666666;98177.81666666667;0;0;;ETN_008_2024_KPP_2024_POSLI_20260724.csv
818119;2024-03-08;2024;2024-04-15;2024;120000.0;1;Prodaja nepremičnin na prostem trgu;4;Neopredeljen posel;Osnovna pogodba;Ne;;MEŠANI POSEL – STAVBA IN ZEMLJIŠČE;NI_NEPOSREDNO_RAZDELJIV;MEŠANI;C;GURS tržnost: Neopredeljen posel;3;1;4;Garaža | Tehnični ali pomožni prostori;PARKIRANJE | POMOZNA_DRUGO;Zemljišče pod stavbo ali drugo stavbi ali delu stavbe pripadajoče zemljišče (zemljišče pod stavbo, dvorišče, dovozna pot, vrt, zelenica, stanovanjski atrij in podobno);PRIPADAJOCE;BREZOVICA;1724;;;340/4;606/1 | 606/2 | 607/1;1/1;1/1;1;126.1;126.1;126.1;559.0;;;1980;1995;455578.94999999995;98299.025;0;0;;ETN_008_2024_KPP_2024_POSLI_20260724.csv
818398;2024-03-12;2024;2024-04-16;2024;83000.0;1;Prodaja nepremičnin na prostem trgu;2;Tržen posel – neustrezni podatki;Osnovna pogodba;Ne;;STAVBNO ZEMLJIŠČE;NI_NEPOSREDNO_RAZDELJIV;VEČSESTAVINSKI ISTOVRSTEN;B;GURS: tržen posel – neustrezni podatki;0;5;5;;;Zemljišče, na katerem je ali bo mogoče graditi stavbo in je delno komunalno opremljeno ali komunalno neopremljeno;STAVBNO;JEZERO;1703;;;362/104 | 362/123 | 362/124 | 362/130 | 362/98;;;1/1 | 1/6;0;;;;721.0;;;;;455051.262;93177.734;0;0;;ETN_008_2024_KPP_2024_POSLI_20260724.csv
818638;2024-03-13;2024;2025-04-15;2025;315000.0;1;Prodaja nepremičnin na prostem trgu;5;V preverjanju;Osnovna pogodba;Ne;;HIŠA S PRIPADAJOČIM ZEMLJIŠČEM;NI_NEPOSREDNO_RAZDELJIV;MEŠANI;C;GURS tržnost: V preverjanju;4;4;8;Kmetijski objekt | Stanovanjska hiša | Tehnični ali pomožni prostori;KMETIJSKI_OBJEKT | POMOZNA_DRUGO | STANOVANJSKA_HISA;Zemljišče pod stavbo ali drugo stavbi ali delu stavbe pripadajoče zemljišče (zemljišče pod stavbo, dvorišče, dovozna pot, vrt, zelenica, stanovanjski atrij in podobno) | Zemljišče, na katerem je ali bo mogoče graditi stavbo in je delno komunalno opremljeno ali komunalno neopremljeno;PRIPADAJOCE | STAVBNO;RAKITNA;1652;RAKITNA;18;903/3 | 903/4 | 903/5 | 903/7;93/1 | 94/1 | 95/1 | 96/1;1/1;1/1;1;503.5;503.5;423.0;3137.0;;;1898;1966;455648.805;83836.34;0;0;;ETN_008_2025_KPP_2025_POSLI_20260724.csv
819615;2024-03-19;2024;2024-05-15;2024;105000.0;1;Prodaja nepremičnin na prostem trgu;4;Neopredeljen posel;Osnovna pogodba;Ne;;MEŠANI DELI STAVBE;NI_NEPOSREDNO_RAZDELJIV;MEŠANI;C;GURS tržnost: Neopredeljen posel;2;0;2;Stanovanje | Tehnični ali pomožni prostori;POMOZNA_DRUGO | STANOVANJE;;;BREZOVICA;1724;BREZOVICA PRI LJUBLJANI;STAROVAŠKA CESTA 15;;1612/6 | 1612/8;1/1 | 1/2;;0;71.7;61.2;54.5;;;;1853;1853;454066.17;98441.6;0;0;;ETN_008_2024_KPP_2024_POSLI_20260724.csv
819854;2024-03-28;2024;2024-05-15;2024;120000.0;1;Prodaja nepremičnin na prostem trgu;2;Tržen posel – neustrezni podatki;Osnovna pogodba;Ne;;HIŠA S PRIPADAJOČIM ZEMLJIŠČEM;HISA_CELI_POSEL;MEŠANI;B;GURS: tržen posel – neustrezni podatki;1;1;2;Stanovanjska hiša;STANOVANJSKA_HISA;Zemljišče pod stavbo ali drugo stavbi ali delu stavbe pripadajoče zemljišče (zemljišče pod stavbo, dvorišče, dovozna pot, vrt, zelenica, stanovanjski atrij in podobno);PRIPADAJOCE;RAKITNA;1652;RAKITNA;262;1208/82;204/1;1/1;1/1;1;78.0;78.0;34.4;318.0;;;1961;1961;455821.67500000005;83246.515;0;0;;ETN_008_2024_KPP_2024_POSLI_20260724.csv
819988;2024-03-21;2024;2024-05-15;2024;39000.0;1;Prodaja nepremičnin na prostem trgu;2;Tržen posel – neustrezni podatki;Osnovna pogodba;Ne;;STAVBNO ZEMLJIŠČE;STAVBNO_ZEMLJISCE_CISTO;ENOSESTAVINSKI;B;GURS: tržen posel – neustrezni podatki;0;1;1;;;Zemljišče, na katerem je ali bo mogoče graditi stavbo in je delno komunalno opremljeno ali komunalno neopremljeno;STAVBNO;RAKITNA;1652;;;1209/10;;;1/1;1;;;;543.0;543.0;71.8232044198895;;;455635.05;82992.97;0;0;;ETN_008_2024_KPP_2024_POSLI_20260724.csv
819996;2024-03-27;2024;2024-05-15;2024;235000.0;1;Prodaja nepremičnin na prostem trgu;4;Neopredeljen posel;Osnovna pogodba;Ne;;STAVBNO ZEMLJIŠČE;STAVBNO_ZEMLJISCE_CISTO;VEČSESTAVINSKI ISTOVRSTEN;C;GURS tržnost: Neopredeljen posel;0;2;2;;;Zemljišče na katerem je mogoče graditi stavbo in ima gradbeno dovoljenje;STAVBNO;BREZOVICA;1724;;;949/8 | 949/9;;;1/1;1;;;;304.0;304.0;773.0263157894736;;;453777.025;95762.685;0;0;;ETN_008_2024_KPP_2024_POSLI_20260724.csv
820157;2024-04-03;2024;2024-05-15;2024;96666.67;1;Prodaja nepremičnin na prostem trgu;3;Drug posel;Osnovna pogodba;Ne;;HIŠA S PRIPADAJOČIM ZEMLJIŠČEM;HISA_CELI_POSEL;MEŠANI;C;GURS tržnost: Drug posel;1;1;2;Stanovanjska hiša;STANOVANJSKA_HISA;Zemljišče pod stavbo ali drugo stavbi ali delu stavbe pripadajoče zemljišče (zemljišče pod stavbo, dvorišče, dovozna pot, vrt, zelenica, stanovanjski atrij in podobno);PRIPADAJOCE;RAKITNA;1652;RAKITNA;110 e;1208/166;901/1;1/3;1/3;0;110.7;36.9;27.566666666666666;212.0;;;2011;2011;455919.785;83588.965;0;0;;ETN_008_2024_KPP_2024_POSLI_20260724.csv
820416;2024-04-04;2024;2024-05-15;2024;87300.0;1;Prodaja nepremičnin na prostem trgu;2;Tržen posel – neustrezni podatki;Osnovna pogodba;Ne;;MEŠANI POSEL – STAVBA IN ZEMLJIŠČE;NI_NEPOSREDNO_RAZDELJIV;MEŠANI;B;GURS: tržen posel – neustrezni podatki;1;2;3;Kmetijski objekt;KMETIJSKI_OBJEKT;Zemljišče, na katerem je ali bo mogoče graditi stavbo in je delno komunalno opremljeno ali komunalno neopremljeno;STAVBNO;KAMNIK;1704;;;1394/2 | 1394/5;284/1;1/1;1/1;1;40.9;40.9;40.9;544.0;;;1987;1987;451838.58;90425.98;0;0;;ETN_008_2024_KPP_2024_POSLI_20260724.csv
820855;2024-04-15;2024;2024-05-16;2024;203000.0;1;Prodaja nepremičnin na prostem trgu;2;Tržen posel – neustrezni podatki;Osnovna pogodba;Ne;;HIŠA S PRIPADAJOČIM ZEMLJIŠČEM;HISA_CELI_POSEL;MEŠANI;B;GURS: tržen posel – neustrezni podatki;1;1;2;Stanovanjska hiša;STANOVANJSKA_HISA;Zemljišče pod stavbo ali drugo stavbi ali delu stavbe pripadajoče zemljišče (zemljišče pod stavbo, dvorišče, dovozna pot, vrt, zelenica, stanovanjski atrij in podobno);PRIPADAJOCE;RAKITNA;1652;RAKITNA;259 a;1208/84;856/1;1/1;1/1;1;97.5;158.8;83.9;200.0;;;2003;2003;455784.395;83225.6;0;0;;ETN_008_2024_KPP_2024_POSLI_20260724.csv
822499;2024-05-03;2024;2024-06-17;2024;44000.0;1;Prodaja nepremičnin na prostem trgu;2;Tržen posel – neustrezni podatki;Osnovna pogodba;Ne;;MEŠANO/DRUGO ZEMLJIŠČE;NI_NEPOSREDNO_RAZDELJIV;ENOSESTAVINSKI;B;GURS: tržen posel – neustrezni podatki;0;1;1;;;Zemljišče, na katerem je cesta ali parkirišče;INFRASTRUKTURA;BREZOVICA;1724;;;738/6;;;1/1;1;;;;414.0;;;;;454481.21;96997.44;0;0;;ETN_008_2024_KPP_2024_POSLI_20260724.csv
822563;2024-04-27;2024;2024-06-17;2024;250000.0;1;Prodaja nepremičnin na prostem trgu;3;Drug posel;Osnovna pogodba;Ne;;HIŠA S PRIPADAJOČIM ZEMLJIŠČEM;HISA_CELI_POSEL;MEŠANI;C;GURS tržnost: Drug posel;1;1;2;Stanovanjska hiša;STANOVANJSKA_HISA;Zemljišče pod stavbo ali drugo stavbi ali delu stavbe pripadajoče zemljišče (zemljišče pod stavbo, dvorišče, dovozna pot, vrt, zelenica, stanovanjski atrij in podobno);PRIPADAJOCE;RAKITNA;1652;RAKITNA;324;1293/8;840/1;1/1;1/1;1;292.4;292.4;119.8;1441.0;;;2009;2009;456228.42000000004;82676.42499999999;0;0;;ETN_008_2024_KPP_2024_POSLI_20260724.csv
822781;2024-04-15;2024;2024-06-17;2024;430000.0;1;Prodaja nepremičnin na prostem trgu;2;Tržen posel – neustrezni podatki;Osnovna pogodba;Ne;;HIŠA S PRIPADAJOČIM ZEMLJIŠČEM;NI_NEPOSREDNO_RAZDELJIV;MEŠANI;B;GURS: tržen posel – neustrezni podatki;2;1;3;Kmetijski objekt | Stanovanjska hiša;KMETIJSKI_OBJEKT | STANOVANJSKA_HISA;Zemljišče pod stavbo ali drugo stavbi ali delu stavbe pripadajoče zemljišče (zemljišče pod stavbo, dvorišče, dovozna pot, vrt, zelenica, stanovanjski atrij in podobno);PRIPADAJOCE;KAMNIK;1704;GORIČICA POD KRIMOM;9 g;1348/2;860/1 | 960/1;1/1;1/1;1;207.2;207.2;185.9;894.0;;;2007;2018;452101.45;90132.22000000002;0;0;;ETN_008_2024_KPP_2024_POSLI_20260724.csv
822851;2023-07-25;2023;2024-06-17;2024;9990.0;1;Prodaja nepremičnin na prostem trgu;2;Tržen posel – neustrezni podatki;Osnovna pogodba;Ne;;KMETIJSKO ZEMLJIŠČE;KMETIJSKO_ZEMLJISCE_CISTO;ENOSESTAVINSKI;B;GURS: tržen posel – neustrezni podatki;0;1;1;;;Zemljišče za kmetijsko rabo (njiva, travnik, pašnik);KMETIJSKO;RAKITNA;1652;;;723/2;;;1/1;1;;;;999.0;999.0;10.0;;;457053.22;83370.71;0;0;;ETN_008_2024_KPP_2024_POSLI_20260724.csv
823314;2024-04-08;2024;2024-06-17;2024;4600.0;1;Prodaja nepremičnin na prostem trgu;2;Tržen posel – neustrezni podatki;Osnovna pogodba;Ne;;PRIPADAJOČE ZEMLJIŠČE;NI_NEPOSREDNO_RAZDELJIV;ENOSESTAVINSKI;B;GURS: tržen posel – neustrezni podatki;0;1;1;;;Zemljišče pod stavbo ali drugo stavbi ali delu stavbe pripadajoče zemljišče (zemljišče pod stavbo, dvorišče, dovozna pot, vrt, zelenica, stanovanjski atrij in podobno);PRIPADAJOCE;RAKITNA;1652;;;1687/4;;;1/1;1;;;;230.0;;;;;456344.9;83668.72;0;0;;ETN_008_2024_KPP_2024_POSLI_20260724.csv
823628;2024-05-21;2024;2024-06-18;2024;49000.0;1;Prodaja nepremičnin na prostem trgu;3;Drug posel;Osnovna pogodba;Ne;;MEŠANI DELI STAVBE;NI_NEPOSREDNO_RAZDELJIV;MEŠANI;C;GURS tržnost: Drug posel;2;0;2;Stanovanje | Tehnični ali pomožni prostori;POMOZNA_DRUGO | STANOVANJE;;;KAMNIK;1704;KAMNIK POD KRIMOM;109;;130/3 | 130/6;1/1;;1;60.8;60.8;58.4;;;;1962;1962;453483.74;91920.22;0;0;;ETN_008_2024_KPP_2024_POSLI_20260724.csv
823772;2024-02-16;2024;2024-06-18;2024;70000.0;1;Prodaja nepremičnin na prostem trgu;2;Tržen posel – neustrezni podatki;Osnovna pogodba;Ne;;MEŠANI POSEL – STAVBA IN ZEMLJIŠČE;NI_NEPOSREDNO_RAZDELJIV;MEŠANI;B;GURS: tržen posel – neustrezni podatki;1;1;2;Drugo;POMOZNA_DRUGO;Zemljišče pod stavbo ali drugo stavbi ali delu stavbe pripadajoče zemljišče (zemljišče pod stavbo, dvorišče, dovozna pot, vrt, zelenica, stanovanjski atrij in podobno);PRIPADAJOCE;JEZERO;1703;JEZERO;60;24/3;85/1;1/1;1/1;1;143.2;143.2;0.0;674.0;;;1850;1850;456255.92000000004;92352.795;0;0;;ETN_008_2024_KPP_2024_POSLI_20260724.csv
824027;2019-10-10;2019;2024-06-26;2024;73932.0;1;Prodaja nepremičnin na prostem trgu;2;Tržen posel – neustrezni podatki;Osnovna pogodba;Da;22,0%;POSLOVNA/DRUGA STAVBA;NI_NEPOSREDNO_RAZDELJIV;ENOSESTAVINSKI;B;GURS: tržen posel – neustrezni podatki;1;0;1;Prostori za poslovanje s strankami;POSLOVNA_DRUGA;;;BREZOVICA;1724;BREZOVICA PRI LJUBLJANI;PODPEŠKA CESTA 14;;4662/1;1/1;;1;30.3;30.3;30.3;;;;2019;2019;454789.0;98154.0;0;0;;ETN_008_2024_KPP_2024_POSLI_20260724.csv
824028;2023-05-13;2023;2024-06-26;2024;360580.0;1;Prodaja nepremičnin na prostem trgu;1;Tržen posel;Osnovna pogodba;Da;22,0%;POSLOVNA/DRUGA STAVBA;NI_NEPOSREDNO_RAZDELJIV;ENOSESTAVINSKI;B;skupne cene ni mogoče neposredno razdeliti;1;0;1;Trgovski ali storitveni lokal;POSLOVNA_DRUGA;;;BREZOVICA;1724;BREZOVICA PRI LJUBLJANI;PODPEŠKA CESTA 14;;4662/5;1/1;;1;163.9;163.9;136.9;;;;2019;2019;454789.0;98154.0;0;0;;ETN_008_2024_KPP_2024_POSLI_20260724.csv
824031;2020-01-06;2020;2024-06-26;2024;137908.8;1;Prodaja nepremičnin na prostem trgu;2;Tržen posel – neustrezni podatki;Osnovna pogodba;Da;22,0%;POSLOVNA/DRUGA STAVBA;NI_NEPOSREDNO_RAZDELJIV;ENOSESTAVINSKI;B;GURS: tržen posel – neustrezni podatki;1;0;1;Pisarniški prostori;POSLOVNA_DRUGA;;;BREZOVICA;1724;BREZOVICA PRI LJUBLJANI;PODPEŠKA CESTA 14;;4662/17;1/1;;1;62.8;62.8;62.8;;;;2019;2019;454789.0;98154.0;0;0;;ETN_008_2024_KPP_2024_POSLI_20260724.csv
824032;2020-01-06;2020;2024-06-26;2024;73017.0;1;Prodaja nepremičnin na prostem trgu;1;Tržen posel;Osnovna pogodba;Da;22,0%;POSLOVNA/DRUGA STAVBA;NI_NEPOSREDNO_RAZDELJIV;ENOSESTAVINSKI;B;skupne cene ni mogoče neposredno razdeliti;1;0;1;Trgovski ali storitveni lokal;POSLOVNA_DRUGA;;;BREZOVICA;1724;BREZOVICA PRI LJUBLJANI;PODPEŠKA CESTA 14;;4662/6;1/1;;1;28.5;28.5;28.5;;;;2019;2019;454789.0;98154.0;0;0;;ETN_008_2024_KPP_2024_POSLI_20260724.csv
824034;2020-01-06;2020;2024-06-26;2024;126819.0;1;Prodaja nepremičnin na prostem trgu;2;Tržen posel – neustrezni podatki;Osnovna pogodba;Da;22,0%;POSLOVNA/DRUGA STAVBA;NI_NEPOSREDNO_RAZDELJIV;ENOSESTAVINSKI;B;GURS: tržen posel – neustrezni podatki;1;0;1;Prostori za zdravstveno dejavnost;POSLOVNA_DRUGA;;;BREZOVICA;1724;BREZOVICA PRI LJUBLJANI;PODPEŠKA CESTA 14;;4662/9;1/1;;1;49.5;49.5;49.5;;;;2019;2019;454789.0;98154.0;0;0;;ETN_008_2024_KPP_2024_POSLI_20260724.csv
824035;2020-01-06;2020;2024-06-26;2024;104383.2;1;Prodaja nepremičnin na prostem trgu;2;Tržen posel – neustrezni podatki;Osnovna pogodba;Da;22,0%;POSLOVNA/DRUGA STAVBA;NI_NEPOSREDNO_RAZDELJIV;ENOSESTAVINSKI;B;GURS: tržen posel – neustrezni podatki;1;0;1;Prostori za poslovanje s strankami;POSLOVNA_DRUGA;;;BREZOVICA;1724;BREZOVICA PRI LJUBLJANI;PODPEŠKA CESTA 14;;4662/10;1/1;;1;55.2;55.2;55.2;;;;2019;2019;454789.0;98154.0;0;0;;ETN_008_2024_KPP_2024_POSLI_20260724.csv
824036;2021-05-28;2021;2024-06-26;2024;1645954.46;1;Prodaja nepremičnin na prostem trgu;2;Tržen posel – neustrezni podatki;Osnovna pogodba;Da;22,0%;MEŠANI DELI STAVBE;NI_NEPOSREDNO_RAZDELJIV;MEŠANI;B;GURS: tržen posel – neustrezni podatki;3;0;3;Drugo | Pisarniški prostori | Prostori za poslovanje s strankami;POMOZNA_DRUGO | POSLOVNA_DRUGA;;;BREZOVICA;1724;BREZOVICA PRI LJUBLJANI;PODPEŠKA CESTA 14;;4662/11 | 4662/12 | 4662/16;1/1;;1;767.5;767.5;648.3;;;;2019;2019;454789.0;98154.0;0;0;;ETN_008_2024_KPP_2024_POSLI_20260724.csv
824038;2019-12-26;2019;2024-06-26;2024;1256724.93;1;Prodaja nepremičnin na prostem trgu;1;Tržen posel;Osnovna pogodba;Da;22,0%;MEŠANI DELI STAVBE;NI_NEPOSREDNO_RAZDELJIV;MEŠANI;B;skupne cene ni mogoče neposredno razdeliti;4;0;4;Tehnični ali pomožni prostori | Trgovski ali storitveni lokal | Turistični nastanitveni objekt;POMOZNA_DRUGO | POSLOVNA_DRUGA;;;BREZOVICA;1724;BREZOVICA PRI LJUBLJANI;PODPEŠKA CESTA 14;;4662/14 | 4662/15 | 4662/25 | 4662/26;1/1;;1;743.7;743.7;711.5;;;;2019;2019;454789.0;98154.0;0;0;;ETN_008_2024_KPP_2024_POSLI_20260724.csv
824039;2020-01-06;2020;2024-06-26;2024;68954.4;1;Prodaja nepremičnin na prostem trgu;1;Tržen posel;Osnovna pogodba;Da;22,0%;POSLOVNA/DRUGA STAVBA;NI_NEPOSREDNO_RAZDELJIV;ENOSESTAVINSKI;B;skupne cene ni mogoče neposredno razdeliti;1;0;1;Trgovski ali storitveni lokal;POSLOVNA_DRUGA;;;BREZOVICA;1724;BREZOVICA PRI LJUBLJANI;PODPEŠKA CESTA 14;;4662/19;1/1;;1;31.4;31.4;31.4;;;;2019;2019;454789.0;98154.0;0;0;;ETN_008_2024_KPP_2024_POSLI_20260724.csv
824040;2020-06-23;2020;2024-06-26;2024;144222.3;1;Prodaja nepremičnin na prostem trgu;2;Tržen posel – neustrezni podatki;Osnovna pogodba;Da;22,0%;POSLOVNA/DRUGA STAVBA;NI_NEPOSREDNO_RAZDELJIV;ENOSESTAVINSKI;B;GURS: tržen posel – neustrezni podatki;1;0;1;Prostori za poslovanje s strankami;POSLOVNA_DRUGA;;;BREZOVICA;1724;BREZOVICA PRI LJUBLJANI;PODPEŠKA CESTA 14;;4662/20;1/1;;1;63.9;63.9;63.9;;;;2019;2019;454789.0;98154.0;0;0;;ETN_008_2024_KPP_2024_POSLI_20260724.csv
824041;2020-01-08;2020;2024-06-26;2024;194455.8;1;Prodaja nepremičnin na prostem trgu;2;Tržen posel – neustrezni podatki;Osnovna pogodba;Da;22,0%;POSLOVNA/DRUGA STAVBA;NI_NEPOSREDNO_RAZDELJIV;ENOSESTAVINSKI;B;GURS: tržen posel – neustrezni podatki;1;0;1;Prostori za poslovanje s strankami;POSLOVNA_DRUGA;;;BREZOVICA;1724;BREZOVICA PRI LJUBLJANI;PODPEŠKA CESTA 14;;4662/21;1/1;;1;75.9;75.9;75.9;;;;2019;2019;454789.0;98154.0;0;0;;ETN_008_2024_KPP_2024_POSLI_20260724.csv
824042;2020-07-29;2020;2024-06-26;2024;390038.88;1;Prodaja nepremičnin na prostem trgu;2;Tržen posel – neustrezni podatki;Osnovna pogodba;Da;22,0%;POSLOVNA/DRUGA STAVBA;NI_NEPOSREDNO_RAZDELJIV;ENOSESTAVINSKI;B;GURS: tržen posel – neustrezni podatki;1;0;1;Prostori za poslovanje s strankami;POSLOVNA_DRUGA;;;BREZOVICA;1724;BREZOVICA PRI LJUBLJANI;PODPEŠKA CESTA 14;;4662/22;1/1;;1;190.3;190.3;190.3;;;;2019;2019;454789.0;98154.0;0;0;;ETN_008_2024_KPP_2024_POSLI_20260724.csv
824043;2020-06-23;2020;2024-06-26;2024;89785.9;1;Prodaja nepremičnin na prostem trgu;2;Tržen posel – neustrezni podatki;Osnovna pogodba;Da;22,0%;POSLOVNA/DRUGA STAVBA;NI_NEPOSREDNO_RAZDELJIV;ENOSESTAVINSKI;B;GURS: tržen posel – neustrezni podatki;1;0;1;Prostori za poslovanje s strankami;POSLOVNA_DRUGA;;;BREZOVICA;1724;BREZOVICA PRI LJUBLJANI;PODPEŠKA CESTA 14;;4662/23;1/1;;1;35.9;35.9;35.9;;;;2019;2019;454789.0;98154.0;0;0;;ETN_008_2024_KPP_2024_POSLI_20260724.csv
824057;2023-09-04;2023;2024-06-27;2024;272005.1;1;Prodaja nepremičnin na prostem trgu;1;Tržen posel;Osnovna pogodba;Da;22,0%;POSLOVNA/DRUGA STAVBA;NI_NEPOSREDNO_RAZDELJIV;ENOSESTAVINSKI;B;skupne cene ni mogoče neposredno razdeliti;1;0;1;Gostinski lokal;POSLOVNA_DRUGA;;;BREZOVICA;1724;;;;4777/3;1/1;;1;103.7;103.7;103.7;;;;2023;2023;455433.48;98438.2;0;0;;ETN_008_2024_KPP_2024_POSLI_20260724.csv
824058;2023-09-07;2023;2024-06-27;2024;137372.0;1;Prodaja nepremičnin na prostem trgu;2;Tržen posel – neustrezni podatki;Osnovna pogodba;Da;22,0%;POSLOVNA/DRUGA STAVBA;NI_NEPOSREDNO_RAZDELJIV;ENOSESTAVINSKI;B;GURS: tržen posel – neustrezni podatki;1;0;1;Prostori za poslovanje s strankami;POSLOVNA_DRUGA;;;BREZOVICA;1724;;;;4777/4;1/1;;1;56.3;56.3;56.3;;;;2023;2023;455433.48;98438.2;0;0;;ETN_008_2024_KPP_2024_POSLI_20260724.csv
824059;2023-11-10;2023;2024-06-27;2024;308977.2;1;Prodaja nepremičnin na prostem trgu;1;Tržen posel;Osnovna pogodba;Da;22,0%;POSLOVNA/DRUGA STAVBA;NI_NEPOSREDNO_RAZDELJIV;ENOSESTAVINSKI;B;skupne cene ni mogoče neposredno razdeliti;1;0;1;Trgovski ali storitveni lokal;POSLOVNA_DRUGA;;;BREZOVICA;1724;;;;4777/5;1/1;;1;120.6;120.6;120.6;;;;2023;2023;455433.48;98438.2;0;0;;ETN_008_2024_KPP_2024_POSLI_20260724.csv
824060;2024-02-27;2024;2024-06-27;2024;522338.12;1;Prodaja nepremičnin na prostem trgu;1;Tržen posel;Osnovna pogodba;Da;22,0%;POSLOVNA/DRUGA STAVBA;NI_NEPOSREDNO_RAZDELJIV;ENOSESTAVINSKI;B;skupne cene ni mogoče neposredno razdeliti;1;0;1;Trgovski ali storitveni lokal;POSLOVNA_DRUGA;;;BREZOVICA;1724;;;;4777/6;1/1;;1;187.0;187.0;187.0;;;;2023;2023;455433.48;98438.2;0;0;;ETN_008_2024_KPP_2024_POSLI_20260724.csv
824061;2023-05-18;2023;2024-06-27;2024;1265140.0;1;Prodaja nepremičnin na prostem trgu;3;Drug posel;Osnovna pogodba;Da;22,0%;POSLOVNA/DRUGA STAVBA;NI_NEPOSREDNO_RAZDELJIV;VEČSESTAVINSKI ISTOVRSTEN;C;GURS tržnost: Drug posel;3;0;3;Prostori za zdravstveno dejavnost | Trgovski ali storitveni lokal;POSLOVNA_DRUGA;;;BREZOVICA;1724;BREZOVICA PRI LJUBLJANI;TRŽAŠKA CESTA 495;;4777/17 | 4777/7 | 4777/8;1/1;;1;488.7;499.5;488.7;;;;2023;2023;455433.48;98438.2;0;0;;ETN_008_2024_KPP_2024_POSLI_20260724.csv
824062;2023-09-25;2023;2024-06-27;2024;546456.3;1;Prodaja nepremičnin na prostem trgu;1;Tržen posel;Osnovna pogodba;Da;22,0%;POSLOVNA/DRUGA STAVBA;NI_NEPOSREDNO_RAZDELJIV;VEČSESTAVINSKI ISTOVRSTEN;B;skupne cene ni mogoče neposredno razdeliti;2;0;2;Prostori za poslovanje s strankami;POSLOVNA_DRUGA;;;BREZOVICA;1724;BREZOVICA PRI LJUBLJANI;TRŽAŠKA CESTA 495;;4777/11 | 4777/20;1/1;;1;229.7;229.7;229.7;;;;2023;2023;455433.48;98438.2;0;0;;ETN_008_2024_KPP_2024_POSLI_20260724.csv
824063;2023-11-03;2023;2024-06-27;2024;98756.56;1;Prodaja nepremičnin na prostem trgu;1;Tržen posel;Osnovna pogodba;Da;22,0%;POSLOVNA/DRUGA STAVBA;NI_NEPOSREDNO_RAZDELJIV;ENOSESTAVINSKI;B;skupne cene ni mogoče neposredno razdeliti;1;0;1;Prostori za poslovanje s strankami;POSLOVNA_DRUGA;;;BREZOVICA;1724;BREZOVICA PRI LJUBLJANI;TRŽAŠKA CESTA 495;;4777/13;1/1;;1;34.3;34.3;34.3;;;;2023;2023;455433.48;98438.2;0;0;;ETN_008_2024_KPP_2024_POSLI_20260724.csv
824064;2023-09-04;2023;2024-06-27;2024;97999.94;1;Prodaja nepremičnin na prostem trgu;1;Tržen posel;Osnovna pogodba;Da;22,0%;POSLOVNA/DRUGA STAVBA;NI_NEPOSREDNO_RAZDELJIV;ENOSESTAVINSKI;B;skupne cene ni mogoče neposredno razdeliti;1;0;1;Prostori za poslovanje s strankami;POSLOVNA_DRUGA;;;BREZOVICA;1724;BREZOVICA PRI LJUBLJANI;TRŽAŠKA CESTA 495;;4777/14;1/1;;1;31.0;31.0;31.0;;;;2023;2023;455433.48;98438.2;0;0;;ETN_008_2024_KPP_2024_POSLI_20260724.csv
824066;2023-09-04;2023;2024-06-27;2024;93116.5;1;Prodaja nepremičnin na prostem trgu;1;Tržen posel;Osnovna pogodba;Da;22,0%;POSLOVNA/DRUGA STAVBA;NI_NEPOSREDNO_RAZDELJIV;ENOSESTAVINSKI;B;skupne cene ni mogoče neposredno razdeliti;1;0;1;Prostori za poslovanje s strankami;POSLOVNA_DRUGA;;;BREZOVICA;1724;BREZOVICA PRI LJUBLJANI;TRŽAŠKA CESTA 495;;4777/15;1/1;;1;35.5;35.5;35.5;;;;2023;2023;455433.48;98438.2;0;0;;ETN_008_2024_KPP_2024_POSLI_20260724.csv
824067;2023-11-07;2023;2024-06-27;2024;180829.62;1;Prodaja nepremičnin na prostem trgu;1;Tržen posel;Osnovna pogodba;Da;22,0%;POSLOVNA/DRUGA STAVBA;NI_NEPOSREDNO_RAZDELJIV;ENOSESTAVINSKI;B;skupne cene ni mogoče neposredno razdeliti;1;0;1;Prostori za poslovanje s strankami;POSLOVNA_DRUGA;;;BREZOVICA;1724;BREZOVICA PRI LJUBLJANI;TRŽAŠKA CESTA 495;;4777/16;1/1;;1;76.6;76.6;76.6;;;;2023;2023;455433.48;98438.2;0;0;;ETN_008_2024_KPP_2024_POSLI_20260724.csv
824068;2023-09-20;2023;2024-06-27;2024;183610.0;1;Prodaja nepremičnin na prostem trgu;1;Tržen posel;Osnovna pogodba;Da;22,0%;POSLOVNA/DRUGA STAVBA;NI_NEPOSREDNO_RAZDELJIV;ENOSESTAVINSKI;B;skupne cene ni mogoče neposredno razdeliti;1;0;1;Prostori za poslovanje s strankami;POSLOVNA_DRUGA;;;BREZOVICA;1724;BREZOVICA PRI LJUBLJANI;TRŽAŠKA CESTA 495;;4777/18;1/1;;1;70.0;70.0;70.0;;;;2023;2023;455433.48;98438.2;0;0;;ETN_008_2024_KPP_2024_POSLI_20260724.csv
825271;2024-05-27;2024;2024-07-16;2024;156000.0;1;Prodaja nepremičnin na prostem trgu;1;Tržen posel;Osnovna pogodba;Ne;;STANOVANJE;STANOVANJE_CISTO;ENOSESTAVINSKI;A;brez zaznanih dodatnih težav;1;0;1;Stanovanje;STANOVANJE;;;PRESERJE;1705;PRESERJE;51;;426/2;1/1;;1;56.6;56.6;50.6;;50.6;3083.00395256917;1954;1954;454724.95;90712.06;0;0;;ETN_008_2024_KPP_2024_POSLI_20260724.csv
825649;2024-05-29;2024;2024-07-16;2024;4960.0;1;Prodaja nepremičnin na prostem trgu;2;Tržen posel – neustrezni podatki;Osnovna pogodba;Ne;;STAVBNO ZEMLJIŠČE;STAVBNO_ZEMLJISCE_CISTO;ENOSESTAVINSKI;B;GURS: tržen posel – neustrezni podatki;0;1;1;;;Zemljišče, na katerem je ali bo mogoče graditi stavbo in je delno komunalno opremljeno ali komunalno neopremljeno;STAVBNO;BREZOVICA;1724;;;3523/11;;;1/1;1;;;;124.0;124.0;40.0;;;453865.97;98598.46;0;0;;ETN_008_2024_KPP_2024_POSLI_20260724.csv
825665;2024-06-04;2024;2024-07-16;2024;777000.0;1;Prodaja nepremičnin na prostem trgu;2;Tržen posel – neustrezni podatki;Osnovna pogodba;Ne;;HIŠA S PRIPADAJOČIM ZEMLJIŠČEM;HISA_CELI_POSEL;MEŠANI;B;GURS: tržen posel – neustrezni podatki;1;2;3;Stanovanjska hiša;STANOVANJSKA_HISA;Zemljišče pod stavbo ali drugo stavbi ali delu stavbe pripadajoče zemljišče (zemljišče pod stavbo, dvorišče, dovozna pot, vrt, zelenica, stanovanjski atrij in podobno);PRIPADAJOCE;BREZOVICA;1724;VNANJE GORICE;POŽARNICE 20 j;1240/11 | 1240/12;4503/1;1/1;1/1;1;243.1;243.1;212.2;1620.0;;;2015;2015;454721.4033333333;95900.80666666666;0;0;;ETN_008_2024_KPP_2024_POSLI_20260724.csv
825754;2024-05-31;2024;2024-07-17;2024;95000.0;1;Prodaja nepremičnin na prostem trgu;2;Tržen posel – neustrezni podatki;Osnovna pogodba;Ne;;STAVBNO ZEMLJIŠČE;NI_NEPOSREDNO_RAZDELJIV;VEČSESTAVINSKI ISTOVRSTEN;B;GURS: tržen posel – neustrezni podatki;0;2;2;;;Zemljišče, na katerem je ali bo mogoče graditi stavbo in je delno komunalno opremljeno ali komunalno neopremljeno;STAVBNO;BREZOVICA;1724;;;291/7 | 291/8;;;1/1 | 1/2;0;;;;572.5;;;;;455375.015;98661.475;0;0;;ETN_008_2024_KPP_2024_POSLI_20260724.csv
826173;2024-05-29;2024;2024-07-17;2024;140000.0;1;Prodaja nepremičnin na prostem trgu;1;Tržen posel;Osnovna pogodba;Ne;;HIŠA S PRIPADAJOČIM ZEMLJIŠČEM;HISA_CELI_POSEL;MEŠANI;A;brez zaznanih dodatnih težav;3;1;4;Stanovanjska hiša | Tehnični ali pomožni prostori;POMOZNA_DRUGO | STANOVANJSKA_HISA;Zemljišče na katerem je mogoče graditi stavbo in ima gradbeno dovoljenje;STAVBNO;BREZOVICA;1724;NOTRANJE GORICE;MAVSARJEVA CESTA 1;2142/2;3045/1 | 3046/1 | 3047/1;1/1;1/1;1;401.9;401.9;382.9;680.0;;;1930;1964;454037.59;95204.44750000001;0;0;;ETN_008_2024_KPP_2024_POSLI_20260724.csv
827568;2024-07-23;2024;2024-08-09;2024;19983.6;1;Prodaja nepremičnin na prostem trgu;2;Tržen posel – neustrezni podatki;Osnovna pogodba;Da;22,0%;STAVBNO ZEMLJIŠČE;STAVBNO_ZEMLJISCE_CISTO;VEČSESTAVINSKI ISTOVRSTEN;B;GURS: tržen posel – neustrezni podatki;0;3;3;;;Zemljišče, na katerem je ali bo mogoče graditi stavbo in je delno komunalno opremljeno ali komunalno neopremljeno;STAVBNO;KAMNIK;1704;;;211/10 | 211/11 | 211/9;;;1/1;1;;;;546.0;546.0;36.599999999999994;;;453752.1166666667;92013.86666666665;0;0;;ETN_008_2024_KPP_2024_POSLI_20260724.csv
827782;2024-05-30;2024;2024-08-15;2024;20356.05;1;Prodaja nepremičnin na prostem trgu;2;Tržen posel – neustrezni podatki;Osnovna pogodba;Ne;;STAVBNO ZEMLJIŠČE;STAVBNO_ZEMLJISCE_CISTO;VEČSESTAVINSKI ISTOVRSTEN;B;GURS: tržen posel – neustrezni podatki;0;3;3;;;Zemljišče, na katerem je ali bo mogoče graditi stavbo in je delno komunalno opremljeno ali komunalno neopremljeno;STAVBNO;RAKITNA;1652;;;906/6 | 906/7 | 906/8;;;1/1;1;;;;365.0;365.0;55.769999999999996;;;455630.6533333333;83673.76666666666;0;0;;ETN_008_2024_KPP_2024_POSLI_20260724.csv
828159;2024-06-07;2024;2024-08-15;2024;162487.76;1;Prodaja nepremičnin na prostem trgu;4;Neopredeljen posel;Osnovna pogodba;Ne;;STANOVANJE;STANOVANJE_CISTO;ENOSESTAVINSKI;C;GURS tržnost: Neopredeljen posel;1;0;1;Stanovanje;STANOVANJE;;;BREZOVICA;1724;BREZOVICA PRI LJUBLJANI;TRŽAŠKA CESTA 438;;253/4;1/1;;1;72.6;72.6;58.5;;58.5;2777.5685470085473;1969;1969;454626.4;98453.14;0;0;;ETN_008_2024_KPP_2024_POSLI_20260724.csv
828266;2024-03-29;2024;2024-08-15;2024;86066.0;1;Prodaja nepremičnin na prostem trgu;3;Drug posel;Osnovna pogodba;Ne;;HIŠA S PRIPADAJOČIM ZEMLJIŠČEM;HISA_CELI_POSEL;MEŠANI;C;GURS tržnost: Drug posel;2;2;4;Stanovanjska hiša | Tehnični ali pomožni prostori;POMOZNA_DRUGO | STANOVANJSKA_HISA;Zemljišče pod stavbo ali drugo stavbi ali delu stavbe pripadajoče zemljišče (zemljišče pod stavbo, dvorišče, dovozna pot, vrt, zelenica, stanovanjski atrij in podobno);PRIPADAJOCE;RAKITNA;1652;RAKITNA;73;*55/2 | 119/4;288/1 | 289/1;2/3;2/3;0;248.0;165.33333333333334;126.53333333333333;580.0;;;1900;1955;456509.5525;83815.395;0;0;;ETN_008_2024_KPP_2024_POSLI_20260724.csv
828873;2024-05-09;2024;2024-08-15;2024;248000.0;1;Prodaja nepremičnin na prostem trgu;2;Tržen posel – neustrezni podatki;Osnovna pogodba;Ne;;HIŠA S PRIPADAJOČIM ZEMLJIŠČEM;HISA_CELI_POSEL;MEŠANI;B;GURS: tržen posel – neustrezni podatki;1;1;2;Stanovanjska hiša;STANOVANJSKA_HISA;Zemljišče pod stavbo ali drugo stavbi ali delu stavbe pripadajoče zemljišče (zemljišče pod stavbo, dvorišče, dovozna pot, vrt, zelenica, stanovanjski atrij in podobno);PRIPADAJOCE;KAMNIK;1704;KAMNIK POD KRIMOM;166;835/1;418/1;1/1;1/1;1;144.8;144.8;65.5;683.0;;;1983;1983;453278.005;90950.745;0;0;;ETN_008_2024_KPP_2024_POSLI_20260724.csv
829029;2024-07-04;2024;2024-08-15;2024;1000.0;1;Prodaja nepremičnin na prostem trgu;2;Tržen posel – neustrezni podatki;Osnovna pogodba;Ne;;MEŠANO/DRUGO ZEMLJIŠČE;NI_NEPOSREDNO_RAZDELJIV;ENOSESTAVINSKI;B;GURS: tržen posel – neustrezni podatki;0;1;1;;;Zemljišče, na katerem je cesta ali parkirišče;INFRASTRUKTURA;RAKITNA;1652;;;691/7;;;1/1;1;;;;11.0;;;;;457056.47;83599.8;0;0;;ETN_008_2024_KPP_2024_POSLI_20260724.csv
829092;2024-07-09;2024;2024-08-15;2024;189000.0;1;Prodaja nepremičnin na prostem trgu;1;Tržen posel;Osnovna pogodba;Ne;;STANOVANJE;STANOVANJE_CISTO;ENOSESTAVINSKI;A;brez zaznanih dodatnih težav;1;0;1;Stanovanje;STANOVANJE;;;BREZOVICA;1724;NOTRANJE GORICE;GMAJNA 26;;3197/2;1/1;;1;112.5;112.5;73.8;;73.8;2560.9756097560976;1980;1980;454104.71;95091.25;0;0;;ETN_008_2024_KPP_2024_POSLI_20260724.csv
829427;2024-07-09;2024;2024-08-15;2024;500000.0;1;Prodaja nepremičnin na prostem trgu;3;Drug posel;Osnovna pogodba;Ne;;HIŠA S PRIPADAJOČIM ZEMLJIŠČEM;NI_NEPOSREDNO_RAZDELJIV;MEŠANI;C;GURS tržnost: Drug posel;3;2;5;Kmetijski objekt | Stanovanjska hiša;KMETIJSKI_OBJEKT | STANOVANJSKA_HISA;Zemljišče pod stavbo ali drugo stavbi ali delu stavbe pripadajoče zemljišče (zemljišče pod stavbo, dvorišče, dovozna pot, vrt, zelenica, stanovanjski atrij in podobno);PRIPADAJOCE;BREZOVICA;1724;NOTRANJE GORICE;CESTA NA LOG 5 | CESTA NA LOG 5 a;2605/2 | 2606;3455/1 | 3459/1 | 4314/1;1/1;1/1;1;1009.5;1009.5;785.9;1744.0;;;1886;2000;453462.074;94295.236;0;0;;ETN_008_2024_KPP_2024_POSLI_20260724.csv
829444;2024-07-05;2024;2024-08-15;2024;304507.69;1;Prodaja nepremičnin na prostem trgu;3;Drug posel;Osnovna pogodba;Ne;;STANOVANJE Z DODATKI/ZEMLJIŠČEM;NI_NEPOSREDNO_RAZDELJIV;MEŠANI;C;GURS tržnost: Drug posel;1;1;2;Stanovanje;STANOVANJE;Zemljišče pod stavbo ali drugo stavbi ali delu stavbe pripadajoče zemljišče (zemljišče pod stavbo, dvorišče, dovozna pot, vrt, zelenica, stanovanjski atrij in podobno);PRIPADAJOCE;BREZOVICA;1724;;;1539/16;4653/1;1/1;1/16;0;137.5;137.5;137.5;19.875;;;2023;2023;456066.0;96960.14499999999;0;0;;ETN_008_2024_KPP_2024_POSLI_20260724.csv
829474;2024-07-16;2024;2024-08-15;2024;400000.0;1;Prodaja nepremičnin na prostem trgu;2;Tržen posel – neustrezni podatki;Osnovna pogodba;Ne;;HIŠA S PRIPADAJOČIM ZEMLJIŠČEM;HISA_CELI_POSEL;MEŠANI;B;GURS: tržen posel – neustrezni podatki;1;1;2;Stanovanjska hiša;STANOVANJSKA_HISA;Zemljišče pod stavbo ali drugo stavbi ali delu stavbe pripadajoče zemljišče (zemljišče pod stavbo, dvorišče, dovozna pot, vrt, zelenica, stanovanjski atrij in podobno);PRIPADAJOCE;BREZOVICA;1724;NOTRANJE GORICE;PODPEŠKA CESTA 236 f;2223/8;4426/1;1/1;1/1;1;158.7;158.7;108.0;224.0;;;2012;2012;454220.82;95675.25;0;0;;ETN_008_2024_KPP_2024_POSLI_20260724.csv
830375;2024-06-19;2024;2024-09-09;2024;70510.0;1;Prodaja nepremičnin na prostem trgu;2;Tržen posel – neustrezni podatki;Osnovna pogodba;Ne;;GOZDNO ZEMLJIŠČE;GOZDNO_ZEMLJISCE_CISTO;ENOSESTAVINSKI;B;GURS: tržen posel – neustrezni podatki;0;1;1;;;Zemljišče za gozdno rabo (gozd);GOZDNO;KAMNIK;1704;;;345/50;;;1/1;1;;;;641.0;641.0;110.0;;;452726.62;91604.82;0;0;;ETN_008_2024_KPP_2024_POSLI_20260724.csv
830463;2024-07-05;2024;2024-09-09;2024;61000.0;1;Prodaja nepremičnin na prostem trgu;4;Neopredeljen posel;Osnovna pogodba;Ne;;STAVBNO ZEMLJIŠČE;STAVBNO_ZEMLJISCE_CISTO;ENOSESTAVINSKI;C;GURS tržnost: Neopredeljen posel;0;1;1;;;Zemljišče, na katerem je ali bo mogoče graditi stavbo in je delno komunalno opremljeno ali komunalno neopremljeno;STAVBNO;RAKITNA;1652;;;1208/330;;;1/1;1;;;;606.0;606.0;100.66006600660066;;;455878.43;83706.54;0;0;;ETN_008_2024_KPP_2024_POSLI_20260724.csv
830651;2024-03-21;2024;2024-09-09;2024;717.0;1;Prodaja nepremičnin na prostem trgu;2;Tržen posel – neustrezni podatki;Osnovna pogodba;Ne;;KMETIJSKO ZEMLJIŠČE;KMETIJSKO_ZEMLJISCE_CISTO;ENOSESTAVINSKI;B;GURS: tržen posel – neustrezni podatki;0;1;1;;;Zemljišče za kmetijsko rabo (njiva, travnik, pašnik);KMETIJSKO;KAMNIK;1704;;;436;;;1/1;1;;;;478.0;478.0;1.5;;;451893.55;91703.08;0;0;;ETN_008_2024_KPP_2024_POSLI_20260724.csv
830838;2024-07-24;2024;2024-09-09;2024;131000.0;1;Prodaja nepremičnin na prostem trgu;2;Tržen posel – neustrezni podatki;Osnovna pogodba;Ne;;HIŠA S PRIPADAJOČIM ZEMLJIŠČEM;HISA_CELI_POSEL;MEŠANI;B;GURS: tržen posel – neustrezni podatki;1;1;2;Stanovanjska hiša;STANOVANJSKA_HISA;Zemljišče pod stavbo ali drugo stavbi ali delu stavbe pripadajoče zemljišče (zemljišče pod stavbo, dvorišče, dovozna pot, vrt, zelenica, stanovanjski atrij in podobno);PRIPADAJOCE;RAKITNA;1652;RAKITNA;225;893/80;421/1;1/1;1/1;1;58.8;58.8;37.4;634.0;;;1965;1965;456132.815;83358.41500000001;0;0;;ETN_008_2024_KPP_2024_POSLI_20260724.csv
830970;2024-07-25;2024;2024-09-09;2024;200000.0;1;Prodaja nepremičnin na prostem trgu;2;Tržen posel – neustrezni podatki;Osnovna pogodba;Ne;;STANOVANJE Z DODATKI/ZEMLJIŠČEM;NI_NEPOSREDNO_RAZDELJIV;MEŠANI;B;GURS: tržen posel – neustrezni podatki;1;1;2;Stanovanje;STANOVANJE;Zemljišče, na katerem je cesta ali parkirišče;INFRASTRUKTURA;BREZOVICA;1724;BREZOVICA PRI LJUBLJANI;TRŽAŠKA CESTA 438;266/15;253/5;1/1;1/1;1;65.4;65.4;54.4;23.0;;;1969;1969;454628.69;98460.45999999999;0;0;;ETN_008_2024_KPP_2024_POSLI_20260724.csv
831265;2024-07-03;2024;2024-09-09;2024;10000.0;1;Prodaja nepremičnin na prostem trgu;2;Tržen posel – neustrezni podatki;Osnovna pogodba;Ne;;GOZDNO ZEMLJIŠČE;GOZDNO_ZEMLJISCE_CISTO;ENOSESTAVINSKI;B;GURS: tržen posel – neustrezni podatki;0;1;1;;;Zemljišče za gozdno rabo (gozd);GOZDNO;RAKITNA;1652;;;1829;;;1/1;1;;;;15113.0;15113.0;0.6616819956328989;;;455244.04;81538.42;0;0;;ETN_008_2024_KPP_2024_POSLI_20260724.csv
831350;2024-08-05;2024;2024-09-10;2024;6100.0;1;Prodaja nepremičnin na prostem trgu;2;Tržen posel – neustrezni podatki;Osnovna pogodba;Ne;;GOZDNO ZEMLJIŠČE;GOZDNO_ZEMLJISCE_CISTO;ENOSESTAVINSKI;B;GURS: tržen posel – neustrezni podatki;0;1;1;;;Zemljišče za gozdno rabo (gozd);GOZDNO;KAMNIK;1704;;;1338/5;;;1/1;1;;;;3430.0;3430.0;1.7784256559766765;;;452333.35;90412.82;0;0;;ETN_008_2024_KPP_2024_POSLI_20260724.csv
831553;2024-08-08;2024;2024-09-10;2024;529000.0;1;Prodaja nepremičnin na prostem trgu;2;Tržen posel – neustrezni podatki;Osnovna pogodba;Ne;;HIŠA S PRIPADAJOČIM ZEMLJIŠČEM;HISA_CELI_POSEL;MEŠANI;B;GURS: tržen posel – neustrezni podatki;1;1;2;Stanovanjska hiša;STANOVANJSKA_HISA;Zemljišče pod stavbo ali drugo stavbi ali delu stavbe pripadajoče zemljišče (zemljišče pod stavbo, dvorišče, dovozna pot, vrt, zelenica, stanovanjski atrij in podobno);PRIPADAJOCE;BREZOVICA;1724;BREZOVICA PRI LJUBLJANI;TRŽAŠKA CESTA 473;331/2;228/4;1/1;1/1;1;174.7;174.7;119.2;710.0;;;1945;1945;455577.16000000003;98537.225;0;0;;ETN_008_2024_KPP_2024_POSLI_20260724.csv
831804;2024-08-16;2024;2024-09-10;2024;85680.0;1;Prodaja nepremičnin na prostem trgu;2;Tržen posel – neustrezni podatki;Osnovna pogodba;Ne;;STAVBNO ZEMLJIŠČE;STAVBNO_ZEMLJISCE_CISTO;VEČSESTAVINSKI ISTOVRSTEN;B;GURS: tržen posel – neustrezni podatki;0;2;2;;;Zemljišče, na katerem je ali bo mogoče graditi stavbo in je delno komunalno opremljeno ali komunalno neopremljeno;STAVBNO;RAKITNA;1652;;;674/1 | 675/1;;;1/1;1;;;;717.0;717.0;119.4979079497908;;;456885.2;83863.705;0;0;;ETN_008_2024_KPP_2024_POSLI_20260724.csv
831808;2024-08-09;2024;2024-09-10;2024;500000.0;1;Prodaja nepremičnin na prostem trgu;4;Neopredeljen posel;Osnovna pogodba;Ne;;HIŠA S PRIPADAJOČIM ZEMLJIŠČEM;NI_NEPOSREDNO_RAZDELJIV;MEŠANI;C;GURS tržnost: Neopredeljen posel;18;8;26;Stanovanje | Stanovanjska hiša | Tehnični ali pomožni prostori;POMOZNA_DRUGO | STANOVANJE | STANOVANJSKA_HISA;Zemljišče na katerem je mogoče graditi stavbo in ima gradbeno dovoljenje | Zemljišče pod stavbo ali drugo stavbi ali delu stavbe pripadajoče zemljišče (zemljišče pod stavbo, dvorišče, dovozna pot, vrt, zelenica, stanovanjski atrij in podobno);PRIPADAJOCE | STAVBNO;BREZOVICA;1724;ŽABNICA;18;2315/4 | 2315/5 | 2315/6 | 2315/7 | 2315/8 | 2315/9 | 2318/13 | 2318/9;2140/1 | 4607/14 | 4607/15 | 4607/16 | 4607/17 | 4607/18 | 4607/19 | 4607/20 | 4607/21 | 4607/22 | 4607/23 | 4607/24 | 4607/25 | 4607/26 | 4607/27 | 4607/28 | 4608/1 | 4608/2;1/1;1/1;1;1741.7;1741.7;1289.8;2077.0;;;1950;2000;453904.6353846154;95584.6073076923;0;0;;ETN_008_2024_KPP_2024_POSLI_20260724.csv
833872;2024-07-01;2024;2024-10-16;2024;1000.0;1;Prodaja nepremičnin na prostem trgu;3;Drug posel;Osnovna pogodba;Ne;;MEŠANO/DRUGO ZEMLJIŠČE;NI_NEPOSREDNO_RAZDELJIV;VEČSESTAVINSKI ISTOVRSTEN;C;GURS tržnost: Drug posel;0;2;2;;;Zemljišče, na katerem je cesta ali parkirišče;INFRASTRUKTURA;BREZOVICA;1724;;;1350/10 | 1350/14;;;1/120;0;;;;5.091666666666667;;;;;454837.745;95928.04000000001;0;0;;ETN_008_2024_KPP_2024_POSLI_20260724.csv
834134;2024-08-29;2024;2024-10-16;2024;166000.0;1;Prodaja nepremičnin na prostem trgu;1;Tržen posel;Osnovna pogodba;Ne;;STANOVANJE;STANOVANJE_CISTO;ENOSESTAVINSKI;A;brez zaznanih dodatnih težav;1;0;1;Stanovanje;STANOVANJE;;;BREZOVICA;1724;NOTRANJE GORICE;GMAJNA 26;;3197/3;1/1;;1;78.7;78.7;73.8;;73.8;2249.3224932249323;1980;1980;454104.71;95091.25;0;0;;ETN_008_2024_KPP_2024_POSLI_20260724.csv
834187;2024-07-09;2024;2024-10-16;2024;500000.0;1;Prodaja nepremičnin na prostem trgu;4;Neopredeljen posel;Osnovna pogodba;Ne;;HIŠA S PRIPADAJOČIM ZEMLJIŠČEM;HISA_CELI_POSEL;MEŠANI;C;GURS tržnost: Neopredeljen posel;3;2;5;Stanovanjska hiša | Tehnični ali pomožni prostori;POMOZNA_DRUGO | STANOVANJSKA_HISA;Zemljišče pod stavbo ali drugo stavbi ali delu stavbe pripadajoče zemljišče (zemljišče pod stavbo, dvorišče, dovozna pot, vrt, zelenica, stanovanjski atrij in podobno);PRIPADAJOCE;BREZOVICA;1724;NOTRANJE GORICE;CESTA NA LOG 5 | CESTA NA LOG 5 a;2605/2 | 2606;3455/1 | 3459/1 | 4314/1;1/1;1/1;1;1009.5;1009.5;785.9;1744.0;;;1886;2000;453462.074;94295.236;0;0;;ETN_008_2024_KPP_2024_POSLI_20260724.csv
834748;2024-09-09;2024;2024-10-17;2024;345000.0;1;Prodaja nepremičnin na prostem trgu;2;Tržen posel – neustrezni podatki;Osnovna pogodba;Ne;;HIŠA S PRIPADAJOČIM ZEMLJIŠČEM;NI_NEPOSREDNO_RAZDELJIV;MEŠANI;B;GURS: tržen posel – neustrezni podatki;2;2;4;Kmetijski objekt | Stanovanjska hiša;KMETIJSKI_OBJEKT | STANOVANJSKA_HISA;Zemljišče pod stavbo ali drugo stavbi ali delu stavbe pripadajoče zemljišče (zemljišče pod stavbo, dvorišče, dovozna pot, vrt, zelenica, stanovanjski atrij in podobno) | Zemljišče za kmetijsko rabo (njiva, travnik, pašnik);KMETIJSKO | PRIPADAJOCE;BREZOVICA;1724;BREZOVICA PRI LJUBLJANI;ZA GRABNOM 70;674/4 | 674/8;2501/1 | 2502/1;1/1;1/1;1;218.0;218.0;166.5;717.0;;;1981;1991;454065.25;97387.68;0;0;;ETN_008_2024_KPP_2024_POSLI_20260724.csv
834768;2024-09-09;2024;2024-10-17;2024;10000.0;1;Prodaja nepremičnin na prostem trgu;2;Tržen posel – neustrezni podatki;Osnovna pogodba;Ne;;STAVBNO ZEMLJIŠČE;STAVBNO_ZEMLJISCE_CISTO;VEČSESTAVINSKI ISTOVRSTEN;B;GURS: tržen posel – neustrezni podatki;0;2;2;;;Zemljišče, na katerem je ali bo mogoče graditi stavbo in je delno komunalno opremljeno ali komunalno neopremljeno;STAVBNO;KAMNIK;1704;;;2316/10 | 2316/11;;;1/1;1;;;;202.0;202.0;49.504950495049506;;;451948.61;90219.775;0;0;;ETN_008_2024_KPP_2024_POSLI_20260724.csv
834805;2024-09-02;2024;2024-10-17;2024;131120.0;1;Prodaja nepremičnin na prostem trgu;2;Tržen posel – neustrezni podatki;Osnovna pogodba;Ne;;STAVBNO ZEMLJIŠČE;NI_NEPOSREDNO_RAZDELJIV;VEČSESTAVINSKI ISTOVRSTEN;B;GURS: tržen posel – neustrezni podatki;0;4;4;;;Zemljišče, na katerem je ali bo mogoče graditi stavbo in je delno komunalno opremljeno ali komunalno neopremljeno;STAVBNO;KAMNIK;1704;;;3142/3 | 3142/6 | 3142/7 | 3142/8;;;1/1 | 1/2;0;;;;1508.0;;;;;454188.3775;90671.38;0;0;;ETN_008_2024_KPP_2024_POSLI_20260724.csv
834809;2024-09-02;2024;2024-10-17;2024;38760.0;1;Prodaja nepremičnin na prostem trgu;2;Tržen posel – neustrezni podatki;Osnovna pogodba;Ne;;STAVBNO ZEMLJIŠČE;NI_NEPOSREDNO_RAZDELJIV;VEČSESTAVINSKI ISTOVRSTEN;B;GURS: tržen posel – neustrezni podatki;0;2;2;;;Zemljišče, na katerem je ali bo mogoče graditi stavbo in je delno komunalno opremljeno ali komunalno neopremljeno;STAVBNO;KAMNIK;1704;;;3142/5 | 3142/7;;;1/1 | 1/2;0;;;;458.0;;;;;454168.20499999996;90676.32500000001;0;0;;ETN_008_2024_KPP_2024_POSLI_20260724.csv
834903;2024-08-28;2024;2024-10-17;2024;12000.0;1;Prodaja nepremičnin na prostem trgu;2;Tržen posel – neustrezni podatki;Osnovna pogodba;Ne;;KMETIJSKO ZEMLJIŠČE;KMETIJSKO_ZEMLJISCE_CISTO;ENOSESTAVINSKI;B;GURS: tržen posel – neustrezni podatki;0;1;1;;;Zemljišče za kmetijsko rabo (njiva, travnik, pašnik);KMETIJSKO;RAKITNA;1652;;;723/1;;;1/1;1;;;;999.0;999.0;12.012012012012011;;;457077.58;83364.65;0;0;;ETN_008_2024_KPP_2024_POSLI_20260724.csv
882886;2024-09-19;2024;2024-11-18;2024;77000.0;1;Prodaja nepremičnin na prostem trgu;2;Tržen posel – neustrezni podatki;Osnovna pogodba;Ne;;STAVBNO ZEMLJIŠČE;STAVBNO_ZEMLJISCE_CISTO;ENOSESTAVINSKI;B;GURS: tržen posel – neustrezni podatki;0;1;1;;;Zemljišče, na katerem je ali bo mogoče graditi stavbo in je delno komunalno opremljeno ali komunalno neopremljeno;STAVBNO;RAKITNA;1652;;;678/14;;;1/1;1;;;;699.0;699.0;110.15736766809728;;;456895.28;83813.37;0;0;;ETN_008_2024_KPP_2024_POSLI_20260724.csv
882918;2024-09-25;2024;2024-11-18;2024;164750.0;1;Prodaja nepremičnin na prostem trgu;3;Drug posel;Osnovna pogodba;Ne;;HIŠA S PRIPADAJOČIM ZEMLJIŠČEM;HISA_CELI_POSEL;MEŠANI;C;GURS tržnost: Drug posel;2;3;5;Garaža | Stanovanjska hiša;PARKIRANJE | STANOVANJSKA_HISA;Zemljišče pod stavbo ali drugo stavbi ali delu stavbe pripadajoče zemljišče (zemljišče pod stavbo, dvorišče, dovozna pot, vrt, zelenica, stanovanjski atrij in podobno);PRIPADAJOCE;BREZOVICA;1724;VNANJE GORICE;POD GORICAMI 28 a;1484/5 | 1484/7 | 1487/2;4788/1 | 4789/1;4/10;4/10 | 4/30;0;196.79999999999998;78.72;75.12;193.86666666666667;;;2024;2024;455537.25600000005;96504.09;0;0;;ETN_008_2024_KPP_2024_POSLI_20260724.csv
882978;2024-09-25;2024;2024-11-18;2024;10010.0;1;Prodaja nepremičnin na prostem trgu;3;Drug posel;Osnovna pogodba;Ne;;HIŠA S PRIPADAJOČIM ZEMLJIŠČEM;HISA_CELI_POSEL;MEŠANI;C;GURS tržnost: Drug posel;1;1;2;Stanovanjska hiša;STANOVANJSKA_HISA;Zemljišče na katerem je mogoče graditi stavbo in ima gradbeno dovoljenje;STAVBNO;KAMNIK;1704;KAMNIK POD KRIMOM;48;*6;687/1;67/100;67/100;0;91.8;61.506;61.506;77.05000000000001;;;1862;1862;454203.875;90872.48;0;0;;ETN_008_2024_KPP_2024_POSLI_20260724.csv
883060;2024-09-30;2024;2024-11-18;2024;240000.0;1;Prodaja nepremičnin na prostem trgu;2;Tržen posel – neustrezni podatki;Osnovna pogodba;Ne;;HIŠA S PRIPADAJOČIM ZEMLJIŠČEM;HISA_CELI_POSEL;MEŠANI;B;GURS: tržen posel – neustrezni podatki;1;1;2;Stanovanjska hiša;STANOVANJSKA_HISA;Zemljišče pod stavbo ali drugo stavbi ali delu stavbe pripadajoče zemljišče (zemljišče pod stavbo, dvorišče, dovozna pot, vrt, zelenica, stanovanjski atrij in podobno);PRIPADAJOCE;PRESERJE;1705;PRESERJE;56;6/3;428/1;1/1;1/1;1;203.4;203.4;46.5;656.0;;;1977;1977;454694.525;90668.465;0;0;;ETN_008_2024_KPP_2024_POSLI_20260724.csv
883394;2024-10-03;2024;2024-11-18;2024;202000.0;1;Prodaja nepremičnin na prostem trgu;1;Tržen posel;Osnovna pogodba;Ne;;STANOVANJE;STANOVANJE_CISTO;ENOSESTAVINSKI;A;brez zaznanih dodatnih težav;1;0;1;Stanovanje;STANOVANJE;;;BREZOVICA;1724;NOTRANJE GORICE;GMAJNA 26;;3197/1;1/1;;1;103.7;103.7;66.9;;66.9;3019.4319880418534;1980;1980;454104.71;95091.25;0;0;;ETN_008_2024_KPP_2024_POSLI_20260724.csv
883522;2024-05-21;2024;2024-11-19;2024;1700.0;1;Prodaja nepremičnin na prostem trgu;1;Tržen posel;Osnovna pogodba;Ne;;STAVBNO ZEMLJIŠČE;STAVBNO_ZEMLJISCE_CISTO;ENOSESTAVINSKI;A;brez zaznanih dodatnih težav;0;1;1;;;Zemljišče, na katerem je ali bo mogoče graditi stavbo in je delno komunalno opremljeno ali komunalno neopremljeno;STAVBNO;BREZOVICA;1724;;;2147/29;;;1/1;1;;;;17.0;17.0;100.0;;;454142.51;95014.53;0;0;;ETN_008_2024_KPP_2024_POSLI_20260724.csv
883673;2024-10-08;2024;2024-11-19;2024;3000.0;1;Prodaja nepremičnin na prostem trgu;3;Drug posel;Osnovna pogodba;Ne;;STAVBNO ZEMLJIŠČE;STAVBNO_ZEMLJISCE_CISTO;VEČSESTAVINSKI ISTOVRSTEN;C;GURS tržnost: Drug posel;0;2;2;;;Zemljišče na katerem je mogoče graditi stavbo in ima gradbeno dovoljenje;STAVBNO;BREZOVICA;1724;;;1542/177 | 1542/189;;;1/1;1;;;;58.0;58.0;51.724137931034484;;;456044.03500000003;96985.015;0;0;;ETN_008_2024_KPP_2024_POSLI_20260724.csv
883911;2024-10-14;2024;2024-11-19;2024;440000.0;1;Prodaja nepremičnin na prostem trgu;2;Tržen posel – neustrezni podatki;Osnovna pogodba;Ne;;HIŠA S PRIPADAJOČIM ZEMLJIŠČEM;HISA_CELI_POSEL;MEŠANI;B;GURS: tržen posel – neustrezni podatki;1;2;3;Stanovanjska hiša;STANOVANJSKA_HISA;Zemljišče pod stavbo ali drugo stavbi ali delu stavbe pripadajoče zemljišče (zemljišče pod stavbo, dvorišče, dovozna pot, vrt, zelenica, stanovanjski atrij in podobno);PRIPADAJOCE;PRESERJE;1705;PODPEČ;47 b;913/14 | 913/7;803/1;1/1;1/1 | 1/8;0;134.6;134.6;104.5;332.0;;;2009;2009;455041.8233333333;92891.06333333334;0;0;;ETN_008_2024_KPP_2024_POSLI_20260724.csv
884058;2024-10-10;2024;2024-11-19;2024;320000.0;1;Prodaja nepremičnin na prostem trgu;2;Tržen posel – neustrezni podatki;Osnovna pogodba;Ne;;STANOVANJE Z DODATKI/ZEMLJIŠČEM;NI_NEPOSREDNO_RAZDELJIV;MEŠANI;B;GURS: tržen posel – neustrezni podatki;1;6;7;Stanovanje;STANOVANJE;Zemljišče na katerem je mogoče graditi stavbo in ima gradbeno dovoljenje | Zemljišče pod stavbo ali drugo stavbi ali delu stavbe pripadajoče zemljišče (zemljišče pod stavbo, dvorišče, dovozna pot, vrt, zelenica, stanovanjski atrij in podobno);PRIPADAJOCE | STAVBNO;BREZOVICA;1724;BREZOVICA PRI LJUBLJANI;PODSVETIJA 26 c;369/182 | 369/205 | 369/207 | 369/208 | 369/221 | 369/223;3884/1;1/1;1/1 | 1/3 | 1/45 | 2/52;0;61.2;61.2;61.2;153.0068376068376;;;2008;2008;455070.39714285714;97947.78571428571;0;0;;ETN_008_2024_KPP_2024_POSLI_20260724.csv
884218;2024-10-02;2024;2024-11-19;2024;24556.17;1;Prodaja nepremičnin na prostem trgu;2;Tržen posel – neustrezni podatki;Osnovna pogodba;Ne;;MEŠANO/DRUGO ZEMLJIŠČE;NI_NEPOSREDNO_RAZDELJIV;ENOSESTAVINSKI;B;GURS: tržen posel – neustrezni podatki;0;1;1;;;Zemljišče, na katerem je ali bo mogoče graditi prometno ali energetsko infrastrukturo (cesta, plinovod in drugo);INFRASTRUKTURA;BREZOVICA;1724;;;336/22;;;1/1;1;;;;201.0;;;;;455371.98;98482.09;0;0;;ETN_008_2024_KPP_2024_POSLI_20260724.csv
885852;2024-10-28;2024;2024-12-16;2024;125000.0;1;Prodaja nepremičnin na prostem trgu;3;Drug posel;Osnovna pogodba;Ne;;HIŠA S PRIPADAJOČIM ZEMLJIŠČEM;HISA_CELI_POSEL;MEŠANI;C;GURS tržnost: Drug posel;7;3;10;Stanovanjska hiša | Tehnični ali pomožni prostori;POMOZNA_DRUGO | STANOVANJSKA_HISA;Zemljišče, na katerem je ali bo mogoče graditi stavbo in je delno komunalno opremljeno ali komunalno neopremljeno;STAVBNO;BREZOVICA;1724;BREZOVICA PRI LJUBLJANI;MALOVAŠKA ULICA 1 | TRŽAŠKA CESTA 541;607/56 | 607/57 | 607/58;1716/1 | 1716/2 | 1716/3 | 1716/4 | 1716/5 | 1716/6 | 1716/8;171/1000;171/1000;0;421.5;72.07650000000001;57.096900000000005;57.285000000000004;;;1935;1935;454548.64400000003;98388.098;0;0;;ETN_008_2024_KPP_2024_POSLI_20260724.csv
885979;2024-10-30;2024;2024-12-16;2024;420000.0;1;Prodaja nepremičnin na prostem trgu;2;Tržen posel – neustrezni podatki;Osnovna pogodba;Ne;;HIŠA S PRIPADAJOČIM ZEMLJIŠČEM;HISA_CELI_POSEL;MEŠANI;B;GURS: tržen posel – neustrezni podatki;1;1;2;Stanovanjska hiša;STANOVANJSKA_HISA;Zemljišče pod stavbo ali drugo stavbi ali delu stavbe pripadajoče zemljišče (zemljišče pod stavbo, dvorišče, dovozna pot, vrt, zelenica, stanovanjski atrij in podobno);PRIPADAJOCE;BREZOVICA;1724;VNANJE GORICE;POT H GOZDU 5;755/30;3938/1;1/1;1/1;1;144.1;144.1;110.4;320.0;;;2007;2007;454494.81;96349.245;0;0;;ETN_008_2024_KPP_2024_POSLI_20260724.csv
886025;2024-08-30;2024;2024-12-16;2024;5215.5;1;Prodaja nepremičnin na prostem trgu;2;Tržen posel – neustrezni podatki;Osnovna pogodba;Ne;;GOZDNO ZEMLJIŠČE;GOZDNO_ZEMLJISCE_CISTO;ENOSESTAVINSKI;B;GURS: tržen posel – neustrezni podatki;0;1;1;;;Zemljišče za gozdno rabo (gozd);GOZDNO;RAKITNA;1652;;;1586/118;;;1/1;1;;;;8550.0;8550.0;0.61;;;459382.01;83118.02;0;0;;ETN_008_2024_KPP_2024_POSLI_20260724.csv
886500;2023-07-10;2023;2024-12-16;2024;100000.0;1;Prodaja nepremičnin na prostem trgu;2;Tržen posel – neustrezni podatki;Osnovna pogodba;Ne;;HIŠA S PRIPADAJOČIM ZEMLJIŠČEM;HISA_CELI_POSEL;MEŠANI;B;GURS: tržen posel – neustrezni podatki;2;1;3;Drugo | Stanovanjska hiša;POMOZNA_DRUGO | STANOVANJSKA_HISA;Zemljišče pod stavbo ali drugo stavbi ali delu stavbe pripadajoče zemljišče (zemljišče pod stavbo, dvorišče, dovozna pot, vrt, zelenica, stanovanjski atrij in podobno);PRIPADAJOCE;BREZOVICA;1724;NOTRANJE GORICE;NA PESKE 1;2581;3395/1 | 3398/1;1/1;1/1;1;315.0;315.0;158.7;592.0;;;1851;1924;453471.63666666666;94366.02333333333;0;0;;ETN_008_2024_KPP_2024_POSLI_20260724.csv
886800;2024-11-12;2024;2024-12-16;2024;8326.5;1;Prodaja nepremičnin na prostem trgu;2;Tržen posel – neustrezni podatki;Osnovna pogodba;Ne;;GOZDNO ZEMLJIŠČE;GOZDNO_ZEMLJISCE_CISTO;ENOSESTAVINSKI;B;GURS: tržen posel – neustrezni podatki;0;1;1;;;Zemljišče za gozdno rabo (gozd);GOZDNO;RAKITNA;1652;;;1586/82;;;1/1;1;;;;13650.0;13650.0;0.61;;;459604.85;82551.8;0;0;;ETN_008_2024_KPP_2024_POSLI_20260724.csv
886830;2024-11-18;2024;2024-12-16;2024;79000.0;1;Prodaja nepremičnin na prostem trgu;2;Tržen posel – neustrezni podatki;Osnovna pogodba;Ne;;STAVBNO ZEMLJIŠČE;STAVBNO_ZEMLJISCE_CISTO;ENOSESTAVINSKI;B;GURS: tržen posel – neustrezni podatki;0;1;1;;;Zemljišče, na katerem je ali bo mogoče graditi stavbo in je delno komunalno opremljeno ali komunalno neopremljeno;STAVBNO;BREZOVICA;1724;;;2471/2;;;1/1;1;;;;501.0;501.0;157.68463073852294;;;453300.59;94408.34;0;0;;ETN_008_2024_KPP_2024_POSLI_20260724.csv
886941;2024-11-19;2024;2024-12-17;2024;500.0;1;Prodaja nepremičnin na prostem trgu;3;Drug posel;Osnovna pogodba;Ne;;MEŠANO/DRUGO ZEMLJIŠČE;NI_NEPOSREDNO_RAZDELJIV;VEČSESTAVINSKI ISTOVRSTEN;C;GURS tržnost: Drug posel;0;2;2;;;Zemljišče, na katerem je cesta ali parkirišče;INFRASTRUKTURA;BREZOVICA;1724;;;1350/10 | 1350/14;;;1/120;0;;;;5.091666666666667;;;;;454837.745;95928.04000000001;0;0;;ETN_008_2024_KPP_2024_POSLI_20260724.csv
886942;2024-11-19;2024;2024-12-17;2024;500.0;1;Prodaja nepremičnin na prostem trgu;3;Drug posel;Osnovna pogodba;Ne;;MEŠANO/DRUGO ZEMLJIŠČE;NI_NEPOSREDNO_RAZDELJIV;VEČSESTAVINSKI ISTOVRSTEN;C;GURS tržnost: Drug posel;0;2;2;;;Zemljišče, na katerem je cesta ali parkirišče;INFRASTRUKTURA;BREZOVICA;1724;;;1350/10 | 1350/14;;;1/120;0;;;;5.091666666666667;;;;;454837.745;95928.04000000001;0;0;;ETN_008_2024_KPP_2024_POSLI_20260724.csv
886946;2024-11-19;2024;2024-12-17;2024;4510.0;1;Prodaja nepremičnin na prostem trgu;2;Tržen posel – neustrezni podatki;Osnovna pogodba;Ne;;STAVBNO ZEMLJIŠČE;STAVBNO_ZEMLJISCE_CISTO;ENOSESTAVINSKI;B;GURS: tržen posel – neustrezni podatki;0;1;1;;;Zemljišče, na katerem je ali bo mogoče graditi stavbo in je delno komunalno opremljeno ali komunalno neopremljeno;STAVBNO;JEZERO;1703;;;30/7;;;1/1;1;;;;41.0;41.0;110.0;;;456394.92;92417.99;0;0;;ETN_008_2024_KPP_2024_POSLI_20260724.csv
887066;2024-11-25;2024;2024-12-17;2024;760.0;1;Prodaja nepremičnin na prostem trgu;2;Tržen posel – neustrezni podatki;Osnovna pogodba;Ne;;MEŠANO/DRUGO ZEMLJIŠČE;NI_NEPOSREDNO_RAZDELJIV;ENOSESTAVINSKI;B;GURS: tržen posel – neustrezni podatki;0;1;1;;;Neplodno ali vodno zemljišče ali drugo neuporabno zemljišče;DRUGO;RAKITNA;1652;;;1397/43;;;1/1;1;;;;76.0;;;;;456565.19;82931.56;0;0;;ETN_008_2024_KPP_2024_POSLI_20260724.csv
889444;2024-02-06;2024;2024-12-21;2024;135000.0;1;Prodaja nepremičnin na prostem trgu;3;Drug posel;Osnovna pogodba;Ne;;HIŠA S PRIPADAJOČIM ZEMLJIŠČEM;HISA_CELI_POSEL;MEŠANI;C;GURS tržnost: Drug posel;1;1;2;Stanovanjska hiša;STANOVANJSKA_HISA;Zemljišče pod stavbo ali drugo stavbi ali delu stavbe pripadajoče zemljišče (zemljišče pod stavbo, dvorišče, dovozna pot, vrt, zelenica, stanovanjski atrij in podobno);PRIPADAJOCE;KAMNIK;1704;GORIČICA POD KRIMOM;6;*186;302/1;1/1;1/1;1;122.0;122.0;60.5;247.0;;;1937;1937;451932.775;90195.32;0;0;;ETN_008_2024_KPP_2024_POSLI_20260724.csv
892680;2024-11-19;2024;2025-02-05;2025;241947.0;1;Prodaja nepremičnin na prostem trgu;2;Tržen posel – neustrezni podatki;Osnovna pogodba;Ne;;HIŠA S PRIPADAJOČIM ZEMLJIŠČEM;HISA_CELI_POSEL;MEŠANI;B;GURS: tržen posel – neustrezni podatki;1;1;2;Stanovanjska hiša;STANOVANJSKA_HISA;Zemljišče pod stavbo ali drugo stavbi ali delu stavbe pripadajoče zemljišče (zemljišče pod stavbo, dvorišče, dovozna pot, vrt, zelenica, stanovanjski atrij in podobno);PRIPADAJOCE;BREZOVICA;1724;VNANJE GORICE;NOVA POT 28;1126/4;889/1;1/1;1/1;1;336.7;336.7;86.9;841.0;;;1981;1981;454952.71499999997;96806.63500000001;0;0;;ETN_008_2025_KPP_2025_POSLI_20260724.csv
892741;2024-11-21;2024;2025-02-05;2025;235000.0;1;Prodaja nepremičnin na prostem trgu;2;Tržen posel – neustrezni podatki;Osnovna pogodba;Ne;;HIŠA S PRIPADAJOČIM ZEMLJIŠČEM;HISA_CELI_POSEL;MEŠANI;B;GURS: tržen posel – neustrezni podatki;1;1;2;Stanovanjska hiša;STANOVANJSKA_HISA;Zemljišče pod stavbo ali drugo stavbi ali delu stavbe pripadajoče zemljišče (zemljišče pod stavbo, dvorišče, dovozna pot, vrt, zelenica, stanovanjski atrij in podobno);PRIPADAJOCE;RAKITNA;1652;RAKITNA;460;1332/2;624/1;1/1;1/1;1;83.5;83.5;47.8;1340.0;;;1977;1977;456618.22;82548.48999999999;0;0;;ETN_008_2025_KPP_2025_POSLI_20260724.csv
892786;2024-11-22;2024;2025-02-05;2025;140000.0;1;Prodaja nepremičnin na prostem trgu;1;Tržen posel;Osnovna pogodba;Ne;;STAVBNO ZEMLJIŠČE;STAVBNO_ZEMLJISCE_CISTO;ENOSESTAVINSKI;A;brez zaznanih dodatnih težav;0;1;1;;;Zemljišče, na katerem je ali bo mogoče graditi stavbo in je delno komunalno opremljeno ali komunalno neopremljeno;STAVBNO;BREZOVICA;1724;;;2138/59;;;1/1;1;;;;586.0;586.0;238.90784982935153;;;454292.21;95482.56;0;0;;ETN_008_2025_KPP_2025_POSLI_20260724.csv
893126;2024-10-14;2024;2025-02-05;2025;10000.0;1;Prodaja nepremičnin na prostem trgu;2;Tržen posel – neustrezni podatki;Osnovna pogodba;Ne;;KMETIJSKO ZEMLJIŠČE;KMETIJSKO_ZEMLJISCE_CISTO;ENOSESTAVINSKI;B;GURS: tržen posel – neustrezni podatki;0;1;1;;;Zemljišče za kmetijsko rabo (njiva, travnik, pašnik);KMETIJSKO;KAMNIK;1704;;;3270/1;;;1/1;1;;;;4103.0;4103.0;2.4372410431391667;;;454764.52;90183.69;0;0;;ETN_008_2025_KPP_2025_POSLI_20260724.csv
893236;2024-11-25;2024;2025-02-05;2025;419.5;1;Prodaja nepremičnin na prostem trgu;3;Drug posel;Osnovna pogodba;Ne;;STAVBNO ZEMLJIŠČE;NI_NEPOSREDNO_RAZDELJIV;ENOSESTAVINSKI;C;GURS tržnost: Drug posel;0;1;1;;;Zemljišče, na katerem je ali bo mogoče graditi stavbo in je delno komunalno opremljeno ali komunalno neopremljeno;STAVBNO;KAMNIK;1704;;;955/2;;;1/80;0;;;;10.4875;;;;;453603.86;91394.19;0;0;;ETN_008_2025_KPP_2025_POSLI_20260724.csv
893774;2024-12-06;2024;2025-02-06;2025;100000.0;1;Prodaja nepremičnin na prostem trgu;2;Tržen posel – neustrezni podatki;Osnovna pogodba;Ne;;STAVBNO ZEMLJIŠČE;STAVBNO_ZEMLJISCE_CISTO;ENOSESTAVINSKI;B;GURS: tržen posel – neustrezni podatki;0;1;1;;;Zemljišče, na katerem je ali bo mogoče graditi stavbo in je delno komunalno opremljeno ali komunalno neopremljeno;STAVBNO;JEZERO;1703;;;101/1;;;1/1;1;;;;1678.0;1678.0;59.594755661501786;;;456602.94;92490.02;0;0;;ETN_008_2025_KPP_2025_POSLI_20260724.csv
893777;2024-12-05;2024;2025-02-06;2025;345000.0;1;Prodaja nepremičnin na prostem trgu;2;Tržen posel – neustrezni podatki;Osnovna pogodba;Ne;;HIŠA S PRIPADAJOČIM ZEMLJIŠČEM;HISA_CELI_POSEL;MEŠANI;B;GURS: tržen posel – neustrezni podatki;1;1;2;Stanovanjska hiša;STANOVANJSKA_HISA;Zemljišče pod stavbo ali drugo stavbi ali delu stavbe pripadajoče zemljišče (zemljišče pod stavbo, dvorišče, dovozna pot, vrt, zelenica, stanovanjski atrij in podobno);PRIPADAJOCE;JEZERO;1703;JEZERO;45 h;287/6;691/1;1/1;1/1;1;126.8;126.8;103.8;675.0;;;2019;2019;456034.765;92659.045;0;0;;ETN_008_2025_KPP_2025_POSLI_20260724.csv
893890;2024-12-07;2024;2025-02-06;2025;200000.0;1;Prodaja nepremičnin na prostem trgu;3;Drug posel;Osnovna pogodba;Ne;;HIŠA S PRIPADAJOČIM ZEMLJIŠČEM;HISA_CELI_POSEL;MEŠANI;C;GURS tržnost: Drug posel;1;1;2;Stanovanjska hiša;STANOVANJSKA_HISA;Zemljišče pod stavbo ali drugo stavbi ali delu stavbe pripadajoče zemljišče (zemljišče pod stavbo, dvorišče, dovozna pot, vrt, zelenica, stanovanjski atrij in podobno);PRIPADAJOCE;BREZOVICA;1724;NOTRANJE GORICE;GMAJNA 19;2134/9;3079/1;1/1;1/1;1;123.0;123.0;113.2;464.0;;;1967;1967;454168.79000000004;95153.83499999999;0;0;;ETN_008_2025_KPP_2025_POSLI_20260724.csv
894081;2024-12-10;2024;2025-02-06;2025;60210.0;1;Prodaja nepremičnin na prostem trgu;2;Tržen posel – neustrezni podatki;Osnovna pogodba;Ne;;STAVBNO ZEMLJIŠČE;STAVBNO_ZEMLJISCE_CISTO;ENOSESTAVINSKI;B;GURS: tržen posel – neustrezni podatki;0;1;1;;;Zemljišče, na katerem je ali bo mogoče graditi stavbo in je delno komunalno opremljeno ali komunalno neopremljeno;STAVBNO;KAMNIK;1704;;;2735/1;;;1/1;1;;;;669.0;669.0;90.0;;;454081.73;90467.26;0;0;;ETN_008_2025_KPP_2025_POSLI_20260724.csv
894228;2024-12-12;2024;2025-02-06;2025;230000.0;1;Prodaja nepremičnin na prostem trgu;3;Drug posel;Osnovna pogodba;Ne;;HIŠA S PRIPADAJOČIM ZEMLJIŠČEM;HISA_CELI_POSEL;MEŠANI;C;GURS tržnost: Drug posel;1;1;2;Stanovanjska hiša;STANOVANJSKA_HISA;Zemljišče pod stavbo ali drugo stavbi ali delu stavbe pripadajoče zemljišče (zemljišče pod stavbo, dvorišče, dovozna pot, vrt, zelenica, stanovanjski atrij in podobno);PRIPADAJOCE;BREZOVICA;1724;BREZOVICA PRI LJUBLJANI;NA BREZNO 33;232/3;137/1;1/2;1/2;0;267.8;133.9;78.75;390.5;;;1990;1990;455378.02;98764.375;0;0;;ETN_008_2025_KPP_2025_POSLI_20260724.csv
894466;2024-09-06;2024;2025-02-06;2025;25833.0;1;Prodaja nepremičnin na prostem trgu;2;Tržen posel – neustrezni podatki;Osnovna pogodba;Ne;;KMETIJSKO ZEMLJIŠČE;KMETIJSKO_ZEMLJISCE_CISTO;VEČSESTAVINSKI ISTOVRSTEN;B;GURS: tržen posel – neustrezni podatki;0;2;2;;;Zemljišče za kmetijsko rabo (njiva, travnik, pašnik);KMETIJSKO;KAMNIK;1704;;;385/1 | 447;;;1/1;1;;;;8611.0;8611.0;3.0;;;451885.33999999997;91845.485;0;0;;ETN_008_2025_KPP_2025_POSLI_20260724.csv
895183;2024-09-18;2024;2025-02-19;2025;9000.0;1;Prodaja nepremičnin na prostem trgu;3;Drug posel;Osnovna pogodba;Ne;;KMETIJSKO ZEMLJIŠČE;KMETIJSKO_ZEMLJISCE_CISTO;ENOSESTAVINSKI;C;GURS tržnost: Drug posel;0;1;1;;;Zemljišče za kmetijsko rabo (njiva, travnik, pašnik);KMETIJSKO;BREZOVICA;1724;;;2557/1;;;1/1;1;;;;848.0;848.0;10.61320754716981;;;453205.14;94197.78;0;0;;ETN_008_2025_KPP_2025_POSLI_20260724.csv
895838;2024-12-10;2024;2025-02-19;2025;8410.0;1;Prodaja nepremičnin na prostem trgu;2;Tržen posel – neustrezni podatki;Osnovna pogodba;Ne;;KMETIJSKO ZEMLJIŠČE;KMETIJSKO_ZEMLJISCE_CISTO;ENOSESTAVINSKI;B;GURS: tržen posel – neustrezni podatki;0;1;1;;;Zemljišče za kmetijsko rabo (njiva, travnik, pašnik);KMETIJSKO;BREZOVICA;1724;;;3032;;;1/1;1;;;;4205.0;4205.0;2.0;;;451768.54;95961.15;0;0;;ETN_008_2025_KPP_2025_POSLI_20260724.csv
896329;2025-01-07;2025;2025-02-19;2025;10065.0;1;Prodaja nepremičnin na prostem trgu;1;Tržen posel;Osnovna pogodba;Ne;;STAVBNO ZEMLJIŠČE;STAVBNO_ZEMLJISCE_CISTO;ENOSESTAVINSKI;A;brez zaznanih dodatnih težav;0;1;1;;;Zemljišče na katerem je mogoče graditi stavbo in ima gradbeno dovoljenje;STAVBNO;BREZOVICA;1724;;;250/1;;;1/1;1;;;;165.0;165.0;61.0;;;455046.93;98769.21;0;0;;ETN_008_2025_KPP_2025_POSLI_20260724.csv
896337;2024-12-24;2024;2025-02-19;2025;285000.0;1;Prodaja nepremičnin na prostem trgu;2;Tržen posel – neustrezni podatki;Osnovna pogodba;Ne;;HIŠA S PRIPADAJOČIM ZEMLJIŠČEM;HISA_CELI_POSEL;MEŠANI;B;GURS: tržen posel – neustrezni podatki;2;5;7;Stanovanjska hiša;STANOVANJSKA_HISA;Zemljišče pod stavbo ali drugo stavbi ali delu stavbe pripadajoče zemljišče (zemljišče pod stavbo, dvorišče, dovozna pot, vrt, zelenica, stanovanjski atrij in podobno);PRIPADAJOCE;BREZOVICA;1724;VNANJE GORICE;POD GORICAMI 9;1158/11 | 1158/2 | 1158/3;994/1;1/2;1/1 | 1/2;0;182.0;91.0;54.0;291.0;;;1996;1996;455214.1914285714;96371.14285714286;0;0;;ETN_008_2025_KPP_2025_POSLI_20260724.csv
896425;2024-10-23;2024;2025-02-19;2025;2700.0;1;Prodaja nepremičnin na prostem trgu;2;Tržen posel – neustrezni podatki;Osnovna pogodba;Ne;;KMETIJSKO ZEMLJIŠČE;KMETIJSKO_ZEMLJISCE_CISTO;ENOSESTAVINSKI;B;GURS: tržen posel – neustrezni podatki;0;1;1;;;Zemljišče za kmetijsko rabo (njiva, travnik, pašnik);KMETIJSKO;KAMNIK;1704;;;1394/4;;;1/1;1;;;;27.0;27.0;100.0;;;451846.07;90434.23;0;0;;ETN_008_2025_KPP_2025_POSLI_20260724.csv
896487;2025-01-07;2025;2025-02-20;2025;400000.0;1;Prodaja nepremičnin na prostem trgu;2;Tržen posel – neustrezni podatki;Osnovna pogodba;Ne;;HIŠA S PRIPADAJOČIM ZEMLJIŠČEM;HISA_CELI_POSEL;MEŠANI;B;GURS: tržen posel – neustrezni podatki;3;2;5;Garaža | Stanovanjska hiša;PARKIRANJE | STANOVANJSKA_HISA;Zemljišče pod stavbo ali drugo stavbi ali delu stavbe pripadajoče zemljišče (zemljišče pod stavbo, dvorišče, dovozna pot, vrt, zelenica, stanovanjski atrij in podobno) | Zemljišče, na katerem je cesta ali parkirišče;INFRASTRUKTURA | PRIPADAJOCE;BREZOVICA;1724;BREZOVICA PRI LJUBLJANI;DEBEVČEVA POT 16;589/11 | 589/12;555/1 | 556/1 | 556/2;1/1;1/1 | 1/3;0;295.8;295.8;255.20000000000002;739.0;;;1984;1987;454804.04000000004;97633.622;0;0;;ETN_008_2025_KPP_2025_POSLI_20260724.csv
897164;2024-10-28;2024;2025-02-20;2025;662.0;1;Prodaja nepremičnin na prostem trgu;3;Drug posel;Osnovna pogodba;Ne;;KMETIJSKO ZEMLJIŠČE;NI_NEPOSREDNO_RAZDELJIV;VEČSESTAVINSKI ISTOVRSTEN;C;GURS tržnost: Drug posel;0;2;2;;;Zemljišče za kmetijsko rabo (njiva, travnik, pašnik);KMETIJSKO;JEZERO;1703;;;38 | 606;;;1/18 | 1/9;0;;;;131.66666666666666;;;;;456367.94999999995;92258.005;0;0;;ETN_008_2025_KPP_2025_POSLI_20260724.csv
897252;2025-01-14;2025;2025-02-20;2025;110600.0;1;Prodaja nepremičnin na prostem trgu;2;Tržen posel – neustrezni podatki;Osnovna pogodba;Ne;;HIŠA S PRIPADAJOČIM ZEMLJIŠČEM;NI_NEPOSREDNO_RAZDELJIV;MEŠANI;B;GURS: tržen posel – neustrezni podatki;2;1;3;Kmetijski objekt | Stanovanjska hiša;KMETIJSKI_OBJEKT | STANOVANJSKA_HISA;Zemljišče pod stavbo ali drugo stavbi ali delu stavbe pripadajoče zemljišče (zemljišče pod stavbo, dvorišče, dovozna pot, vrt, zelenica, stanovanjski atrij in podobno);PRIPADAJOCE;KAMNIK;1704;KAMNIK POD KRIMOM;49;3547;688/1 | 696/1;1/1;1/1;1;569.0;569.0;569.0;1106.0;;;1872;1975;454208.86000000004;90852.94;0;0;;ETN_008_2025_KPP_2025_POSLI_20260724.csv
897429;2024-12-12;2024;2025-02-20;2025;14000.0;1;Prodaja nepremičnin na prostem trgu;3;Drug posel;Osnovna pogodba;Ne;;KMETIJSKO ZEMLJIŠČE;KMETIJSKO_ZEMLJISCE_CISTO;ENOSESTAVINSKI;C;GURS tržnost: Drug posel;0;1;1;;;Zemljišče za kmetijsko rabo (njiva, travnik, pašnik);KMETIJSKO;KAMNIK;1704;;;2744/2;;;1/1;1;;;;1179.0;1179.0;11.874469889737066;;;454073.35;90445.63;0;0;;ETN_008_2025_KPP_2025_POSLI_20260724.csv
897459;2025-01-22;2025;2025-02-20;2025;181025.0;1;Prodaja nepremičnin na prostem trgu;2;Tržen posel – neustrezni podatki;Osnovna pogodba;Ne;;STAVBNO ZEMLJIŠČE;STAVBNO_ZEMLJISCE_CISTO;VEČSESTAVINSKI ISTOVRSTEN;B;GURS: tržen posel – neustrezni podatki;0;2;2;;;Zemljišče, na katerem je ali bo mogoče graditi stavbo in je delno komunalno opremljeno ali komunalno neopremljeno;STAVBNO;BREZOVICA;1724;;;586/14 | 586/15;;;1/1;1;;;;557.0;557.0;325.0;;;454800.605;97588.595;0;0;;ETN_008_2025_KPP_2025_POSLI_20260724.csv
898361;2024-12-02;2024;2025-03-15;2025;8000.0;1;Prodaja nepremičnin na prostem trgu;2;Tržen posel – neustrezni podatki;Osnovna pogodba;Ne;;PRIPADAJOČE ZEMLJIŠČE;NI_NEPOSREDNO_RAZDELJIV;ENOSESTAVINSKI;B;GURS: tržen posel – neustrezni podatki;0;1;1;;;Zemljišče pod stavbo ali drugo stavbi ali delu stavbe pripadajoče zemljišče (zemljišče pod stavbo, dvorišče, dovozna pot, vrt, zelenica, stanovanjski atrij in podobno);PRIPADAJOCE;KAMNIK;1704;;;914/72;;;1/1;1;;;;294.0;;;;;453718.37;91885.49;0;0;;ETN_008_2025_KPP_2025_POSLI_20260724.csv
898582;2025-01-16;2025;2025-03-15;2025;85000.0;1;Prodaja nepremičnin na prostem trgu;2;Tržen posel – neustrezni podatki;Osnovna pogodba;Ne;;STAVBNO ZEMLJIŠČE;STAVBNO_ZEMLJISCE_CISTO;ENOSESTAVINSKI;B;GURS: tržen posel – neustrezni podatki;0;1;1;;;Zemljišče, na katerem je ali bo mogoče graditi stavbo in je delno komunalno opremljeno ali komunalno neopremljeno;STAVBNO;KAMNIK;1704;;;102/11;;;1/1;1;;;;550.0;550.0;154.54545454545453;;;453886.88;91088.24;0;0;;ETN_008_2025_KPP_2025_POSLI_20260724.csv
898722;2024-01-21;2024;2025-03-15;2025;181950.0;1;Prodaja nepremičnin na prostem trgu;2;Tržen posel – neustrezni podatki;Osnovna pogodba;Ne;;MEŠANO/DRUGO ZEMLJIŠČE;NI_NEPOSREDNO_RAZDELJIV;MEŠANI;B;GURS: tržen posel – neustrezni podatki;0;2;2;;;Zemljišče za kmetijsko rabo (njiva, travnik, pašnik) | Zemljišče, na katerem je ali bo mogoče graditi stavbo in je delno komunalno opremljeno ali komunalno neopremljeno;KMETIJSKO | STAVBNO;BREZOVICA;1724;;;586/19 | 586/5;;;1/1;1;;;;1295.0;;;;;454865.49;97595.34;0;0;;ETN_008_2025_KPP_2025_POSLI_20260724.csv
898728;2025-01-22;2025;2025-03-15;2025;179840.0;1;Prodaja nepremičnin na prostem trgu;2;Tržen posel – neustrezni podatki;Osnovna pogodba;Ne;;STAVBNO ZEMLJIŠČE;STAVBNO_ZEMLJISCE_CISTO;VEČSESTAVINSKI ISTOVRSTEN;B;GURS: tržen posel – neustrezni podatki;0;2;2;;;Zemljišče, na katerem je ali bo mogoče graditi stavbo in je delno komunalno opremljeno ali komunalno neopremljeno;STAVBNO;BREZOVICA;1724;;;586/16 | 586/18;;;1/1;1;;;;562.0;562.0;320.0;;;454825.735;97592.365;0;0;;ETN_008_2025_KPP_2025_POSLI_20260724.csv
898798;2025-01-06;2025;2025-03-15;2025;2800.0;1;Prodaja nepremičnin na prostem trgu;2;Tržen posel – neustrezni podatki;Osnovna pogodba;Ne;;KMETIJSKO ZEMLJIŠČE;KMETIJSKO_ZEMLJISCE_CISTO;ENOSESTAVINSKI;B;GURS: tržen posel – neustrezni podatki;0;1;1;;;Zemljišče za kmetijsko rabo (njiva, travnik, pašnik);KMETIJSKO;KAMNIK;1704;;;2808/15;;;1/1;1;;;;140.0;140.0;20.0;;;453971.98;90622.89;0;0;;ETN_008_2025_KPP_2025_POSLI_20260724.csv
898879;2025-01-23;2025;2025-03-15;2025;400000.0;1;Prodaja nepremičnin na prostem trgu;1;Tržen posel;Osnovna pogodba;Ne;;STAVBNO ZEMLJIŠČE;STAVBNO_ZEMLJISCE_CISTO;VEČSESTAVINSKI ISTOVRSTEN;A;brez zaznanih dodatnih težav;0;2;2;;;Zemljišče, na katerem je ali bo mogoče graditi stavbo in je delno komunalno opremljeno ali komunalno neopremljeno;STAVBNO;BREZOVICA;1724;;;336/3 | 336/4;;;1/1;1;;;;1386.0;1386.0;288.6002886002886;;;455512.145;98504.205;0;0;;ETN_008_2025_KPP_2025_POSLI_20260724.csv
898987;2025-01-30;2025;2025-03-15;2025;24454.0;1;Prodaja nepremičnin na prostem trgu;3;Drug posel;Osnovna pogodba;Ne;;STANOVANJE;STANOVANJE_CISTO;ENOSESTAVINSKI;C;GURS tržnost: Drug posel;1;0;1;Stanovanje;STANOVANJE;;;BREZOVICA;1724;NOTRANJE GORICE;PODPEŠKA CESTA 299;;3121/3;1/1;;1;42.0;42.0;18.3;;18.3;1336.2841530054645;1975;1975;454004.52;95183.3;0;0;;ETN_008_2025_KPP_2025_POSLI_20260724.csv
899147;2024-09-23;2024;2025-03-15;2025;117000.0;1;Prodaja nepremičnin na prostem trgu;2;Tržen posel – neustrezni podatki;Osnovna pogodba;Ne;;KMETIJSKO ZEMLJIŠČE;KMETIJSKO_ZEMLJISCE_CISTO;VEČSESTAVINSKI ISTOVRSTEN;B;GURS: tržen posel – neustrezni podatki;0;2;2;;;Zemljišče za kmetijsko rabo (njiva, travnik, pašnik);KMETIJSKO;BREZOVICA;1724;;;3020/10 | 3020/11;;;1/1;1;;;;1460.0;1460.0;80.13698630136986;;;452014.89;96163.45;0;0;;ETN_008_2025_KPP_2025_POSLI_20260724.csv
899399;2025-02-02;2025;2025-03-15;2025;115000.0;1;Prodaja nepremičnin na prostem trgu;2;Tržen posel – neustrezni podatki;Osnovna pogodba;Ne;;HIŠA S PRIPADAJOČIM ZEMLJIŠČEM;HISA_CELI_POSEL;MEŠANI;B;GURS: tržen posel – neustrezni podatki;3;1;4;Garaža | Stanovanjska hiša | Tehnični ali pomožni prostori;PARKIRANJE | POMOZNA_DRUGO | STANOVANJSKA_HISA;Zemljišče pod stavbo ali drugo stavbi ali delu stavbe pripadajoče zemljišče (zemljišče pod stavbo, dvorišče, dovozna pot, vrt, zelenica, stanovanjski atrij in podobno);PRIPADAJOCE;RAKITNA;1652;RAKITNA;306;1273/31;546/1 | 966/1 | 967/1;1/1;1/1;1;160.6;160.6;103.4;467.0;;;1986;1998;456155.0;82629.5325;0;0;;ETN_008_2025_KPP_2025_POSLI_20260724.csv
899847;2025-02-10;2025;2025-03-15;2025;210000.0;1;Prodaja nepremičnin na prostem trgu;2;Tržen posel – neustrezni podatki;Osnovna pogodba;Ne;;HIŠA S PRIPADAJOČIM ZEMLJIŠČEM;NI_NEPOSREDNO_RAZDELJIV;MEŠANI;B;GURS: tržen posel – neustrezni podatki;2;2;4;Kmetijski objekt | Stanovanjska hiša;KMETIJSKI_OBJEKT | STANOVANJSKA_HISA;Zemljišče pod stavbo ali drugo stavbi ali delu stavbe pripadajoče zemljišče (zemljišče pod stavbo, dvorišče, dovozna pot, vrt, zelenica, stanovanjski atrij in podobno);PRIPADAJOCE;KAMNIK;1704;KAMNIK POD KRIMOM;78;*282 | 3138/2;724/1 | 725/1;1/1;1/1;1;161.0;161.0;147.0;571.0;;;1960;1968;454233.0875;90706.66;0;0;;ETN_008_2025_KPP_2025_POSLI_20260724.csv
899977;2025-01-22;2025;2025-03-15;2025;6300.0;1;Prodaja nepremičnin na prostem trgu;2;Tržen posel – neustrezni podatki;Osnovna pogodba;Ne;;MEŠANO/DRUGO ZEMLJIŠČE;NI_NEPOSREDNO_RAZDELJIV;ENOSESTAVINSKI;B;GURS: tržen posel – neustrezni podatki;0;1;1;;;Zemljišče, na katerem je cesta ali parkirišče;INFRASTRUKTURA;BREZOVICA;1724;;;1542/204;;;1/1;1;;;;12.0;;;;;456046.07;96960.31;0;0;;ETN_008_2025_KPP_2025_POSLI_20260724.csv
900520;2025-02-17;2025;2025-03-15;2025;325000.0;1;Prodaja nepremičnin na prostem trgu;2;Tržen posel – neustrezni podatki;Osnovna pogodba;Ne;;STANOVANJE Z DODATKI/ZEMLJIŠČEM;NI_NEPOSREDNO_RAZDELJIV;MEŠANI;B;GURS: tržen posel – neustrezni podatki;1;5;6;Stanovanje;STANOVANJE;Zemljišče pod stavbo ali drugo stavbi ali delu stavbe pripadajoče zemljišče (zemljišče pod stavbo, dvorišče, dovozna pot, vrt, zelenica, stanovanjski atrij in podobno);PRIPADAJOCE;BREZOVICA;1724;BREZOVICA PRI LJUBLJANI;PODSVETIJA 24;369/182 | 369/202 | 369/205 | 369/206 | 369/208;3880/2;1/1;1/19 | 1/3 | 1/45;0;86.1;86.1;70.7;102.02573099415204;;;2008;2008;455080.73;97970.23166666667;0;0;;ETN_008_2025_KPP_2025_POSLI_20260724.csv
900659;2025-02-11;2025;2025-03-16;2025;326000.0;1;Prodaja nepremičnin na prostem trgu;2;Tržen posel – neustrezni podatki;Osnovna pogodba;Ne;;HIŠA S PRIPADAJOČIM ZEMLJIŠČEM;HISA_CELI_POSEL;MEŠANI;B;GURS: tržen posel – neustrezni podatki;2;3;5;Garaža | Stanovanjska hiša;PARKIRANJE | STANOVANJSKA_HISA;Zemljišče pod stavbo ali drugo stavbi ali delu stavbe pripadajoče zemljišče (zemljišče pod stavbo, dvorišče, dovozna pot, vrt, zelenica, stanovanjski atrij in podobno);PRIPADAJOCE;BREZOVICA;1724;NOTRANJE GORICE;PODPEŠKA CESTA 244 e;2230/11 | 2230/7 | 2230/9;3607/1 | 3648/1;1/1 | 1/4;1/1 | 1/4;0;158.0;147.27499999999998;111.275;494.25;;;1998;2001;454195.396;95786.964;0;0;;ETN_008_2025_KPP_2025_POSLI_20260724.csv
901532;2025-01-22;2025;2025-04-15;2025;5196.0;1;Prodaja nepremičnin na prostem trgu;5;V preverjanju;Osnovna pogodba;Ne;;KMETIJSKO ZEMLJIŠČE;KMETIJSKO_ZEMLJISCE_CISTO;ENOSESTAVINSKI;C;GURS tržnost: V preverjanju;0;1;1;;;Zemljišče za kmetijsko rabo (njiva, travnik, pašnik);KMETIJSKO;BREZOVICA;1724;;;860/1;;;1/1;1;;;;2598.0;2598.0;2.0;;;453693.35;96167.69;0;0;;ETN_008_2025_KPP_2025_POSLI_20260724.csv
901692;2025-01-27;2025;2025-04-15;2025;2700.0;1;Prodaja nepremičnin na prostem trgu;5;V preverjanju;Osnovna pogodba;Ne;;STAVBNO ZEMLJIŠČE;NI_NEPOSREDNO_RAZDELJIV;VEČSESTAVINSKI ISTOVRSTEN;C;GURS tržnost: V preverjanju;0;2;2;;;Zemljišče na katerem je mogoče graditi stavbo in ima gradbeno dovoljenje;STAVBNO;KAMNIK;1704;;;*56 | *6;;;1/48 | 19/100;0;;;;21.785;;;;;454155.03;90889.785;0;0;;ETN_008_2025_KPP_2025_POSLI_20260724.csv
903113;2025-02-20;2025;2025-05-20;2025;85000.0;1;Prodaja nepremičnin na prostem trgu;5;V preverjanju;Osnovna pogodba;Ne;;MEŠANI POSEL – STAVBA IN ZEMLJIŠČE;NI_NEPOSREDNO_RAZDELJIV;MEŠANI;C;GURS tržnost: V preverjanju;2;1;3;Kmetijski objekt;KMETIJSKI_OBJEKT;Zemljišče, na katerem je ali bo mogoče graditi stavbo in je delno komunalno opremljeno ali komunalno neopremljeno;STAVBNO;BREZOVICA;1724;;;2577/3;3392/1 | 3393/1;1/1;1/1;1;50.0;50.0;50.0;523.0;;;1850;1850;453411.69;94347.35666666667;0;0;;ETN_008_2025_KPP_2025_POSLI_20260724.csv
903642;2025-03-14;2025;2025-04-16;2025;285000.0;1;Prodaja nepremičnin na prostem trgu;5;V preverjanju;Osnovna pogodba;Ne;;HIŠA S PRIPADAJOČIM ZEMLJIŠČEM;HISA_CELI_POSEL;MEŠANI;C;GURS tržnost: V preverjanju;2;3;5;Garaža | Stanovanjska hiša;PARKIRANJE | STANOVANJSKA_HISA;Zemljišče pod stavbo ali drugo stavbi ali delu stavbe pripadajoče zemljišče (zemljišče pod stavbo, dvorišče, dovozna pot, vrt, zelenica, stanovanjski atrij in podobno) | Zemljišče, na katerem je ali bo mogoče graditi stavbo in je delno komunalno opremljeno ali komunalno neopremljeno;PRIPADAJOCE | STAVBNO;BREZOVICA;1724;VNANJE GORICE;POD SUPOTOM 21;1047/28 | 1047/32 | 1049/3;1029/1 | 4638/1;1/1;1/1;1;171.2;171.2;139.4;479.0;;;1965;1978;454654.266;96181.898;0;0;;ETN_008_2025_KPP_2025_POSLI_20260724.csv
904453;2025-02-25;2025;2025-05-15;2025;335.0;1;Prodaja nepremičnin na prostem trgu;5;V preverjanju;Osnovna pogodba;Ne;;KMETIJSKO ZEMLJIŠČE;KMETIJSKO_ZEMLJISCE_CISTO;ENOSESTAVINSKI;C;GURS tržnost: V preverjanju;0;1;1;;;Zemljišče za kmetijsko rabo (njiva, travnik, pašnik);KMETIJSKO;JEZERO;1703;;;1024/9;;;1/1;1;;;;67.0;67.0;5.0;;;455908.58;92627.84;0;0;;ETN_008_2025_KPP_2025_POSLI_20260724.csv
905313;2025-03-13;2025;2025-05-15;2025;265000.0;1;Prodaja nepremičnin na prostem trgu;5;V preverjanju;Osnovna pogodba;Ne;;STANOVANJE Z DODATKI/ZEMLJIŠČEM;NI_NEPOSREDNO_RAZDELJIV;MEŠANI;C;GURS tržnost: V preverjanju;2;3;5;Stanovanje | Tehnični ali pomožni prostori;POMOZNA_DRUGO | STANOVANJE;Zemljišče pod stavbo ali drugo stavbi ali delu stavbe pripadajoče zemljišče (zemljišče pod stavbo, dvorišče, dovozna pot, vrt, zelenica, stanovanjski atrij in podobno) | Zemljišče, na katerem je ali bo mogoče graditi stavbo in je delno komunalno opremljeno ali komunalno neopremljeno;PRIPADAJOCE | STAVBNO;BREZOVICA;1724;BREZOVICA PRI LJUBLJANI;KAPALNIŠKA POT 5 a;298/14 | 298/17 | 298/26;3633/3 | 3633/4;1/1;1/1 | 1718/50000 | 2/18;0;86.6;86.6;61.9;47.53328444444444;;;2005;2005;455635.97599999997;98679.26999999999;0;0;;ETN_008_2025_KPP_2025_POSLI_20260724.csv
905323;2025-03-28;2025;2025-05-15;2025;110000.0;1;Prodaja nepremičnin na prostem trgu;5;V preverjanju;Osnovna pogodba;Ne;;STAVBNO ZEMLJIŠČE;STAVBNO_ZEMLJISCE_CISTO;ENOSESTAVINSKI;C;GURS tržnost: V preverjanju;0;1;1;;;Zemljišče, na katerem je ali bo mogoče graditi stavbo in je delno komunalno opremljeno ali komunalno neopremljeno;STAVBNO;BREZOVICA;1724;;;2137/58;;;1/1;1;;;;480.0;480.0;229.16666666666666;;;454304.93;95451.33;0;0;;ETN_008_2025_KPP_2025_POSLI_20260724.csv
905918;2025-02-28;2025;2025-05-15;2025;125000.0;1;Prodaja nepremičnin na prostem trgu;5;V preverjanju;Osnovna pogodba;Ne;;STAVBNO ZEMLJIŠČE;STAVBNO_ZEMLJISCE_CISTO;ENOSESTAVINSKI;C;GURS tržnost: V preverjanju;0;1;1;;;Zemljišče, na katerem je ali bo mogoče graditi stavbo in je delno komunalno opremljeno ali komunalno neopremljeno;STAVBNO;BREZOVICA;1724;;;1126/6;;;1/1;1;;;;1083.0;1083.0;115.42012927054478;;;454927.65;96814.16;0;0;;ETN_008_2025_KPP_2025_POSLI_20260724.csv
906138;2025-03-03;2025;2025-05-15;2025;115000.0;1;Prodaja nepremičnin na prostem trgu;5;V preverjanju;Osnovna pogodba;Ne;;STANOVANJE Z DODATKI/ZEMLJIŠČEM;NI_NEPOSREDNO_RAZDELJIV;MEŠANI;C;GURS tržnost: V preverjanju;1;14;15;Stanovanje;STANOVANJE;Zemljišče na katerem je mogoče graditi stavbo in ima gradbeno dovoljenje | Zemljišče pod stavbo ali drugo stavbi ali delu stavbe pripadajoče zemljišče (zemljišče pod stavbo, dvorišče, dovozna pot, vrt, zelenica, stanovanjski atrij in podobno) | Zemljišče, na katerem je cesta ali parkirišče;INFRASTRUKTURA | PRIPADAJOCE | STAVBNO;BREZOVICA;1724;VNANJE GORICE;PODPEŠKA CESTA 143;1094/10 | 1094/12 | 1094/13 | 1094/15 | 1094/16 | 1094/17 | 1094/18 | 1094/19 | 1094/20 | 1094/21 | 1094/22 | 1094/23 | 1094/65 | 1094/9;2544/1;1/1;1/6;0;60.0;60.0;50.3;96.33333333333333;;;1985;1985;454567.98066666664;96691.53933333333;0;0;;ETN_008_2025_KPP_2025_POSLI_20260724.csv
906354;2025-04-07;2025;2025-05-15;2025;380000.0;1;Prodaja nepremičnin na prostem trgu;5;V preverjanju;Osnovna pogodba;Ne;;HIŠA S PRIPADAJOČIM ZEMLJIŠČEM;HISA_CELI_POSEL;MEŠANI;C;GURS tržnost: V preverjanju;1;1;2;Stanovanjska hiša;STANOVANJSKA_HISA;Zemljišče pod stavbo ali drugo stavbi ali delu stavbe pripadajoče zemljišče (zemljišče pod stavbo, dvorišče, dovozna pot, vrt, zelenica, stanovanjski atrij in podobno);PRIPADAJOCE;PRESERJE;1705;PODPEČ;91;856/4;579/1;1/1;1/1;1;235.1;235.1;123.8;910.0;;;2007;2007;454656.885;92079.905;0;0;;ETN_008_2025_KPP_2025_POSLI_20260724.csv
906644;2025-04-02;2025;2025-05-16;2025;8580.0;1;Prodaja nepremičnin na prostem trgu;5;V preverjanju;Osnovna pogodba;Ne;;PRIPADAJOČE ZEMLJIŠČE;NI_NEPOSREDNO_RAZDELJIV;VEČSESTAVINSKI ISTOVRSTEN;C;GURS tržnost: V preverjanju;0;2;2;;;Zemljišče pod stavbo ali drugo stavbi ali delu stavbe pripadajoče zemljišče (zemljišče pod stavbo, dvorišče, dovozna pot, vrt, zelenica, stanovanjski atrij in podobno);PRIPADAJOCE;KAMNIK;1704;;;3348/2 | 3349/6;;;1/1;1;;;;143.0;;;;;453378.6;91447.025;0;0;;ETN_008_2025_KPP_2025_POSLI_20260724.csv
906687;2025-03-13;2025;2025-05-16;2025;40000.0;2;Prodaja nepremičnin na prostovoljni javni dražbi ali druga oblika prostovoljne javne prodaje;5;V preverjanju;Osnovna pogodba;Ne;;GOZDNO ZEMLJIŠČE;GOZDNO_ZEMLJISCE_CISTO;ENOSESTAVINSKI;C;GURS tržnost: V preverjanju;0;1;1;;;Zemljišče za gozdno rabo (gozd);GOZDNO;PRESERJE;1705;;;2369;;;1/1;1;;;;49803.0;49803.0;0.8031644680039355;;;458543.56;86552.1;0;0;;ETN_008_2025_KPP_2025_POSLI_20260724.csv
906689;2025-04-09;2025;2025-05-16;2025;36200.0;1;Prodaja nepremičnin na prostem trgu;5;V preverjanju;Osnovna pogodba;Ne;;MEŠANI POSEL – STAVBA IN ZEMLJIŠČE;NI_NEPOSREDNO_RAZDELJIV;MEŠANI;C;GURS tržnost: V preverjanju;1;1;2;Kmetijski objekt;KMETIJSKI_OBJEKT;Zemljišče pod stavbo ali drugo stavbi ali delu stavbe pripadajoče zemljišče (zemljišče pod stavbo, dvorišče, dovozna pot, vrt, zelenica, stanovanjski atrij in podobno);PRIPADAJOCE;RAKITNA;1652;;;9;102/1;1/1;1/1;1;181.6;181.6;181.6;228.0;;;1973;1973;455636.08499999996;83879.35500000001;0;0;;ETN_008_2025_KPP_2025_POSLI_20260724.csv
907810;2024-02-14;2024;2025-06-15;2025;29400.0;1;Prodaja nepremičnin na prostem trgu;5;V preverjanju;Osnovna pogodba;Ne;;GOZDNO ZEMLJIŠČE;NI_NEPOSREDNO_RAZDELJIV;ENOSESTAVINSKI;C;GURS tržnost: V preverjanju;0;1;1;;;Zemljišče za gozdno rabo (gozd);GOZDNO;BREZOVICA;1724;;;1093/19;;;31/100;0;;;;195.60999999999999;;;;;454584.19;96720.27;0;0;;ETN_008_2025_KPP_2025_POSLI_20260724.csv
908394;2025-04-29;2025;2025-06-15;2025;27710.0;1;Prodaja nepremičnin na prostem trgu;5;V preverjanju;Osnovna pogodba;Ne;;GOZDNO ZEMLJIŠČE;GOZDNO_ZEMLJISCE_CISTO;ENOSESTAVINSKI;C;GURS tržnost: V preverjanju;0;1;1;;;Zemljišče za gozdno rabo (gozd);GOZDNO;PRESERJE;1705;;;2372;;;1/1;1;;;;27709.0;27709.0;1.0000360893572486;;;458581.27;86389.49;0;0;;ETN_008_2025_KPP_2025_POSLI_20260724.csv
908653;2025-04-24;2025;2025-06-15;2025;320400.0;1;Prodaja nepremičnin na prostem trgu;5;V preverjanju;Osnovna pogodba;Ne;;STAVBNO ZEMLJIŠČE;STAVBNO_ZEMLJISCE_CISTO;VEČSESTAVINSKI ISTOVRSTEN;C;GURS tržnost: V preverjanju;0;4;4;;;Zemljišče, na katerem je ali bo mogoče graditi stavbo in je delno komunalno opremljeno ali komunalno neopremljeno;STAVBNO;BREZOVICA;1724;;;369/361 | 369/362 | 369/367 | 369/368;;;1/1;1;;;;1068.0;1068.0;300.0;;;454846.8375;98016.9975;0;0;;ETN_008_2025_KPP_2025_POSLI_20260724.csv
908658;2025-04-16;2025;2025-06-15;2025;3770.0;1;Prodaja nepremičnin na prostem trgu;5;V preverjanju;Osnovna pogodba;Ne;;STAVBNO ZEMLJIŠČE;STAVBNO_ZEMLJISCE_CISTO;ENOSESTAVINSKI;C;GURS tržnost: V preverjanju;0;1;1;;;Zemljišče, na katerem je ali bo mogoče graditi stavbo in je delno komunalno opremljeno ali komunalno neopremljeno;STAVBNO;RAKITNA;1652;;;1208/374;;;1/1;1;;;;58.0;58.0;65.0;;;455791.64;83095.09;0;0;;ETN_008_2025_KPP_2025_POSLI_20260724.csv
908722;2025-04-17;2025;2025-06-15;2025;3770.0;1;Prodaja nepremičnin na prostem trgu;5;V preverjanju;Osnovna pogodba;Ne;;PRIPADAJOČE ZEMLJIŠČE;NI_NEPOSREDNO_RAZDELJIV;ENOSESTAVINSKI;C;GURS tržnost: V preverjanju;0;1;1;;;Zemljišče pod stavbo ali drugo stavbi ali delu stavbe pripadajoče zemljišče (zemljišče pod stavbo, dvorišče, dovozna pot, vrt, zelenica, stanovanjski atrij in podobno);PRIPADAJOCE;RAKITNA;1652;;;1208/373;;;1/1;1;;;;58.0;;;;;455796.8;83111.72;0;0;;ETN_008_2025_KPP_2025_POSLI_20260724.csv
909970;2025-05-20;2025;2025-06-16;2025;145000.0;1;Prodaja nepremičnin na prostem trgu;5;V preverjanju;Osnovna pogodba;Ne;;STANOVANJE Z DODATKI/ZEMLJIŠČEM;NI_NEPOSREDNO_RAZDELJIV;MEŠANI;C;GURS tržnost: V preverjanju;1;1;2;Stanovanje;STANOVANJE;Zemljišče, na katerem je ali bo mogoče graditi stavbo in je delno komunalno opremljeno ali komunalno neopremljeno;STAVBNO;KAMNIK;1704;;;2726/13;757/2;1/1;1/1;1;192.6;192.6;124.7;291.0;;;1985;1985;454084.405;90558.01999999999;0;0;;ETN_008_2025_KPP_2025_POSLI_20260724.csv
955819;2025-05-21;2025;2025-07-15;2025;181500.0;1;Prodaja nepremičnin na prostem trgu;5;V preverjanju;Osnovna pogodba;Ne;;STAVBNO ZEMLJIŠČE;STAVBNO_ZEMLJISCE_CISTO;ENOSESTAVINSKI;C;GURS tržnost: V preverjanju;0;1;1;;;Zemljišče na katerem je mogoče graditi stavbo in ima gradbeno dovoljenje;STAVBNO;RAKITNA;1652;;;92/1;;;1/1;1;;;;3760.0;3760.0;48.27127659574468;;;456737.31;83919.11;0;0;;ETN_008_2025_KPP_2025_POSLI_20260724.csv
956094;2025-05-27;2025;2025-07-15;2025;470000.0;1;Prodaja nepremičnin na prostem trgu;5;V preverjanju;Osnovna pogodba;Ne;;HIŠA S PRIPADAJOČIM ZEMLJIŠČEM;HISA_CELI_POSEL;MEŠANI;C;GURS tržnost: V preverjanju;1;1;2;Stanovanjska hiša;STANOVANJSKA_HISA;Zemljišče pod stavbo ali drugo stavbi ali delu stavbe pripadajoče zemljišče (zemljišče pod stavbo, dvorišče, dovozna pot, vrt, zelenica, stanovanjski atrij in podobno);PRIPADAJOCE;BREZOVICA;1724;NOTRANJE GORICE;OB DROBTINKI 1 b;1252/28;4175/1;1/1;1/1;1;168.2;168.2;146.3;409.0;;;2009;2009;454338.20499999996;95631.0;0;0;;ETN_008_2025_KPP_2025_POSLI_20260724.csv
956722;2025-06-05;2025;2025-07-15;2025;160000.0;1;Prodaja nepremičnin na prostem trgu;5;V preverjanju;Osnovna pogodba;Ne;;HIŠA S PRIPADAJOČIM ZEMLJIŠČEM;HISA_CELI_POSEL;MEŠANI;C;GURS tržnost: V preverjanju;1;1;2;Stanovanjska hiša;STANOVANJSKA_HISA;Zemljišče pod stavbo ali drugo stavbi ali delu stavbe pripadajoče zemljišče (zemljišče pod stavbo, dvorišče, dovozna pot, vrt, zelenica, stanovanjski atrij in podobno);PRIPADAJOCE;RAKITNA;1652;RAKITNA;93;46/10;400/1;1/1;1/1;1;144.0;144.0;80.0;664.0;;;1800;1800;456814.5;83572.83499999999;0;0;;ETN_008_2025_KPP_2025_POSLI_20260724.csv
956776;2025-05-28;2025;2025-07-15;2025;39060.0;1;Prodaja nepremičnin na prostem trgu;5;V preverjanju;Osnovna pogodba;Ne;;STAVBNO ZEMLJIŠČE;STAVBNO_ZEMLJISCE_CISTO;ENOSESTAVINSKI;C;GURS tržnost: V preverjanju;0;1;1;;;Zemljišče, na katerem je ali bo mogoče graditi stavbo in je delno komunalno opremljeno ali komunalno neopremljeno;STAVBNO;RAKITNA;1652;;;905/4;;;1/1;1;;;;279.0;279.0;140.0;;;455627.45;83747.18;0;0;;ETN_008_2025_KPP_2025_POSLI_20260724.csv
957712;2025-06-19;2025;2025-07-15;2025;50000.0;1;Prodaja nepremičnin na prostem trgu;5;V preverjanju;Osnovna pogodba;Ne;;MEŠANI POSEL – STAVBA IN ZEMLJIŠČE;NI_NEPOSREDNO_RAZDELJIV;MEŠANI;C;GURS tržnost: V preverjanju;1;1;2;Prostori za šport, kulturo ali izobraževanje;POSLOVNA_DRUGA;Zemljišče pod stavbo ali drugo stavbi ali delu stavbe pripadajoče zemljišče (zemljišče pod stavbo, dvorišče, dovozna pot, vrt, zelenica, stanovanjski atrij in podobno);PRIPADAJOCE;BREZOVICA;1724;;;607/14;1720/1;1/1;1/1;1;99.0;99.0;99.0;208.0;;;1940;1940;454557.03500000003;98372.91;0;0;;ETN_008_2025_KPP_2025_POSLI_20260724.csv
957845;2025-06-18;2025;2025-07-15;2025;42700.0;1;Prodaja nepremičnin na prostem trgu;5;V preverjanju;Osnovna pogodba;Ne;;STAVBNO ZEMLJIŠČE;STAVBNO_ZEMLJISCE_CISTO;ENOSESTAVINSKI;C;GURS tržnost: V preverjanju;0;1;1;;;Zemljišče, na katerem je ali bo mogoče graditi stavbo in je delno komunalno opremljeno ali komunalno neopremljeno;STAVBNO;RAKITNA;1652;;;1209/10;;;1/1;1;;;;543.0;543.0;78.63720073664825;;;455635.05;82992.97;0;0;;ETN_008_2025_KPP_2025_POSLI_20260724.csv
958721;2025-05-21;2025;2025-08-15;2025;50000.0;1;Prodaja nepremičnin na prostem trgu;5;V preverjanju;Osnovna pogodba;Ne;;STAVBNO ZEMLJIŠČE;STAVBNO_ZEMLJISCE_CISTO;ENOSESTAVINSKI;C;GURS tržnost: V preverjanju;0;1;1;;;Zemljišče, na katerem je ali bo mogoče graditi stavbo in je delno komunalno opremljeno ali komunalno neopremljeno;STAVBNO;JEZERO;1703;;;101/1;;;1/1;1;;;;1678.0;1678.0;29.797377830750893;;;456602.94;92490.02;0;0;;ETN_008_2025_KPP_2025_POSLI_20260724.csv
959528;2025-06-09;2025;2025-08-15;2025;111800.0;1;Prodaja nepremičnin na prostem trgu;5;V preverjanju;Osnovna pogodba;Ne;;HIŠA S PRIPADAJOČIM ZEMLJIŠČEM;NI_NEPOSREDNO_RAZDELJIV;MEŠANI;C;GURS tržnost: V preverjanju;2;2;4;Kmetijski objekt | Stanovanjska hiša;KMETIJSKI_OBJEKT | STANOVANJSKA_HISA;Zemljišče pod stavbo ali drugo stavbi ali delu stavbe pripadajoče zemljišče (zemljišče pod stavbo, dvorišče, dovozna pot, vrt, zelenica, stanovanjski atrij in podobno);PRIPADAJOCE;BREZOVICA;1724;VNANJE GORICE;NOVA POT 24;1125 | 1126/5;884/1 | 886/1;1/1;1/1;1;184.7;184.7;165.8;1059.0;;;1850;1850;454905.7275;96804.89749999999;0;0;;ETN_008_2025_KPP_2025_POSLI_20260724.csv
959991;2025-05-17;2025;2025-08-15;2025;14000.0;1;Prodaja nepremičnin na prostem trgu;5;V preverjanju;Osnovna pogodba;Ne;;HIŠA S PRIPADAJOČIM ZEMLJIŠČEM;HISA_CELI_POSEL;MEŠANI;C;GURS tržnost: V preverjanju;1;1;2;Stanovanjska hiša;STANOVANJSKA_HISA;Zemljišče pod stavbo ali drugo stavbi ali delu stavbe pripadajoče zemljišče (zemljišče pod stavbo, dvorišče, dovozna pot, vrt, zelenica, stanovanjski atrij in podobno);PRIPADAJOCE;PRESERJE;1705;PODPEČ;83;782/14;597/1;2/6;2/6;0;163.0;54.33333333333333;14.666666666666666;176.33333333333331;;;1970;1970;454389.42;91989.825;0;0;;ETN_008_2025_KPP_2025_POSLI_20260724.csv
960588;2025-07-09;2025;2025-08-15;2025;159768.0;1;Prodaja nepremičnin na prostem trgu;5;V preverjanju;Osnovna pogodba;Ne;;MEŠANO/DRUGO ZEMLJIŠČE;NI_NEPOSREDNO_RAZDELJIV;MEŠANI;C;GURS tržnost: V preverjanju;0;10;10;;;Zemljišče za kmetijsko rabo (njiva, travnik, pašnik) | Zemljišče, na katerem je ali bo mogoče graditi stavbo in je delno komunalno opremljeno ali komunalno neopremljeno;KMETIJSKO | STAVBNO;RAKITNA;1652;;;3/1 | 759/2 | 759/3 | 759/4 | 759/5 | 764/2 | 764/3 | 764/4 | 764/5 | 764/6;;;1/1;1;;;;3049.0;;;;;456841.247;83271.951;0;0;;ETN_008_2025_KPP_2025_POSLI_20260724.csv
960659;2025-06-18;2025;2025-08-15;2025;8112.0;1;Prodaja nepremičnin na prostem trgu;5;V preverjanju;Osnovna pogodba;Ne;;MEŠANI POSEL – STAVBA IN ZEMLJIŠČE;NI_NEPOSREDNO_RAZDELJIV;MEŠANI;C;GURS tržnost: V preverjanju;1;1;2;Garaža;PARKIRANJE;Zemljišče pod stavbo ali drugo stavbi ali delu stavbe pripadajoče zemljišče (zemljišče pod stavbo, dvorišče, dovozna pot, vrt, zelenica, stanovanjski atrij in podobno);PRIPADAJOCE;PRESERJE;1705;;;2260/7;738/1;1/1;1/1;1;56.6;56.6;56.6;78.0;;;1995;1995;454276.19;91397.84;0;0;;ETN_008_2025_KPP_2025_POSLI_20260724.csv
960788;2025-07-07;2025;2025-08-15;2025;6500.0;1;Prodaja nepremičnin na prostem trgu;5;V preverjanju;Osnovna pogodba;Ne;;GOZDNO ZEMLJIŠČE;GOZDNO_ZEMLJISCE_CISTO;ENOSESTAVINSKI;C;GURS tržnost: V preverjanju;0;1;1;;;Zemljišče za gozdno rabo (gozd);GOZDNO;BREZOVICA;1724;;;2842;;;1/1;1;;;;7681.0;7681.0;0.8462439786486134;;;452900.23;95156.7;0;0;;ETN_008_2025_KPP_2025_POSLI_20260724.csv
960790;2025-07-15;2025;2025-08-15;2025;14210.0;1;Prodaja nepremičnin na prostem trgu;5;V preverjanju;Osnovna pogodba;Ne;;STAVBNO ZEMLJIŠČE;STAVBNO_ZEMLJISCE_CISTO;ENOSESTAVINSKI;C;GURS tržnost: V preverjanju;0;1;1;;;Zemljišče, na katerem je ali bo mogoče graditi stavbo in je delno komunalno opremljeno ali komunalno neopremljeno;STAVBNO;BREZOVICA;1724;;;2314/2;;;1/1;1;;;;203.0;203.0;70.0;;;453946.87;95598.31;0;0;;ETN_008_2025_KPP_2025_POSLI_20260724.csv
960791;2025-07-15;2025;2025-08-15;2025;4900.0;1;Prodaja nepremičnin na prostem trgu;5;V preverjanju;Osnovna pogodba;Ne;;PRIPADAJOČE ZEMLJIŠČE;NI_NEPOSREDNO_RAZDELJIV;ENOSESTAVINSKI;C;GURS tržnost: V preverjanju;0;1;1;;;Zemljišče pod stavbo ali drugo stavbi ali delu stavbe pripadajoče zemljišče (zemljišče pod stavbo, dvorišče, dovozna pot, vrt, zelenica, stanovanjski atrij in podobno);PRIPADAJOCE;BREZOVICA;1724;;;2314/3;;;1/1;1;;;;70.0;;;;;453956.17;95594.92;0;0;;ETN_008_2025_KPP_2025_POSLI_20260724.csv
960829;2025-07-15;2025;2025-08-15;2025;6020.0;1;Prodaja nepremičnin na prostem trgu;5;V preverjanju;Osnovna pogodba;Ne;;PRIPADAJOČE ZEMLJIŠČE;NI_NEPOSREDNO_RAZDELJIV;ENOSESTAVINSKI;C;GURS tržnost: V preverjanju;0;1;1;;;Zemljišče pod stavbo ali drugo stavbi ali delu stavbe pripadajoče zemljišče (zemljišče pod stavbo, dvorišče, dovozna pot, vrt, zelenica, stanovanjski atrij in podobno);PRIPADAJOCE;BREZOVICA;1724;;;3728/8;;;1/1;1;;;;86.0;;;;;455610.17;98171.75;0;0;;ETN_008_2025_KPP_2025_POSLI_20260724.csv
961021;2025-07-15;2025;2025-08-15;2025;140000.0;1;Prodaja nepremičnin na prostem trgu;5;V preverjanju;Osnovna pogodba;Ne;;STAVBNO ZEMLJIŠČE;STAVBNO_ZEMLJISCE_CISTO;VEČSESTAVINSKI ISTOVRSTEN;C;GURS tržnost: V preverjanju;0;2;2;;;Zemljišče, na katerem je ali bo mogoče graditi stavbo in je delno komunalno opremljeno ali komunalno neopremljeno;STAVBNO;BREZOVICA;1724;;;531/21 | 531/8;;;1/1;1;;;;500.0;500.0;280.0;;;454797.495;96852.45;0;0;;ETN_008_2025_KPP_2025_POSLI_20260724.csv
961111;2025-07-21;2025;2025-08-15;2025;10200.0;1;Prodaja nepremičnin na prostem trgu;5;V preverjanju;Osnovna pogodba;Ne;;STAVBNO ZEMLJIŠČE;STAVBNO_ZEMLJISCE_CISTO;ENOSESTAVINSKI;C;GURS tržnost: V preverjanju;0;1;1;;;Zemljišče, na katerem je ali bo mogoče graditi stavbo in je delno komunalno opremljeno ali komunalno neopremljeno;STAVBNO;BREZOVICA;1724;;;574/36;;;1/1;1;;;;51.0;51.0;200.0;;;454575.88;97435.3;0;0;;ETN_008_2025_KPP_2025_POSLI_20260724.csv
961174;2025-07-21;2025;2025-08-15;2025;140000.0;1;Prodaja nepremičnin na prostem trgu;5;V preverjanju;Osnovna pogodba;Ne;;STANOVANJE Z DODATKI/ZEMLJIŠČEM;NI_NEPOSREDNO_RAZDELJIV;MEŠANI;C;GURS tržnost: V preverjanju;2;1;3;Garaža | Stanovanje;PARKIRANJE | STANOVANJE;Zemljišče pod stavbo ali drugo stavbi ali delu stavbe pripadajoče zemljišče (zemljišče pod stavbo, dvorišče, dovozna pot, vrt, zelenica, stanovanjski atrij in podobno);PRIPADAJOCE;PRESERJE;1705;PODPEČ;52;911/7;108/3 | 109/7;1/1;1/8;0;71.9;71.9;71.9;62.5;;;1963;1965;455042.50333333336;92986.14;0;0;;ETN_008_2025_KPP_2025_POSLI_20260724.csv
962027;2025-05-14;2025;2025-09-10;2025;47656.0;3;Prodaja nepremicnin na javni dražbi ali druga oblika javne prodaje v izvršilnem postopku, prisilni poravnavi, stečaju ali stečajnem postopku;5;V preverjanju;Osnovna pogodba;Ne;;HIŠA S PRIPADAJOČIM ZEMLJIŠČEM;HISA_CELI_POSEL;MEŠANI;C;"GURS tržnost: V preverjanju; ni prosti trg/prostovoljna javna prodaja";1;3;4;Stanovanjska hiša;STANOVANJSKA_HISA;Zemljišče, na katerem je ali bo mogoče graditi stavbo in je delno komunalno opremljeno ali komunalno neopremljeno;STAVBNO;RAKITNA;1652;RAKITNA;336;1273/35 | 1293/17 | 1293/18;559/1;1/4;1/4 | 1/8;0;170.8;42.7;25.8;371.5;;;1900;1900;456327.58499999996;82832.23999999999;0;0;;ETN_008_2025_KPP_2025_POSLI_20260724.csv
962599;2025-07-22;2025;2025-09-10;2025;2300.0;1;Prodaja nepremičnin na prostem trgu;5;V preverjanju;Osnovna pogodba;Ne;;KMETIJSKO ZEMLJIŠČE;KMETIJSKO_ZEMLJISCE_CISTO;ENOSESTAVINSKI;C;GURS tržnost: V preverjanju;0;1;1;;;Zemljišče za kmetijsko rabo (njiva, travnik, pašnik);KMETIJSKO;BREZOVICA;1724;;;699/6;;;1/1;1;;;;10.0;10.0;230.0;;;454274.2;97432.05;0;0;;ETN_008_2025_KPP_2025_POSLI_20260724.csv
962963;2025-08-01;2025;2025-09-10;2025;250000.0;1;Prodaja nepremičnin na prostem trgu;5;V preverjanju;Osnovna pogodba;Ne;;STANOVANJE Z DODATKI/ZEMLJIŠČEM;NI_NEPOSREDNO_RAZDELJIV;MEŠANI;C;GURS tržnost: V preverjanju;1;1;2;Stanovanje;STANOVANJE;Zemljišče, na katerem je cesta ali parkirišče;INFRASTRUKTURA;BREZOVICA;1724;VNANJE GORICE;PODPEŠKA CESTA 145;1095/21;2539/6;1/1;9/50;0;80.5;80.5;52.1;64.08;;;1972;1972;454532.77;96730.1;0;0;;ETN_008_2025_KPP_2025_POSLI_20260724.csv
963024;2025-05-09;2025;2025-09-10;2025;7011.0;1;Prodaja nepremičnin na prostem trgu;5;V preverjanju;Osnovna pogodba;Ne;;KMETIJSKO ZEMLJIŠČE;KMETIJSKO_ZEMLJISCE_CISTO;ENOSESTAVINSKI;C;GURS tržnost: V preverjanju;0;1;1;;;Zemljišče za kmetijsko rabo (njiva, travnik, pašnik);KMETIJSKO;KAMNIK;1704;;;1521/1;;;1/1;1;;;;4583.0;4583.0;1.5297839842897665;;;451370.54;89923.97;0;0;;ETN_008_2025_KPP_2025_POSLI_20260724.csv
963319;2025-07-14;2025;2025-09-10;2025;5695.5;1;Prodaja nepremičnin na prostem trgu;5;V preverjanju;Osnovna pogodba;Ne;;GOZDNO ZEMLJIŠČE;GOZDNO_ZEMLJISCE_CISTO;ENOSESTAVINSKI;C;GURS tržnost: V preverjanju;0;1;1;;;Zemljišče za gozdno rabo (gozd);GOZDNO;RAKITNA;1652;;;1586/97;;;1/1;1;;;;16170.0;16170.0;0.35222634508348794;;;459052.28;82920.04;0;0;;ETN_008_2025_KPP_2025_POSLI_20260724.csv
963443;2025-07-25;2025;2025-09-10;2025;170000.0;1;Prodaja nepremičnin na prostem trgu;5;V preverjanju;Osnovna pogodba;Ne;;MEŠANO/DRUGO ZEMLJIŠČE;NI_NEPOSREDNO_RAZDELJIV;MEŠANI;C;GURS tržnost: V preverjanju;0;2;2;;;Zemljišče na katerem je mogoče graditi stavbo in ima gradbeno dovoljenje | Zemljišče pod stavbo ali drugo stavbi ali delu stavbe pripadajoče zemljišče (zemljišče pod stavbo, dvorišče, dovozna pot, vrt, zelenica, stanovanjski atrij in podobno);PRIPADAJOCE | STAVBNO;JEZERO;1703;;;362/201 | 364/6;;;1/1 | 1/2;0;;;;632.0;;;;;455167.33499999996;92923.51000000001;0;0;;ETN_008_2025_KPP_2025_POSLI_20260724.csv
963482;2025-06-23;2025;2025-09-10;2025;347.0;1;Prodaja nepremičnin na prostem trgu;5;V preverjanju;Osnovna pogodba;Ne;;KMETIJSKO ZEMLJIŠČE;KMETIJSKO_ZEMLJISCE_CISTO;ENOSESTAVINSKI;C;GURS tržnost: V preverjanju;0;1;1;;;Zemljišče za kmetijsko rabo (njiva, travnik, pašnik);KMETIJSKO;JEZERO;1703;;;151/5;;;1/1;1;;;;347.0;347.0;1.0;;;456099.41;92840.44;0;0;;ETN_008_2025_KPP_2025_POSLI_20260724.csv
963584;2025-06-26;2025;2025-09-10;2025;44407.5;1;Prodaja nepremičnin na prostem trgu;5;V preverjanju;Osnovna pogodba;Ne;;KMETIJSKO ZEMLJIŠČE;KMETIJSKO_ZEMLJISCE_CISTO;VEČSESTAVINSKI ISTOVRSTEN;C;GURS tržnost: V preverjanju;0;2;2;;;Zemljišče za kmetijsko rabo (njiva, travnik, pašnik);KMETIJSKO;BREZOVICA;1724;;;3497/1 | 3497/2;;;1/1;1;;;;17763.0;17763.0;2.5;;;453956.94999999995;93275.51;0;0;;ETN_008_2025_KPP_2025_POSLI_20260724.csv
963662;2025-08-05;2025;2025-09-10;2025;80000.0;1;Prodaja nepremičnin na prostem trgu;5;V preverjanju;Osnovna pogodba;Ne;;STAVBNO ZEMLJIŠČE;STAVBNO_ZEMLJISCE_CISTO;VEČSESTAVINSKI ISTOVRSTEN;C;GURS tržnost: V preverjanju;0;2;2;;;Zemljišče, na katerem je ali bo mogoče graditi stavbo in je delno komunalno opremljeno ali komunalno neopremljeno;STAVBNO;BREZOVICA;1724;;;2137/50 | 2137/57;;;1/1;1;;;;608.0;608.0;131.57894736842104;;;454307.635;95465.155;0;0;;ETN_008_2025_KPP_2025_POSLI_20260724.csv
965805;2025-07-21;2025;2025-10-15;2025;30000.0;1;Prodaja nepremičnin na prostem trgu;5;V preverjanju;Osnovna pogodba;Ne;;GOZDNO ZEMLJIŠČE;GOZDNO_ZEMLJISCE_CISTO;ENOSESTAVINSKI;C;GURS tržnost: V preverjanju;0;1;1;;;Zemljišče za gozdno rabo (gozd);GOZDNO;PRESERJE;1705;;;2352;;;1/1;1;;;;24558.0;24558.0;1.221597849987784;;;458028.9;86535.0;0;0;;ETN_008_2025_KPP_2025_POSLI_20260724.csv
966009;2025-06-18;2025;2025-10-15;2025;640.0;1;Prodaja nepremičnin na prostem trgu;5;V preverjanju;Osnovna pogodba;Ne;;MEŠANO/DRUGO ZEMLJIŠČE;NI_NEPOSREDNO_RAZDELJIV;ENOSESTAVINSKI;C;GURS tržnost: V preverjanju;0;1;1;;;Zemljišče, na katerem je cesta ali parkirišče;INFRASTRUKTURA;JEZERO;1703;;;101/2;;;1/1;1;;;;9.0;;;;;456610.9;92522.18;0;0;;ETN_008_2025_KPP_2025_POSLI_20260724.csv
966377;2025-09-02;2025;2025-10-15;2025;5832.9;1;Prodaja nepremičnin na prostem trgu;5;V preverjanju;Osnovna pogodba;Ne;;KMETIJSKO ZEMLJIŠČE;KMETIJSKO_ZEMLJISCE_CISTO;ENOSESTAVINSKI;C;GURS tržnost: V preverjanju;0;1;1;;;Zemljišče za kmetijsko rabo (njiva, travnik, pašnik);KMETIJSKO;RAKITNA;1652;;;1044;;;1/1;1;;;;6481.0;6481.0;0.8999999999999999;;;455893.68;85846.03;0;0;;ETN_008_2025_KPP_2025_POSLI_20260724.csv
966485;2025-09-03;2025;2025-10-15;2025;320000.0;1;Prodaja nepremičnin na prostem trgu;5;V preverjanju;Osnovna pogodba;Ne;;STANOVANJE Z DODATKI/ZEMLJIŠČEM;NI_NEPOSREDNO_RAZDELJIV;MEŠANI;C;GURS tržnost: V preverjanju;1;4;5;Stanovanje;STANOVANJE;Zemljišče, na katerem je cesta ali parkirišče;INFRASTRUKTURA;BREZOVICA;1724;VNANJE GORICE;NOVA POT 127;1542/154 | 1542/155 | 1542/220 | 1542/225;4156/2;1/1;1/1 | 2/72;0;86.1;86.1;69.1;79.44444444444444;;;2009;2009;456012.63599999994;96959.34599999999;0;0;;ETN_008_2025_KPP_2025_POSLI_20260724.csv
966695;2025-09-02;2025;2025-10-15;2025;8000.0;1;Prodaja nepremičnin na prostem trgu;5;V preverjanju;Osnovna pogodba;Ne;;KMETIJSKO ZEMLJIŠČE;NI_NEPOSREDNO_RAZDELJIV;ENOSESTAVINSKI;C;GURS tržnost: V preverjanju;0;1;1;;;Zemljišče za kmetijsko rabo (njiva, travnik, pašnik);KMETIJSKO;BREZOVICA;1724;;;441;;;7138/10035;0;;;;2855.2;;;;;455584.87;97872.36;0;0;;ETN_008_2025_KPP_2025_POSLI_20260724.csv
967293;2025-09-12;2025;2025-10-15;2025;360000.0;1;Prodaja nepremičnin na prostem trgu;5;V preverjanju;Osnovna pogodba;Ne;;STANOVANJE Z DODATKI/ZEMLJIŠČEM;NI_NEPOSREDNO_RAZDELJIV;MEŠANI;C;GURS tržnost: V preverjanju;1;7;8;Stanovanje;STANOVANJE;Zemljišče pod stavbo ali drugo stavbi ali delu stavbe pripadajoče zemljišče (zemljišče pod stavbo, dvorišče, dovozna pot, vrt, zelenica, stanovanjski atrij in podobno);PRIPADAJOCE;BREZOVICA;1724;VNANJE GORICE;NOVA POT 127 a;1542/151 | 1542/152 | 1542/188 | 1542/219 | 1542/220 | 1542/222 | 1542/225;4157/3;1/1;1/1 | 1/36;0;112.3;112.3;74.8;74.72222222222223;;;2009;2009;456021.4575;96967.91625;0;0;;ETN_008_2025_KPP_2025_POSLI_20260724.csv
967591;2025-09-18;2025;2025-10-15;2025;450000.0;1;Prodaja nepremičnin na prostem trgu;5;V preverjanju;Osnovna pogodba;Ne;;STAVBNO ZEMLJIŠČE;STAVBNO_ZEMLJISCE_CISTO;ENOSESTAVINSKI;C;GURS tržnost: V preverjanju;0;1;1;;;Zemljišče, na katerem je ali bo mogoče graditi stavbo in je delno komunalno opremljeno ali komunalno neopremljeno;STAVBNO;BREZOVICA;1724;;;1008;;;1/1;1;;;;2014.0;2014.0;223.4359483614697;;;454096.08;95862.52;0;0;;ETN_008_2025_KPP_2025_POSLI_20260724.csv
967716;2025-09-17;2025;2025-10-15;2025;2100.0;1;Prodaja nepremičnin na prostem trgu;5;V preverjanju;Osnovna pogodba;Ne;;STAVBNO ZEMLJIŠČE;STAVBNO_ZEMLJISCE_CISTO;ENOSESTAVINSKI;C;GURS tržnost: V preverjanju;0;1;1;;;Zemljišče, na katerem je ali bo mogoče graditi stavbo in je delno komunalno opremljeno ali komunalno neopremljeno;STAVBNO;KAMNIK;1704;;;8;;;1/1;1;;;;21.0;21.0;100.0;;;454290.11;90672.79;0;0;;ETN_008_2025_KPP_2025_POSLI_20260724.csv
967851;2025-09-25;2025;2025-10-15;2025;88270.0;1;Prodaja nepremičnin na prostem trgu;5;V preverjanju;Osnovna pogodba;Ne;;STAVBNO ZEMLJIŠČE;STAVBNO_ZEMLJISCE_CISTO;ENOSESTAVINSKI;C;GURS tržnost: V preverjanju;0;1;1;;;Zemljišče, na katerem je ali bo mogoče graditi stavbo in je delno komunalno opremljeno ali komunalno neopremljeno;STAVBNO;RAKITNA;1652;;;893/17;;;1/1;1;;;;679.0;679.0;130.0;;;456044.98;83000.86;0;0;;ETN_008_2025_KPP_2025_POSLI_20260724.csv
969370;2025-09-25;2025;2025-11-15;2025;461500.0;1;Prodaja nepremičnin na prostem trgu;5;V preverjanju;Osnovna pogodba;Ne;;HIŠA S PRIPADAJOČIM ZEMLJIŠČEM;HISA_CELI_POSEL;MEŠANI;C;GURS tržnost: V preverjanju;1;3;4;Stanovanjska hiša;STANOVANJSKA_HISA;Zemljišče pod stavbo ali drugo stavbi ali delu stavbe pripadajoče zemljišče (zemljišče pod stavbo, dvorišče, dovozna pot, vrt, zelenica, stanovanjski atrij in podobno) | Zemljišče, na katerem je ali bo mogoče graditi stavbo in je delno komunalno opremljeno ali komunalno neopremljeno;PRIPADAJOCE | STAVBNO;JEZERO;1703;JEZERO;188;362/159 | 362/160 | 362/161;659/1;1/1;1/1 | 1/12;0;143.7;143.7;140.9;260.8333333333333;;;2010;2010;455061.415;93053.7025;0;0;;ETN_008_2025_KPP_2025_POSLI_20260724.csv
969504;2025-09-25;2025;2025-11-15;2025;28360.0;1;Prodaja nepremičnin na prostem trgu;5;V preverjanju;Osnovna pogodba;Ne;;STAVBNO ZEMLJIŠČE;STAVBNO_ZEMLJISCE_CISTO;VEČSESTAVINSKI ISTOVRSTEN;C;GURS tržnost: V preverjanju;0;3;3;;;Zemljišče, na katerem je ali bo mogoče graditi stavbo in je delno komunalno opremljeno ali komunalno neopremljeno;STAVBNO;RAKITNA;1652;;;1397/52 | 1397/53 | 1397/56;;;1/1;1;;;;644.0;644.0;44.037267080745345;;;456692.85333333333;82810.97;0;0;;ETN_008_2025_KPP_2025_POSLI_20260724.csv
970030;2025-10-02;2025;2025-11-15;2025;3500.0;1;Prodaja nepremičnin na prostem trgu;5;V preverjanju;Osnovna pogodba;Ne;;GOZDNO ZEMLJIŠČE;GOZDNO_ZEMLJISCE_CISTO;ENOSESTAVINSKI;C;GURS tržnost: V preverjanju;0;1;1;;;Zemljišče za gozdno rabo (gozd);GOZDNO;RAKITNA;1652;;;1926;;;1/1;1;;;;7197.0;7197.0;0.4863137418368765;;;455805.35;81571.77;0;0;;ETN_008_2025_KPP_2025_POSLI_20260724.csv
970163;2025-10-03;2025;2025-11-15;2025;285000.0;1;Prodaja nepremičnin na prostem trgu;5;V preverjanju;Osnovna pogodba;Ne;;STAVBNO ZEMLJIŠČE;STAVBNO_ZEMLJISCE_CISTO;ENOSESTAVINSKI;C;GURS tržnost: V preverjanju;0;1;1;;;Zemljišče, na katerem je ali bo mogoče graditi stavbo in je delno komunalno opremljeno ali komunalno neopremljeno;STAVBNO;BREZOVICA;1724;;;582/8;;;1/1;1;;;;650.0;650.0;438.46153846153845;;;454607.07;97549.44;0;0;;ETN_008_2025_KPP_2025_POSLI_20260724.csv
970583;2025-10-08;2025;2025-11-15;2025;200000.0;1;Prodaja nepremičnin na prostem trgu;5;V preverjanju;Osnovna pogodba;Ne;;STAVBNO ZEMLJIŠČE;STAVBNO_ZEMLJISCE_CISTO;VEČSESTAVINSKI ISTOVRSTEN;C;GURS tržnost: V preverjanju;0;2;2;;;Zemljišče, na katerem je ali bo mogoče graditi stavbo in je delno komunalno opremljeno ali komunalno neopremljeno;STAVBNO;BREZOVICA;1724;;;298/32 | 298/33;;;1/1;1;;;;1003.0;1003.0;199.40179461615153;;;455629.555;98703.83499999999;0;0;;ETN_008_2025_KPP_2025_POSLI_20260724.csv
970752;2025-10-15;2025;2025-11-15;2025;16671.0;1;Prodaja nepremičnin na prostem trgu;5;V preverjanju;Osnovna pogodba;Ne;;KMETIJSKO ZEMLJIŠČE;KMETIJSKO_ZEMLJISCE_CISTO;ENOSESTAVINSKI;C;GURS tržnost: V preverjanju;0;1;1;;;Zemljišče za kmetijsko rabo (njiva, travnik, pašnik);KMETIJSKO;JEZERO;1703;;;600/2;;;1/1;1;;;;11114.0;11114.0;1.5;;;456169.15;92181.54;0;0;;ETN_008_2025_KPP_2025_POSLI_20260724.csv
970913;2025-10-17;2025;2025-11-15;2025;45000.0;1;Prodaja nepremičnin na prostem trgu;5;V preverjanju;Osnovna pogodba;Ne;;STAVBNO ZEMLJIŠČE;STAVBNO_ZEMLJISCE_CISTO;VEČSESTAVINSKI ISTOVRSTEN;C;GURS tržnost: V preverjanju;0;3;3;;;Zemljišče, na katerem je mogoče graditi stavbo in je komunalno opremljeno (priključki na vodo, elektriko in neposredni dostop do dovozne poti);STAVBNO;RAKITNA;1652;;;1209/13 | 1209/25 | 1209/26;;;1/1;1;;;;666.0;666.0;67.56756756756756;;;455572.9633333334;83021.24666666666;0;0;;ETN_008_2025_KPP_2025_POSLI_20260724.csv
970962;2025-10-17;2025;2025-11-15;2025;380000.0;1;Prodaja nepremičnin na prostem trgu;5;V preverjanju;Osnovna pogodba;Ne;;HIŠA S PRIPADAJOČIM ZEMLJIŠČEM;HISA_CELI_POSEL;MEŠANI;C;GURS tržnost: V preverjanju;1;3;4;Stanovanjska hiša;STANOVANJSKA_HISA;Zemljišče pod stavbo ali drugo stavbi ali delu stavbe pripadajoče zemljišče (zemljišče pod stavbo, dvorišče, dovozna pot, vrt, zelenica, stanovanjski atrij in podobno) | Zemljišče, na katerem je cesta ali parkirišče;INFRASTRUKTURA | PRIPADAJOCE;JEZERO;1703;JEZERO;28 e;397/10 | 397/17 | 397/18;604/1;1/1;1/1 | 1/12;0;146.9;146.9;125.0;465.9166666666667;;;2007;2007;455548.6925;92571.94750000001;0;0;;ETN_008_2025_KPP_2025_POSLI_20260724.csv
972415;2025-04-20;2025;2025-12-15;2025;7300.0;1;Prodaja nepremičnin na prostem trgu;5;V preverjanju;Osnovna pogodba;Ne;;GOZDNO ZEMLJIŠČE;GOZDNO_ZEMLJISCE_CISTO;ENOSESTAVINSKI;C;GURS tržnost: V preverjanju;0;1;1;;;Zemljišče za gozdno rabo (gozd);GOZDNO;RAKITNA;1652;;;1817/45;;;1/1;1;;;;14620.0;14620.0;0.4993160054719562;;;454989.05;82108.56;0;0;;ETN_008_2025_KPP_2025_POSLI_20260724.csv
973580;2025-11-09;2025;2025-12-15;2025;5200.0;1;Prodaja nepremičnin na prostem trgu;5;V preverjanju;Osnovna pogodba;Ne;;MEŠANO/DRUGO ZEMLJIŠČE;NI_NEPOSREDNO_RAZDELJIV;ENOSESTAVINSKI;C;GURS tržnost: V preverjanju;0;1;1;;;Zemljišče, na katerem je cesta ali parkirišče;INFRASTRUKTURA;RAKITNA;1652;;;893/202;;;1/1;1;;;;110.0;;;;;456110.48;83443.77;0;0;;ETN_008_2025_KPP_2025_POSLI_20260724.csv
973595;2025-11-12;2025;2025-12-15;2025;100000.0;1;Prodaja nepremičnin na prostem trgu;5;V preverjanju;Osnovna pogodba;Ne;;STAVBNO ZEMLJIŠČE;STAVBNO_ZEMLJISCE_CISTO;ENOSESTAVINSKI;C;GURS tržnost: V preverjanju;0;1;1;;;Zemljišče, na katerem je mogoče graditi stavbo in je komunalno opremljeno (priključki na vodo, elektriko in neposredni dostop do dovozne poti);STAVBNO;BREZOVICA;1724;;;2239/4;;;1/1;1;;;;333.0;333.0;300.3003003003003;;;454151.59;95623.66;0;0;;ETN_008_2025_KPP_2025_POSLI_20260724.csv
973845;2025-07-08;2025;2025-12-15;2025;3848.0;1;Prodaja nepremičnin na prostem trgu;5;V preverjanju;Osnovna pogodba;Ne;;STAVBNO ZEMLJIŠČE;STAVBNO_ZEMLJISCE_CISTO;ENOSESTAVINSKI;C;GURS tržnost: V preverjanju;0;1;1;;;Zemljišče, na katerem je ali bo mogoče graditi stavbo in je delno komunalno opremljeno ali komunalno neopremljeno;STAVBNO;PRESERJE;1705;;;2260/6;;;1/1;1;;;;37.0;37.0;104.0;;;454270.27;91417.4;0;0;;ETN_008_2025_KPP_2025_POSLI_20260724.csv
974159;2025-11-17;2025;2025-12-15;2025;217000.0;1;Prodaja nepremičnin na prostem trgu;5;V preverjanju;Osnovna pogodba;Ne;;STANOVANJE Z DODATKI/ZEMLJIŠČEM;NI_NEPOSREDNO_RAZDELJIV;MEŠANI;C;GURS tržnost: V preverjanju;2;1;3;Stanovanje | Tehnični ali pomožni prostori;POMOZNA_DRUGO | STANOVANJE;Zemljišče pod stavbo ali drugo stavbi ali delu stavbe pripadajoče zemljišče (zemljišče pod stavbo, dvorišče, dovozna pot, vrt, zelenica, stanovanjski atrij in podobno);PRIPADAJOCE;BREZOVICA;1724;BREZOVICA PRI LJUBLJANI;TRŽAŠKA CESTA 438;3530/31;253/16 | 253/18;1/1;1/2;0;62.4;62.4;58.9;12.0;;;1969;1969;454623.22666666674;98447.72333333334;0;0;;ETN_008_2025_KPP_2025_POSLI_20260724.csv
974238;2025-11-12;2025;2025-12-15;2025;39425.0;1;Prodaja nepremičnin na prostem trgu;5;V preverjanju;Osnovna pogodba;Ne;;STAVBNO ZEMLJIŠČE;STAVBNO_ZEMLJISCE_CISTO;ENOSESTAVINSKI;C;GURS tržnost: V preverjanju;0;1;1;;;Zemljišče, na katerem je ali bo mogoče graditi stavbo in je delno komunalno opremljeno ali komunalno neopremljeno;STAVBNO;RAKITNA;1652;;;906/18;;;1/1;1;;;;415.0;415.0;95.0;;;455618.41;83742.51;0;0;;ETN_008_2025_KPP_2025_POSLI_20260724.csv
974364;2025-11-11;2025;2025-12-15;2025;180000.0;1;Prodaja nepremičnin na prostem trgu;5;V preverjanju;Osnovna pogodba;Ne;;HIŠA S PRIPADAJOČIM ZEMLJIŠČEM;HISA_CELI_POSEL;MEŠANI;C;GURS tržnost: V preverjanju;2;1;3;Stanovanjska hiša | Tehnični ali pomožni prostori;POMOZNA_DRUGO | STANOVANJSKA_HISA;Zemljišče pod stavbo ali drugo stavbi ali delu stavbe pripadajoče zemljišče (zemljišče pod stavbo, dvorišče, dovozna pot, vrt, zelenica, stanovanjski atrij in podobno);PRIPADAJOCE;BREZOVICA;1724;NOTRANJE GORICE;V HRASTOVEC 16;2405/1;2323/1 | 2324/1;1/1;1/1;1;150.0;150.0;92.0;934.0;;;1965;1969;453656.5833333333;94815.10333333333;0;0;;ETN_008_2025_KPP_2025_POSLI_20260724.csv
974424;2025-11-21;2025;2025-12-15;2025;400000.0;1;Prodaja nepremičnin na prostem trgu;5;V preverjanju;Osnovna pogodba;Ne;;STAVBNO ZEMLJIŠČE;STAVBNO_ZEMLJISCE_CISTO;ENOSESTAVINSKI;C;GURS tržnost: V preverjanju;0;1;1;;;Zemljišče na katerem je mogoče graditi stavbo in ima gradbeno dovoljenje;STAVBNO;BREZOVICA;1724;;;272/35;;;1/1;1;;;;737.0;737.0;542.7408412483039;;;454908.92;98475.4;0;0;;ETN_008_2025_KPP_2025_POSLI_20260724.csv
975080;2025-07-07;2025;2026-01-15;2026;85104.81;3;Prodaja nepremicnin na javni dražbi ali druga oblika javne prodaje v izvršilnem postopku, prisilni poravnavi, stečaju ali stečajnem postopku;5;V preverjanju;Osnovna pogodba;Ne;;STAVBNO ZEMLJIŠČE;NI_NEPOSREDNO_RAZDELJIV;VEČSESTAVINSKI ISTOVRSTEN;C;"GURS tržnost: V preverjanju; ni prosti trg/prostovoljna javna prodaja";0;5;5;;;Zemljišče, na katerem je ali bo mogoče graditi stavbo in je delno komunalno opremljeno ali komunalno neopremljeno;STAVBNO;KAMNIK;1704;;;3394/44 | 3394/45 | 3394/46 | 3394/47 | 3394/48;;;221/400 | 579/1000;0;;;;612.817;;;;;453229.12;91846.294;0;0;;ETN_008_2026_KPP_2026_POSLI_20260724.csv
975647;2025-11-13;2025;2026-01-15;2026;15000.0;1;Prodaja nepremičnin na prostem trgu;5;V preverjanju;Osnovna pogodba;Ne;;KMETIJSKO ZEMLJIŠČE;KMETIJSKO_ZEMLJISCE_CISTO;ENOSESTAVINSKI;C;GURS tržnost: V preverjanju;0;1;1;;;Zemljišče za kmetijsko rabo (njiva, travnik, pašnik);KMETIJSKO;PRESERJE;1705;;;801/17;;;1/1;1;;;;187.0;187.0;80.21390374331551;;;454273.45;91586.93;0;0;;ETN_008_2026_KPP_2026_POSLI_20260724.csv
975722;2025-11-14;2025;2026-01-15;2026;5000.0;1;Prodaja nepremičnin na prostem trgu;5;V preverjanju;Osnovna pogodba;Ne;;HIŠA S PRIPADAJOČIM ZEMLJIŠČEM;NI_NEPOSREDNO_RAZDELJIV;MEŠANI;C;GURS tržnost: V preverjanju;3;22;25;Kmetijski objekt | Stanovanjska hiša;KMETIJSKI_OBJEKT | STANOVANJSKA_HISA;Neplodno ali vodno zemljišče ali drugo neuporabno zemljišče | Zemljišče za kmetijsko rabo (njiva, travnik, pašnik);DRUGO | KMETIJSKO;BLATNA BREZOVICA | KAMNIK;1704 | 1997;GORIČICA POD KRIMOM;40;*320 | 1571/1 | 1592 | 1593 | 1594/2 | 1596/2 | 1597 | 2408 | 3148 | 3149 | 403/1 | 403/12 | 403/13 | 403/14 | 403/15 | 403/16 | 403/4 | 403/5 | 403/6 | 403/7 | 403/8 | 403/9;25/1 | 26/1 | 27/1;1/18 | 1/4;1/18 | 1/4 | 2/45 | 478/33327 | 7/90;0;106.0;18.916666666666668;8.416666666666666;4001.9055555555556;;;1945;1978;451217.5728;91645.9628;0;0;;ETN_008_2026_KPP_2026_POSLI_20260724.csv
975730;2025-08-21;2025;2026-01-15;2026;8370.0;1;Prodaja nepremičnin na prostem trgu;5;V preverjanju;Osnovna pogodba;Ne;;KMETIJSKO ZEMLJIŠČE;KMETIJSKO_ZEMLJISCE_CISTO;VEČSESTAVINSKI ISTOVRSTEN;C;GURS tržnost: V preverjanju;0;2;2;;;Zemljišče za kmetijsko rabo (njiva, travnik, pašnik);KMETIJSKO;JEZERO;1703;;;369/4 | 369/6;;;1/1;1;;;;837.0;837.0;10.0;;;455434.305;93079.685;0;0;;ETN_008_2026_KPP_2026_POSLI_20260724.csv
975923;2025-11-27;2025;2026-01-15;2026;303750.0;1;Prodaja nepremičnin na prostem trgu;5;V preverjanju;Osnovna pogodba;Ne;;HIŠA S PRIPADAJOČIM ZEMLJIŠČEM;HISA_CELI_POSEL;MEŠANI;C;GURS tržnost: V preverjanju;1;2;3;Stanovanjska hiša;STANOVANJSKA_HISA;Zemljišče na katerem je mogoče graditi stavbo in ima gradbeno dovoljenje;STAVBNO;RAKITNA;1652;RAKITNA;376;1304/22 | 1304/31;684/1;1/1;1/1;1;175.0;175.0;100.4;1065.0;;;1985;1985;456474.23333333334;82603.57;0;0;;ETN_008_2026_KPP_2026_POSLI_20260724.csv
976804;2025-12-10;2025;2026-01-15;2026;255000.0;1;Prodaja nepremičnin na prostem trgu;5;V preverjanju;Osnovna pogodba;Ne;;HIŠA S PRIPADAJOČIM ZEMLJIŠČEM;HISA_CELI_POSEL;MEŠANI;C;GURS tržnost: V preverjanju;1;1;2;Stanovanjska hiša;STANOVANJSKA_HISA;Zemljišče pod stavbo ali drugo stavbi ali delu stavbe pripadajoče zemljišče (zemljišče pod stavbo, dvorišče, dovozna pot, vrt, zelenica, stanovanjski atrij in podobno);PRIPADAJOCE;BREZOVICA;1724;PODPLEŠIVICA;16;2790/16;1888/1;1/1;1/1;1;236.5;236.5;120.8;447.0;;;1970;1970;452319.255;95656.4;0;0;;ETN_008_2026_KPP_2026_POSLI_20260724.csv
977402;2025-12-19;2025;2026-01-15;2026;391200.0;1;Prodaja nepremičnin na prostem trgu;5;V preverjanju;Osnovna pogodba;Ne;;HIŠA S PRIPADAJOČIM ZEMLJIŠČEM;NI_NEPOSREDNO_RAZDELJIV;MEŠANI;C;GURS tržnost: V preverjanju;2;2;4;Kmetijski objekt | Stanovanjska hiša;KMETIJSKI_OBJEKT | STANOVANJSKA_HISA;Zemljišče pod stavbo ali drugo stavbi ali delu stavbe pripadajoče zemljišče (zemljišče pod stavbo, dvorišče, dovozna pot, vrt, zelenica, stanovanjski atrij in podobno);PRIPADAJOCE;BREZOVICA;1724;VNANJE GORICE;NA BRCE 22;1181/1 | 1185/4;1019/1 | 1019/2;1/1;1/1;1;232.0;232.0;116.0;978.0;;;1856;1856;455253.54500000004;96305.5375;0;0;;ETN_008_2026_KPP_2026_POSLI_20260724.csv
977409;2025-12-08;2025;2026-01-15;2026;250500.0;3;Prodaja nepremicnin na javni dražbi ali druga oblika javne prodaje v izvršilnem postopku, prisilni poravnavi, stečaju ali stečajnem postopku;5;V preverjanju;Osnovna pogodba;Ne;;HIŠA S PRIPADAJOČIM ZEMLJIŠČEM;HISA_CELI_POSEL;MEŠANI;C;"GURS tržnost: V preverjanju; ni prosti trg/prostovoljna javna prodaja";2;1;3;Stanovanjska hiša | Tehnični ali pomožni prostori;POMOZNA_DRUGO | STANOVANJSKA_HISA;Zemljišče pod stavbo ali drugo stavbi ali delu stavbe pripadajoče zemljišče (zemljišče pod stavbo, dvorišče, dovozna pot, vrt, zelenica, stanovanjski atrij in podobno);PRIPADAJOCE;PRESERJE;1705;PODPEČ;75 b;806/2;642/1 | 643/1;1/2;1/2;0;364.5;182.25;149.85;1726.5;;;1990;1995;454304.0433333333;91772.43666666666;0;0;;ETN_008_2026_KPP_2026_POSLI_20260724.csv
979020;2025-07-28;2025;2026-02-15;2026;69420.0;1;Prodaja nepremičnin na prostem trgu;5;V preverjanju;Osnovna pogodba;Ne;;KMETIJSKO ZEMLJIŠČE;KMETIJSKO_ZEMLJISCE_CISTO;VEČSESTAVINSKI ISTOVRSTEN;C;GURS tržnost: V preverjanju;0;3;3;;;Zemljišče za kmetijsko rabo (njiva, travnik, pašnik);KMETIJSKO;PRESERJE;1705;;;835/1 | 876 | 879;;;1/1;1;;;;23140.0;23140.0;3.0;;;454549.72;92250.66333333333;0;0;;ETN_008_2026_KPP_2026_POSLI_20260724.csv
979215;2025-12-15;2025;2026-02-15;2026;260000.0;1;Prodaja nepremičnin na prostem trgu;5;V preverjanju;Osnovna pogodba;Ne;;HIŠA S PRIPADAJOČIM ZEMLJIŠČEM;NI_NEPOSREDNO_RAZDELJIV;MEŠANI;C;GURS tržnost: V preverjanju;15;7;22;Garaža | Kmetijski objekt | Stanovanjska hiša | Tehnični ali pomožni prostori;KMETIJSKI_OBJEKT | PARKIRANJE | POMOZNA_DRUGO | STANOVANJSKA_HISA;Zemljišče pod stavbo ali drugo stavbi ali delu stavbe pripadajoče zemljišče (zemljišče pod stavbo, dvorišče, dovozna pot, vrt, zelenica, stanovanjski atrij in podobno) | Zemljišče, na katerem je ali bo mogoče graditi stavbo in je delno komunalno opremljeno ali komunalno neopremljeno;PRIPADAJOCE | STAVBNO;PRESERJE;1705;PRESERJE;1;*271 | 392/12 | 392/4 | 393/1;280/1 | 280/2 | 282/1 | 283/1 | 284/1 | 284/2 | 286/1 | 286/2;1/1 | 3/50 | 47/50;1/1 | 3/50 | 47/50;0;987.5;505.3;500.9;1919.0;;;1938;1967;454643.38409090904;90753.12681818182;0;0;;ETN_008_2026_KPP_2026_POSLI_20260724.csv
979290;2025-12-08;2025;2026-02-15;2026;304691.0;3;Prodaja nepremicnin na javni dražbi ali druga oblika javne prodaje v izvršilnem postopku, prisilni poravnavi, stečaju ali stečajnem postopku;5;V preverjanju;Osnovna pogodba;Ne;;MEŠANI POSEL – STAVBA IN ZEMLJIŠČE;NI_NEPOSREDNO_RAZDELJIV;MEŠANI;C;"GURS tržnost: V preverjanju; ni prosti trg/prostovoljna javna prodaja";1;2;3;Drugo;POMOZNA_DRUGO;Zemljišče, na katerem je ali bo mogoče graditi prometno ali energetsko infrastrukturo (cesta, plinovod in drugo) | Zemljišče, na katerem je cesta ali parkirišče;INFRASTRUKTURA;KAMNIK | PRESERJE;1704 | 1705;;;206/3 | 806/1;644/1;1/1;1/1 | 1/2;0;71.1;71.1;71.1;11532.5;;;1998;1998;454204.1966666666;91838.86333333333;0;0;;ETN_008_2026_KPP_2026_POSLI_20260724.csv
979339;2025-12-01;2025;2026-02-15;2026;29404.8;1;Prodaja nepremičnin na prostem trgu;5;V preverjanju;Osnovna pogodba;Ne;;KMETIJSKO ZEMLJIŠČE;KMETIJSKO_ZEMLJISCE_CISTO;ENOSESTAVINSKI;C;GURS tržnost: V preverjanju;0;1;1;;;Zemljišče za kmetijsko rabo (njiva, travnik, pašnik);KMETIJSKO;BREZOVICA;1724;;;2790/35;;;1/1;1;;;;6126.0;6126.0;4.8;;;452056.58;95463.26;0;0;;ETN_008_2026_KPP_2026_POSLI_20260724.csv
979357;2025-12-18;2025;2026-02-15;2026;4000.0;1;Prodaja nepremičnin na prostem trgu;5;V preverjanju;Osnovna pogodba;Ne;;KMETIJSKO ZEMLJIŠČE;KMETIJSKO_ZEMLJISCE_CISTO;ENOSESTAVINSKI;C;GURS tržnost: V preverjanju;0;1;1;;;Zemljišče za kmetijsko rabo (njiva, travnik, pašnik);KMETIJSKO;RAKITNA;1652;;;1143/6;;;1/1;1;;;;1003.0;1003.0;3.988035892323031;;;455331.88;84148.18;0;0;;ETN_008_2026_KPP_2026_POSLI_20260724.csv
979621;2025-12-04;2025;2026-02-15;2026;600000.0;1;Prodaja nepremičnin na prostem trgu;5;V preverjanju;Osnovna pogodba;Ne;;HIŠA S PRIPADAJOČIM ZEMLJIŠČEM;HISA_CELI_POSEL;MEŠANI;C;GURS tržnost: V preverjanju;1;2;3;Stanovanjska hiša;STANOVANJSKA_HISA;Zemljišče pod stavbo ali drugo stavbi ali delu stavbe pripadajoče zemljišče (zemljišče pod stavbo, dvorišče, dovozna pot, vrt, zelenica, stanovanjski atrij in podobno);PRIPADAJOCE;RAKITNA;1652;RAKITNA;19 d;904/4 | 904/5;945/1;1/1;1/1;1;137.4;137.4;128.5;965.0;;;2017;2017;455659.7;83782.88666666667;0;0;;ETN_008_2026_KPP_2026_POSLI_20260724.csv
979811;2025-12-30;2025;2026-02-15;2026;1698.0;1;Prodaja nepremičnin na prostem trgu;5;V preverjanju;Osnovna pogodba;Ne;;GOZDNO ZEMLJIŠČE;GOZDNO_ZEMLJISCE_CISTO;ENOSESTAVINSKI;C;GURS tržnost: V preverjanju;0;1;1;;;Zemljišče za gozdno rabo (gozd);GOZDNO;RAKITNA;1652;;;1397/62;;;1/1;1;;;;843.0;843.0;2.01423487544484;;;456695.54;82831.29;0;0;;ETN_008_2026_KPP_2026_POSLI_20260724.csv
980144;2025-12-22;2025;2026-02-15;2026;2006400.0;1;Prodaja nepremičnin na prostem trgu;5;V preverjanju;Osnovna pogodba;Ne;;STAVBNO ZEMLJIŠČE;NI_NEPOSREDNO_RAZDELJIV;VEČSESTAVINSKI ISTOVRSTEN;C;GURS tržnost: V preverjanju;0;6;6;;;Zemljišče, na katerem je ali bo mogoče graditi stavbo in je delno komunalno opremljeno ali komunalno neopremljeno;STAVBNO;BREZOVICA;1724;;;607/111 | 607/112 | 607/113 | 607/125 | 607/128 | 607/129;;;1/1 | 1/2;0;;;;5070.0;;;;;454581.41500000004;97923.93333333333;0;0;;ETN_008_2026_KPP_2026_POSLI_20260724.csv
980534;2025-10-14;2025;2026-02-15;2026;760.0;1;Prodaja nepremičnin na prostem trgu;5;V preverjanju;Osnovna pogodba;Ne;;GOZDNO ZEMLJIŠČE;NI_NEPOSREDNO_RAZDELJIV;ENOSESTAVINSKI;C;GURS tržnost: V preverjanju;0;1;1;;;Zemljišče za gozdno rabo (gozd);GOZDNO;RAKITNA;1652;;;1472;;;1/2;0;;;;971.0;;;;;458056.57;82162.16;0;0;;ETN_008_2026_KPP_2026_POSLI_20260724.csv
980720;2025-12-17;2025;2026-02-15;2026;3380.0;1;Prodaja nepremičnin na prostem trgu;5;V preverjanju;Osnovna pogodba;Ne;;STAVBNO ZEMLJIŠČE;STAVBNO_ZEMLJISCE_CISTO;VEČSESTAVINSKI ISTOVRSTEN;C;GURS tržnost: V preverjanju;0;2;2;;;Zemljišče, na katerem je ali bo mogoče graditi stavbo in je delno komunalno opremljeno ali komunalno neopremljeno;STAVBNO;KAMNIK;1704;;;3167/15 | 3173/6;;;1/1;1;;;;26.0;26.0;130.0;;;454191.385;90478.85;0;0;;ETN_008_2026_KPP_2026_POSLI_20260724.csv
982164;2025-12-17;2025;2026-03-15;2026;1500.0;3;Prodaja nepremicnin na javni dražbi ali druga oblika javne prodaje v izvršilnem postopku, prisilni poravnavi, stečaju ali stečajnem postopku;5;V preverjanju;Osnovna pogodba;Ne;;STAVBNO ZEMLJIŠČE;NI_NEPOSREDNO_RAZDELJIV;ENOSESTAVINSKI;C;"GURS tržnost: V preverjanju; ni prosti trg/prostovoljna javna prodaja";0;1;1;;;Zemljišče, na katerem je ali bo mogoče graditi stavbo in je delno komunalno opremljeno ali komunalno neopremljeno;STAVBNO;PRESERJE;1705;;;913/7;;;1/8;0;;;;75.0;;;;;455032.23;92899.43;0;0;;ETN_008_2026_KPP_2026_POSLI_20260724.csv
982171;2025-11-04;2025;2026-03-15;2026;4600.0;1;Prodaja nepremičnin na prostem trgu;5;V preverjanju;Osnovna pogodba;Ne;;KMETIJSKO ZEMLJIŠČE;NI_NEPOSREDNO_RAZDELJIV;ENOSESTAVINSKI;C;GURS tržnost: V preverjanju;0;1;1;;;Zemljišče za kmetijsko rabo (njiva, travnik, pašnik);KMETIJSKO;KAMNIK;1704;;;1241/2;;;5/6;0;;;;1528.3333333333335;;;;;453754.04;90709.74;0;0;;ETN_008_2026_KPP_2026_POSLI_20260724.csv
982351;2026-01-15;2026;2026-03-15;2026;350000.0;1;Prodaja nepremičnin na prostem trgu;5;V preverjanju;Osnovna pogodba;Ne;;HIŠA S PRIPADAJOČIM ZEMLJIŠČEM;NI_NEPOSREDNO_RAZDELJIV;MEŠANI;C;GURS tržnost: V preverjanju;3;3;6;Kmetijski objekt | Stanovanjska hiša;KMETIJSKI_OBJEKT | STANOVANJSKA_HISA;Zemljišče pod stavbo ali drugo stavbi ali delu stavbe pripadajoče zemljišče (zemljišče pod stavbo, dvorišče, dovozna pot, vrt, zelenica, stanovanjski atrij in podobno) | Zemljišče, na katerem je ali bo mogoče graditi stavbo in je delno komunalno opremljeno ali komunalno neopremljeno;PRIPADAJOCE | STAVBNO;BREZOVICA;1724;NOTRANJE GORICE;PODPEŠKA CESTA 273;2138/3 | 2138/61 | 2220/4;2934/1 | 2935/1 | 2936/1;1/1;1/1;1;337.9;337.9;241.3;1101.0;;;1900;1959;454211.23;95503.32833333332;0;0;;ETN_008_2026_KPP_2026_POSLI_20260724.csv
982489;2026-01-09;2026;2026-03-15;2026;32400.0;1;Prodaja nepremičnin na prostem trgu;5;V preverjanju;Osnovna pogodba;Ne;;STAVBNO ZEMLJIŠČE;NI_NEPOSREDNO_RAZDELJIV;ENOSESTAVINSKI;C;GURS tržnost: V preverjanju;0;1;1;;;Zemljišče, na katerem je ali bo mogoče graditi stavbo in je delno komunalno opremljeno ali komunalno neopremljeno;STAVBNO;BREZOVICA;1724;;;607/129;;;1/2;0;;;;81.0;;;;;454573.73;97904.64;0;0;;ETN_008_2026_KPP_2026_POSLI_20260724.csv
982687;2026-01-13;2026;2026-03-15;2026;306890.0;1;Prodaja nepremičnin na prostem trgu;5;V preverjanju;Osnovna pogodba;Ne;;STAVBNO ZEMLJIŠČE;NI_NEPOSREDNO_RAZDELJIV;VEČSESTAVINSKI ISTOVRSTEN;C;GURS tržnost: V preverjanju;0;2;2;;;Zemljišče, na katerem je ali bo mogoče graditi stavbo in je delno komunalno opremljeno ali komunalno neopremljeno;STAVBNO;BREZOVICA;1724;;;607/97 | 607/98;;;1/1 | 1/3;0;;;;651.6666666666666;;;;;454530.375;97901.14499999999;0;0;;ETN_008_2026_KPP_2026_POSLI_20260724.csv
982762;2026-01-28;2026;2026-03-15;2026;30865.8;1;Prodaja nepremičnin na prostem trgu;5;V preverjanju;Osnovna pogodba;Ne;;KMETIJSKO ZEMLJIŠČE;KMETIJSKO_ZEMLJISCE_CISTO;VEČSESTAVINSKI ISTOVRSTEN;C;GURS tržnost: V preverjanju;0;2;2;;;Zemljišče za kmetijsko rabo (njiva, travnik, pašnik);KMETIJSKO;BREZOVICA;1724;;;3097 | 3191;;;1/1;1;;;;15753.0;15753.0;1.9593601218815464;;;452257.385;94360.07;0;0;;ETN_008_2026_KPP_2026_POSLI_20260724.csv
982800;2025-12-10;2025;2026-03-15;2026;309.0;3;Prodaja nepremicnin na javni dražbi ali druga oblika javne prodaje v izvršilnem postopku, prisilni poravnavi, stečaju ali stečajnem postopku;5;V preverjanju;Osnovna pogodba;Ne;;MEŠANO/DRUGO ZEMLJIŠČE;NI_NEPOSREDNO_RAZDELJIV;ENOSESTAVINSKI;C;"GURS tržnost: V preverjanju; ni prosti trg/prostovoljna javna prodaja";0;1;1;;;Zemljišče, na katerem je cesta ali parkirišče;INFRASTRUKTURA;KAMNIK;1704;;;206/3;;;1/2;0;;;;160.5;;;;;454144.23;91928.7;0;0;;ETN_008_2026_KPP_2026_POSLI_20260724.csv
982869;2025-12-11;2025;2026-03-15;2026;250500.0;3;Prodaja nepremicnin na javni dražbi ali druga oblika javne prodaje v izvršilnem postopku, prisilni poravnavi, stečaju ali stečajnem postopku;5;V preverjanju;Osnovna pogodba;Ne;;HIŠA S PRIPADAJOČIM ZEMLJIŠČEM;HISA_CELI_POSEL;MEŠANI;C;"GURS tržnost: V preverjanju; ni prosti trg/prostovoljna javna prodaja";2;1;3;Stanovanjska hiša | Tehnični ali pomožni prostori;POMOZNA_DRUGO | STANOVANJSKA_HISA;Zemljišče na katerem je mogoče graditi stavbo in ima gradbeno dovoljenje;STAVBNO;PRESERJE;1705;PODPEČ;75 b;806/2;642/1 | 643/1;1/2;1/2;0;364.5;182.25;149.85;1726.5;;;1990;1995;454304.0433333333;91772.43666666666;0;0;;ETN_008_2026_KPP_2026_POSLI_20260724.csv
983075;2025-11-28;2025;2026-03-15;2026;31299.0;1;Prodaja nepremičnin na prostem trgu;5;V preverjanju;Osnovna pogodba;Ne;;KMETIJSKO ZEMLJIŠČE;KMETIJSKO_ZEMLJISCE_CISTO;VEČSESTAVINSKI ISTOVRSTEN;C;GURS tržnost: V preverjanju;0;3;3;;;Zemljišče za kmetijsko rabo (njiva, travnik, pašnik);KMETIJSKO;BREZOVICA;1724;;;675/31 | 677/3 | 678/6;;;1/1;1;;;;10433.0;10433.0;3.0;;;453711.6566666667;97759.64666666667;0;0;;ETN_008_2026_KPP_2026_POSLI_20260724.csv
984188;2026-02-17;2026;2026-03-15;2026;19172.0;1;Prodaja nepremičnin na prostem trgu;5;V preverjanju;Osnovna pogodba;Ne;;KMETIJSKO ZEMLJIŠČE;KMETIJSKO_ZEMLJISCE_CISTO;ENOSESTAVINSKI;C;GURS tržnost: V preverjanju;0;1;1;;;Zemljišče za kmetijsko rabo (njiva, travnik, pašnik);KMETIJSKO;BREZOVICA;1724;;;3507/4;;;1/1;1;;;;9586.0;9586.0;2.0;;;454238.94;93182.45;0;0;;ETN_008_2026_KPP_2026_POSLI_20260724.csv
984233;2026-02-04;2026;2026-03-15;2026;17400.0;1;Prodaja nepremičnin na prostem trgu;5;V preverjanju;Osnovna pogodba;Ne;;KMETIJSKO ZEMLJIŠČE;KMETIJSKO_ZEMLJISCE_CISTO;ENOSESTAVINSKI;C;GURS tržnost: V preverjanju;0;1;1;;;Zemljišče za kmetijsko rabo (njiva, travnik, pašnik);KMETIJSKO;BREZOVICA;1724;;;2790/41;;;1/1;1;;;;145.0;145.0;120.0;;;452280.37;95744.47;0;0;;ETN_008_2026_KPP_2026_POSLI_20260724.csv
984240;2026-02-18;2026;2026-03-15;2026;12064.0;1;Prodaja nepremičnin na prostem trgu;5;V preverjanju;Osnovna pogodba;Ne;;KMETIJSKO ZEMLJIŠČE;KMETIJSKO_ZEMLJISCE_CISTO;ENOSESTAVINSKI;C;GURS tržnost: V preverjanju;0;1;1;;;Zemljišče za kmetijsko rabo (njiva, travnik, pašnik);KMETIJSKO;BREZOVICA;1724;;;2195;;;1/1;1;;;;6032.0;6032.0;2.0;;;454147.72;94371.72;0;0;;ETN_008_2026_KPP_2026_POSLI_20260724.csv
984307;2025-12-29;2025;2026-03-15;2026;19404.0;1;Prodaja nepremičnin na prostem trgu;5;V preverjanju;Osnovna pogodba;Ne;;KMETIJSKO ZEMLJIŠČE;KMETIJSKO_ZEMLJISCE_CISTO;ENOSESTAVINSKI;C;GURS tržnost: V preverjanju;0;1;1;;;Zemljišče za kmetijsko rabo (njiva, travnik, pašnik);KMETIJSKO;BREZOVICA;1724;;;2808/5;;;1/1;1;;;;4312.0;4312.0;4.5;;;452680.66;95430.19;0;0;;ETN_008_2026_KPP_2026_POSLI_20260724.csv
984319;2026-02-20;2026;2026-03-15;2026;290000.0;1;Prodaja nepremičnin na prostem trgu;5;V preverjanju;Osnovna pogodba;Ne;;STANOVANJE Z DODATKI/ZEMLJIŠČEM;NI_NEPOSREDNO_RAZDELJIV;MEŠANI;C;GURS tržnost: V preverjanju;2;3;5;Stanovanje | Tehnični ali pomožni prostori;POMOZNA_DRUGO | STANOVANJE;Zemljišče, na katerem je cesta ali parkirišče;INFRASTRUKTURA;BREZOVICA;1724;BREZOVICA PRI LJUBLJANI;KAPALNIŠKA POT 7;298/15 | 298/17 | 298/26;3634/3 | 3634/4;1/1;1/1 | 1/9 | 897/5000;0;86.4;86.4;76.0;64.79304444444445;;;2005;2005;455628.02800000005;98674.228;0;0;;ETN_008_2026_KPP_2026_POSLI_20260724.csv
985197;2026-02-02;2026;2026-04-15;2026;71180.0;1;Prodaja nepremičnin na prostem trgu;5;V preverjanju;Osnovna pogodba;Ne;;STAVBNO ZEMLJIŠČE;STAVBNO_ZEMLJISCE_CISTO;ENOSESTAVINSKI;C;GURS tržnost: V preverjanju;0;1;1;;;Zemljišče, na katerem je ali bo mogoče graditi stavbo in je delno komunalno opremljeno ali komunalno neopremljeno;STAVBNO;RAKITNA;1652;;;1064/15;;;1/1;1;;;;1091.0;1091.0;65.24289642529789;;;455213.29;84347.03;0;0;;ETN_008_2026_KPP_2026_POSLI_20260724.csv
985230;2026-02-02;2026;2026-04-15;2026;5000.0;1;Prodaja nepremičnin na prostem trgu;5;V preverjanju;Osnovna pogodba;Ne;;KMETIJSKO ZEMLJIŠČE;KMETIJSKO_ZEMLJISCE_CISTO;ENOSESTAVINSKI;C;GURS tržnost: V preverjanju;0;1;1;;;Zemljišče za kmetijsko rabo (njiva, travnik, pašnik);KMETIJSKO;RAKITNA;1652;;;414;;;1/1;1;;;;3147.0;3147.0;1.5888147442008262;;;455957.32;84417.25;0;0;;ETN_008_2026_KPP_2026_POSLI_20260724.csv
985243;2026-01-27;2026;2026-04-15;2026;10000.0;1;Prodaja nepremičnin na prostem trgu;5;V preverjanju;Osnovna pogodba;Ne;;KMETIJSKO ZEMLJIŠČE;KMETIJSKO_ZEMLJISCE_CISTO;ENOSESTAVINSKI;C;GURS tržnost: V preverjanju;0;1;1;;;Zemljišče za kmetijsko rabo (njiva, travnik, pašnik);KMETIJSKO;BREZOVICA;1724;;;918/1;;;1/1;1;;;;2776.0;2776.0;3.602305475504323;;;453379.99;95822.97;0;0;;ETN_008_2026_KPP_2026_POSLI_20260724.csv
985468;2026-02-19;2026;2026-04-15;2026;157500.0;1;Prodaja nepremičnin na prostem trgu;5;V preverjanju;Osnovna pogodba;Ne;;MEŠANO/DRUGO ZEMLJIŠČE;NI_NEPOSREDNO_RAZDELJIV;MEŠANI;C;GURS tržnost: V preverjanju;0;4;4;;;Zemljišče, na katerem je ali bo mogoče graditi prometno ali energetsko infrastrukturo (cesta, plinovod in drugo) | Zemljišče, na katerem je mogoče graditi stavbo in je komunalno opremljeno (priključki na vodo, elektriko in neposredni dostop do dovozne poti);INFRASTRUKTURA | STAVBNO;BREZOVICA;1724;;;583/42 | 583/44 | 583/47 | 583/6;;;1/1 | 1/2 | 3/10;0;;;;724.9;;;;;454773.88;97547.3;0;0;;ETN_008_2026_KPP_2026_POSLI_20260724.csv
985504;2026-02-19;2026;2026-04-15;2026;17472.0;1;Prodaja nepremičnin na prostem trgu;5;V preverjanju;Osnovna pogodba;Ne;;KMETIJSKO ZEMLJIŠČE;KMETIJSKO_ZEMLJISCE_CISTO;ENOSESTAVINSKI;C;GURS tržnost: V preverjanju;0;1;1;;;Zemljišče za kmetijsko rabo (njiva, travnik, pašnik);KMETIJSKO;BREZOVICA;1724;;;3502/1;;;1/1;1;;;;8736.0;8736.0;2.0;;;454100.69;93160.8;0;0;;ETN_008_2026_KPP_2026_POSLI_20260724.csv
985731;2026-02-25;2026;2026-04-15;2026;23926.0;1;Prodaja nepremičnin na prostem trgu;5;V preverjanju;Osnovna pogodba;Ne;;KMETIJSKO ZEMLJIŠČE;KMETIJSKO_ZEMLJISCE_CISTO;ENOSESTAVINSKI;C;GURS tržnost: V preverjanju;0;1;1;;;Zemljišče za kmetijsko rabo (njiva, travnik, pašnik);KMETIJSKO;BREZOVICA;1724;;;3508/6;;;1/1;1;;;;11963.0;11963.0;2.0;;;454249.97;93401.8;0;0;;ETN_008_2026_KPP_2026_POSLI_20260724.csv
985758;2026-02-26;2026;2026-04-15;2026;197700.0;1;Prodaja nepremičnin na prostem trgu;5;V preverjanju;Osnovna pogodba;Ne;;MEŠANO/DRUGO ZEMLJIŠČE;NI_NEPOSREDNO_RAZDELJIV;MEŠANI;C;GURS tržnost: V preverjanju;0;4;4;;;Zemljišče, na katerem je ali bo mogoče graditi prometno ali energetsko infrastrukturo (cesta, plinovod in drugo) | Zemljišče, na katerem je mogoče graditi stavbo in je komunalno opremljeno (priključki na vodo, elektriko in neposredni dostop do dovozne poti);INFRASTRUKTURA | STAVBNO;BREZOVICA;1724;;;583/42 | 583/44 | 583/48 | 583/6;;;1/1 | 3/10;0;;;;924.4;;;;;454781.135;97548.755;0;0;;ETN_008_2026_KPP_2026_POSLI_20260724.csv
985801;2026-02-26;2026;2026-04-15;2026;200000.0;1;Prodaja nepremičnin na prostem trgu;5;V preverjanju;Osnovna pogodba;Ne;;STANOVANJE Z DODATKI/ZEMLJIŠČEM;NI_NEPOSREDNO_RAZDELJIV;MEŠANI;C;GURS tržnost: V preverjanju;1;4;5;Stanovanje;STANOVANJE;Zemljišče na katerem je mogoče graditi stavbo in ima gradbeno dovoljenje;STAVBNO;BREZOVICA;1724;BREZOVICA PRI LJUBLJANI;PODPEŠKA CESTA 89 a;571/31 | 571/63 | 571/64 | 571/65;3636/2;1/1;1/1 | 1/6;0;45.1;45.1;43.9;9.833333333333332;;;2006;2006;454725.968;97397.90599999999;0;0;;ETN_008_2026_KPP_2026_POSLI_20260724.csv
985853;2026-02-27;2026;2026-04-15;2026;82000.0;1;Prodaja nepremičnin na prostem trgu;5;V preverjanju;Osnovna pogodba;Ne;;STAVBNO ZEMLJIŠČE;STAVBNO_ZEMLJISCE_CISTO;ENOSESTAVINSKI;C;GURS tržnost: V preverjanju;0;1;1;;;Zemljišče na katerem je mogoče graditi stavbo in ima gradbeno dovoljenje;STAVBNO;RAKITNA;1652;;;1303/28;;;1/1;1;;;;844.0;844.0;97.1563981042654;;;456503.87;82538.81;0;0;;ETN_008_2026_KPP_2026_POSLI_20260724.csv
985951;2026-02-27;2026;2026-04-15;2026;110000.0;1;Prodaja nepremičnin na prostem trgu;5;V preverjanju;Osnovna pogodba;Ne;;STAVBNO ZEMLJIŠČE;STAVBNO_ZEMLJISCE_CISTO;ENOSESTAVINSKI;C;GURS tržnost: V preverjanju;0;1;1;;;Zemljišče, na katerem je ali bo mogoče graditi stavbo in je delno komunalno opremljeno ali komunalno neopremljeno;STAVBNO;BREZOVICA;1724;;;564/42;;;1/1;1;;;;611.0;611.0;180.0327332242226;;;454486.22;97249.21;0;0;;ETN_008_2026_KPP_2026_POSLI_20260724.csv
986171;2026-02-27;2026;2026-04-15;2026;19188.0;1;Prodaja nepremičnin na prostem trgu;5;V preverjanju;Osnovna pogodba;Ne;;KMETIJSKO ZEMLJIŠČE;KMETIJSKO_ZEMLJISCE_CISTO;ENOSESTAVINSKI;C;GURS tržnost: V preverjanju;0;1;1;;;Zemljišče za kmetijsko rabo (njiva, travnik, pašnik);KMETIJSKO;KAMNIK;1704;;;402/6;;;1/1;1;;;;10660.0;10660.0;1.8;;;451149.73;91804.48;0;0;;ETN_008_2026_KPP_2026_POSLI_20260724.csv
986448;2026-02-09;2026;2026-04-15;2026;3500.0;1;Prodaja nepremičnin na prostem trgu;5;V preverjanju;Osnovna pogodba;Ne;;STAVBNO ZEMLJIŠČE;STAVBNO_ZEMLJISCE_CISTO;ENOSESTAVINSKI;C;GURS tržnost: V preverjanju;0;1;1;;;Zemljišče, na katerem je ali bo mogoče graditi stavbo in je delno komunalno opremljeno ali komunalno neopremljeno;STAVBNO;RAKITNA;1652;;;887/3;;;1/1;1;;;;62.0;62.0;56.45161290322581;;;456247.1;83226.18;0;0;;ETN_008_2026_KPP_2026_POSLI_20260724.csv
986457;2026-03-05;2026;2026-04-15;2026;240000.0;1;Prodaja nepremičnin na prostem trgu;5;V preverjanju;Osnovna pogodba;Ne;;STANOVANJE Z DODATKI/ZEMLJIŠČEM;NI_NEPOSREDNO_RAZDELJIV;MEŠANI;C;GURS tržnost: V preverjanju;1;1;2;Stanovanje;STANOVANJE;Zemljišče pod stavbo ali drugo stavbi ali delu stavbe pripadajoče zemljišče (zemljišče pod stavbo, dvorišče, dovozna pot, vrt, zelenica, stanovanjski atrij in podobno);PRIPADAJOCE;BREZOVICA;1724;ŽABNICA;15;2318/17;2869/1;1/1;1/1;1;64.7;64.7;58.7;73.0;;;1960;1960;453908.66;95555.10500000001;0;0;;ETN_008_2026_KPP_2026_POSLI_20260724.csv
986558;2026-03-06;2026;2026-04-15;2026;15000.0;1;Prodaja nepremičnin na prostem trgu;5;V preverjanju;Osnovna pogodba;Ne;;HIŠA S PRIPADAJOČIM ZEMLJIŠČEM;NI_NEPOSREDNO_RAZDELJIV;MEŠANI;C;GURS tržnost: V preverjanju;7;3;10;Garaža | Kmetijski objekt | Stanovanjska hiša | Tehnični ali pomožni prostori;KMETIJSKI_OBJEKT | PARKIRANJE | POMOZNA_DRUGO | STANOVANJSKA_HISA;Zemljišče pod stavbo ali drugo stavbi ali delu stavbe pripadajoče zemljišče (zemljišče pod stavbo, dvorišče, dovozna pot, vrt, zelenica, stanovanjski atrij in podobno) | Zemljišče za kmetijsko rabo (njiva, travnik, pašnik);KMETIJSKO | PRIPADAJOCE;BREZOVICA;1724;BREZOVICA PRI LJUBLJANI;BREZOVIŠKA CESTA 17;21/1 | 21/2 | 22/5;1601/1 | 1602/1 | 1603/1 | 1604/1 | 1604/2 | 1604/3 | 1604/4;2/35;2/35;0;1043.0;59.599999999999994;54.57142857142857;184.85714285714286;;;1880;1953;453971.643;98424.152;0;0;;ETN_008_2026_KPP_2026_POSLI_20260724.csv
986703;2026-03-05;2026;2026-04-15;2026;90000.0;1;Prodaja nepremičnin na prostem trgu;5;V preverjanju;Osnovna pogodba;Ne;;HIŠA S PRIPADAJOČIM ZEMLJIŠČEM;HISA_CELI_POSEL;MEŠANI;C;GURS tržnost: V preverjanju;2;1;3;Garaža | Stanovanjska hiša;PARKIRANJE | STANOVANJSKA_HISA;Zemljišče pod stavbo ali drugo stavbi ali delu stavbe pripadajoče zemljišče (zemljišče pod stavbo, dvorišče, dovozna pot, vrt, zelenica, stanovanjski atrij in podobno);PRIPADAJOCE;RAKITNA;1652;RAKITNA;301;792/6;506/1 | 507/1;1/1;1/1;1;72.5;72.5;65.8;475.0;;;1980;1985;456503.3233333333;83066.62333333334;0;0;;ETN_008_2026_KPP_2026_POSLI_20260724.csv
986882;2026-03-13;2026;2026-04-15;2026;550000.0;1;Prodaja nepremičnin na prostem trgu;5;V preverjanju;Osnovna pogodba;Ne;;STANOVANJE Z DODATKI/ZEMLJIŠČEM;NI_NEPOSREDNO_RAZDELJIV;MEŠANI;C;GURS tržnost: V preverjanju;1;1;2;Stanovanje;STANOVANJE;Zemljišče pod stavbo ali drugo stavbi ali delu stavbe pripadajoče zemljišče (zemljišče pod stavbo, dvorišče, dovozna pot, vrt, zelenica, stanovanjski atrij in podobno);PRIPADAJOCE;BREZOVICA;1724;NOTRANJE GORICE;PODOVNICE 40;2445/14;4065/1;1/1;1/1;1;195.2;195.2;112.8;255.0;;;2007;2007;453590.20499999996;94499.505;0;0;;ETN_008_2026_KPP_2026_POSLI_20260724.csv
986958;2026-03-10;2026;2026-04-15;2026;15322.0;1;Prodaja nepremičnin na prostem trgu;5;V preverjanju;Osnovna pogodba;Ne;;KMETIJSKO ZEMLJIŠČE;KMETIJSKO_ZEMLJISCE_CISTO;ENOSESTAVINSKI;C;GURS tržnost: V preverjanju;0;1;1;;;Zemljišče za kmetijsko rabo (njiva, travnik, pašnik);KMETIJSKO;BREZOVICA;1724;;;3088/1;;;1/1;1;;;;7661.0;7661.0;2.0;;;451678.66;94826.19;0;0;;ETN_008_2026_KPP_2026_POSLI_20260724.csv
986993;2026-03-14;2026;2026-04-15;2026;15991.2;1;Prodaja nepremičnin na prostem trgu;5;V preverjanju;Osnovna pogodba;Ne;;KMETIJSKO ZEMLJIŠČE;KMETIJSKO_ZEMLJISCE_CISTO;ENOSESTAVINSKI;C;GURS tržnost: V preverjanju;0;1;1;;;Zemljišče za kmetijsko rabo (njiva, travnik, pašnik);KMETIJSKO;BREZOVICA;1724;;;3213;;;1/1;1;;;;8884.0;8884.0;1.8;;;452542.38;93768.02;0;0;;ETN_008_2026_KPP_2026_POSLI_20260724.csv
987081;2026-03-01;2026;2026-04-15;2026;310000.0;1;Prodaja nepremičnin na prostem trgu;5;V preverjanju;Osnovna pogodba;Ne;;HIŠA S PRIPADAJOČIM ZEMLJIŠČEM;HISA_CELI_POSEL;MEŠANI;C;GURS tržnost: V preverjanju;1;5;6;Stanovanjska hiša;STANOVANJSKA_HISA;Zemljišče pod stavbo ali drugo stavbi ali delu stavbe pripadajoče zemljišče (zemljišče pod stavbo, dvorišče, dovozna pot, vrt, zelenica, stanovanjski atrij in podobno);PRIPADAJOCE;BREZOVICA;1724;BREZOVICA PRI LJUBLJANI;PODSVETIJA 26 c;369/182 | 369/205 | 369/207 | 369/208 | 369/221;3884/3;1/1;1/3 | 1/45 | 2/52;0;86.1;86.1;70.7;108.0068376068376;;;2008;2008;455070.39166666666;97950.7;0;0;;ETN_008_2026_KPP_2026_POSLI_20260724.csv
987497;2026-03-20;2026;2026-04-15;2026;98574.6;1;Prodaja nepremičnin na prostem trgu;5;V preverjanju;Osnovna pogodba;Ne;;KMETIJSKO ZEMLJIŠČE;KMETIJSKO_ZEMLJISCE_CISTO;VEČSESTAVINSKI ISTOVRSTEN;C;GURS tržnost: V preverjanju;0;6;6;;;Zemljišče za kmetijsko rabo (njiva, travnik, pašnik);KMETIJSKO;BREZOVICA;1724;;;3150 | 3151 | 3152 | 3153 | 3156 | 3157;;;1/1;1;;;;50244.0;50244.0;1.9619178409362312;;;452118.5816666667;94052.205;0;0;;ETN_008_2026_KPP_2026_POSLI_20260724.csv
987552;2026-03-18;2026;2026-04-15;2026;4900.0;1;Prodaja nepremičnin na prostem trgu;5;V preverjanju;Osnovna pogodba;Ne;;STAVBNO ZEMLJIŠČE;STAVBNO_ZEMLJISCE_CISTO;ENOSESTAVINSKI;C;GURS tržnost: V preverjanju;0;1;1;;;Zemljišče, na katerem je ali bo mogoče graditi stavbo in je delno komunalno opremljeno ali komunalno neopremljeno;STAVBNO;RAKITNA;1652;;;1391/40;;;1/1;1;;;;88.0;88.0;55.68181818181818;;;456743.94;82810.56;0;0;;ETN_008_2026_KPP_2026_POSLI_20260724.csv
987613;2026-03-20;2026;2026-04-15;2026;78877.8;1;Prodaja nepremičnin na prostem trgu;5;V preverjanju;Osnovna pogodba;Ne;;KMETIJSKO ZEMLJIŠČE;KMETIJSKO_ZEMLJISCE_CISTO;VEČSESTAVINSKI ISTOVRSTEN;C;GURS tržnost: V preverjanju;0;6;6;;;Zemljišče za kmetijsko rabo (njiva, travnik, pašnik);KMETIJSKO;BREG | KAMNIK;1704 | 2005;;;141 | 1442/2 | 1511 | 1553/3 | 92 | 97/1;;;1/1;1;;;;43821.0;43821.0;1.8;;;450862.24500000005;90160.56833333334;0;0;;ETN_008_2026_KPP_2026_POSLI_20260724.csv
988715;2026-03-18;2026;2026-05-15;2026;117500.0;1;Prodaja nepremičnin na prostem trgu;5;V preverjanju;Osnovna pogodba;Ne;;STAVBNO ZEMLJIŠČE;STAVBNO_ZEMLJISCE_CISTO;ENOSESTAVINSKI;C;GURS tržnost: V preverjanju;0;1;1;;;Zemljišče, na katerem je ali bo mogoče graditi stavbo in je delno komunalno opremljeno ali komunalno neopremljeno;STAVBNO;RAKITNA;1652;;;1391/24;;;1/1;1;;;;692.0;692.0;169.79768786127167;;;456786.11;82778.02;0;0;;ETN_008_2026_KPP_2026_POSLI_20260724.csv
988895;2026-02-16;2026;2026-05-15;2026;40000.0;1;Prodaja nepremičnin na prostem trgu;5;V preverjanju;Osnovna pogodba;Ne;;STAVBNO ZEMLJIŠČE;STAVBNO_ZEMLJISCE_CISTO;ENOSESTAVINSKI;C;GURS tržnost: V preverjanju;0;1;1;;;Zemljišče, na katerem je ali bo mogoče graditi stavbo in je delno komunalno opremljeno ali komunalno neopremljeno;STAVBNO;BREZOVICA;1724;;;3020/37;;;1/1;1;;;;190.0;190.0;210.52631578947367;;;452010.59;96138.08;0;0;;ETN_008_2026_KPP_2026_POSLI_20260724.csv
988918;2026-03-25;2026;2026-05-15;2026;4650.0;1;Prodaja nepremičnin na prostem trgu;5;V preverjanju;Osnovna pogodba;Ne;;STAVBNO ZEMLJIŠČE;STAVBNO_ZEMLJISCE_CISTO;ENOSESTAVINSKI;C;GURS tržnost: V preverjanju;0;1;1;;;Zemljišče, na katerem je ali bo mogoče graditi stavbo in je delno komunalno opremljeno ali komunalno neopremljeno;STAVBNO;BREZOVICA;1724;;;3533/20;;;1/1;1;;;;62.0;62.0;75.0;;;454881.91;98169.81;0;0;;ETN_008_2026_KPP_2026_POSLI_20260724.csv
988921;2026-03-16;2026;2026-05-15;2026;269323.35;1;Prodaja nepremičnin na prostem trgu;5;V preverjanju;Osnovna pogodba;Ne;;GOZDNO ZEMLJIŠČE;GOZDNO_ZEMLJISCE_CISTO;VEČSESTAVINSKI ISTOVRSTEN;C;GURS tržnost: V preverjanju;0;11;11;;;Zemljišče za gozdno rabo (gozd);GOZDNO;BREG | PRESERJE | ZABOČEVO;1705 | 2005 | 2006;;;1726/7 | 1726/8 | 1804 | 2574 | 673/8 | 710 | 714 | 727/3 | 733 | 758 | 770;;;1/1;1;;;;316851.0;316851.0;0.85;;;452878.5018181818;87717.27545454545;0;0;;ETN_008_2026_KPP_2026_POSLI_20260724.csv
989223;2026-03-24;2026;2026-05-15;2026;47779.2;1;Prodaja nepremičnin na prostem trgu;5;V preverjanju;Osnovna pogodba;Ne;;KMETIJSKO ZEMLJIŠČE;KMETIJSKO_ZEMLJISCE_CISTO;VEČSESTAVINSKI ISTOVRSTEN;C;GURS tržnost: V preverjanju;0;4;4;;;Zemljišče za kmetijsko rabo (njiva, travnik, pašnik);KMETIJSKO;BREZOVICA;1724;;;3177 | 3178 | 3214 | 3259;;;1/1;1;;;;26544.0;26544.0;1.7999999999999998;;;452308.945;93655.325;0;0;;ETN_008_2026_KPP_2026_POSLI_20260724.csv
989241;2026-03-25;2026;2026-05-15;2026;4575.0;1;Prodaja nepremičnin na prostem trgu;5;V preverjanju;Osnovna pogodba;Ne;;STAVBNO ZEMLJIŠČE;STAVBNO_ZEMLJISCE_CISTO;ENOSESTAVINSKI;C;GURS tržnost: V preverjanju;0;1;1;;;Zemljišče, na katerem je ali bo mogoče graditi stavbo in je delno komunalno opremljeno ali komunalno neopremljeno;STAVBNO;BREZOVICA;1724;;;3580/10;;;1/1;1;;;;61.0;61.0;75.0;;;455299.94;96158.79;0;0;;ETN_008_2026_KPP_2026_POSLI_20260724.csv
989244;2026-03-25;2026;2026-05-15;2026;5100.0;1;Prodaja nepremičnin na prostem trgu;5;V preverjanju;Osnovna pogodba;Ne;;MEŠANI POSEL – STAVBA IN ZEMLJIŠČE;NI_NEPOSREDNO_RAZDELJIV;MEŠANI;C;GURS tržnost: V preverjanju;2;1;3;Kmetijski objekt;KMETIJSKI_OBJEKT;Zemljišče pod stavbo ali drugo stavbi ali delu stavbe pripadajoče zemljišče (zemljišče pod stavbo, dvorišče, dovozna pot, vrt, zelenica, stanovanjski atrij in podobno);PRIPADAJOCE;BREZOVICA;1724;;;3533/21;384/1 | 384/2;1/1;1/1;1;80.8;80.8;80.8;68.0;;;1980;1980;454854.88000000006;98148.51666666666;0;0;;ETN_008_2026_KPP_2026_POSLI_20260724.csv
989436;2026-03-25;2026;2026-05-15;2026;36675.0;1;Prodaja nepremičnin na prostem trgu;5;V preverjanju;Osnovna pogodba;Ne;;PRIPADAJOČE ZEMLJIŠČE;NI_NEPOSREDNO_RAZDELJIV;VEČSESTAVINSKI ISTOVRSTEN;C;GURS tržnost: V preverjanju;0;3;3;;;Zemljišče pod stavbo ali drugo stavbi ali delu stavbe pripadajoče zemljišče (zemljišče pod stavbo, dvorišče, dovozna pot, vrt, zelenica, stanovanjski atrij in podobno);PRIPADAJOCE;BREZOVICA;1724;;;3533/19 | 3533/6 | 369/376;;;1/1;1;;;;489.0;;;;;454900.77999999997;98192.80666666666;0;0;;ETN_008_2026_KPP_2026_POSLI_20260724.csv
989730;2026-02-04;2026;2026-05-15;2026;26739.0;1;Prodaja nepremičnin na prostem trgu;5;V preverjanju;Osnovna pogodba;Ne;;KMETIJSKO ZEMLJIŠČE;NI_NEPOSREDNO_RAZDELJIV;VEČSESTAVINSKI ISTOVRSTEN;C;GURS tržnost: V preverjanju;0;2;2;;;Zemljišče za kmetijsko rabo (njiva, travnik, pašnik);KMETIJSKO;BREZOVICA;1724;;;3003 | 3014;;;1/1 | 2/8;0;;;;8913.25;;;;;451989.495;96267.125;0;0;;ETN_008_2026_KPP_2026_POSLI_20260724.csv
989914;2026-03-27;2026;2026-05-15;2026;3120.0;1;Prodaja nepremičnin na prostem trgu;5;V preverjanju;Osnovna pogodba;Ne;;PRIPADAJOČE ZEMLJIŠČE;NI_NEPOSREDNO_RAZDELJIV;VEČSESTAVINSKI ISTOVRSTEN;C;GURS tržnost: V preverjanju;0;2;2;;;Zemljišče pod stavbo ali drugo stavbi ali delu stavbe pripadajoče zemljišče (zemljišče pod stavbo, dvorišče, dovozna pot, vrt, zelenica, stanovanjski atrij in podobno);PRIPADAJOCE;BREZOVICA;1724;;;3580/7 | 3580/8;;;1/1;1;;;;78.0;;;;;455254.42000000004;96202.02;0;0;;ETN_008_2026_KPP_2026_POSLI_20260724.csv
989951;2026-04-09;2026;2026-05-15;2026;331250.0;1;Prodaja nepremičnin na prostem trgu;5;V preverjanju;Osnovna pogodba;Ne;;MEŠANI POSEL – STAVBA IN ZEMLJIŠČE;NI_NEPOSREDNO_RAZDELJIV;MEŠANI;C;GURS tržnost: V preverjanju;1;1;2;Kmetijski objekt;KMETIJSKI_OBJEKT;Zemljišče pod stavbo ali drugo stavbi ali delu stavbe pripadajoče zemljišče (zemljišče pod stavbo, dvorišče, dovozna pot, vrt, zelenica, stanovanjski atrij in podobno);PRIPADAJOCE;BREZOVICA;1724;;;102/1;1475/1;1/1;1/1;1;45.0;45.0;45.0;1325.0;;;1900;1900;453855.26;98312.15;0;0;;ETN_008_2026_KPP_2026_POSLI_20260724.csv
989986;2026-04-09;2026;2026-05-15;2026;658125.0;1;Prodaja nepremičnin na prostem trgu;5;V preverjanju;Osnovna pogodba;Ne;;HIŠA S PRIPADAJOČIM ZEMLJIŠČEM;NI_NEPOSREDNO_RAZDELJIV;MEŠANI;C;GURS tržnost: V preverjanju;5;3;8;Kmetijski objekt | Stanovanjska hiša;KMETIJSKI_OBJEKT | STANOVANJSKA_HISA;Neplodno ali vodno zemljišče ali drugo neuporabno zemljišče | Zemljišče pod stavbo ali drugo stavbi ali delu stavbe pripadajoče zemljišče (zemljišče pod stavbo, dvorišče, dovozna pot, vrt, zelenica, stanovanjski atrij in podobno) | Zemljišče, na katerem je ali bo mogoče graditi stavbo in je delno komunalno opremljeno ali komunalno neopremljeno;DRUGO | PRIPADAJOCE | STAVBNO;BREZOVICA;1724;BREZOVICA PRI LJUBLJANI;TRŽAŠKA CESTA 470;102/2 | 104 | 105/1;1472/1 | 1473/1 | 1473/2 | 1473/3 | 1474/1;1/1;1/1;1;520.0;520.0;444.0;2765.0;;;1915;1934;453848.14375;98266.7775;0;0;;ETN_008_2026_KPP_2026_POSLI_20260724.csv
990035;2026-04-03;2026;2026-05-15;2026;400000.0;1;Prodaja nepremičnin na prostem trgu;5;V preverjanju;Osnovna pogodba;Ne;;STAVBNO ZEMLJIŠČE;STAVBNO_ZEMLJISCE_CISTO;ENOSESTAVINSKI;C;GURS tržnost: V preverjanju;0;1;1;;;Zemljišče, na katerem je ali bo mogoče graditi stavbo in je delno komunalno opremljeno ali komunalno neopremljeno;STAVBNO;PRESERJE;1705;;;223/10;;;1/1;1;;;;929.0;929.0;430.57050592034443;;;455131.62;90852.95;0;0;;ETN_008_2026_KPP_2026_POSLI_20260724.csv
990078;2026-04-10;2026;2026-05-15;2026;4122.6;1;Prodaja nepremičnin na prostem trgu;5;V preverjanju;Osnovna pogodba;Ne;;GOZDNO ZEMLJIŠČE;GOZDNO_ZEMLJISCE_CISTO;ENOSESTAVINSKI;C;GURS tržnost: V preverjanju;0;1;1;;;Zemljišče za gozdno rabo (gozd);GOZDNO;PRESERJE;1705;;;1182/4;;;1/1;1;;;;6871.0;6871.0;0.6000000000000001;;;455791.96;90290.71;0;0;;ETN_008_2026_KPP_2026_POSLI_20260724.csv
990100;2026-04-13;2026;2026-05-15;2026;156000.0;1;Prodaja nepremičnin na prostem trgu;5;V preverjanju;Osnovna pogodba;Ne;;STANOVANJE;STANOVANJE_CISTO;ENOSESTAVINSKI;C;GURS tržnost: V preverjanju;1;0;1;Stanovanje;STANOVANJE;;;BREZOVICA;1724;BREZOVICA PRI LJUBLJANI;STAROVAŠKA CESTA 15;;1612/4;1/1;;1;76.0;76.0;65.0;;65.0;2400.0;1853;1853;454066.17;98441.6;0;0;;ETN_008_2026_KPP_2026_POSLI_20260724.csv
990272;2026-03-23;2026;2026-05-15;2026;30000.0;1;Prodaja nepremičnin na prostem trgu;5;V preverjanju;Osnovna pogodba;Ne;;STAVBNO ZEMLJIŠČE;STAVBNO_ZEMLJISCE_CISTO;ENOSESTAVINSKI;C;GURS tržnost: V preverjanju;0;1;1;;;Zemljišče, na katerem je mogoče graditi stavbo in je komunalno opremljeno (priključki na vodo, elektriko in neposredni dostop do dovozne poti);STAVBNO;KAMNIK;1704;;;1395/3;;;1/1;1;;;;459.0;459.0;65.359477124183;;;451830.62;90411.78;0;0;;ETN_008_2026_KPP_2026_POSLI_20260724.csv
990438;2026-04-15;2026;2026-05-15;2026;336220.0;1;Prodaja nepremičnin na prostem trgu;5;V preverjanju;Osnovna pogodba;Ne;;HIŠA S PRIPADAJOČIM ZEMLJIŠČEM;HISA_CELI_POSEL;MEŠANI;C;GURS tržnost: V preverjanju;1;2;3;Stanovanjska hiša;STANOVANJSKA_HISA;Zemljišče pod stavbo ali drugo stavbi ali delu stavbe pripadajoče zemljišče (zemljišče pod stavbo, dvorišče, dovozna pot, vrt, zelenica, stanovanjski atrij in podobno) | Zemljišče, na katerem je cesta ali parkirišče;INFRASTRUKTURA | PRIPADAJOCE;KAMNIK;1704;KAMNIK POD KRIMOM;68 e;2859/11 | 2859/14;890/1;1/1;1/1 | 46/276;0;128.2;128.2;114.0;339.8333333333333;;;2007;2007;454082.50666666665;90769.76666666666;0;0;;ETN_008_2026_KPP_2026_POSLI_20260724.csv
990566;2026-04-15;2026;2026-05-15;2026;10519.5;1;Prodaja nepremičnin na prostem trgu;5;V preverjanju;Osnovna pogodba;Ne;;KMETIJSKO ZEMLJIŠČE;KMETIJSKO_ZEMLJISCE_CISTO;ENOSESTAVINSKI;C;GURS tržnost: V preverjanju;0;1;1;;;Zemljišče za kmetijsko rabo (njiva, travnik, pašnik);KMETIJSKO;BREZOVICA;1724;;;3135;;;1/1;1;;;;7013.0;7013.0;1.5;;;451870.4;94136.44;0;0;;ETN_008_2026_KPP_2026_POSLI_20260724.csv
990678;2026-04-16;2026;2026-05-15;2026;31980.0;1;Prodaja nepremičnin na prostem trgu;5;V preverjanju;Osnovna pogodba;Ne;;KMETIJSKO ZEMLJIŠČE;KMETIJSKO_ZEMLJISCE_CISTO;VEČSESTAVINSKI ISTOVRSTEN;C;GURS tržnost: V preverjanju;0;5;5;;;Zemljišče za kmetijsko rabo (njiva, travnik, pašnik);KMETIJSKO;BREZOVICA;1724;;;2672 | 2679 | 3064 | 3239 | 3244;;;1/1;1;;;;19544.0;19544.0;1.6363078182562423;;;452498.1560000001;93951.88;0;0;;ETN_008_2026_KPP_2026_POSLI_20260724.csv
992040;2026-04-24;2026;2026-06-15;2026;16282.8;1;Prodaja nepremičnin na prostem trgu;5;V preverjanju;Osnovna pogodba;Ne;;KMETIJSKO ZEMLJIŠČE;KMETIJSKO_ZEMLJISCE_CISTO;VEČSESTAVINSKI ISTOVRSTEN;C;GURS tržnost: V preverjanju;0;2;2;;;Zemljišče za kmetijsko rabo (njiva, travnik, pašnik);KMETIJSKO;BREZOVICA;1724;;;3186 | 3194;;;1/1;1;;;;9046.0;9046.0;1.7999999999999998;;;452657.56000000006;94021.29999999999;0;0;;ETN_008_2026_KPP_2026_POSLI_20260724.csv
992255;2026-04-09;2026;2026-06-15;2026;29004.0;1;Prodaja nepremičnin na prostem trgu;5;V preverjanju;Osnovna pogodba;Ne;;GOZDNO ZEMLJIŠČE;GOZDNO_ZEMLJISCE_CISTO;VEČSESTAVINSKI ISTOVRSTEN;C;GURS tržnost: V preverjanju;0;4;4;;;Zemljišče za gozdno rabo (gozd);GOZDNO;JEZERO | KAMNIK;1703 | 1704;;;3412/1 | 3412/2 | 384/1 | 388/1;;;1/1;1;;;;32956.0;32956.0;0.8800825342881418;;;455123.91000000003;91174.47;0;0;;ETN_008_2026_KPP_2026_POSLI_20260724.csv
992311;2026-04-16;2026;2026-06-15;2026;484397.55;1;Prodaja nepremičnin na prostem trgu;5;V preverjanju;Osnovna pogodba;Ne;;HIŠA S PRIPADAJOČIM ZEMLJIŠČEM;HISA_CELI_POSEL;MEŠANI;C;GURS tržnost: V preverjanju;1;2;3;Stanovanjska hiša;STANOVANJSKA_HISA;Zemljišče pod stavbo ali drugo stavbi ali delu stavbe pripadajoče zemljišče (zemljišče pod stavbo, dvorišče, dovozna pot, vrt, zelenica, stanovanjski atrij in podobno) | Zemljišče, na katerem je ali bo mogoče graditi prometno ali energetsko infrastrukturo (cesta, plinovod in drugo);INFRASTRUKTURA | PRIPADAJOCE;BREZOVICA;1724;ŽABNICA;27 j;960/22 | 960/24;4332/1;1/1;1/1 | 1/4;0;183.0;183.9;135.2;486.25;;;2010;2010;453905.7733333334;95748.91666666667;0;0;;ETN_008_2026_KPP_2026_POSLI_20260724.csv
992312;2026-02-23;2026;2026-06-15;2026;30078.9;1;Prodaja nepremičnin na prostem trgu;5;V preverjanju;Osnovna pogodba;Ne;;GOZDNO ZEMLJIŠČE;GOZDNO_ZEMLJISCE_CISTO;VEČSESTAVINSKI ISTOVRSTEN;C;GURS tržnost: V preverjanju;0;5;5;;;Zemljišče za gozdno rabo (gozd);GOZDNO;PRESERJE;1705;;;1057/1 | 1057/2 | 1058 | 1086 | 1087;;;1/1;1;;;;33421.0;33421.0;0.9;;;455811.5939999999;91287.436;0;0;;ETN_008_2026_KPP_2026_POSLI_20260724.csv
992444;2025-10-14;2025;2026-06-15;2026;760.0;1;Prodaja nepremičnin na prostem trgu;5;V preverjanju;Osnovna pogodba;Ne;;GOZDNO ZEMLJIŠČE;NI_NEPOSREDNO_RAZDELJIV;ENOSESTAVINSKI;C;GURS tržnost: V preverjanju;0;1;1;;;Zemljišče za gozdno rabo (gozd);GOZDNO;RAKITNA;1652;;;1472;;;1/2;0;;;;971.0;;;;;458056.57;82162.16;0;0;;ETN_008_2026_KPP_2026_POSLI_20260724.csv
992507;2026-04-30;2026;2026-06-15;2026;380000.0;1;Prodaja nepremičnin na prostem trgu;5;V preverjanju;Osnovna pogodba;Ne;;MEŠANI POSEL – STAVBA IN ZEMLJIŠČE;NI_NEPOSREDNO_RAZDELJIV;MEŠANI;C;GURS tržnost: V preverjanju;1;3;4;Industrijski prostori;POSLOVNA_DRUGA;Zemljišče pod stavbo ali drugo stavbi ali delu stavbe pripadajoče zemljišče (zemljišče pod stavbo, dvorišče, dovozna pot, vrt, zelenica, stanovanjski atrij in podobno);PRIPADAJOCE;BREZOVICA;1724;BREZOVICA PRI LJUBLJANI;CESTA V LOG 16 a;326/11 | 326/12 | 326/9;735/1;1/1;1/1 | 1/2;0;570.4;570.4;570.4;1221.0;;;1980;1980;455718.91000000003;98365.66;0;0;;ETN_008_2026_KPP_2026_POSLI_20260724.csv
992581;2026-04-30;2026;2026-06-15;2026;2147.0;1;Prodaja nepremičnin na prostem trgu;5;V preverjanju;Osnovna pogodba;Ne;;HIŠA S PRIPADAJOČIM ZEMLJIŠČEM;HISA_CELI_POSEL;MEŠANI;C;GURS tržnost: V preverjanju;2;4;6;Stanovanjska hiša | Tehnični ali pomožni prostori;POMOZNA_DRUGO | STANOVANJSKA_HISA;Zemljišče pod stavbo ali drugo stavbi ali delu stavbe pripadajoče zemljišče (zemljišče pod stavbo, dvorišče, dovozna pot, vrt, zelenica, stanovanjski atrij in podobno) | Zemljišče za gozdno rabo (gozd) | Zemljišče za kmetijsko rabo (njiva, travnik, pašnik);GOZDNO | KMETIJSKO | PRIPADAJOCE;PRESERJE;1705;GORENJA BREZOVICA;11;1348 | 1350 | 2178/29 | 9055;197/1 | 198/1;4/360;4/360;0;83.5;0.9277777777777778;0.9277777777777778;401.72222222222223;;;1792;1796;456782.24499999994;88678.73999999999;0;0;;ETN_008_2026_KPP_2026_POSLI_20260724.csv
992585;2026-04-30;2026;2026-06-15;2026;145200.0;1;Prodaja nepremičnin na prostem trgu;5;V preverjanju;Osnovna pogodba;Ne;;STAVBNO ZEMLJIŠČE;STAVBNO_ZEMLJISCE_CISTO;ENOSESTAVINSKI;C;GURS tržnost: V preverjanju;0;1;1;;;Zemljišče, na katerem je ali bo mogoče graditi stavbo in je delno komunalno opremljeno ali komunalno neopremljeno;STAVBNO;BREZOVICA;1724;;;1355/15;;;1/1;1;;;;484.0;484.0;300.0;;;455218.74;96159.82;0;0;;ETN_008_2026_KPP_2026_POSLI_20260724.csv
994796;2026-04-23;2026;2026-07-15;2026;2305.0;1;Prodaja nepremičnin na prostem trgu;5;V preverjanju;Osnovna pogodba;Ne;;GOZDNO ZEMLJIŠČE;GOZDNO_ZEMLJISCE_CISTO;ENOSESTAVINSKI;C;GURS tržnost: V preverjanju;0;1;1;;;Zemljišče za gozdno rabo (gozd);GOZDNO;BREZOVICA;1724;;;1394;;;1/1;1;;;;2305.0;2305.0;1.0;;;455794.08;96358.87;0;0;;ETN_008_2026_KPP_2026_POSLI_20260724.csv
995187;2026-05-12;2026;2026-07-15;2026;2160.0;1;Prodaja nepremičnin na prostem trgu;5;V preverjanju;Osnovna pogodba;Ne;;STAVBNO ZEMLJIŠČE;STAVBNO_ZEMLJISCE_CISTO;ENOSESTAVINSKI;C;GURS tržnost: V preverjanju;0;1;1;;;Zemljišče, na katerem je ali bo mogoče graditi stavbo in je delno komunalno opremljeno ali komunalno neopremljeno;STAVBNO;RAKITNA;1652;;;893/250;;;1/1;1;;;;54.0;54.0;40.0;;;456069.26;83392.23;0;0;;ETN_008_2026_KPP_2026_POSLI_20260724.csv
995217;2026-05-28;2026;2026-07-15;2026;500000.0;1;Prodaja nepremičnin na prostem trgu;5;V preverjanju;Osnovna pogodba;Ne;;STANOVANJE Z DODATKI/ZEMLJIŠČEM;NI_NEPOSREDNO_RAZDELJIV;MEŠANI;C;GURS tržnost: V preverjanju;3;1;4;Garaža | Stanovanje;PARKIRANJE | STANOVANJE;Zemljišče pod stavbo ali drugo stavbi ali delu stavbe pripadajoče zemljišče (zemljišče pod stavbo, dvorišče, dovozna pot, vrt, zelenica, stanovanjski atrij in podobno);PRIPADAJOCE;BREZOVICA;1724;BREZOVICA PRI LJUBLJANI;CESTA NA POSTAJO 74;343/1;665/1 | 665/2 | 666/1;1/1;1/1;1;213.3;213.3;180.5;492.0;;;1977;1988;455513.7475;98161.53749999999;0;0;;ETN_008_2026_KPP_2026_POSLI_20260724.csv
995290;2026-05-28;2026;2026-07-15;2026;415000.0;1;Prodaja nepremičnin na prostem trgu;5;V preverjanju;Osnovna pogodba;Ne;;HIŠA S PRIPADAJOČIM ZEMLJIŠČEM;HISA_CELI_POSEL;MEŠANI;C;GURS tržnost: V preverjanju;2;3;5;Garaža | Stanovanjska hiša;PARKIRANJE | STANOVANJSKA_HISA;Zemljišče pod stavbo ali drugo stavbi ali delu stavbe pripadajoče zemljišče (zemljišče pod stavbo, dvorišče, dovozna pot, vrt, zelenica, stanovanjski atrij in podobno) | Zemljišče, na katerem je ali bo mogoče graditi stavbo in je delno komunalno opremljeno ali komunalno neopremljeno;PRIPADAJOCE | STAVBNO;BREZOVICA;1724;NOTRANJE GORICE;PODPEŠKA CESTA 244 c;2230/1 | 2230/13 | 2230/9;3609/1 | 3648/1;1/1;1/1 | 1/4;0;169.8;169.8;131.5;491.25;;;1990;1998;454202.826;95771.024;0;0;;ETN_008_2026_KPP_2026_POSLI_20260724.csv
995505;2026-05-12;2026;2026-07-15;2026;1280.0;1;Prodaja nepremičnin na prostem trgu;5;V preverjanju;Osnovna pogodba;Ne;;STAVBNO ZEMLJIŠČE;STAVBNO_ZEMLJISCE_CISTO;ENOSESTAVINSKI;C;GURS tržnost: V preverjanju;0;1;1;;;Zemljišče, na katerem je ali bo mogoče graditi stavbo in je delno komunalno opremljeno ali komunalno neopremljeno;STAVBNO;RAKITNA;1652;;;893/249;;;1/1;1;;;;32.0;32.0;40.0;;;456075.12;83376.27;0;0;;ETN_008_2026_KPP_2026_POSLI_20260724.csv
995516;2026-06-01;2026;2026-07-15;2026;300000.0;1;Prodaja nepremičnin na prostem trgu;5;V preverjanju;Osnovna pogodba;Ne;;HIŠA S PRIPADAJOČIM ZEMLJIŠČEM;NI_NEPOSREDNO_RAZDELJIV;MEŠANI;C;GURS tržnost: V preverjanju;2;3;5;Kmetijski objekt | Stanovanjska hiša;KMETIJSKI_OBJEKT | STANOVANJSKA_HISA;Zemljišče pod stavbo ali drugo stavbi ali delu stavbe pripadajoče zemljišče (zemljišče pod stavbo, dvorišče, dovozna pot, vrt, zelenica, stanovanjski atrij in podobno);PRIPADAJOCE;PRESERJE;1705;PRESERJE;42;1182/47 | 221/1 | 2232/3;432/1 | 433/1;1/1;1/1;1;94.9;94.9;81.1;2236.0;;;1907;1907;455137.142;90899.33;0;0;;ETN_008_2026_KPP_2026_POSLI_20260724.csv
995778;2026-05-28;2026;2026-07-15;2026;480000.0;1;Prodaja nepremičnin na prostem trgu;5;V preverjanju;Osnovna pogodba;Ne;;HIŠA S PRIPADAJOČIM ZEMLJIŠČEM;HISA_CELI_POSEL;MEŠANI;C;GURS tržnost: V preverjanju;1;1;2;Stanovanjska hiša;STANOVANJSKA_HISA;Zemljišče pod stavbo ali drugo stavbi ali delu stavbe pripadajoče zemljišče (zemljišče pod stavbo, dvorišče, dovozna pot, vrt, zelenica, stanovanjski atrij in podobno);PRIPADAJOCE;BREZOVICA;1724;NOTRANJE GORICE;PODPEŠKA CESTA 240 c;2227/15;4010/1;1/1;1/1;1;115.2;115.2;108.2;220.0;;;2006;2006;454306.03;95715.965;0;0;;ETN_008_2026_KPP_2026_POSLI_20260724.csv
995922;2026-06-02;2026;2026-07-15;2026;7515.0;1;Prodaja nepremičnin na prostem trgu;5;V preverjanju;Osnovna pogodba;Ne;;KMETIJSKO ZEMLJIŠČE;KMETIJSKO_ZEMLJISCE_CISTO;ENOSESTAVINSKI;C;GURS tržnost: V preverjanju;0;1;1;;;Zemljišče za kmetijsko rabo (njiva, travnik, pašnik);KMETIJSKO;RAKITNA;1652;;;619;;;1/1;1;;;;1503.0;1503.0;5.0;;;456482.78;84102.94;0;0;;ETN_008_2026_KPP_2026_POSLI_20260724.csv
996008;2026-06-03;2026;2026-07-15;2026;7130.4;1;Prodaja nepremičnin na prostem trgu;5;V preverjanju;Osnovna pogodba;Ne;;KMETIJSKO ZEMLJIŠČE;KMETIJSKO_ZEMLJISCE_CISTO;ENOSESTAVINSKI;C;GURS tržnost: V preverjanju;0;1;1;;;Zemljišče za kmetijsko rabo (njiva, travnik, pašnik);KMETIJSKO;KAMNIK;1704;;;1588;;;1/1;1;;;;5942.0;5942.0;1.2;;;450815.31;91083.95;0;0;;ETN_008_2026_KPP_2026_POSLI_20260724.csv
996071;2026-04-22;2026;2026-07-15;2026;357000.0;1;Prodaja nepremičnin na prostem trgu;5;V preverjanju;Osnovna pogodba;Ne;;STAVBNO ZEMLJIŠČE;STAVBNO_ZEMLJISCE_CISTO;VEČSESTAVINSKI ISTOVRSTEN;C;GURS tržnost: V preverjanju;0;3;3;;;Zemljišče, na katerem je ali bo mogoče graditi stavbo in je delno komunalno opremljeno ali komunalno neopremljeno;STAVBNO;BREZOVICA;1724;;;960/28 | 960/29 | 960/30;;;1/1;1;;;;1011.0;1011.0;353.11572700296733;;;453879.32;95737.8;0;0;;ETN_008_2026_KPP_2026_POSLI_20260724.csv
996072;2026-06-05;2026;2026-07-15;2026;335000.0;1;Prodaja nepremičnin na prostem trgu;5;V preverjanju;Osnovna pogodba;Ne;;HIŠA S PRIPADAJOČIM ZEMLJIŠČEM;HISA_CELI_POSEL;MEŠANI;C;GURS tržnost: V preverjanju;1;2;3;Stanovanjska hiša;STANOVANJSKA_HISA;Zemljišče pod stavbo ali drugo stavbi ali delu stavbe pripadajoče zemljišče (zemljišče pod stavbo, dvorišče, dovozna pot, vrt, zelenica, stanovanjski atrij in podobno);PRIPADAJOCE;JEZERO;1703;JEZERO;11;*90 | 360/9;506/1;1/1;1/1;1;80.7;80.7;0.0;1000.0;;;1938;1938;455337.85000000003;93170.41333333333;0;0;;ETN_008_2026_KPP_2026_POSLI_20260724.csv
996424;2026-06-09;2026;2026-07-15;2026;8690.0;1;Prodaja nepremičnin na prostem trgu;5;V preverjanju;Osnovna pogodba;Ne;;GOZDNO ZEMLJIŠČE;GOZDNO_ZEMLJISCE_CISTO;ENOSESTAVINSKI;C;GURS tržnost: V preverjanju;0;1;1;;;Zemljišče za gozdno rabo (gozd);GOZDNO;KAMNIK;1704;;;1566/2;;;1/1;1;;;;8690.0;8690.0;1.0;;;450909.93;90899.07;0;0;;ETN_008_2026_KPP_2026_POSLI_20260724.csv
996480;2026-06-09;2026;2026-07-15;2026;250000.0;1;Prodaja nepremičnin na prostem trgu;5;V preverjanju;Osnovna pogodba;Ne;;STANOVANJE;STANOVANJE_CISTO;ENOSESTAVINSKI;C;GURS tržnost: V preverjanju;1;0;1;Stanovanje;STANOVANJE;;;BREZOVICA;1724;VNANJE GORICE;NA LAZIH 50;;2405/3;1/1;;1;92.2;92.2;77.6;;77.6;3221.6494845360826;1969;1969;454380.91;97438.1;0;0;;ETN_008_2026_KPP_2026_POSLI_20260724.csv
996917;2026-06-17;2026;2026-07-15;2026;5376.0;1;Prodaja nepremičnin na prostem trgu;5;V preverjanju;Osnovna pogodba;Ne;;GOZDNO ZEMLJIŠČE;GOZDNO_ZEMLJISCE_CISTO;ENOSESTAVINSKI;C;GURS tržnost: V preverjanju;0;1;1;;;Zemljišče za gozdno rabo (gozd);GOZDNO;BREZOVICA;1724;;;2891/1;;;1/1;1;;;;2688.0;2688.0;2.0;;;452939.95;95257.33;0;0;;ETN_008_2026_KPP_2026_POSLI_20260724.csv
997115;2026-06-18;2026;2026-07-15;2026;450000.0;1;Prodaja nepremičnin na prostem trgu;5;V preverjanju;Osnovna pogodba;Ne;;HIŠA S PRIPADAJOČIM ZEMLJIŠČEM;NI_NEPOSREDNO_RAZDELJIV;MEŠANI;C;GURS tržnost: V preverjanju;2;2;4;Kmetijski objekt | Stanovanjska hiša;KMETIJSKI_OBJEKT | STANOVANJSKA_HISA;Zemljišče pod stavbo ali drugo stavbi ali delu stavbe pripadajoče zemljišče (zemljišče pod stavbo, dvorišče, dovozna pot, vrt, zelenica, stanovanjski atrij in podobno);PRIPADAJOCE;BREZOVICA;1724;BREZOVICA PRI LJUBLJANI;CESTA V LOG 16;326/11 | 326/13;720/1 | 727/1;1/1;1/1 | 1/2;0;284.4;284.4;271.0;973.0;;;1986;1992;455715.3625;98340.0625;0;0;;ETN_008_2026_KPP_2026_POSLI_20260724.csv
997251;2026-06-22;2026;2026-07-15;2026;28000.0;1;Prodaja nepremičnin na prostem trgu;5;V preverjanju;Osnovna pogodba;Ne;;STANOVANJE;NI_NEPOSREDNO_RAZDELJIV;ENOSESTAVINSKI;C;GURS tržnost: V preverjanju;1;0;1;Stanovanje;STANOVANJE;;;BREZOVICA;1724;VNANJE GORICE;OB CURNOVCU 12;;2442/1;1/6;;0;135.4;22.566666666666666;12.683333333333332;;;;1973;1973;454600.85;97041.41;0;0;;ETN_008_2026_KPP_2026_POSLI_20260724.csv
997261;2026-06-22;2026;2026-07-15;2026;650000.0;1;Prodaja nepremičnin na prostem trgu;5;V preverjanju;Osnovna pogodba;Ne;;HIŠA S PRIPADAJOČIM ZEMLJIŠČEM;HISA_CELI_POSEL;MEŠANI;C;GURS tržnost: V preverjanju;2;1;3;Garaža | Stanovanjska hiša;PARKIRANJE | STANOVANJSKA_HISA;Zemljišče pod stavbo ali drugo stavbi ali delu stavbe pripadajoče zemljišče (zemljišče pod stavbo, dvorišče, dovozna pot, vrt, zelenica, stanovanjski atrij in podobno);PRIPADAJOCE;BREZOVICA;1724;BREZOVICA PRI LJUBLJANI;PODSVETIJA 45;353/2;4740/1 | 516/1;1/1;1/1;1;234.2;234.2;221.79999999999998;556.0;;;1996;2016;455166.12000000005;97939.89;0;0;;ETN_008_2026_KPP_2026_POSLI_20260724.csv
997264;2026-06-24;2026;2026-07-15;2026;35000.0;1;Prodaja nepremičnin na prostem trgu;5;V preverjanju;Osnovna pogodba;Ne;;STAVBNO ZEMLJIŠČE;STAVBNO_ZEMLJISCE_CISTO;ENOSESTAVINSKI;C;GURS tržnost: V preverjanju;0;1;1;;;Zemljišče, na katerem je ali bo mogoče graditi stavbo in je delno komunalno opremljeno ali komunalno neopremljeno;STAVBNO;RAKITNA;1652;;;893/66;;;1/1;1;;;;398.0;398.0;87.93969849246231;;;456124.56;83377.41;0;0;;ETN_008_2026_KPP_2026_POSLI_20260724.csv
