{"type":"FeatureCollection","features":[{"type":"Feature","id":"100201000000201215","geometry":{"type":"Point","coordinates":[14.4389323,45.8841084]},"properties":{"eidBuilding":"100201000000201215","buildingNumber":"973","cadastralMunicipalityCode":"1652","yearBuilt":1991,"buildingType":"samostoječa stavba"}},{"type":"Feature","id":"100200000250483159","geometry":{"type":"Point","coordinates":[14.4320581,45.8905775]},"properties":{"eidBuilding":"100200000250483159","buildingNumber":"121","cadastralMunicipalityCode":"1652","yearBuilt":1995,"buildingType":"samostoječa stavba"}},{"type":"Feature","id":"100200000214972347","geometry":{"type":"Point","coordinates":[14.434086,45.9124286]},"properties":{"eidBuilding":"100200000214972347","buildingNumber":"4","cadastralMunicipalityCode":"1652","yearBuilt":1990,"buildingType":"samostoječa stavba"}},{"type":"Feature","id":"100200000214972354","geometry":{"type":"Point","coordinates":[14.4282169,45.9135367]},"properties":{"eidBuilding":"100200000214972354","buildingNumber":"5","cadastralMunicipalityCode":"1652","yearBuilt":2000,"buildingType":"samostoječa stavba"}},{"type":"Feature","id":"100200000250482037","geometry":{"type":"Point","coordinates":[14.4216616,45.8978756]},"properties":{"eidBuilding":"100200000250482037","buildingNumber":"9","cadastralMunicipalityCode":"1652","yearBuilt":2004,"buildingType":"samostoječa stavba"}},{"type":"Feature","id":"100200000250482094","geometry":{"type":"Point","coordinates":[14.4240755,45.8960078]},"properties":{"eidBuilding":"100200000250482094","buildingNumber":"15","cadastralMunicipalityCode":"1652","yearBuilt":1990,"buildingType":"samostoječa stavba"}},{"type":"Feature","id":"100200000250482185","geometry":{"type":"Point","coordinates":[14.4249567,45.8967189]},"properties":{"eidBuilding":"100200000250482185","buildingNumber":"24","cadastralMunicipalityCode":"1652","yearBuilt":1982,"buildingType":"samostoječa stavba"}},{"type":"Feature","id":"100200000250482227","geometry":{"type":"Point","coordinates":[14.4329921,45.8974299]},"properties":{"eidBuilding":"100200000250482227","buildingNumber":"28","cadastralMunicipalityCode":"1652","yearBuilt":1850,"buildingType":"samostoječa stavba"}},{"type":"Feature","id":"100200000250482235","geometry":{"type":"Point","coordinates":[14.4252007,45.8969088]},"properties":{"eidBuilding":"100200000250482235","buildingNumber":"29","cadastralMunicipalityCode":"1652","yearBuilt":1972,"buildingType":"samostoječa stavba"}},{"type":"Feature","id":"100200000250482284","geometry":{"type":"Point","coordinates":[14.4262087,45.8967337]},"properties":{"eidBuilding":"100200000250482284","buildingNumber":"34","cadastralMunicipalityCode":"1652","yearBuilt":1975,"buildingType":"samostoječa stavba"}},{"type":"Feature","id":"100200000250482292","geometry":{"type":"Point","coordinates":[14.4262538,45.8963906]},"properties":{"eidBuilding":"100200000250482292","buildingNumber":"35","cadastralMunicipalityCode":"1652","yearBuilt":2003,"buildingType":"samostoječa stavba"}},{"type":"Feature","id":"100200000250482334","geometry":{"type":"Point","coordinates":[14.4261731,45.8959973]},"properties":{"eidBuilding":"100200000250482334","buildingNumber":"39","cadastralMunicipalityCode":"1652","yearBuilt":1906,"buildingType":"samostoječa stavba"}},{"type":"Feature","id":"100200000250482375","geometry":{"type":"Point","coordinates":[14.4251924,45.8958599]},"properties":{"eidBuilding":"100200000250482375","buildingNumber":"43","cadastralMunicipalityCode":"1652","yearBuilt":2013,"buildingType":"samostoječa stavba"}},{"type":"Feature","id":"100200000250482391","geometry":{"type":"Point","coordinates":[14.4261099,45.8953475]},"properties":{"eidBuilding":"100200000250482391","buildingNumber":"45","cadastralMunicipalityCode":"1652","yearBuilt":1970,"buildingType":"samostoječa stavba"}},{"type":"Feature","id":"100200000250484660","geometry":{"type":"Point","coordinates":[14.4386403,45.8940545]},"properties":{"eidBuilding":"100200000250484660","buildingNumber":"272","cadastralMunicipalityCode":"1652","yearBuilt":1980,"buildingType":"samostoječa stavba"}},{"type":"Feature","id":"100200000250484678","geometry":{"type":"Point","coordinates":[14.4388042,45.8936699]},"properties":{"eidBuilding":"100200000250484678","buildingNumber":"273","cadastralMunicipalityCode":"1652","yearBuilt":1800,"buildingType":"samostoječa stavba"}},{"type":"Feature","id":"100200000250484702","geometry":{"type":"Point","coordinates":[14.4391683,45.8936765]},"properties":{"eidBuilding":"100200000250484702","buildingNumber":"276","cadastralMunicipalityCode":"1652","yearBuilt":1906,"buildingType":"samostoječa stavba"}},{"type":"Feature","id":"100200000250484728","geometry":{"type":"Point","coordinates":[14.4391835,45.8934943]},"properties":{"eidBuilding":"100200000250484728","buildingNumber":"278","cadastralMunicipalityCode":"1652","yearBuilt":2020,"buildingType":"samostoječa stavba"}},{"type":"Feature","id":"100200000250484736","geometry":{"type":"Point","coordinates":[14.4390601,45.8935326]},"properties":{"eidBuilding":"100200000250484736","buildingNumber":"279","cadastralMunicipalityCode":"1652","yearBuilt":1970,"buildingType":"samostoječa stavba"}},{"type":"Feature","id":"100200000250484744","geometry":{"type":"Point","coordinates":[14.4393225,45.8933733]},"properties":{"eidBuilding":"100200000250484744","buildingNumber":"280","cadastralMunicipalityCode":"1652","yearBuilt":1947,"buildingType":"samostoječa stavba"}},{"type":"Feature","id":"100200000250484751","geometry":{"type":"Point","coordinates":[14.4395071,45.8931702]},"properties":{"eidBuilding":"100200000250484751","buildingNumber":"281","cadastralMunicipalityCode":"1652","yearBuilt":1900,"buildingType":"samostoječa stavba"}},{"type":"Feature","id":"100200000250484769","geometry":{"type":"Point","coordinates":[14.4388106,45.8935202]},"properties":{"eidBuilding":"100200000250484769","buildingNumber":"282","cadastralMunicipalityCode":"1652","yearBuilt":1850,"buildingType":"samostoječa stavba"}},{"type":"Feature","id":"100200000250484777","geometry":{"type":"Point","coordinates":[14.4388919,45.8934415]},"properties":{"eidBuilding":"100200000250484777","buildingNumber":"283","cadastralMunicipalityCode":"1652","yearBuilt":1985,"buildingType":"samostoječa stavba"}},{"type":"Feature","id":"100200000250484801","geometry":{"type":"Point","coordinates":[14.4390099,45.8931517]},"properties":{"eidBuilding":"100200000250484801","buildingNumber":"286","cadastralMunicipalityCode":"1652","yearBuilt":1965,"buildingType":"samostoječa stavba"}},{"type":"Feature","id":"100200000250484819","geometry":{"type":"Point","coordinates":[14.439871,45.8931192]},"properties":{"eidBuilding":"100200000250484819","buildingNumber":"287","cadastralMunicipalityCode":"1652","yearBuilt":1972,"buildingType":"samostoječa stavba"}},{"type":"Feature","id":"100200000250484827","geometry":{"type":"Point","coordinates":[14.4397299,45.892737]},"properties":{"eidBuilding":"100200000250484827","buildingNumber":"288","cadastralMunicipalityCode":"1652","yearBuilt":1900,"buildingType":"samostoječa stavba"}},{"type":"Feature","id":"100200000250484876","geometry":{"type":"Point","coordinates":[14.4388876,45.8928947]},"properties":{"eidBuilding":"100200000250484876","buildingNumber":"293","cadastralMunicipalityCode":"1652","yearBuilt":1985,"buildingType":"samostoječa stavba"}},{"type":"Feature","id":"100200000250487333","geometry":{"type":"Point","coordinates":[14.4355553,45.8829804]},"properties":{"eidBuilding":"100200000250487333","buildingNumber":"539","cadastralMunicipalityCode":"1652","yearBuilt":1985,"buildingType":"samostoječa stavba"}},{"type":"Feature","id":"100200000250487341","geometry":{"type":"Point","coordinates":[14.4355976,45.8828422]},"properties":{"eidBuilding":"100200000250487341","buildingNumber":"540","cadastralMunicipalityCode":"1652","yearBuilt":1995,"buildingType":"samostoječa stavba"}},{"type":"Feature","id":"100200000250487358","geometry":{"type":"Point","coordinates":[14.4357612,45.8828958]},"properties":{"eidBuilding":"100200000250487358","buildingNumber":"541","cadastralMunicipalityCode":"1652","yearBuilt":1995,"buildingType":"samostoječa stavba"}},{"type":"Feature","id":"100200000250487366","geometry":{"type":"Point","coordinates":[14.4355963,45.8825819]},"properties":{"eidBuilding":"100200000250487366","buildingNumber":"542","cadastralMunicipalityCode":"1652","yearBuilt":1987,"buildingType":"samostoječa stavba"}},{"type":"Feature","id":"100200000250487374","geometry":{"type":"Point","coordinates":[14.4350548,45.8825086]},"properties":{"eidBuilding":"100200000250487374","buildingNumber":"543","cadastralMunicipalityCode":"1652","yearBuilt":2002,"buildingType":"samostoječa stavba"}},{"type":"Feature","id":"100200000250487382","geometry":{"type":"Point","coordinates":[14.4349494,45.8823112]},"properties":{"eidBuilding":"100200000250487382","buildingNumber":"544","cadastralMunicipalityCode":"1652","yearBuilt":1985,"buildingType":"samostoječa stavba"}},{"type":"Feature","id":"100200000250487390","geometry":{"type":"Point","coordinates":[14.435164,45.8822985]},"properties":{"eidBuilding":"100200000250487390","buildingNumber":"545","cadastralMunicipalityCode":"1652","yearBuilt":1991,"buildingType":"samostoječa stavba"}},{"type":"Feature","id":"100200000311990168","geometry":{"type":"Point","coordinates":[14.4386731,45.8910899]},"properties":{"eidBuilding":"100200000311990168","buildingNumber":"799","cadastralMunicipalityCode":"1652","yearBuilt":1934,"buildingType":"samostoječa stavba"}},{"type":"Feature","id":"100200000311990184","geometry":{"type":"Point","coordinates":[14.4308258,45.8881169]},"properties":{"eidBuilding":"100200000311990184","buildingNumber":"800","cadastralMunicipalityCode":"1652","yearBuilt":2000,"buildingType":"samostoječa stavba"}},{"type":"Feature","id":"100200000312246107","geometry":{"type":"Point","coordinates":[14.4324566,45.8911868]},"properties":{"eidBuilding":"100200000312246107","buildingNumber":"806","cadastralMunicipalityCode":"1652","yearBuilt":2003,"buildingType":"samostoječa stavba"}},{"type":"Feature","id":"100200000312246131","geometry":{"type":"Point","coordinates":[14.4325612,45.8912618]},"properties":{"eidBuilding":"100200000312246131","buildingNumber":"807","cadastralMunicipalityCode":"1652","yearBuilt":2004,"buildingType":"samostoječa stavba"}},{"type":"Feature","id":"100200000312246354","geometry":{"type":"Point","coordinates":[14.438489,45.8926184]},"properties":{"eidBuilding":"100200000312246354","buildingNumber":"809","cadastralMunicipalityCode":"1652","yearBuilt":1800,"buildingType":"samostoječa stavba"}},{"type":"Feature","id":"100200000312254796","geometry":{"type":"Point","coordinates":[14.43342,45.8890069]},"properties":{"eidBuilding":"100200000312254796","buildingNumber":"817","cadastralMunicipalityCode":"1652","yearBuilt":1977,"buildingType":"samostoječa stavba"}},{"type":"Feature","id":"100200000319365660","geometry":{"type":"Point","coordinates":[14.433233,45.8871978]},"properties":{"eidBuilding":"100200000319365660","buildingNumber":"871","cadastralMunicipalityCode":"1652","yearBuilt":2010,"buildingType":"samostoječa stavba"}},{"type":"Feature","id":"100200000320453489","geometry":{"type":"Point","coordinates":[14.4276949,45.8921929]},"properties":{"eidBuilding":"100200000320453489","buildingNumber":"878","cadastralMunicipalityCode":"1652","yearBuilt":2009,"buildingType":"samostoječa stavba"}},{"type":"Feature","id":"100200000322133790","geometry":{"type":"Point","coordinates":[14.4278188,45.8918084]},"properties":{"eidBuilding":"100200000322133790","buildingNumber":"888","cadastralMunicipalityCode":"1652","yearBuilt":2009,"buildingType":"samostoječa stavba"}},{"type":"Feature","id":"100200000322235835","geometry":{"type":"Point","coordinates":[14.4386299,45.8841879]},"properties":{"eidBuilding":"100200000322235835","buildingNumber":"889","cadastralMunicipalityCode":"1652","yearBuilt":2012,"buildingType":"samostoječa stavba"}},{"type":"Feature","id":"100200000322295227","geometry":{"type":"Point","coordinates":[14.4474075,45.8865851]},"properties":{"eidBuilding":"100200000322295227","buildingNumber":"891","cadastralMunicipalityCode":"1652","yearBuilt":2009,"buildingType":"samostoječa stavba"}},{"type":"Feature","id":"100200000323263208","geometry":{"type":"Point","coordinates":[14.4328486,45.8905986]},"properties":{"eidBuilding":"100200000323263208","buildingNumber":"895","cadastralMunicipalityCode":"1652","yearBuilt":2011,"buildingType":"samostoječa stavba"}},{"type":"Feature","id":"100200000323454732","geometry":{"type":"Point","coordinates":[14.4390428,45.8813376]},"properties":{"eidBuilding":"100200000323454732","buildingNumber":"896","cadastralMunicipalityCode":"1652","yearBuilt":2010,"buildingType":"samostoječa stavba"}},{"type":"Feature","id":"100200000323733093","geometry":{"type":"Point","coordinates":[14.4334513,45.8867663]},"properties":{"eidBuilding":"100200000323733093","buildingNumber":"897","cadastralMunicipalityCode":"1652","yearBuilt":2013,"buildingType":"samostoječa stavba"}},{"type":"Feature","id":"100200000324043336","geometry":{"type":"Point","coordinates":[14.4437129,45.8824055]},"properties":{"eidBuilding":"100200000324043336","buildingNumber":"902","cadastralMunicipalityCode":"1652","yearBuilt":2013,"buildingType":"samostoječa stavba"}},{"type":"Feature","id":"100200000324064217","geometry":{"type":"Point","coordinates":[14.4365801,45.884391]},"properties":{"eidBuilding":"100200000324064217","buildingNumber":"909","cadastralMunicipalityCode":"1652","yearBuilt":2013,"buildingType":"samostoječa stavba"}},{"type":"Feature","id":"100200000250482441","geometry":{"type":"Point","coordinates":[14.427054,45.8942557]},"properties":{"eidBuilding":"100200000250482441","buildingNumber":"50","cadastralMunicipalityCode":"1652","yearBuilt":1982,"buildingType":"samostoječa stavba"}},{"type":"Feature","id":"100200000250482474","geometry":{"type":"Point","coordinates":[14.4270993,45.8951221]},"properties":{"eidBuilding":"100200000250482474","buildingNumber":"53","cadastralMunicipalityCode":"1652","yearBuilt":1965,"buildingType":"samostoječa stavba"}},{"type":"Feature","id":"100200000250482482","geometry":{"type":"Point","coordinates":[14.4266289,45.8950919]},"properties":{"eidBuilding":"100200000250482482","buildingNumber":"54","cadastralMunicipalityCode":"1652","yearBuilt":1980,"buildingType":"samostoječa stavba"}},{"type":"Feature","id":"100200000250482490","geometry":{"type":"Point","coordinates":[14.4266011,45.8954876]},"properties":{"eidBuilding":"100200000250482490","buildingNumber":"55","cadastralMunicipalityCode":"1652","yearBuilt":1891,"buildingType":"samostoječa stavba"}},{"type":"Feature","id":"100200000250482508","geometry":{"type":"Point","coordinates":[14.4266635,45.8956598]},"properties":{"eidBuilding":"100200000250482508","buildingNumber":"56","cadastralMunicipalityCode":"1652","yearBuilt":1989,"buildingType":"samostoječa stavba"}},{"type":"Feature","id":"100200000250482516","geometry":{"type":"Point","coordinates":[14.4265427,45.8957426]},"properties":{"eidBuilding":"100200000250482516","buildingNumber":"57","cadastralMunicipalityCode":"1652","yearBuilt":1984,"buildingType":"samostoječa stavba"}},{"type":"Feature","id":"100200000250482565","geometry":{"type":"Point","coordinates":[14.4265986,45.8923254]},"properties":{"eidBuilding":"100200000250482565","buildingNumber":"62","cadastralMunicipalityCode":"1652","yearBuilt":1971,"buildingType":"samostoječa stavba"}},{"type":"Feature","id":"100200000250482573","geometry":{"type":"Point","coordinates":[14.4277515,45.8919965]},"properties":{"eidBuilding":"100200000250482573","buildingNumber":"63","cadastralMunicipalityCode":"1652","yearBuilt":1966,"buildingType":"samostoječa stavba"}},{"type":"Feature","id":"100200000250482581","geometry":{"type":"Point","coordinates":[14.4275403,45.89199]},"properties":{"eidBuilding":"100200000250482581","buildingNumber":"64","cadastralMunicipalityCode":"1652","yearBuilt":1970,"buildingType":"samostoječa stavba"}},{"type":"Feature","id":"100200000250482607","geometry":{"type":"Point","coordinates":[14.4275468,45.891326]},"properties":{"eidBuilding":"100200000250482607","buildingNumber":"66","cadastralMunicipalityCode":"1652","yearBuilt":1996,"buildingType":"samostoječa stavba"}},{"type":"Feature","id":"100200000250482615","geometry":{"type":"Point","coordinates":[14.427264,45.8913466]},"properties":{"eidBuilding":"100200000250482615","buildingNumber":"67","cadastralMunicipalityCode":"1652","yearBuilt":1987,"buildingType":"samostoječa stavba"}},{"type":"Feature","id":"100200000250482623","geometry":{"type":"Point","coordinates":[14.4275649,45.8909243]},"properties":{"eidBuilding":"100200000250482623","buildingNumber":"68","cadastralMunicipalityCode":"1652","yearBuilt":1985,"buildingType":"samostoječa stavba"}},{"type":"Feature","id":"100200000250482862","geometry":{"type":"Point","coordinates":[14.4283713,45.8923738]},"properties":{"eidBuilding":"100200000250482862","buildingNumber":"92","cadastralMunicipalityCode":"1652","yearBuilt":1750,"buildingType":"samostoječa stavba"}},{"type":"Feature","id":"100200000250484975","geometry":{"type":"Point","coordinates":[14.4383992,45.8925465]},"properties":{"eidBuilding":"100200000250484975","buildingNumber":"303","cadastralMunicipalityCode":"1652","yearBuilt":1955,"buildingType":"samostoječa stavba"}},{"type":"Feature","id":"100200000250484983","geometry":{"type":"Point","coordinates":[14.4382483,45.8924549]},"properties":{"eidBuilding":"100200000250484983","buildingNumber":"304","cadastralMunicipalityCode":"1652","yearBuilt":1800,"buildingType":"samostoječa stavba"}},{"type":"Feature","id":"100200000250485006","geometry":{"type":"Point","coordinates":[14.4372483,45.8928149]},"properties":{"eidBuilding":"100200000250485006","buildingNumber":"306","cadastralMunicipalityCode":"1652","yearBuilt":1985,"buildingType":"samostoječa stavba"}},{"type":"Feature","id":"100200000250485014","geometry":{"type":"Point","coordinates":[14.4381086,45.892315]},"properties":{"eidBuilding":"100200000250485014","buildingNumber":"307","cadastralMunicipalityCode":"1652","yearBuilt":1850,"buildingType":"samostoječa stavba"}},{"type":"Feature","id":"100200000250485022","geometry":{"type":"Point","coordinates":[14.437789,45.8923468]},"properties":{"eidBuilding":"100200000250485022","buildingNumber":"308","cadastralMunicipalityCode":"1652","yearBuilt":1969,"buildingType":"samostoječa stavba"}},{"type":"Feature","id":"100200000250485055","geometry":{"type":"Point","coordinates":[14.4383948,45.8921885]},"properties":{"eidBuilding":"100200000250485055","buildingNumber":"311","cadastralMunicipalityCode":"1652","yearBuilt":1850,"buildingType":"samostoječa stavba"}},{"type":"Feature","id":"100200000250485097","geometry":{"type":"Point","coordinates":[14.4388965,45.8917225]},"properties":{"eidBuilding":"100200000250485097","buildingNumber":"315","cadastralMunicipalityCode":"1652","yearBuilt":1800,"buildingType":"samostoječa stavba"}},{"type":"Feature","id":"100200000250485170","geometry":{"type":"Point","coordinates":[14.4390617,45.8909038]},"properties":{"eidBuilding":"100200000250485170","buildingNumber":"323","cadastralMunicipalityCode":"1652","yearBuilt":1999,"buildingType":"samostoječa stavba"}},{"type":"Feature","id":"100200000250485238","geometry":{"type":"Point","coordinates":[14.4389943,45.8920658]},"properties":{"eidBuilding":"100200000250485238","buildingNumber":"329","cadastralMunicipalityCode":"1652","yearBuilt":1987,"buildingType":"samostoječa stavba"}},{"type":"Feature","id":"100200000250485287","geometry":{"type":"Point","coordinates":[14.4398964,45.8914514]},"properties":{"eidBuilding":"100200000250485287","buildingNumber":"334","cadastralMunicipalityCode":"1652","yearBuilt":1981,"buildingType":"samostoječa stavba"}},{"type":"Feature","id":"100200000250486186","geometry":{"type":"Point","coordinates":[14.4349614,45.887922]},"properties":{"eidBuilding":"100200000250486186","buildingNumber":"424","cadastralMunicipalityCode":"1652","yearBuilt":2000,"buildingType":"samostoječa stavba"}},{"type":"Feature","id":"100200000250486194","geometry":{"type":"Point","coordinates":[14.4350017,45.888109]},"properties":{"eidBuilding":"100200000250486194","buildingNumber":"425","cadastralMunicipalityCode":"1652","yearBuilt":1974,"buildingType":"samostoječa stavba"}},{"type":"Feature","id":"100200000312308196","geometry":{"type":"Point","coordinates":[14.4355562,45.8893378]},"properties":{"eidBuilding":"100200000312308196","buildingNumber":"818","cadastralMunicipalityCode":"1652","yearBuilt":1995,"buildingType":"samostoječa stavba"}},{"type":"Feature","id":"100200000312691633","geometry":{"type":"Point","coordinates":[14.4363985,45.8875963]},"properties":{"eidBuilding":"100200000312691633","buildingNumber":"821","cadastralMunicipalityCode":"1652","yearBuilt":1975,"buildingType":"samostoječa stavba"}},{"type":"Feature","id":"100200000312691658","geometry":{"type":"Point","coordinates":[14.4365524,45.8876601]},"properties":{"eidBuilding":"100200000312691658","buildingNumber":"822","cadastralMunicipalityCode":"1652","yearBuilt":1970,"buildingType":"samostoječa stavba"}},{"type":"Feature","id":"100200000313173805","geometry":{"type":"Point","coordinates":[14.4381477,45.8864174]},"properties":{"eidBuilding":"100200000313173805","buildingNumber":"827","cadastralMunicipalityCode":"1652","yearBuilt":1997,"buildingType":"samostoječa stavba"}},{"type":"Feature","id":"100200000314538402","geometry":{"type":"Point","coordinates":[14.4373603,45.8829664]},"properties":{"eidBuilding":"100200000314538402","buildingNumber":"836","cadastralMunicipalityCode":"1652","yearBuilt":1995,"buildingType":"samostoječa stavba"}},{"type":"Feature","id":"100200000314877693","geometry":{"type":"Point","coordinates":[14.4401636,45.882153]},"properties":{"eidBuilding":"100200000314877693","buildingNumber":"838","cadastralMunicipalityCode":"1652","yearBuilt":2003,"buildingType":"samostoječa stavba"}},{"type":"Feature","id":"100200000314920014","geometry":{"type":"Point","coordinates":[14.4402705,45.8847769]},"properties":{"eidBuilding":"100200000314920014","buildingNumber":"839","cadastralMunicipalityCode":"1652","yearBuilt":1999,"buildingType":"samostoječa stavba"}},{"type":"Feature","id":"100200000315060166","geometry":{"type":"Point","coordinates":[14.4353336,45.8820723]},"properties":{"eidBuilding":"100200000315060166","buildingNumber":"844","cadastralMunicipalityCode":"1652","yearBuilt":1991,"buildingType":"samostoječa stavba"}},{"type":"Feature","id":"100200000315060497","geometry":{"type":"Point","coordinates":[14.4413131,45.8908679]},"properties":{"eidBuilding":"100200000315060497","buildingNumber":"847","cadastralMunicipalityCode":"1652","yearBuilt":2006,"buildingType":"samostoječa stavba"}},{"type":"Feature","id":"100200000315060539","geometry":{"type":"Point","coordinates":[14.4436585,45.8908801]},"properties":{"eidBuilding":"100200000315060539","buildingNumber":"848","cadastralMunicipalityCode":"1652","yearBuilt":2003,"buildingType":"samostoječa stavba"}},{"type":"Feature","id":"100200000315060596","geometry":{"type":"Point","coordinates":[14.4465361,45.8930625]},"properties":{"eidBuilding":"100200000315060596","buildingNumber":"849","cadastralMunicipalityCode":"1652","yearBuilt":2005,"buildingType":"samostoječa stavba"}},{"type":"Feature","id":"100200000315061529","geometry":{"type":"Point","coordinates":[14.4445653,45.8869022]},"properties":{"eidBuilding":"100200000315061529","buildingNumber":"850","cadastralMunicipalityCode":"1652","yearBuilt":1990,"buildingType":"samostoječa stavba"}},{"type":"Feature","id":"100200000315258570","geometry":{"type":"Point","coordinates":[14.4303003,45.8874613]},"properties":{"eidBuilding":"100200000315258570","buildingNumber":"856","cadastralMunicipalityCode":"1652","yearBuilt":1998,"buildingType":"samostoječa stavba"}},{"type":"Feature","id":"100200000324074521","geometry":{"type":"Point","coordinates":[14.440845,45.8920812]},"properties":{"eidBuilding":"100200000324074521","buildingNumber":"914","cadastralMunicipalityCode":"1652","yearBuilt":2009,"buildingType":"samostoječa stavba"}},{"type":"Feature","id":"100200000324612502","geometry":{"type":"Point","coordinates":[14.4383976,45.890322]},"properties":{"eidBuilding":"100200000324612502","buildingNumber":"918","cadastralMunicipalityCode":"1652","yearBuilt":2012,"buildingType":"samostoječa stavba"}},{"type":"Feature","id":"100200000324614599","geometry":{"type":"Point","coordinates":[14.4385891,45.8902721]},"properties":{"eidBuilding":"100200000324614599","buildingNumber":"919","cadastralMunicipalityCode":"1652","yearBuilt":2012,"buildingType":"samostoječa stavba"}},{"type":"Feature","id":"100200000324656210","geometry":{"type":"Point","coordinates":[14.429568,45.8872512]},"properties":{"eidBuilding":"100200000324656210","buildingNumber":"922","cadastralMunicipalityCode":"1652","yearBuilt":1967,"buildingType":"samostoječa stavba"}},{"type":"Feature","id":"100200000325745806","geometry":{"type":"Point","coordinates":[14.4335472,45.8907533]},"properties":{"eidBuilding":"100200000325745806","buildingNumber":"924","cadastralMunicipalityCode":"1652","yearBuilt":2014,"buildingType":"samostoječa stavba"}},{"type":"Feature","id":"100200000326816556","geometry":{"type":"Point","coordinates":[14.4270931,45.8944155]},"properties":{"eidBuilding":"100200000326816556","buildingNumber":"928","cadastralMunicipalityCode":"1652","yearBuilt":2005,"buildingType":"samostoječa stavba"}},{"type":"Feature","id":"100200000328176603","geometry":{"type":"Point","coordinates":[14.4380814,45.8851302]},"properties":{"eidBuilding":"100200000328176603","buildingNumber":"931","cadastralMunicipalityCode":"1652","yearBuilt":2006,"buildingType":"samostoječa stavba"}},{"type":"Feature","id":"100200000328176629","geometry":{"type":"Point","coordinates":[14.4374265,45.8865756]},"properties":{"eidBuilding":"100200000328176629","buildingNumber":"932","cadastralMunicipalityCode":"1652","yearBuilt":2006,"buildingType":"samostoječa stavba"}},{"type":"Feature","id":"100200000328176660","geometry":{"type":"Point","coordinates":[14.4384888,45.8872315]},"properties":{"eidBuilding":"100200000328176660","buildingNumber":"934","cadastralMunicipalityCode":"1652","yearBuilt":2013,"buildingType":"samostoječa stavba"}},{"type":"Feature","id":"100200000328196437","geometry":{"type":"Point","coordinates":[14.4294363,45.8882854]},"properties":{"eidBuilding":"100200000328196437","buildingNumber":"935","cadastralMunicipalityCode":"1652","yearBuilt":2010,"buildingType":"samostoječa stavba"}},{"type":"Feature","id":"100200000328196452","geometry":{"type":"Point","coordinates":[14.430937,45.8903156]},"properties":{"eidBuilding":"100200000328196452","buildingNumber":"936","cadastralMunicipalityCode":"1652","yearBuilt":2006,"buildingType":"samostoječa stavba"}},{"type":"Feature","id":"100200000328196502","geometry":{"type":"Point","coordinates":[14.430851,45.8906519]},"properties":{"eidBuilding":"100200000328196502","buildingNumber":"938","cadastralMunicipalityCode":"1652","yearBuilt":2013,"buildingType":"samostoječa stavba"}},{"type":"Feature","id":"100200000250482870","geometry":{"type":"Point","coordinates":[14.4282673,45.89285]},"properties":{"eidBuilding":"100200000250482870","buildingNumber":"93","cadastralMunicipalityCode":"1652","yearBuilt":1966,"buildingType":"samostoječa stavba"}},{"type":"Feature","id":"100200000250482896","geometry":{"type":"Point","coordinates":[14.428482,45.8930198]},"properties":{"eidBuilding":"100200000250482896","buildingNumber":"95","cadastralMunicipalityCode":"1652","yearBuilt":1898,"buildingType":"samostoječa stavba"}},{"type":"Feature","id":"100200000250482961","geometry":{"type":"Point","coordinates":[14.4283531,45.8933436]},"properties":{"eidBuilding":"100200000250482961","buildingNumber":"102","cadastralMunicipalityCode":"1652","yearBuilt":1973,"buildingType":"samostoječa stavba"}},{"type":"Feature","id":"100200000250482987","geometry":{"type":"Point","coordinates":[14.4283701,45.8936355]},"properties":{"eidBuilding":"100200000250482987","buildingNumber":"104","cadastralMunicipalityCode":"1652","yearBuilt":2000,"buildingType":"samostoječa stavba"}},{"type":"Feature","id":"100200000250483019","geometry":{"type":"Point","coordinates":[14.4311164,45.8923212]},"properties":{"eidBuilding":"100200000250483019","buildingNumber":"107","cadastralMunicipalityCode":"1652","yearBuilt":1987,"buildingType":"samostoječa stavba"}},{"type":"Feature","id":"100200000250483035","geometry":{"type":"Point","coordinates":[14.430961,45.8926386]},"properties":{"eidBuilding":"100200000250483035","buildingNumber":"109","cadastralMunicipalityCode":"1652","yearBuilt":1967,"buildingType":"samostoječa stavba"}},{"type":"Feature","id":"100200000250483043","geometry":{"type":"Point","coordinates":[14.4322139,45.8922382]},"properties":{"eidBuilding":"100200000250483043","buildingNumber":"110","cadastralMunicipalityCode":"1652","yearBuilt":1930,"buildingType":"samostoječa stavba"}},{"type":"Feature","id":"100200000250483050","geometry":{"type":"Point","coordinates":[14.4321084,45.8923755]},"properties":{"eidBuilding":"100200000250483050","buildingNumber":"111","cadastralMunicipalityCode":"1652","yearBuilt":1900,"buildingType":"samostoječa stavba"}},{"type":"Feature","id":"100200000250483068","geometry":{"type":"Point","coordinates":[14.4306144,45.892102]},"properties":{"eidBuilding":"100200000250483068","buildingNumber":"112","cadastralMunicipalityCode":"1652","yearBuilt":1986,"buildingType":"samostoječa stavba"}},{"type":"Feature","id":"100200000250483076","geometry":{"type":"Point","coordinates":[14.4307727,45.8920326]},"properties":{"eidBuilding":"100200000250483076","buildingNumber":"113","cadastralMunicipalityCode":"1652","yearBuilt":1986,"buildingType":"samostoječa stavba"}},{"type":"Feature","id":"100200000250483100","geometry":{"type":"Point","coordinates":[14.4306094,45.8915917]},"properties":{"eidBuilding":"100200000250483100","buildingNumber":"116","cadastralMunicipalityCode":"1652","yearBuilt":1997,"buildingType":"samostoječa stavba"}},{"type":"Feature","id":"100200000250483167","geometry":{"type":"Point","coordinates":[14.4325516,45.8902494]},"properties":{"eidBuilding":"100200000250483167","buildingNumber":"122","cadastralMunicipalityCode":"1652","yearBuilt":1998,"buildingType":"samostoječa stavba"}},{"type":"Feature","id":"100200000250483209","geometry":{"type":"Point","coordinates":[14.432531,45.8899669]},"properties":{"eidBuilding":"100200000250483209","buildingNumber":"126","cadastralMunicipalityCode":"1652","yearBuilt":1990,"buildingType":"samostoječa stavba"}},{"type":"Feature","id":"100200000250486202","geometry":{"type":"Point","coordinates":[14.4357481,45.8877305]},"properties":{"eidBuilding":"100200000250486202","buildingNumber":"426","cadastralMunicipalityCode":"1652","yearBuilt":1700,"buildingType":"samostoječa stavba"}},{"type":"Feature","id":"100200000250486210","geometry":{"type":"Point","coordinates":[14.4359546,45.8875987]},"properties":{"eidBuilding":"100200000250486210","buildingNumber":"427","cadastralMunicipalityCode":"1652","yearBuilt":1850,"buildingType":"samostoječa stavba"}},{"type":"Feature","id":"100200000250486228","geometry":{"type":"Point","coordinates":[14.436009,45.8874162]},"properties":{"eidBuilding":"100200000250486228","buildingNumber":"428","cadastralMunicipalityCode":"1652","yearBuilt":1988,"buildingType":"samostoječa stavba"}},{"type":"Feature","id":"100200000250486236","geometry":{"type":"Point","coordinates":[14.4364827,45.887588]},"properties":{"eidBuilding":"100200000250486236","buildingNumber":"429","cadastralMunicipalityCode":"1652","yearBuilt":1650,"buildingType":"samostoječa stavba"}},{"type":"Feature","id":"100200000250486251","geometry":{"type":"Point","coordinates":[14.4366927,45.8874066]},"properties":{"eidBuilding":"100200000250486251","buildingNumber":"431","cadastralMunicipalityCode":"1652","yearBuilt":1825,"buildingType":"samostoječa stavba"}},{"type":"Feature","id":"100200000250486277","geometry":{"type":"Point","coordinates":[14.4441975,45.8869095]},"properties":{"eidBuilding":"100200000250486277","buildingNumber":"433","cadastralMunicipalityCode":"1652","yearBuilt":1988,"buildingType":"samostoječa stavba"}},{"type":"Feature","id":"100200000250486400","geometry":{"type":"Point","coordinates":[14.4363518,45.8859547]},"properties":{"eidBuilding":"100200000250486400","buildingNumber":"446","cadastralMunicipalityCode":"1652","yearBuilt":1968,"buildingType":"samostoječa stavba"}},{"type":"Feature","id":"100200000250486483","geometry":{"type":"Point","coordinates":[14.4357786,45.8867333]},"properties":{"eidBuilding":"100200000250486483","buildingNumber":"454","cadastralMunicipalityCode":"1652","yearBuilt":1965,"buildingType":"samostoječa stavba"}},{"type":"Feature","id":"100200000250486541","geometry":{"type":"Point","coordinates":[14.4374221,45.8857635]},"properties":{"eidBuilding":"100200000250486541","buildingNumber":"460","cadastralMunicipalityCode":"1652","yearBuilt":1975,"buildingType":"samostoječa stavba"}},{"type":"Feature","id":"100200000250486640","geometry":{"type":"Point","coordinates":[14.4380889,45.8863713]},"properties":{"eidBuilding":"100200000250486640","buildingNumber":"470","cadastralMunicipalityCode":"1652","yearBuilt":1968,"buildingType":"samostoječa stavba"}},{"type":"Feature","id":"100200000250486657","geometry":{"type":"Point","coordinates":[14.4375941,45.8863008]},"properties":{"eidBuilding":"100200000250486657","buildingNumber":"471","cadastralMunicipalityCode":"1652","yearBuilt":1977,"buildingType":"samostoječa stavba"}},{"type":"Feature","id":"100200000250486707","geometry":{"type":"Point","coordinates":[14.4389302,45.8859707]},"properties":{"eidBuilding":"100200000250486707","buildingNumber":"476","cadastralMunicipalityCode":"1652","yearBuilt":1974,"buildingType":"samostoječa stavba"}},{"type":"Feature","id":"100200000250486731","geometry":{"type":"Point","coordinates":[14.4386702,45.8869046]},"properties":{"eidBuilding":"100200000250486731","buildingNumber":"479","cadastralMunicipalityCode":"1652","yearBuilt":1966,"buildingType":"samostoječa stavba"}},{"type":"Feature","id":"100200000318141856","geometry":{"type":"Point","coordinates":[14.4329271,45.8911013]},"properties":{"eidBuilding":"100200000318141856","buildingNumber":"865","cadastralMunicipalityCode":"1652","yearBuilt":2000,"buildingType":"samostoječa stavba"}},{"type":"Feature","id":"100200000318141872","geometry":{"type":"Point","coordinates":[14.4226128,45.8974755]},"properties":{"eidBuilding":"100200000318141872","buildingNumber":"866","cadastralMunicipalityCode":"1652","yearBuilt":2008,"buildingType":"samostoječa stavba"}},{"type":"Feature","id":"100200000318141898","geometry":{"type":"Point","coordinates":[14.4400732,45.8927705]},"properties":{"eidBuilding":"100200000318141898","buildingNumber":"867","cadastralMunicipalityCode":"1652","yearBuilt":2005,"buildingType":"samostoječa stavba"}},{"type":"Feature","id":"100200000319073256","geometry":{"type":"Point","coordinates":[14.4225635,45.8967079]},"properties":{"eidBuilding":"100200000319073256","buildingNumber":"869","cadastralMunicipalityCode":"1652","yearBuilt":2011,"buildingType":"samostoječa stavba"}},{"type":"Feature","id":"100200000319365645","geometry":{"type":"Point","coordinates":[14.4330938,45.8908171]},"properties":{"eidBuilding":"100200000319365645","buildingNumber":"870","cadastralMunicipalityCode":"1652","yearBuilt":2010,"buildingType":"samostoječa stavba"}},{"type":"Feature","id":"100200000319565913","geometry":{"type":"Point","coordinates":[14.4374471,45.8838682]},"properties":{"eidBuilding":"100200000319565913","buildingNumber":"872","cadastralMunicipalityCode":"1652","yearBuilt":1978,"buildingType":"samostoječa stavba"}},{"type":"Feature","id":"100200000319632127","geometry":{"type":"Point","coordinates":[14.4384829,45.8838288]},"properties":{"eidBuilding":"100200000319632127","buildingNumber":"873","cadastralMunicipalityCode":"1652","yearBuilt":2010,"buildingType":"samostoječa stavba"}},{"type":"Feature","id":"100200000319783771","geometry":{"type":"Point","coordinates":[14.4407712,45.8909752]},"properties":{"eidBuilding":"100200000319783771","buildingNumber":"875","cadastralMunicipalityCode":"1652","yearBuilt":1800,"buildingType":"samostoječa stavba"}},{"type":"Feature","id":"100200000319902157","geometry":{"type":"Point","coordinates":[14.4391334,45.8846854]},"properties":{"eidBuilding":"100200000319902157","buildingNumber":"877","cadastralMunicipalityCode":"1652","yearBuilt":2006,"buildingType":"samostoječa stavba"}},{"type":"Feature","id":"100200000320543032","geometry":{"type":"Point","coordinates":[14.4220873,45.8978548]},"properties":{"eidBuilding":"100200000320543032","buildingNumber":"879","cadastralMunicipalityCode":"1652","yearBuilt":2010,"buildingType":"samostoječa stavba"}},{"type":"Feature","id":"100200000320923184","geometry":{"type":"Point","coordinates":[14.4420169,45.8832581]},"properties":{"eidBuilding":"100200000320923184","buildingNumber":"880","cadastralMunicipalityCode":"1652","yearBuilt":2003,"buildingType":"samostoječa stavba"}},{"type":"Feature","id":"100200000321155539","geometry":{"type":"Point","coordinates":[14.4405243,45.8826482]},"properties":{"eidBuilding":"100200000321155539","buildingNumber":"882","cadastralMunicipalityCode":"1652","yearBuilt":2012,"buildingType":"samostoječa stavba"}},{"type":"Feature","id":"100200000328799339","geometry":{"type":"Point","coordinates":[14.4290611,45.8901809]},"properties":{"eidBuilding":"100200000328799339","buildingNumber":"942","cadastralMunicipalityCode":"1652","yearBuilt":2016,"buildingType":"samostoječa stavba"}},{"type":"Feature","id":"100200000329117218","geometry":{"type":"Point","coordinates":[14.4386687,45.892457]},"properties":{"eidBuilding":"100200000329117218","buildingNumber":"943","cadastralMunicipalityCode":"1652","yearBuilt":1940,"buildingType":"samostoječa stavba"}},{"type":"Feature","id":"100200000329946517","geometry":{"type":"Point","coordinates":[14.4344164,45.8886529]},"properties":{"eidBuilding":"100200000329946517","buildingNumber":"944","cadastralMunicipalityCode":"1652","yearBuilt":2016,"buildingType":"samostoječa stavba"}},{"type":"Feature","id":"100200000334137573","geometry":{"type":"Point","coordinates":[14.4286944,45.8925253]},"properties":{"eidBuilding":"100200000334137573","buildingNumber":"945","cadastralMunicipalityCode":"1652","yearBuilt":2017,"buildingType":"samostoječa stavba"}},{"type":"Feature","id":"100200000375627474","geometry":{"type":"Point","coordinates":[14.4339043,45.8839379]},"properties":{"eidBuilding":"100200000375627474","buildingNumber":"955","cadastralMunicipalityCode":"1652","yearBuilt":1994,"buildingType":"samostoječa stavba"}},{"type":"Feature","id":"100200000378267401","geometry":{"type":"Point","coordinates":[14.4321038,45.8909822]},"properties":{"eidBuilding":"100200000378267401","buildingNumber":"957","cadastralMunicipalityCode":"1652","yearBuilt":2021,"buildingType":"samostoječa stavba"}},{"type":"Feature","id":"100200000250482631","geometry":{"type":"Point","coordinates":[14.427436,45.8909297]},"properties":{"eidBuilding":"100200000250482631","buildingNumber":"69","cadastralMunicipalityCode":"1652","yearBuilt":2000,"buildingType":"krajna vrstna stavba"}},{"type":"Feature","id":"100200000250482698","geometry":{"type":"Point","coordinates":[14.4285261,45.8908172]},"properties":{"eidBuilding":"100200000250482698","buildingNumber":"75","cadastralMunicipalityCode":"1652","yearBuilt":1900,"buildingType":"krajna vrstna stavba"}},{"type":"Feature","id":"100200000250482409","geometry":{"type":"Point","coordinates":[14.4260108,45.8953707]},"properties":{"eidBuilding":"100200000250482409","buildingNumber":"46","cadastralMunicipalityCode":"1652","yearBuilt":1990,"buildingType":"krajna vrstna stavba"}},{"type":"Feature","id":"100200000250482524","geometry":{"type":"Point","coordinates":[14.4264389,45.8959124]},"properties":{"eidBuilding":"100200000250482524","buildingNumber":"58","cadastralMunicipalityCode":"1652","yearBuilt":1965,"buildingType":"krajna vrstna stavba"}},{"type":"Feature","id":"100200000250482532","geometry":{"type":"Point","coordinates":[14.4263314,45.8958383]},"properties":{"eidBuilding":"100200000250482532","buildingNumber":"59","cadastralMunicipalityCode":"1652","yearBuilt":1970,"buildingType":"krajna vrstna stavba"}},{"type":"Feature","id":"100200000250482672","geometry":{"type":"Point","coordinates":[14.4283646,45.8908887]},"properties":{"eidBuilding":"100200000250482672","buildingNumber":"73","cadastralMunicipalityCode":"1652","yearBuilt":1934,"buildingType":"krajna vrstna stavba"}},{"type":"Feature","id":"100200000250482706","geometry":{"type":"Point","coordinates":[14.4286216,45.8908877]},"properties":{"eidBuilding":"100200000250482706","buildingNumber":"76","cadastralMunicipalityCode":"1652","yearBuilt":1906,"buildingType":"krajna vrstna stavba"}},{"type":"Feature","id":"100200000250483225","geometry":{"type":"Point","coordinates":[14.4315841,45.8898261]},"properties":{"eidBuilding":"100200000250483225","buildingNumber":"128","cadastralMunicipalityCode":"1652","yearBuilt":1988,"buildingType":"samostoječa stavba"}},{"type":"Feature","id":"100200000250483241","geometry":{"type":"Point","coordinates":[14.4339208,45.8909071]},"properties":{"eidBuilding":"100200000250483241","buildingNumber":"130","cadastralMunicipalityCode":"1652","yearBuilt":1954,"buildingType":"samostoječa stavba"}},{"type":"Feature","id":"100200000250483274","geometry":{"type":"Point","coordinates":[14.433914,45.8902242]},"properties":{"eidBuilding":"100200000250483274","buildingNumber":"133","cadastralMunicipalityCode":"1652","yearBuilt":1937,"buildingType":"samostoječa stavba"}},{"type":"Feature","id":"100200000250483266","geometry":{"type":"Point","coordinates":[14.4338772,45.8905416]},"properties":{"eidBuilding":"100200000250483266","buildingNumber":"132","cadastralMunicipalityCode":"1652","yearBuilt":1900,"buildingType":"samostoječa stavba"}},{"type":"Feature","id":"100200000250483357","geometry":{"type":"Point","coordinates":[14.432955,45.8896167]},"properties":{"eidBuilding":"100200000250483357","buildingNumber":"141","cadastralMunicipalityCode":"1652","yearBuilt":1967,"buildingType":"samostoječa stavba"}},{"type":"Feature","id":"100200000250483464","geometry":{"type":"Point","coordinates":[14.433058,45.8885333]},"properties":{"eidBuilding":"100200000250483464","buildingNumber":"152","cadastralMunicipalityCode":"1652","yearBuilt":1972,"buildingType":"samostoječa stavba"}},{"type":"Feature","id":"100200000250483472","geometry":{"type":"Point","coordinates":[14.43292,45.8882921]},"properties":{"eidBuilding":"100200000250483472","buildingNumber":"153","cadastralMunicipalityCode":"1652","yearBuilt":1986,"buildingType":"samostoječa stavba"}},{"type":"Feature","id":"100200000250483514","geometry":{"type":"Point","coordinates":[14.4338503,45.8882372]},"properties":{"eidBuilding":"100200000250483514","buildingNumber":"157","cadastralMunicipalityCode":"1652","yearBuilt":1965,"buildingType":"samostoječa stavba"}},{"type":"Feature","id":"100200000250483522","geometry":{"type":"Point","coordinates":[14.4333325,45.8891452]},"properties":{"eidBuilding":"100200000250483522","buildingNumber":"158","cadastralMunicipalityCode":"1652","yearBuilt":1963,"buildingType":"samostoječa stavba"}},{"type":"Feature","id":"100200000250483563","geometry":{"type":"Point","coordinates":[14.4339743,45.8897443]},"properties":{"eidBuilding":"100200000250483563","buildingNumber":"162","cadastralMunicipalityCode":"1652","yearBuilt":1993,"buildingType":"samostoječa stavba"}},{"type":"Feature","id":"100200000250486749","geometry":{"type":"Point","coordinates":[14.4391978,45.8869648]},"properties":{"eidBuilding":"100200000250486749","buildingNumber":"480","cadastralMunicipalityCode":"1652","yearBuilt":1966,"buildingType":"samostoječa stavba"}},{"type":"Feature","id":"100200000250486780","geometry":{"type":"Point","coordinates":[14.4386905,45.8876645]},"properties":{"eidBuilding":"100200000250486780","buildingNumber":"484","cadastralMunicipalityCode":"1652","yearBuilt":1981,"buildingType":"samostoječa stavba"}},{"type":"Feature","id":"100200000250486806","geometry":{"type":"Point","coordinates":[14.4389455,45.8876937]},"properties":{"eidBuilding":"100200000250486806","buildingNumber":"486","cadastralMunicipalityCode":"1652","yearBuilt":1995,"buildingType":"samostoječa stavba"}},{"type":"Feature","id":"100200000250486822","geometry":{"type":"Point","coordinates":[14.4386677,45.8878539]},"properties":{"eidBuilding":"100200000250486822","buildingNumber":"488","cadastralMunicipalityCode":"1652","yearBuilt":1850,"buildingType":"samostoječa stavba"}},{"type":"Feature","id":"100200000250486830","geometry":{"type":"Point","coordinates":[14.4385607,45.8879811]},"properties":{"eidBuilding":"100200000250486830","buildingNumber":"489","cadastralMunicipalityCode":"1652","yearBuilt":1850,"buildingType":"samostoječa stavba"}},{"type":"Feature","id":"100200000250486855","geometry":{"type":"Point","coordinates":[14.438812,45.8879888]},"properties":{"eidBuilding":"100200000250486855","buildingNumber":"491","cadastralMunicipalityCode":"1652","yearBuilt":1800,"buildingType":"samostoječa stavba"}},{"type":"Feature","id":"100200000250486889","geometry":{"type":"Point","coordinates":[14.43915,45.8866306]},"properties":{"eidBuilding":"100200000250486889","buildingNumber":"494","cadastralMunicipalityCode":"1652","yearBuilt":1976,"buildingType":"samostoječa stavba"}},{"type":"Feature","id":"100200000250486897","geometry":{"type":"Point","coordinates":[14.4392521,45.8864555]},"properties":{"eidBuilding":"100200000250486897","buildingNumber":"495","cadastralMunicipalityCode":"1652","yearBuilt":1997,"buildingType":"samostoječa stavba"}},{"type":"Feature","id":"100200000250486905","geometry":{"type":"Point","coordinates":[14.4392481,45.8862768]},"properties":{"eidBuilding":"100200000250486905","buildingNumber":"496","cadastralMunicipalityCode":"1652","yearBuilt":1968,"buildingType":"samostoječa stavba"}},{"type":"Feature","id":"100200000250486954","geometry":{"type":"Point","coordinates":[14.4397028,45.885399]},"properties":{"eidBuilding":"100200000250486954","buildingNumber":"501","cadastralMunicipalityCode":"1652","yearBuilt":1992,"buildingType":"samostoječa stavba"}},{"type":"Feature","id":"100200000250487077","geometry":{"type":"Point","coordinates":[14.4402311,45.8860085]},"properties":{"eidBuilding":"100200000250487077","buildingNumber":"513","cadastralMunicipalityCode":"1652","yearBuilt":1969,"buildingType":"samostoječa stavba"}},{"type":"Feature","id":"100200000250487176","geometry":{"type":"Point","coordinates":[14.4362237,45.8846889]},"properties":{"eidBuilding":"100200000250487176","buildingNumber":"523","cadastralMunicipalityCode":"1652","yearBuilt":1982,"buildingType":"samostoječa stavba"}},{"type":"Feature","id":"100200000321404606","geometry":{"type":"Point","coordinates":[14.4450835,45.8916278]},"properties":{"eidBuilding":"100200000321404606","buildingNumber":"884","cadastralMunicipalityCode":"1652","yearBuilt":2012,"buildingType":"samostoječa stavba"}},{"type":"Feature","id":"100200000321785087","geometry":{"type":"Point","coordinates":[14.4326927,45.8909668]},"properties":{"eidBuilding":"100200000321785087","buildingNumber":"886","cadastralMunicipalityCode":"1652","yearBuilt":2012,"buildingType":"samostoječa stavba"}},{"type":"Feature","id":"100200000321843035","geometry":{"type":"Point","coordinates":[14.429032,45.8884473]},"properties":{"eidBuilding":"100200000321843035","buildingNumber":"887","cadastralMunicipalityCode":"1652","yearBuilt":2000,"buildingType":"samostoječa stavba"}},{"type":"Feature","id":"100200000322494168","geometry":{"type":"Point","coordinates":[14.4386784,45.8837411]},"properties":{"eidBuilding":"100200000322494168","buildingNumber":"893","cadastralMunicipalityCode":"1652","yearBuilt":2005,"buildingType":"samostoječa stavba"}},{"type":"Feature","id":"100200000323733135","geometry":{"type":"Point","coordinates":[14.4335152,45.8865009]},"properties":{"eidBuilding":"100200000323733135","buildingNumber":"899","cadastralMunicipalityCode":"1652","yearBuilt":2013,"buildingType":"samostoječa stavba"}},{"type":"Feature","id":"100200000323786158","geometry":{"type":"Point","coordinates":[14.4434828,45.88344]},"properties":{"eidBuilding":"100200000323786158","buildingNumber":"900","cadastralMunicipalityCode":"1652","yearBuilt":2013,"buildingType":"samostoječa stavba"}},{"type":"Feature","id":"100200000323789277","geometry":{"type":"Point","coordinates":[14.4320079,45.8907199]},"properties":{"eidBuilding":"100200000323789277","buildingNumber":"901","cadastralMunicipalityCode":"1652","yearBuilt":2011,"buildingType":"samostoječa stavba"}},{"type":"Feature","id":"100200000324074075","geometry":{"type":"Point","coordinates":[14.4376769,45.891064]},"properties":{"eidBuilding":"100200000324074075","buildingNumber":"911","cadastralMunicipalityCode":"1652","yearBuilt":2008,"buildingType":"samostoječa stavba"}},{"type":"Feature","id":"100200000324639174","geometry":{"type":"Point","coordinates":[14.4353138,45.8869629]},"properties":{"eidBuilding":"100200000324639174","buildingNumber":"921","cadastralMunicipalityCode":"1652","yearBuilt":2010,"buildingType":"samostoječa stavba"}},{"type":"Feature","id":"100200000325778237","geometry":{"type":"Point","coordinates":[14.4367947,45.8843925]},"properties":{"eidBuilding":"100200000325778237","buildingNumber":"925","cadastralMunicipalityCode":"1652","yearBuilt":2013,"buildingType":"samostoječa stavba"}},{"type":"Feature","id":"100200000325796098","geometry":{"type":"Point","coordinates":[14.4342181,45.8910638]},"properties":{"eidBuilding":"100200000325796098","buildingNumber":"926","cadastralMunicipalityCode":"1652","yearBuilt":2014,"buildingType":"samostoječa stavba"}},{"type":"Feature","id":"100200000250482904","geometry":{"type":"Point","coordinates":[14.428573,45.8930611]},"properties":{"eidBuilding":"100200000250482904","buildingNumber":"96","cadastralMunicipalityCode":"1652","yearBuilt":1930,"buildingType":"krajna vrstna stavba"}},{"type":"Feature","id":"100200000250482938","geometry":{"type":"Point","coordinates":[14.4281898,45.8931621]},"properties":{"eidBuilding":"100200000250482938","buildingNumber":"99","cadastralMunicipalityCode":"1652","yearBuilt":1966,"buildingType":"krajna vrstna stavba"}},{"type":"Feature","id":"100200000250482946","geometry":{"type":"Point","coordinates":[14.4281131,45.8932551]},"properties":{"eidBuilding":"100200000250482946","buildingNumber":"100","cadastralMunicipalityCode":"1652","yearBuilt":1980,"buildingType":"krajna vrstna stavba"}},{"type":"Feature","id":"100200000250485493","geometry":{"type":"Point","coordinates":[14.4419331,45.8911703]},"properties":{"eidBuilding":"100200000250485493","buildingNumber":"355","cadastralMunicipalityCode":"1652","yearBuilt":1907,"buildingType":"krajna vrstna stavba"}},{"type":"Feature","id":"100200000250485576","geometry":{"type":"Point","coordinates":[14.4414602,45.8909455]},"properties":{"eidBuilding":"100200000250485576","buildingNumber":"363","cadastralMunicipalityCode":"1652","yearBuilt":1930,"buildingType":"krajna vrstna stavba"}},{"type":"Feature","id":"100200000250485683","geometry":{"type":"Point","coordinates":[14.4389514,45.8904769]},"properties":{"eidBuilding":"100200000250485683","buildingNumber":"374","cadastralMunicipalityCode":"1652","yearBuilt":1989,"buildingType":"krajna vrstna stavba"}},{"type":"Feature","id":"100200000250486160","geometry":{"type":"Point","coordinates":[14.4348903,45.888573]},"properties":{"eidBuilding":"100200000250486160","buildingNumber":"422","cadastralMunicipalityCode":"1652","yearBuilt":1970,"buildingType":"krajna vrstna stavba"}},{"type":"Feature","id":"100200000250486178","geometry":{"type":"Point","coordinates":[14.4349474,45.8885983]},"properties":{"eidBuilding":"100200000250486178","buildingNumber":"423","cadastralMunicipalityCode":"1652","yearBuilt":1970,"buildingType":"krajna vrstna stavba"}},{"type":"Feature","id":"100200000250485220","geometry":{"type":"Point","coordinates":[14.4385843,45.8922146]},"properties":{"eidBuilding":"100200000250485220","buildingNumber":"328","cadastralMunicipalityCode":"1652","yearBuilt":1950,"buildingType":"krajna vrstna stavba"}},{"type":"Feature","id":"100200000250486814","geometry":{"type":"Point","coordinates":[14.4390091,45.8878019]},"properties":{"eidBuilding":"100200000250486814","buildingNumber":"487","cadastralMunicipalityCode":"1652","yearBuilt":1800,"buildingType":"krajna vrstna stavba"}},{"type":"Feature","id":"100200000314100302","geometry":{"type":"Point","coordinates":[14.4390966,45.8877877]},"properties":{"eidBuilding":"100200000314100302","buildingNumber":"833","cadastralMunicipalityCode":"1652","yearBuilt":1800,"buildingType":"krajna vrstna stavba"}},{"type":"Feature","id":"100200000321205847","geometry":{"type":"Point","coordinates":[14.4418241,45.8911871]},"properties":{"eidBuilding":"100200000321205847","buildingNumber":"883","cadastralMunicipalityCode":"1652","yearBuilt":1907,"buildingType":"krajna vrstna stavba"}},{"type":"Feature","id":"100200000250489511","geometry":{"type":"Point","coordinates":[14.4468415,45.8881806]},"properties":{"eidBuilding":"100200000250489511","buildingNumber":"757","cadastralMunicipalityCode":"1652","yearBuilt":1938,"buildingType":"samostoječa stavba"}},{"type":"Feature","id":"100200000250489529","geometry":{"type":"Point","coordinates":[14.4468761,45.8881048]},"properties":{"eidBuilding":"100200000250489529","buildingNumber":"758","cadastralMunicipalityCode":"1652","yearBuilt":1987,"buildingType":"krajna vrstna stavba"}},{"type":"Feature","id":"100200000250483662","geometry":{"type":"Point","coordinates":[14.4340159,45.8886657]},"properties":{"eidBuilding":"100200000250483662","buildingNumber":"172","cadastralMunicipalityCode":"1652","yearBuilt":1975,"buildingType":"samostoječa stavba"}},{"type":"Feature","id":"100200000250483696","geometry":{"type":"Point","coordinates":[14.4344603,45.8882258]},"properties":{"eidBuilding":"100200000250483696","buildingNumber":"175","cadastralMunicipalityCode":"1652","yearBuilt":1850,"buildingType":"samostoječa stavba"}},{"type":"Feature","id":"100200000250483704","geometry":{"type":"Point","coordinates":[14.4341423,45.8881096]},"properties":{"eidBuilding":"100200000250483704","buildingNumber":"176","cadastralMunicipalityCode":"1652","yearBuilt":1850,"buildingType":"samostoječa stavba"}},{"type":"Feature","id":"100200000250483720","geometry":{"type":"Point","coordinates":[14.4341172,45.8876998]},"properties":{"eidBuilding":"100200000250483720","buildingNumber":"178","cadastralMunicipalityCode":"1652","yearBuilt":1990,"buildingType":"samostoječa stavba"}},{"type":"Feature","id":"100200000250483746","geometry":{"type":"Point","coordinates":[14.4340515,45.887357]},"properties":{"eidBuilding":"100200000250483746","buildingNumber":"180","cadastralMunicipalityCode":"1652","yearBuilt":1965,"buildingType":"samostoječa stavba"}},{"type":"Feature","id":"100200000250483753","geometry":{"type":"Point","coordinates":[14.4341294,45.8871845]},"properties":{"eidBuilding":"100200000250483753","buildingNumber":"181","cadastralMunicipalityCode":"1652","yearBuilt":1967,"buildingType":"samostoječa stavba"}},{"type":"Feature","id":"100200000250483761","geometry":{"type":"Point","coordinates":[14.4343111,45.8870396]},"properties":{"eidBuilding":"100200000250483761","buildingNumber":"182","cadastralMunicipalityCode":"1652","yearBuilt":1965,"buildingType":"samostoječa stavba"}},{"type":"Feature","id":"100200000250483787","geometry":{"type":"Point","coordinates":[14.434407,45.8868458]},"properties":{"eidBuilding":"100200000250483787","buildingNumber":"184","cadastralMunicipalityCode":"1652","yearBuilt":1972,"buildingType":"samostoječa stavba"}},{"type":"Feature","id":"100200000250483795","geometry":{"type":"Point","coordinates":[14.4340211,45.8868118]},"properties":{"eidBuilding":"100200000250483795","buildingNumber":"185","cadastralMunicipalityCode":"1652","yearBuilt":1964,"buildingType":"samostoječa stavba"}},{"type":"Feature","id":"100200000250484033","geometry":{"type":"Point","coordinates":[14.4296478,45.8877783]},"properties":{"eidBuilding":"100200000250484033","buildingNumber":"209","cadastralMunicipalityCode":"1652","yearBuilt":1974,"buildingType":"samostoječa stavba"}},{"type":"Feature","id":"100200000250484108","geometry":{"type":"Point","coordinates":[14.4296903,45.8871397]},"properties":{"eidBuilding":"100200000250484108","buildingNumber":"216","cadastralMunicipalityCode":"1652","yearBuilt":1985,"buildingType":"samostoječa stavba"}},{"type":"Feature","id":"100200000250484140","geometry":{"type":"Point","coordinates":[14.4295297,45.8863642]},"properties":{"eidBuilding":"100200000250484140","buildingNumber":"220","cadastralMunicipalityCode":"1652","yearBuilt":1968,"buildingType":"samostoječa stavba"}},{"type":"Feature","id":"100200000250484173","geometry":{"type":"Point","coordinates":[14.4306429,45.8866683]},"properties":{"eidBuilding":"100200000250484173","buildingNumber":"223","cadastralMunicipalityCode":"1652","yearBuilt":1985,"buildingType":"samostoječa stavba"}},{"type":"Feature","id":"100200000250487440","geometry":{"type":"Point","coordinates":[14.4367747,45.8845252]},"properties":{"eidBuilding":"100200000250487440","buildingNumber":"550","cadastralMunicipalityCode":"1652","yearBuilt":1980,"buildingType":"samostoječa stavba"}},{"type":"Feature","id":"100200000250487457","geometry":{"type":"Point","coordinates":[14.4369284,45.8843357]},"properties":{"eidBuilding":"100200000250487457","buildingNumber":"551","cadastralMunicipalityCode":"1652","yearBuilt":1976,"buildingType":"samostoječa stavba"}},{"type":"Feature","id":"100200000250487549","geometry":{"type":"Point","coordinates":[14.4378367,45.8838834]},"properties":{"eidBuilding":"100200000250487549","buildingNumber":"560","cadastralMunicipalityCode":"1652","yearBuilt":1975,"buildingType":"samostoječa stavba"}},{"type":"Feature","id":"100200000250487564","geometry":{"type":"Point","coordinates":[14.4381953,45.8840069]},"properties":{"eidBuilding":"100200000250487564","buildingNumber":"562","cadastralMunicipalityCode":"1652","yearBuilt":1990,"buildingType":"samostoječa stavba"}},{"type":"Feature","id":"100200000250487572","geometry":{"type":"Point","coordinates":[14.4382867,45.8839107]},"properties":{"eidBuilding":"100200000250487572","buildingNumber":"563","cadastralMunicipalityCode":"1652","yearBuilt":1997,"buildingType":"samostoječa stavba"}},{"type":"Feature","id":"100200000250487580","geometry":{"type":"Point","coordinates":[14.4385706,45.8835751]},"properties":{"eidBuilding":"100200000250487580","buildingNumber":"564","cadastralMunicipalityCode":"1652","yearBuilt":1975,"buildingType":"samostoječa stavba"}},{"type":"Feature","id":"100200000250487598","geometry":{"type":"Point","coordinates":[14.4383394,45.883551]},"properties":{"eidBuilding":"100200000250487598","buildingNumber":"565","cadastralMunicipalityCode":"1652","yearBuilt":1971,"buildingType":"samostoječa stavba"}},{"type":"Feature","id":"100200000250487606","geometry":{"type":"Point","coordinates":[14.4379721,45.8834989]},"properties":{"eidBuilding":"100200000250487606","buildingNumber":"566","cadastralMunicipalityCode":"1652","yearBuilt":1975,"buildingType":"samostoječa stavba"}},{"type":"Feature","id":"100200000250487614","geometry":{"type":"Point","coordinates":[14.4381096,45.8834317]},"properties":{"eidBuilding":"100200000250487614","buildingNumber":"567","cadastralMunicipalityCode":"1652","yearBuilt":1985,"buildingType":"samostoječa stavba"}},{"type":"Feature","id":"100200000250487648","geometry":{"type":"Point","coordinates":[14.4358526,45.8852645]},"properties":{"eidBuilding":"100200000250487648","buildingNumber":"570","cadastralMunicipalityCode":"1652","yearBuilt":1970,"buildingType":"samostoječa stavba"}},{"type":"Feature","id":"100200000250487689","geometry":{"type":"Point","coordinates":[14.4368678,45.8852324]},"properties":{"eidBuilding":"100200000250487689","buildingNumber":"574","cadastralMunicipalityCode":"1652","yearBuilt":2006,"buildingType":"samostoječa stavba"}},{"type":"Feature","id":"100200000250487697","geometry":{"type":"Point","coordinates":[14.4377166,45.8848718]},"properties":{"eidBuilding":"100200000250487697","buildingNumber":"575","cadastralMunicipalityCode":"1652","yearBuilt":1983,"buildingType":"samostoječa stavba"}},{"type":"Feature","id":"100200000250487705","geometry":{"type":"Point","coordinates":[14.4376797,45.8845791]},"properties":{"eidBuilding":"100200000250487705","buildingNumber":"576","cadastralMunicipalityCode":"1652","yearBuilt":1998,"buildingType":"samostoječa stavba"}},{"type":"Feature","id":"100200000250487713","geometry":{"type":"Point","coordinates":[14.4379823,45.884613]},"properties":{"eidBuilding":"100200000250487713","buildingNumber":"577","cadastralMunicipalityCode":"1652","yearBuilt":1982,"buildingType":"samostoječa stavba"}},{"type":"Feature","id":"100200000326167752","geometry":{"type":"Point","coordinates":[14.4449775,45.8925814]},"properties":{"eidBuilding":"100200000326167752","buildingNumber":"927","cadastralMunicipalityCode":"1652","yearBuilt":2014,"buildingType":"samostoječa stavba"}},{"type":"Feature","id":"100200000328176561","geometry":{"type":"Point","coordinates":[14.4428575,45.882785]},"properties":{"eidBuilding":"100200000328176561","buildingNumber":"930","cadastralMunicipalityCode":"1652","yearBuilt":2006,"buildingType":"samostoječa stavba"}},{"type":"Feature","id":"100200000328176645","geometry":{"type":"Point","coordinates":[14.4348599,45.886945]},"properties":{"eidBuilding":"100200000328176645","buildingNumber":"933","cadastralMunicipalityCode":"1652","yearBuilt":2010,"buildingType":"samostoječa stavba"}},{"type":"Feature","id":"100200000328196478","geometry":{"type":"Point","coordinates":[14.4272836,45.890188]},"properties":{"eidBuilding":"100200000328196478","buildingNumber":"937","cadastralMunicipalityCode":"1652","yearBuilt":2006,"buildingType":"samostoječa stavba"}},{"type":"Feature","id":"100200000328196528","geometry":{"type":"Point","coordinates":[14.4287394,45.8937914]},"properties":{"eidBuilding":"100200000328196528","buildingNumber":"939","cadastralMunicipalityCode":"1652","yearBuilt":2006,"buildingType":"samostoječa stavba"}},{"type":"Feature","id":"100200000328196544","geometry":{"type":"Point","coordinates":[14.4264154,45.8966082]},"properties":{"eidBuilding":"100200000328196544","buildingNumber":"940","cadastralMunicipalityCode":"1652","yearBuilt":2006,"buildingType":"samostoječa stavba"}},{"type":"Feature","id":"100200000328306853","geometry":{"type":"Point","coordinates":[14.4341575,45.8859492]},"properties":{"eidBuilding":"100200000328306853","buildingNumber":"941","cadastralMunicipalityCode":"1652","yearBuilt":2015,"buildingType":"samostoječa stavba"}},{"type":"Feature","id":"100200000340097779","geometry":{"type":"Point","coordinates":[14.4342185,45.8825675]},"properties":{"eidBuilding":"100200000340097779","buildingNumber":"947","cadastralMunicipalityCode":"1652","yearBuilt":2003,"buildingType":"samostoječa stavba"}},{"type":"Feature","id":"100200000340487251","geometry":{"type":"Point","coordinates":[14.4307632,45.8910307]},"properties":{"eidBuilding":"100200000340487251","buildingNumber":"948","cadastralMunicipalityCode":"1652","yearBuilt":2018,"buildingType":"samostoječa stavba"}},{"type":"Feature","id":"100200000342467186","geometry":{"type":"Point","coordinates":[14.443155,45.8826095]},"properties":{"eidBuilding":"100200000342467186","buildingNumber":"949","cadastralMunicipalityCode":"1652","yearBuilt":1996,"buildingType":"samostoječa stavba"}},{"type":"Feature","id":"100200000342467228","geometry":{"type":"Point","coordinates":[14.4431282,45.8828051]},"properties":{"eidBuilding":"100200000342467228","buildingNumber":"951","cadastralMunicipalityCode":"1652","yearBuilt":2010,"buildingType":"samostoječa stavba"}},{"type":"Feature","id":"100200000343057010","geometry":{"type":"Point","coordinates":[14.4392439,45.8873401]},"properties":{"eidBuilding":"100200000343057010","buildingNumber":"952","cadastralMunicipalityCode":"1652","yearBuilt":2018,"buildingType":"samostoječa stavba"}},{"type":"Feature","id":"100200000347027423","geometry":{"type":"Point","coordinates":[14.4268012,45.8946075]},"properties":{"eidBuilding":"100200000347027423","buildingNumber":"953","cadastralMunicipalityCode":"1652","yearBuilt":2018,"buildingType":"samostoječa stavba"}},{"type":"Feature","id":"100200000250489602","geometry":{"type":"Point","coordinates":[14.4471665,45.8874642]},"properties":{"eidBuilding":"100200000250489602","buildingNumber":"766","cadastralMunicipalityCode":"1652","yearBuilt":1992,"buildingType":"krajna vrstna stavba"}},{"type":"Feature","id":"100200000250489610","geometry":{"type":"Point","coordinates":[14.4470446,45.8874163]},"properties":{"eidBuilding":"100200000250489610","buildingNumber":"767","cadastralMunicipalityCode":"1652","yearBuilt":1890,"buildingType":"krajna vrstna stavba"}},{"type":"Feature","id":"100200000250489578","geometry":{"type":"Point","coordinates":[14.4466861,45.8877752]},"properties":{"eidBuilding":"100200000250489578","buildingNumber":"763","cadastralMunicipalityCode":"1652","yearBuilt":1950,"buildingType":"vmesna vrstna stavba"}},{"type":"Feature","id":"100200000250482193","geometry":{"type":"Point","coordinates":[14.425047,45.896572]},"properties":{"eidBuilding":"100200000250482193","buildingNumber":"25","cadastralMunicipalityCode":"1652","yearBuilt":1901,"buildingType":"samostoječa stavba"}},{"type":"Feature","id":"100200000250482458","geometry":{"type":"Point","coordinates":[14.426954,45.8949222]},"properties":{"eidBuilding":"100200000250482458","buildingNumber":"51","cadastralMunicipalityCode":"1652","yearBuilt":1975,"buildingType":"samostoječa stavba"}},{"type":"Feature","id":"100200000250482847","geometry":{"type":"Point","coordinates":[14.4285971,45.8912012]},"properties":{"eidBuilding":"100200000250482847","buildingNumber":"90","cadastralMunicipalityCode":"1652","yearBuilt":1974,"buildingType":"samostoječa stavba"}},{"type":"Feature","id":"100200000250483001","geometry":{"type":"Point","coordinates":[14.4289507,45.8937408]},"properties":{"eidBuilding":"100200000250483001","buildingNumber":"106","cadastralMunicipalityCode":"1652","yearBuilt":2006,"buildingType":"samostoječa stavba"}},{"type":"Feature","id":"100200000250483142","geometry":{"type":"Point","coordinates":[14.4314608,45.8902753]},"properties":{"eidBuilding":"100200000250483142","buildingNumber":"120","cadastralMunicipalityCode":"1652","yearBuilt":1998,"buildingType":"samostoječa stavba"}},{"type":"Feature","id":"100200000250483340","geometry":{"type":"Point","coordinates":[14.4327109,45.8897113]},"properties":{"eidBuilding":"100200000250483340","buildingNumber":"140","cadastralMunicipalityCode":"1652","yearBuilt":1980,"buildingType":"samostoječa stavba"}},{"type":"Feature","id":"100200000250483449","geometry":{"type":"Point","coordinates":[14.4328925,45.8888051]},"properties":{"eidBuilding":"100200000250483449","buildingNumber":"150","cadastralMunicipalityCode":"1652","yearBuilt":1965,"buildingType":"samostoječa stavba"}},{"type":"Feature","id":"100200000250484256","geometry":{"type":"Point","coordinates":[14.4289086,45.8855928]},"properties":{"eidBuilding":"100200000250484256","buildingNumber":"231","cadastralMunicipalityCode":"1652","yearBuilt":1972,"buildingType":"samostoječa stavba"}},{"type":"Feature","id":"100200000250484264","geometry":{"type":"Point","coordinates":[14.4282048,45.8856724]},"properties":{"eidBuilding":"100200000250484264","buildingNumber":"232","cadastralMunicipalityCode":"1652","yearBuilt":1978,"buildingType":"samostoječa stavba"}},{"type":"Feature","id":"100200000250484348","geometry":{"type":"Point","coordinates":[14.4337993,45.8824421]},"properties":{"eidBuilding":"100200000250484348","buildingNumber":"240","cadastralMunicipalityCode":"1652","yearBuilt":2005,"buildingType":"samostoječa stavba"}},{"type":"Feature","id":"100200000250484371","geometry":{"type":"Point","coordinates":[14.4343765,45.8827114]},"properties":{"eidBuilding":"100200000250484371","buildingNumber":"243","cadastralMunicipalityCode":"1652","yearBuilt":2004,"buildingType":"samostoječa stavba"}},{"type":"Feature","id":"100200000250484389","geometry":{"type":"Point","coordinates":[14.4344112,45.8828301]},"properties":{"eidBuilding":"100200000250484389","buildingNumber":"244","cadastralMunicipalityCode":"1652","yearBuilt":2008,"buildingType":"samostoječa stavba"}},{"type":"Feature","id":"100200000250484462","geometry":{"type":"Point","coordinates":[14.4336877,45.8843973]},"properties":{"eidBuilding":"100200000250484462","buildingNumber":"252","cadastralMunicipalityCode":"1652","yearBuilt":1995,"buildingType":"samostoječa stavba"}},{"type":"Feature","id":"100200000250484496","geometry":{"type":"Point","coordinates":[14.434946,45.8912821]},"properties":{"eidBuilding":"100200000250484496","buildingNumber":"255","cadastralMunicipalityCode":"1652","yearBuilt":1981,"buildingType":"samostoječa stavba"}},{"type":"Feature","id":"100200000250484538","geometry":{"type":"Point","coordinates":[14.4347315,45.8907954]},"properties":{"eidBuilding":"100200000250484538","buildingNumber":"259","cadastralMunicipalityCode":"1652","yearBuilt":1954,"buildingType":"samostoječa stavba"}},{"type":"Feature","id":"100200000250484595","geometry":{"type":"Point","coordinates":[14.4372909,45.8911103]},"properties":{"eidBuilding":"100200000250484595","buildingNumber":"265","cadastralMunicipalityCode":"1652","yearBuilt":1800,"buildingType":"krajna vrstna stavba"}},{"type":"Feature","id":"100200000250484611","geometry":{"type":"Point","coordinates":[14.4370819,45.8911239]},"properties":{"eidBuilding":"100200000250484611","buildingNumber":"267","cadastralMunicipalityCode":"1652","yearBuilt":1985,"buildingType":"samostoječa stavba"}},{"type":"Feature","id":"100200000250484694","geometry":{"type":"Point","coordinates":[14.4385056,45.8936443]},"properties":{"eidBuilding":"100200000250484694","buildingNumber":"275","cadastralMunicipalityCode":"1652","yearBuilt":2004,"buildingType":"samostoječa stavba"}},{"type":"Feature","id":"100200000250484785","geometry":{"type":"Point","coordinates":[14.4389692,45.8933369]},"properties":{"eidBuilding":"100200000250484785","buildingNumber":"284","cadastralMunicipalityCode":"1652","yearBuilt":1900,"buildingType":"samostoječa stavba"}},{"type":"Feature","id":"100200000250484793","geometry":{"type":"Point","coordinates":[14.4391654,45.8932046]},"properties":{"eidBuilding":"100200000250484793","buildingNumber":"285","cadastralMunicipalityCode":"1652","yearBuilt":1970,"buildingType":"samostoječa stavba"}},{"type":"Feature","id":"100200000250487721","geometry":{"type":"Point","coordinates":[14.4383141,45.8843255]},"properties":{"eidBuilding":"100200000250487721","buildingNumber":"578","cadastralMunicipalityCode":"1652","yearBuilt":1980,"buildingType":"samostoječa stavba"}},{"type":"Feature","id":"100200000250487739","geometry":{"type":"Point","coordinates":[14.4382323,45.8844365]},"properties":{"eidBuilding":"100200000250487739","buildingNumber":"579","cadastralMunicipalityCode":"1652","yearBuilt":1988,"buildingType":"samostoječa stavba"}},{"type":"Feature","id":"100200000250487747","geometry":{"type":"Point","coordinates":[14.4389407,45.8839548]},"properties":{"eidBuilding":"100200000250487747","buildingNumber":"580","cadastralMunicipalityCode":"1652","yearBuilt":1991,"buildingType":"samostoječa stavba"}},{"type":"Feature","id":"100200000250487762","geometry":{"type":"Point","coordinates":[14.4392034,45.8841917]},"properties":{"eidBuilding":"100200000250487762","buildingNumber":"582","cadastralMunicipalityCode":"1652","yearBuilt":1995,"buildingType":"samostoječa stavba"}},{"type":"Feature","id":"100200000250487796","geometry":{"type":"Point","coordinates":[14.4387917,45.8844843]},"properties":{"eidBuilding":"100200000250487796","buildingNumber":"585","cadastralMunicipalityCode":"1652","yearBuilt":1987,"buildingType":"samostoječa stavba"}},{"type":"Feature","id":"100200000250487804","geometry":{"type":"Point","coordinates":[14.4388851,45.8847358]},"properties":{"eidBuilding":"100200000250487804","buildingNumber":"586","cadastralMunicipalityCode":"1652","yearBuilt":1988,"buildingType":"samostoječa stavba"}},{"type":"Feature","id":"100200000250485303","geometry":{"type":"Point","coordinates":[14.4400246,45.8909182]},"properties":{"eidBuilding":"100200000250485303","buildingNumber":"336","cadastralMunicipalityCode":"1652","yearBuilt":1950,"buildingType":"samostoječa stavba"}},{"type":"Feature","id":"100200000250485402","geometry":{"type":"Point","coordinates":[14.4407513,45.8916187]},"properties":{"eidBuilding":"100200000250485402","buildingNumber":"346","cadastralMunicipalityCode":"1652","yearBuilt":1900,"buildingType":"samostoječa stavba"}},{"type":"Feature","id":"100200000250485444","geometry":{"type":"Point","coordinates":[14.4411623,45.8915108]},"properties":{"eidBuilding":"100200000250485444","buildingNumber":"350","cadastralMunicipalityCode":"1652","yearBuilt":1800,"buildingType":"samostoječa stavba"}},{"type":"Feature","id":"100200000250485451","geometry":{"type":"Point","coordinates":[14.4416144,45.8914169]},"properties":{"eidBuilding":"100200000250485451","buildingNumber":"351","cadastralMunicipalityCode":"1652","yearBuilt":1900,"buildingType":"samostoječa stavba"}},{"type":"Feature","id":"100200000250485477","geometry":{"type":"Point","coordinates":[14.441534,45.8912814]},"properties":{"eidBuilding":"100200000250485477","buildingNumber":"353","cadastralMunicipalityCode":"1652","yearBuilt":1912,"buildingType":"samostoječa stavba"}},{"type":"Feature","id":"100200000250485485","geometry":{"type":"Point","coordinates":[14.4416852,45.891308]},"properties":{"eidBuilding":"100200000250485485","buildingNumber":"354","cadastralMunicipalityCode":"1652","yearBuilt":1975,"buildingType":"samostoječa stavba"}},{"type":"Feature","id":"100200000250485501","geometry":{"type":"Point","coordinates":[14.4420789,45.8910567]},"properties":{"eidBuilding":"100200000250485501","buildingNumber":"356","cadastralMunicipalityCode":"1652","yearBuilt":1960,"buildingType":"samostoječa stavba"}},{"type":"Feature","id":"100200000380008090","geometry":{"type":"Point","coordinates":[14.4329216,45.8897186]},"properties":{"eidBuilding":"100200000380008090","buildingNumber":"958","cadastralMunicipalityCode":"1652","yearBuilt":2018,"buildingType":"samostoječa stavba"}},{"type":"Feature","id":"100200000381927868","geometry":{"type":"Point","coordinates":[14.4386049,45.8868846]},"properties":{"eidBuilding":"100200000381927868","buildingNumber":"961","cadastralMunicipalityCode":"1652","yearBuilt":1970,"buildingType":"samostoječa stavba"}},{"type":"Feature","id":"100200000250487424","geometry":{"type":"Point","coordinates":[14.4358821,45.8823077]},"properties":{"eidBuilding":"100200000250487424","buildingNumber":"548","cadastralMunicipalityCode":"1652","yearBuilt":1986,"buildingType":"samostoječa stavba"}},{"type":"Feature","id":"100200000250487432","geometry":{"type":"Point","coordinates":[14.4350094,45.8818527]},"properties":{"eidBuilding":"100200000250487432","buildingNumber":"549","cadastralMunicipalityCode":"1652","yearBuilt":1975,"buildingType":"samostoječa stavba"}},{"type":"Feature","id":"100200000250487465","geometry":{"type":"Point","coordinates":[14.4368847,45.8841811]},"properties":{"eidBuilding":"100200000250487465","buildingNumber":"552","cadastralMunicipalityCode":"1652","yearBuilt":1975,"buildingType":"samostoječa stavba"}},{"type":"Feature","id":"100200000250487473","geometry":{"type":"Point","coordinates":[14.4369523,45.8839551]},"properties":{"eidBuilding":"100200000250487473","buildingNumber":"553","cadastralMunicipalityCode":"1652","yearBuilt":1992,"buildingType":"samostoječa stavba"}},{"type":"Feature","id":"100200000250487481","geometry":{"type":"Point","coordinates":[14.4371435,45.8837471]},"properties":{"eidBuilding":"100200000250487481","buildingNumber":"554","cadastralMunicipalityCode":"1652","yearBuilt":1990,"buildingType":"samostoječa stavba"}},{"type":"Feature","id":"100200000250487499","geometry":{"type":"Point","coordinates":[14.4374166,45.8836113]},"properties":{"eidBuilding":"100200000250487499","buildingNumber":"555","cadastralMunicipalityCode":"1652","yearBuilt":1995,"buildingType":"samostoječa stavba"}},{"type":"Feature","id":"100200000250487523","geometry":{"type":"Point","coordinates":[14.437522,45.8843929]},"properties":{"eidBuilding":"100200000250487523","buildingNumber":"558","cadastralMunicipalityCode":"1652","yearBuilt":1980,"buildingType":"samostoječa stavba"}},{"type":"Feature","id":"100200000250487531","geometry":{"type":"Point","coordinates":[14.4375123,45.8840533]},"properties":{"eidBuilding":"100200000250487531","buildingNumber":"559","cadastralMunicipalityCode":"1652","yearBuilt":1900,"buildingType":"samostoječa stavba"}},{"type":"Feature","id":"100200000250487622","geometry":{"type":"Point","coordinates":[14.4380082,45.8831676]},"properties":{"eidBuilding":"100200000250487622","buildingNumber":"568","cadastralMunicipalityCode":"1652","yearBuilt":1998,"buildingType":"samostoječa stavba"}},{"type":"Feature","id":"100200000250487630","geometry":{"type":"Point","coordinates":[14.4373462,45.8831566]},"properties":{"eidBuilding":"100200000250487630","buildingNumber":"569","cadastralMunicipalityCode":"1652","yearBuilt":1992,"buildingType":"samostoječa stavba"}},{"type":"Feature","id":"100200000250483480","geometry":{"type":"Point","coordinates":[14.4331711,45.8881566]},"properties":{"eidBuilding":"100200000250483480","buildingNumber":"154","cadastralMunicipalityCode":"1652","yearBuilt":1981,"buildingType":"samostoječa stavba"}},{"type":"Feature","id":"100200000250483654","geometry":{"type":"Point","coordinates":[14.4342881,45.8888188]},"properties":{"eidBuilding":"100200000250483654","buildingNumber":"171","cadastralMunicipalityCode":"1652","yearBuilt":1965,"buildingType":"samostoječa stavba"}},{"type":"Feature","id":"100200000250483837","geometry":{"type":"Point","coordinates":[14.433866,45.8864257]},"properties":{"eidBuilding":"100200000250483837","buildingNumber":"189","cadastralMunicipalityCode":"1652","yearBuilt":1968,"buildingType":"samostoječa stavba"}},{"type":"Feature","id":"100200000250484025","geometry":{"type":"Point","coordinates":[14.429829,45.8876849]},"properties":{"eidBuilding":"100200000250484025","buildingNumber":"208","cadastralMunicipalityCode":"1652","yearBuilt":1974,"buildingType":"samostoječa stavba"}},{"type":"Feature","id":"100200000250484041","geometry":{"type":"Point","coordinates":[14.4299692,45.8874715]},"properties":{"eidBuilding":"100200000250484041","buildingNumber":"210","cadastralMunicipalityCode":"1652","yearBuilt":1970,"buildingType":"samostoječa stavba"}},{"type":"Feature","id":"100200000250484199","geometry":{"type":"Point","coordinates":[14.4302188,45.8863183]},"properties":{"eidBuilding":"100200000250484199","buildingNumber":"225","cadastralMunicipalityCode":"1652","yearBuilt":1972,"buildingType":"samostoječa stavba"}},{"type":"Feature","id":"100200000250484215","geometry":{"type":"Point","coordinates":[14.4296244,45.886055]},"properties":{"eidBuilding":"100200000250484215","buildingNumber":"227","cadastralMunicipalityCode":"1652","yearBuilt":1973,"buildingType":"samostoječa stavba"}},{"type":"Feature","id":"100200000250484405","geometry":{"type":"Point","coordinates":[14.4346937,45.8826537]},"properties":{"eidBuilding":"100200000250484405","buildingNumber":"246","cadastralMunicipalityCode":"1652","yearBuilt":1987,"buildingType":"samostoječa stavba"}},{"type":"Feature","id":"100200000250484439","geometry":{"type":"Point","coordinates":[14.4347265,45.8838522]},"properties":{"eidBuilding":"100200000250484439","buildingNumber":"249","cadastralMunicipalityCode":"1652","yearBuilt":1986,"buildingType":"samostoječa stavba"}},{"type":"Feature","id":"100200000250484835","geometry":{"type":"Point","coordinates":[14.4395103,45.8928527]},"properties":{"eidBuilding":"100200000250484835","buildingNumber":"289","cadastralMunicipalityCode":"1652","yearBuilt":1955,"buildingType":"samostoječa stavba"}},{"type":"Feature","id":"100200000250484843","geometry":{"type":"Point","coordinates":[14.4394287,45.8930193]},"properties":{"eidBuilding":"100200000250484843","buildingNumber":"290","cadastralMunicipalityCode":"1652","yearBuilt":1998,"buildingType":"samostoječa stavba"}},{"type":"Feature","id":"100200000250484850","geometry":{"type":"Point","coordinates":[14.4393218,45.8926799]},"properties":{"eidBuilding":"100200000250484850","buildingNumber":"291","cadastralMunicipalityCode":"1652","yearBuilt":1900,"buildingType":"samostoječa stavba"}},{"type":"Feature","id":"100200000250484868","geometry":{"type":"Point","coordinates":[14.4391481,45.8930156]},"properties":{"eidBuilding":"100200000250484868","buildingNumber":"292","cadastralMunicipalityCode":"1652","yearBuilt":1900,"buildingType":"samostoječa stavba"}},{"type":"Feature","id":"100200000250484892","geometry":{"type":"Point","coordinates":[14.4395809,45.8925718]},"properties":{"eidBuilding":"100200000250484892","buildingNumber":"295","cadastralMunicipalityCode":"1652","yearBuilt":2013,"buildingType":"krajna vrstna stavba"}},{"type":"Feature","id":"100200000250484900","geometry":{"type":"Point","coordinates":[14.4398911,45.892492]},"properties":{"eidBuilding":"100200000250484900","buildingNumber":"296","cadastralMunicipalityCode":"1652","yearBuilt":2003,"buildingType":"samostoječa stavba"}},{"type":"Feature","id":"100200000250484918","geometry":{"type":"Point","coordinates":[14.4402521,45.8922759]},"properties":{"eidBuilding":"100200000250484918","buildingNumber":"297","cadastralMunicipalityCode":"1652","yearBuilt":1982,"buildingType":"samostoječa stavba"}},{"type":"Feature","id":"100200000250484942","geometry":{"type":"Point","coordinates":[14.4375551,45.8933424]},"properties":{"eidBuilding":"100200000250484942","buildingNumber":"300","cadastralMunicipalityCode":"1652","yearBuilt":1988,"buildingType":"samostoječa stavba"}},{"type":"Feature","id":"100200000250484959","geometry":{"type":"Point","coordinates":[14.4382693,45.8928878]},"properties":{"eidBuilding":"100200000250484959","buildingNumber":"301","cadastralMunicipalityCode":"1652","yearBuilt":1970,"buildingType":"samostoječa stavba"}},{"type":"Feature","id":"100200000250484967","geometry":{"type":"Point","coordinates":[14.4383705,45.8927575]},"properties":{"eidBuilding":"100200000250484967","buildingNumber":"302","cadastralMunicipalityCode":"1652","yearBuilt":1980,"buildingType":"samostoječa stavba"}},{"type":"Feature","id":"100200000250484991","geometry":{"type":"Point","coordinates":[14.4373653,45.8927656]},"properties":{"eidBuilding":"100200000250484991","buildingNumber":"305","cadastralMunicipalityCode":"1652","yearBuilt":1985,"buildingType":"samostoječa stavba"}},{"type":"Feature","id":"100200000250485063","geometry":{"type":"Point","coordinates":[14.4382508,45.891937]},"properties":{"eidBuilding":"100200000250485063","buildingNumber":"312","cadastralMunicipalityCode":"1652","yearBuilt":1850,"buildingType":"samostoječa stavba"}},{"type":"Feature","id":"100200000250485071","geometry":{"type":"Point","coordinates":[14.4386932,45.8918734]},"properties":{"eidBuilding":"100200000250485071","buildingNumber":"313","cadastralMunicipalityCode":"1652","yearBuilt":1846,"buildingType":"samostoječa stavba"}},{"type":"Feature","id":"100200000250485519","geometry":{"type":"Point","coordinates":[14.441479,45.8911554]},"properties":{"eidBuilding":"100200000250485519","buildingNumber":"357","cadastralMunicipalityCode":"1652","yearBuilt":1970,"buildingType":"samostoječa stavba"}},{"type":"Feature","id":"100200000250485527","geometry":{"type":"Point","coordinates":[14.4416223,45.8911011]},"properties":{"eidBuilding":"100200000250485527","buildingNumber":"358","cadastralMunicipalityCode":"1652","yearBuilt":1995,"buildingType":"samostoječa stavba"}},{"type":"Feature","id":"100200000250485535","geometry":{"type":"Point","coordinates":[14.441745,45.890611]},"properties":{"eidBuilding":"100200000250485535","buildingNumber":"359","cadastralMunicipalityCode":"1652","yearBuilt":1975,"buildingType":"samostoječa stavba"}},{"type":"Feature","id":"100200000250485543","geometry":{"type":"Point","coordinates":[14.4416221,45.8908389]},"properties":{"eidBuilding":"100200000250485543","buildingNumber":"360","cadastralMunicipalityCode":"1652","yearBuilt":1977,"buildingType":"samostoječa stavba"}},{"type":"Feature","id":"100200000250485550","geometry":{"type":"Point","coordinates":[14.4414517,45.8908305]},"properties":{"eidBuilding":"100200000250485550","buildingNumber":"361","cadastralMunicipalityCode":"1652","yearBuilt":2006,"buildingType":"samostoječa stavba"}},{"type":"Feature","id":"100200000250485568","geometry":{"type":"Point","coordinates":[14.4412877,45.8909928]},"properties":{"eidBuilding":"100200000250485568","buildingNumber":"362","cadastralMunicipalityCode":"1652","yearBuilt":1950,"buildingType":"samostoječa stavba"}},{"type":"Feature","id":"100200000250485592","geometry":{"type":"Point","coordinates":[14.4412939,45.8905191]},"properties":{"eidBuilding":"100200000250485592","buildingNumber":"365","cadastralMunicipalityCode":"1652","yearBuilt":1966,"buildingType":"samostoječa stavba"}},{"type":"Feature","id":"100200000250485634","geometry":{"type":"Point","coordinates":[14.4404559,45.8906626]},"properties":{"eidBuilding":"100200000250485634","buildingNumber":"369","cadastralMunicipalityCode":"1652","yearBuilt":1830,"buildingType":"samostoječa stavba"}},{"type":"Feature","id":"100200000250485725","geometry":{"type":"Point","coordinates":[14.4435741,45.8935329]},"properties":{"eidBuilding":"100200000250485725","buildingNumber":"378","cadastralMunicipalityCode":"1652","yearBuilt":1996,"buildingType":"samostoječa stavba"}},{"type":"Feature","id":"100200000250485741","geometry":{"type":"Point","coordinates":[14.4435079,45.8931853]},"properties":{"eidBuilding":"100200000250485741","buildingNumber":"380","cadastralMunicipalityCode":"1652","yearBuilt":1882,"buildingType":"samostoječa stavba"}},{"type":"Feature","id":"100200000250485766","geometry":{"type":"Point","coordinates":[14.4438067,45.8932009]},"properties":{"eidBuilding":"100200000250485766","buildingNumber":"382","cadastralMunicipalityCode":"1652","yearBuilt":1995,"buildingType":"samostoječa stavba"}},{"type":"Feature","id":"100200000250485873","geometry":{"type":"Point","coordinates":[14.444089,45.8925876]},"properties":{"eidBuilding":"100200000250485873","buildingNumber":"393","cadastralMunicipalityCode":"1652","yearBuilt":1997,"buildingType":"samostoječa stavba"}},{"type":"Feature","id":"100200000250487788","geometry":{"type":"Point","coordinates":[14.4391291,45.8845103]},"properties":{"eidBuilding":"100200000250487788","buildingNumber":"584","cadastralMunicipalityCode":"1652","yearBuilt":1983,"buildingType":"samostoječa stavba"}},{"type":"Feature","id":"100200000250487812","geometry":{"type":"Point","coordinates":[14.4384992,45.8852165]},"properties":{"eidBuilding":"100200000250487812","buildingNumber":"587","cadastralMunicipalityCode":"1652","yearBuilt":1992,"buildingType":"samostoječa stavba"}},{"type":"Feature","id":"100200000250487838","geometry":{"type":"Point","coordinates":[14.4386289,45.8849863]},"properties":{"eidBuilding":"100200000250487838","buildingNumber":"589","cadastralMunicipalityCode":"1652","yearBuilt":1998,"buildingType":"samostoječa stavba"}},{"type":"Feature","id":"100200000250487929","geometry":{"type":"Point","coordinates":[14.4411926,45.8829577]},"properties":{"eidBuilding":"100200000250487929","buildingNumber":"598","cadastralMunicipalityCode":"1652","yearBuilt":1997,"buildingType":"samostoječa stavba"}},{"type":"Feature","id":"100200000250487937","geometry":{"type":"Point","coordinates":[14.4415715,45.8829658]},"properties":{"eidBuilding":"100200000250487937","buildingNumber":"599","cadastralMunicipalityCode":"1652","yearBuilt":1998,"buildingType":"samostoječa stavba"}},{"type":"Feature","id":"100200000250487945","geometry":{"type":"Point","coordinates":[14.4414765,45.8830401]},"properties":{"eidBuilding":"100200000250487945","buildingNumber":"600","cadastralMunicipalityCode":"1652","yearBuilt":1998,"buildingType":"samostoječa stavba"}},{"type":"Feature","id":"100200000250487978","geometry":{"type":"Point","coordinates":[14.4418563,45.883023]},"properties":{"eidBuilding":"100200000250487978","buildingNumber":"603","cadastralMunicipalityCode":"1652","yearBuilt":1983,"buildingType":"samostoječa stavba"}},{"type":"Feature","id":"100200000250487986","geometry":{"type":"Point","coordinates":[14.4417475,45.8831237]},"properties":{"eidBuilding":"100200000250487986","buildingNumber":"604","cadastralMunicipalityCode":"1652","yearBuilt":1993,"buildingType":"samostoječa stavba"}},{"type":"Feature","id":"100200000250487994","geometry":{"type":"Point","coordinates":[14.4417352,45.8832389]},"properties":{"eidBuilding":"100200000250487994","buildingNumber":"605","cadastralMunicipalityCode":"1652","yearBuilt":1993,"buildingType":"samostoječa stavba"}},{"type":"Feature","id":"100200000250488000","geometry":{"type":"Point","coordinates":[14.4415427,45.8835018]},"properties":{"eidBuilding":"100200000250488000","buildingNumber":"606","cadastralMunicipalityCode":"1652","yearBuilt":1980,"buildingType":"samostoječa stavba"}},{"type":"Feature","id":"100200000250488018","geometry":{"type":"Point","coordinates":[14.4409035,45.8837703]},"properties":{"eidBuilding":"100200000250488018","buildingNumber":"607","cadastralMunicipalityCode":"1652","yearBuilt":1991,"buildingType":"samostoječa stavba"}},{"type":"Feature","id":"100200000250488034","geometry":{"type":"Point","coordinates":[14.44206,45.8834258]},"properties":{"eidBuilding":"100200000250488034","buildingNumber":"609","cadastralMunicipalityCode":"1652","yearBuilt":1990,"buildingType":"samostoječa stavba"}},{"type":"Feature","id":"100200000250484512","geometry":{"type":"Point","coordinates":[14.4348605,45.8914111]},"properties":{"eidBuilding":"100200000250484512","buildingNumber":"257","cadastralMunicipalityCode":"1652","yearBuilt":1986,"buildingType":"samostoječa stavba"}},{"type":"Feature","id":"100200000250484637","geometry":{"type":"Point","coordinates":[14.4370321,45.8909683]},"properties":{"eidBuilding":"100200000250484637","buildingNumber":"269","cadastralMunicipalityCode":"1652","yearBuilt":1950,"buildingType":"samostoječa stavba"}},{"type":"Feature","id":"100200000250484884","geometry":{"type":"Point","coordinates":[14.4394845,45.892483]},"properties":{"eidBuilding":"100200000250484884","buildingNumber":"294","cadastralMunicipalityCode":"1652","yearBuilt":1978,"buildingType":"krajna vrstna stavba"}},{"type":"Feature","id":"100200000250484934","geometry":{"type":"Point","coordinates":[14.4375723,45.8932428]},"properties":{"eidBuilding":"100200000250484934","buildingNumber":"299","cadastralMunicipalityCode":"1652","yearBuilt":1985,"buildingType":"samostoječa stavba"}},{"type":"Feature","id":"100200000250485246","geometry":{"type":"Point","coordinates":[14.4389989,45.8919323]},"properties":{"eidBuilding":"100200000250485246","buildingNumber":"330","cadastralMunicipalityCode":"1652","yearBuilt":1932,"buildingType":"samostoječa stavba"}},{"type":"Feature","id":"100200000250485352","geometry":{"type":"Point","coordinates":[14.4410362,45.8911498]},"properties":{"eidBuilding":"100200000250485352","buildingNumber":"341","cadastralMunicipalityCode":"1652","yearBuilt":1900,"buildingType":"samostoječa stavba"}},{"type":"Feature","id":"100200000250485907","geometry":{"type":"Point","coordinates":[14.4430987,45.8911193]},"properties":{"eidBuilding":"100200000250485907","buildingNumber":"396","cadastralMunicipalityCode":"1652","yearBuilt":1987,"buildingType":"samostoječa stavba"}},{"type":"Feature","id":"100200000250486020","geometry":{"type":"Point","coordinates":[14.4357993,45.88958]},"properties":{"eidBuilding":"100200000250486020","buildingNumber":"408","cadastralMunicipalityCode":"1652","yearBuilt":1909,"buildingType":"samostoječa stavba"}},{"type":"Feature","id":"100200000250486459","geometry":{"type":"Point","coordinates":[14.437007,45.8856046]},"properties":{"eidBuilding":"100200000250486459","buildingNumber":"451","cadastralMunicipalityCode":"1652","yearBuilt":1973,"buildingType":"samostoječa stavba"}},{"type":"Feature","id":"100200000250483282","geometry":{"type":"Point","coordinates":[14.4339446,45.8901075]},"properties":{"eidBuilding":"100200000250483282","buildingNumber":"134","cadastralMunicipalityCode":"1652","yearBuilt":1937,"buildingType":"samostoječa stavba"}},{"type":"Feature","id":"100200000250483290","geometry":{"type":"Point","coordinates":[14.4342969,45.8899262]},"properties":{"eidBuilding":"100200000250483290","buildingNumber":"135","cadastralMunicipalityCode":"1652","yearBuilt":2001,"buildingType":"samostoječa stavba"}},{"type":"Feature","id":"100200000250483308","geometry":{"type":"Point","coordinates":[14.4344437,45.8898064]},"properties":{"eidBuilding":"100200000250483308","buildingNumber":"136","cadastralMunicipalityCode":"1652","yearBuilt":1930,"buildingType":"samostoječa stavba"}},{"type":"Feature","id":"100200000250483316","geometry":{"type":"Point","coordinates":[14.4335324,45.8899007]},"properties":{"eidBuilding":"100200000250483316","buildingNumber":"137","cadastralMunicipalityCode":"1652","yearBuilt":1966,"buildingType":"samostoječa stavba"}},{"type":"Feature","id":"100200000250483324","geometry":{"type":"Point","coordinates":[14.4330313,45.8898236]},"properties":{"eidBuilding":"100200000250483324","buildingNumber":"138","cadastralMunicipalityCode":"1652","yearBuilt":1980,"buildingType":"samostoječa stavba"}},{"type":"Feature","id":"100200000250483373","geometry":{"type":"Point","coordinates":[14.433208,45.8897073]},"properties":{"eidBuilding":"100200000250483373","buildingNumber":"143","cadastralMunicipalityCode":"1652","yearBuilt":1975,"buildingType":"samostoječa stavba"}},{"type":"Feature","id":"100200000250483381","geometry":{"type":"Point","coordinates":[14.4335088,45.8895882]},"properties":{"eidBuilding":"100200000250483381","buildingNumber":"144","cadastralMunicipalityCode":"1652","yearBuilt":1972,"buildingType":"samostoječa stavba"}},{"type":"Feature","id":"100200000250483399","geometry":{"type":"Point","coordinates":[14.4324666,45.8894063]},"properties":{"eidBuilding":"100200000250483399","buildingNumber":"145","cadastralMunicipalityCode":"1652","yearBuilt":1964,"buildingType":"samostoječa stavba"}},{"type":"Feature","id":"100200000250483407","geometry":{"type":"Point","coordinates":[14.4326833,45.8893972]},"properties":{"eidBuilding":"100200000250483407","buildingNumber":"146","cadastralMunicipalityCode":"1652","yearBuilt":1964,"buildingType":"samostoječa stavba"}},{"type":"Feature","id":"100200000250483415","geometry":{"type":"Point","coordinates":[14.4326666,45.8891654]},"properties":{"eidBuilding":"100200000250483415","buildingNumber":"147","cadastralMunicipalityCode":"1652","yearBuilt":2006,"buildingType":"samostoječa stavba"}},{"type":"Feature","id":"100200000250483431","geometry":{"type":"Point","coordinates":[14.4326401,45.8888836]},"properties":{"eidBuilding":"100200000250483431","buildingNumber":"149","cadastralMunicipalityCode":"1652","yearBuilt":1969,"buildingType":"samostoječa stavba"}},{"type":"Feature","id":"100200000250483530","geometry":{"type":"Point","coordinates":[14.4334105,45.8894083]},"properties":{"eidBuilding":"100200000250483530","buildingNumber":"159","cadastralMunicipalityCode":"1652","yearBuilt":1964,"buildingType":"samostoječa stavba"}},{"type":"Feature","id":"100200000250483548","geometry":{"type":"Point","coordinates":[14.4335177,45.8893182]},"properties":{"eidBuilding":"100200000250483548","buildingNumber":"160","cadastralMunicipalityCode":"1652","yearBuilt":1990,"buildingType":"samostoječa stavba"}},{"type":"Feature","id":"100200000250483555","geometry":{"type":"Point","coordinates":[14.433871,45.8888709]},"properties":{"eidBuilding":"100200000250483555","buildingNumber":"161","cadastralMunicipalityCode":"1652","yearBuilt":1970,"buildingType":"samostoječa stavba"}},{"type":"Feature","id":"100200000250485915","geometry":{"type":"Point","coordinates":[14.4432648,45.8909591]},"properties":{"eidBuilding":"100200000250485915","buildingNumber":"397","cadastralMunicipalityCode":"1652","yearBuilt":1954,"buildingType":"samostoječa stavba"}},{"type":"Feature","id":"100200000250485980","geometry":{"type":"Point","coordinates":[14.4443818,45.8911346]},"properties":{"eidBuilding":"100200000250485980","buildingNumber":"404","cadastralMunicipalityCode":"1652","yearBuilt":1934,"buildingType":"samostoječa stavba"}},{"type":"Feature","id":"100200000250485998","geometry":{"type":"Point","coordinates":[14.436144,45.8895926]},"properties":{"eidBuilding":"100200000250485998","buildingNumber":"405","cadastralMunicipalityCode":"1652","yearBuilt":1800,"buildingType":"samostoječa stavba"}},{"type":"Feature","id":"100200000250486046","geometry":{"type":"Point","coordinates":[14.4348239,45.8896527]},"properties":{"eidBuilding":"100200000250486046","buildingNumber":"410","cadastralMunicipalityCode":"1652","yearBuilt":1998,"buildingType":"samostoječa stavba"}},{"type":"Feature","id":"100200000250486079","geometry":{"type":"Point","coordinates":[14.4353335,45.8890983]},"properties":{"eidBuilding":"100200000250486079","buildingNumber":"413","cadastralMunicipalityCode":"1652","yearBuilt":1972,"buildingType":"samostoječa stavba"}},{"type":"Feature","id":"100200000250486095","geometry":{"type":"Point","coordinates":[14.4356314,45.8888944]},"properties":{"eidBuilding":"100200000250486095","buildingNumber":"415","cadastralMunicipalityCode":"1652","yearBuilt":1997,"buildingType":"samostoječa stavba"}},{"type":"Feature","id":"100200000250486111","geometry":{"type":"Point","coordinates":[14.4356764,45.8891741]},"properties":{"eidBuilding":"100200000250486111","buildingNumber":"417","cadastralMunicipalityCode":"1652","yearBuilt":1975,"buildingType":"samostoječa stavba"}},{"type":"Feature","id":"100200000250486152","geometry":{"type":"Point","coordinates":[14.434761,45.8886417]},"properties":{"eidBuilding":"100200000250486152","buildingNumber":"421","cadastralMunicipalityCode":"1652","yearBuilt":1965,"buildingType":"samostoječa stavba"}},{"type":"Feature","id":"100200000250486301","geometry":{"type":"Point","coordinates":[14.4442627,45.8871163]},"properties":{"eidBuilding":"100200000250486301","buildingNumber":"436","cadastralMunicipalityCode":"1652","yearBuilt":1890,"buildingType":"samostoječa stavba"}},{"type":"Feature","id":"100200000250486319","geometry":{"type":"Point","coordinates":[14.4349102,45.8874225]},"properties":{"eidBuilding":"100200000250486319","buildingNumber":"437","cadastralMunicipalityCode":"1652","yearBuilt":1965,"buildingType":"samostoječa stavba"}},{"type":"Feature","id":"100200000250486327","geometry":{"type":"Point","coordinates":[14.4351586,45.887235]},"properties":{"eidBuilding":"100200000250486327","buildingNumber":"438","cadastralMunicipalityCode":"1652","yearBuilt":1968,"buildingType":"samostoječa stavba"}},{"type":"Feature","id":"100200000250486335","geometry":{"type":"Point","coordinates":[14.435333,45.8871573]},"properties":{"eidBuilding":"100200000250486335","buildingNumber":"439","cadastralMunicipalityCode":"1652","yearBuilt":1966,"buildingType":"samostoječa stavba"}},{"type":"Feature","id":"100200000250488042","geometry":{"type":"Point","coordinates":[14.4422258,45.8831948]},"properties":{"eidBuilding":"100200000250488042","buildingNumber":"610","cadastralMunicipalityCode":"1652","yearBuilt":1997,"buildingType":"samostoječa stavba"}},{"type":"Feature","id":"100200000250488067","geometry":{"type":"Point","coordinates":[14.4425551,45.8830797]},"properties":{"eidBuilding":"100200000250488067","buildingNumber":"612","cadastralMunicipalityCode":"1652","yearBuilt":1995,"buildingType":"samostoječa stavba"}},{"type":"Feature","id":"100200000250488075","geometry":{"type":"Point","coordinates":[14.4426561,45.8837083]},"properties":{"eidBuilding":"100200000250488075","buildingNumber":"613","cadastralMunicipalityCode":"1652","yearBuilt":2004,"buildingType":"samostoječa stavba"}},{"type":"Feature","id":"100200000250488083","geometry":{"type":"Point","coordinates":[14.4429929,45.8835521]},"properties":{"eidBuilding":"100200000250488083","buildingNumber":"614","cadastralMunicipalityCode":"1652","yearBuilt":1991,"buildingType":"samostoječa stavba"}},{"type":"Feature","id":"100200000250488091","geometry":{"type":"Point","coordinates":[14.4429598,45.8832426]},"properties":{"eidBuilding":"100200000250488091","buildingNumber":"615","cadastralMunicipalityCode":"1652","yearBuilt":1987,"buildingType":"samostoječa stavba"}},{"type":"Feature","id":"100200000250488109","geometry":{"type":"Point","coordinates":[14.4433878,45.8825823]},"properties":{"eidBuilding":"100200000250488109","buildingNumber":"616","cadastralMunicipalityCode":"1652","yearBuilt":1994,"buildingType":"samostoječa stavba"}},{"type":"Feature","id":"100200000250488133","geometry":{"type":"Point","coordinates":[14.4437228,45.8829396]},"properties":{"eidBuilding":"100200000250488133","buildingNumber":"619","cadastralMunicipalityCode":"1652","yearBuilt":1997,"buildingType":"samostoječa stavba"}},{"type":"Feature","id":"100200000250488158","geometry":{"type":"Point","coordinates":[14.4439827,45.8827819]},"properties":{"eidBuilding":"100200000250488158","buildingNumber":"621","cadastralMunicipalityCode":"1652","yearBuilt":2003,"buildingType":"samostoječa stavba"}},{"type":"Feature","id":"100200000250488166","geometry":{"type":"Point","coordinates":[14.4422692,45.8808465]},"properties":{"eidBuilding":"100200000250488166","buildingNumber":"622","cadastralMunicipalityCode":"1652","yearBuilt":1987,"buildingType":"samostoječa stavba"}},{"type":"Feature","id":"100200000250488174","geometry":{"type":"Point","coordinates":[14.4413371,45.8810928]},"properties":{"eidBuilding":"100200000250488174","buildingNumber":"623","cadastralMunicipalityCode":"1652","yearBuilt":1979,"buildingType":"samostoječa stavba"}},{"type":"Feature","id":"100200000250488182","geometry":{"type":"Point","coordinates":[14.441133,45.881444]},"properties":{"eidBuilding":"100200000250488182","buildingNumber":"624","cadastralMunicipalityCode":"1652","yearBuilt":1977,"buildingType":"samostoječa stavba"}},{"type":"Feature","id":"100200000250488208","geometry":{"type":"Point","coordinates":[14.4407037,45.8828628]},"properties":{"eidBuilding":"100200000250488208","buildingNumber":"626","cadastralMunicipalityCode":"1652","yearBuilt":1992,"buildingType":"samostoječa stavba"}},{"type":"Feature","id":"100200000250488224","geometry":{"type":"Point","coordinates":[14.4405113,45.8831332]},"properties":{"eidBuilding":"100200000250488224","buildingNumber":"628","cadastralMunicipalityCode":"1652","yearBuilt":1980,"buildingType":"samostoječa stavba"}},{"type":"Feature","id":"100200000250486582","geometry":{"type":"Point","coordinates":[14.4373252,45.8866774]},"properties":{"eidBuilding":"100200000250486582","buildingNumber":"464","cadastralMunicipalityCode":"1652","yearBuilt":1963,"buildingType":"samostoječa stavba"}},{"type":"Feature","id":"100200000250486871","geometry":{"type":"Point","coordinates":[14.4389028,45.8882007]},"properties":{"eidBuilding":"100200000250486871","buildingNumber":"493","cadastralMunicipalityCode":"1652","yearBuilt":1995,"buildingType":"samostoječa stavba"}},{"type":"Feature","id":"100200000250486939","geometry":{"type":"Point","coordinates":[14.4391766,45.8856399]},"properties":{"eidBuilding":"100200000250486939","buildingNumber":"499","cadastralMunicipalityCode":"1652","yearBuilt":2000,"buildingType":"samostoječa stavba"}},{"type":"Feature","id":"100200000250487093","geometry":{"type":"Point","coordinates":[14.4399618,45.8864275]},"properties":{"eidBuilding":"100200000250487093","buildingNumber":"515","cadastralMunicipalityCode":"1652","yearBuilt":1985,"buildingType":"samostoječa stavba"}},{"type":"Feature","id":"100200000250487143","geometry":{"type":"Point","coordinates":[14.4356841,45.8844792]},"properties":{"eidBuilding":"100200000250487143","buildingNumber":"520","cadastralMunicipalityCode":"1652","yearBuilt":1982,"buildingType":"samostoječa stavba"}},{"type":"Feature","id":"100200000250487283","geometry":{"type":"Point","coordinates":[14.4364243,45.8834275]},"properties":{"eidBuilding":"100200000250487283","buildingNumber":"534","cadastralMunicipalityCode":"1652","yearBuilt":1974,"buildingType":"samostoječa stavba"}},{"type":"Feature","id":"100200000250487408","geometry":{"type":"Point","coordinates":[14.4352124,45.8821198]},"properties":{"eidBuilding":"100200000250487408","buildingNumber":"546","cadastralMunicipalityCode":"1652","yearBuilt":1986,"buildingType":"samostoječa stavba"}},{"type":"Feature","id":"100200000250487416","geometry":{"type":"Point","coordinates":[14.4355317,45.8822301]},"properties":{"eidBuilding":"100200000250487416","buildingNumber":"547","cadastralMunicipalityCode":"1652","yearBuilt":1981,"buildingType":"samostoječa stavba"}},{"type":"Feature","id":"100200000250487507","geometry":{"type":"Point","coordinates":[14.4376777,45.8835533]},"properties":{"eidBuilding":"100200000250487507","buildingNumber":"556","cadastralMunicipalityCode":"1652","yearBuilt":1990,"buildingType":"samostoječa stavba"}},{"type":"Feature","id":"100200000250487671","geometry":{"type":"Point","coordinates":[14.4364274,45.8850394]},"properties":{"eidBuilding":"100200000250487671","buildingNumber":"573","cadastralMunicipalityCode":"1652","yearBuilt":1986,"buildingType":"samostoječa stavba"}},{"type":"Feature","id":"100200000250483571","geometry":{"type":"Point","coordinates":[14.4339331,45.8896257]},"properties":{"eidBuilding":"100200000250483571","buildingNumber":"163","cadastralMunicipalityCode":"1652","yearBuilt":1999,"buildingType":"samostoječa stavba"}},{"type":"Feature","id":"100200000250483589","geometry":{"type":"Point","coordinates":[14.4342348,45.8895882]},"properties":{"eidBuilding":"100200000250483589","buildingNumber":"164","cadastralMunicipalityCode":"1652","yearBuilt":1965,"buildingType":"samostoječa stavba"}},{"type":"Feature","id":"100200000250483597","geometry":{"type":"Point","coordinates":[14.4347527,45.889263]},"properties":{"eidBuilding":"100200000250483597","buildingNumber":"165","cadastralMunicipalityCode":"1652","yearBuilt":2001,"buildingType":"samostoječa stavba"}},{"type":"Feature","id":"100200000250483605","geometry":{"type":"Point","coordinates":[14.434473,45.8892423]},"properties":{"eidBuilding":"100200000250483605","buildingNumber":"166","cadastralMunicipalityCode":"1652","yearBuilt":1970,"buildingType":"samostoječa stavba"}},{"type":"Feature","id":"100200000250483613","geometry":{"type":"Point","coordinates":[14.4344848,45.8889175]},"properties":{"eidBuilding":"100200000250483613","buildingNumber":"167","cadastralMunicipalityCode":"1652","yearBuilt":1990,"buildingType":"samostoječa stavba"}},{"type":"Feature","id":"100200000250483621","geometry":{"type":"Point","coordinates":[14.4344124,45.8890614]},"properties":{"eidBuilding":"100200000250483621","buildingNumber":"168","cadastralMunicipalityCode":"1652","yearBuilt":1973,"buildingType":"samostoječa stavba"}},{"type":"Feature","id":"100200000250483639","geometry":{"type":"Point","coordinates":[14.4341049,45.8891916]},"properties":{"eidBuilding":"100200000250483639","buildingNumber":"169","cadastralMunicipalityCode":"1652","yearBuilt":1982,"buildingType":"samostoječa stavba"}},{"type":"Feature","id":"100200000250483670","geometry":{"type":"Point","coordinates":[14.4341628,45.8886376]},"properties":{"eidBuilding":"100200000250483670","buildingNumber":"173","cadastralMunicipalityCode":"1652","yearBuilt":1973,"buildingType":"samostoječa stavba"}},{"type":"Feature","id":"100200000250483738","geometry":{"type":"Point","coordinates":[14.4339366,45.8874744]},"properties":{"eidBuilding":"100200000250483738","buildingNumber":"179","cadastralMunicipalityCode":"1652","yearBuilt":1964,"buildingType":"samostoječa stavba"}},{"type":"Feature","id":"100200000250483779","geometry":{"type":"Point","coordinates":[14.4344715,45.8871066]},"properties":{"eidBuilding":"100200000250483779","buildingNumber":"183","cadastralMunicipalityCode":"1652","yearBuilt":1968,"buildingType":"samostoječa stavba"}},{"type":"Feature","id":"100200000250483803","geometry":{"type":"Point","coordinates":[14.4347314,45.8866698]},"properties":{"eidBuilding":"100200000250483803","buildingNumber":"186","cadastralMunicipalityCode":"1652","yearBuilt":1975,"buildingType":"samostoječa stavba"}},{"type":"Feature","id":"100200000250483811","geometry":{"type":"Point","coordinates":[14.4347929,45.8865534]},"properties":{"eidBuilding":"100200000250483811","buildingNumber":"187","cadastralMunicipalityCode":"1652","yearBuilt":1960,"buildingType":"samostoječa stavba"}},{"type":"Feature","id":"100200000250483829","geometry":{"type":"Point","coordinates":[14.4340546,45.886534]},"properties":{"eidBuilding":"100200000250483829","buildingNumber":"188","cadastralMunicipalityCode":"1652","yearBuilt":1960,"buildingType":"samostoječa stavba"}},{"type":"Feature","id":"100200000250486343","geometry":{"type":"Point","coordinates":[14.4354099,45.8863067]},"properties":{"eidBuilding":"100200000250486343","buildingNumber":"440","cadastralMunicipalityCode":"1652","yearBuilt":1984,"buildingType":"samostoječa stavba"}},{"type":"Feature","id":"100200000250486350","geometry":{"type":"Point","coordinates":[14.4351036,45.8861052]},"properties":{"eidBuilding":"100200000250486350","buildingNumber":"441","cadastralMunicipalityCode":"1652","yearBuilt":1972,"buildingType":"samostoječa stavba"}},{"type":"Feature","id":"100200000250486368","geometry":{"type":"Point","coordinates":[14.4350338,45.8854286]},"properties":{"eidBuilding":"100200000250486368","buildingNumber":"442","cadastralMunicipalityCode":"1652","yearBuilt":1997,"buildingType":"samostoječa stavba"}},{"type":"Feature","id":"100200000250486376","geometry":{"type":"Point","coordinates":[14.4352151,45.8855325]},"properties":{"eidBuilding":"100200000250486376","buildingNumber":"443","cadastralMunicipalityCode":"1652","yearBuilt":1989,"buildingType":"samostoječa stavba"}},{"type":"Feature","id":"100200000250486384","geometry":{"type":"Point","coordinates":[14.4358158,45.8859835]},"properties":{"eidBuilding":"100200000250486384","buildingNumber":"444","cadastralMunicipalityCode":"1652","yearBuilt":1965,"buildingType":"samostoječa stavba"}},{"type":"Feature","id":"100200000250486392","geometry":{"type":"Point","coordinates":[14.4361748,45.8857328]},"properties":{"eidBuilding":"100200000250486392","buildingNumber":"445","cadastralMunicipalityCode":"1652","yearBuilt":1966,"buildingType":"samostoječa stavba"}},{"type":"Feature","id":"100200000250486418","geometry":{"type":"Point","coordinates":[14.4356949,45.8853606]},"properties":{"eidBuilding":"100200000250486418","buildingNumber":"447","cadastralMunicipalityCode":"1652","yearBuilt":1969,"buildingType":"samostoječa stavba"}},{"type":"Feature","id":"100200000250486426","geometry":{"type":"Point","coordinates":[14.4361025,45.8853552]},"properties":{"eidBuilding":"100200000250486426","buildingNumber":"448","cadastralMunicipalityCode":"1652","yearBuilt":1967,"buildingType":"samostoječa stavba"}},{"type":"Feature","id":"100200000250486442","geometry":{"type":"Point","coordinates":[14.4369046,45.8857159]},"properties":{"eidBuilding":"100200000250486442","buildingNumber":"450","cadastralMunicipalityCode":"1652","yearBuilt":1993,"buildingType":"samostoječa stavba"}},{"type":"Feature","id":"100200000250486467","geometry":{"type":"Point","coordinates":[14.4373452,45.8854584]},"properties":{"eidBuilding":"100200000250486467","buildingNumber":"452","cadastralMunicipalityCode":"1652","yearBuilt":1976,"buildingType":"samostoječa stavba"}},{"type":"Feature","id":"100200000250486475","geometry":{"type":"Point","coordinates":[14.4376964,45.885337]},"properties":{"eidBuilding":"100200000250486475","buildingNumber":"453","cadastralMunicipalityCode":"1652","yearBuilt":1970,"buildingType":"samostoječa stavba"}},{"type":"Feature","id":"100200000250486509","geometry":{"type":"Point","coordinates":[14.4360949,45.8865118]},"properties":{"eidBuilding":"100200000250486509","buildingNumber":"456","cadastralMunicipalityCode":"1652","yearBuilt":1968,"buildingType":"samostoječa stavba"}},{"type":"Feature","id":"100200000250486525","geometry":{"type":"Point","coordinates":[14.4364178,45.886526]},"properties":{"eidBuilding":"100200000250486525","buildingNumber":"458","cadastralMunicipalityCode":"1652","yearBuilt":1965,"buildingType":"samostoječa stavba"}},{"type":"Feature","id":"100200000250488232","geometry":{"type":"Point","coordinates":[14.440302,45.8832914]},"properties":{"eidBuilding":"100200000250488232","buildingNumber":"629","cadastralMunicipalityCode":"1652","yearBuilt":1992,"buildingType":"samostoječa stavba"}},{"type":"Feature","id":"100200000250488240","geometry":{"type":"Point","coordinates":[14.4400745,45.8836739]},"properties":{"eidBuilding":"100200000250488240","buildingNumber":"630","cadastralMunicipalityCode":"1652","yearBuilt":1978,"buildingType":"samostoječa stavba"}},{"type":"Feature","id":"100200000250488257","geometry":{"type":"Point","coordinates":[14.4405568,45.8835989]},"properties":{"eidBuilding":"100200000250488257","buildingNumber":"631","cadastralMunicipalityCode":"1652","yearBuilt":1970,"buildingType":"samostoječa stavba"}},{"type":"Feature","id":"100200000250488265","geometry":{"type":"Point","coordinates":[14.4403914,45.8839544]},"properties":{"eidBuilding":"100200000250488265","buildingNumber":"632","cadastralMunicipalityCode":"1652","yearBuilt":1970,"buildingType":"samostoječa stavba"}},{"type":"Feature","id":"100200000250488273","geometry":{"type":"Point","coordinates":[14.4402336,45.8840023]},"properties":{"eidBuilding":"100200000250488273","buildingNumber":"633","cadastralMunicipalityCode":"1652","yearBuilt":1980,"buildingType":"samostoječa stavba"}},{"type":"Feature","id":"100200000250488281","geometry":{"type":"Point","coordinates":[14.4400525,45.8839683]},"properties":{"eidBuilding":"100200000250488281","buildingNumber":"634","cadastralMunicipalityCode":"1652","yearBuilt":1975,"buildingType":"samostoječa stavba"}},{"type":"Feature","id":"100200000250488299","geometry":{"type":"Point","coordinates":[14.440085,45.8841165]},"properties":{"eidBuilding":"100200000250488299","buildingNumber":"635","cadastralMunicipalityCode":"1652","yearBuilt":1967,"buildingType":"samostoječa stavba"}},{"type":"Feature","id":"100200000250488315","geometry":{"type":"Point","coordinates":[14.4397837,45.8842485]},"properties":{"eidBuilding":"100200000250488315","buildingNumber":"637","cadastralMunicipalityCode":"1652","yearBuilt":1972,"buildingType":"samostoječa stavba"}},{"type":"Feature","id":"100200000250488489","geometry":{"type":"Point","coordinates":[14.4397786,45.8828896]},"properties":{"eidBuilding":"100200000250488489","buildingNumber":"654","cadastralMunicipalityCode":"1652","yearBuilt":1971,"buildingType":"samostoječa stavba"}},{"type":"Feature","id":"100200000250488570","geometry":{"type":"Point","coordinates":[14.4408516,45.8825556]},"properties":{"eidBuilding":"100200000250488570","buildingNumber":"663","cadastralMunicipalityCode":"1652","yearBuilt":1987,"buildingType":"samostoječa stavba"}},{"type":"Feature","id":"100200000250488588","geometry":{"type":"Point","coordinates":[14.4408476,45.8822865]},"properties":{"eidBuilding":"100200000250488588","buildingNumber":"664","cadastralMunicipalityCode":"1652","yearBuilt":1983,"buildingType":"samostoječa stavba"}},{"type":"Feature","id":"100200000250488596","geometry":{"type":"Point","coordinates":[14.4407051,45.8821165]},"properties":{"eidBuilding":"100200000250488596","buildingNumber":"665","cadastralMunicipalityCode":"1652","yearBuilt":1988,"buildingType":"samostoječa stavba"}},{"type":"Feature","id":"100200000250488620","geometry":{"type":"Point","coordinates":[14.4401222,45.8817681]},"properties":{"eidBuilding":"100200000250488620","buildingNumber":"668","cadastralMunicipalityCode":"1652","yearBuilt":1980,"buildingType":"samostoječa stavba"}},{"type":"Feature","id":"100200000250488646","geometry":{"type":"Point","coordinates":[14.4400957,45.8815912]},"properties":{"eidBuilding":"100200000250488646","buildingNumber":"670","cadastralMunicipalityCode":"1652","yearBuilt":1991,"buildingType":"samostoječa stavba"}},{"type":"Feature","id":"100200000250487820","geometry":{"type":"Point","coordinates":[14.4382946,45.8849864]},"properties":{"eidBuilding":"100200000250487820","buildingNumber":"588","cadastralMunicipalityCode":"1652","yearBuilt":1990,"buildingType":"samostoječa stavba"}},{"type":"Feature","id":"100200000250487952","geometry":{"type":"Point","coordinates":[14.4417384,45.8829003]},"properties":{"eidBuilding":"100200000250487952","buildingNumber":"601","cadastralMunicipalityCode":"1652","yearBuilt":1983,"buildingType":"samostoječa stavba"}},{"type":"Feature","id":"100200000250488026","geometry":{"type":"Point","coordinates":[14.4422852,45.8836554]},"properties":{"eidBuilding":"100200000250488026","buildingNumber":"608","cadastralMunicipalityCode":"1652","yearBuilt":1997,"buildingType":"samostoječa stavba"}},{"type":"Feature","id":"100200000250488117","geometry":{"type":"Point","coordinates":[14.4432268,45.8826794]},"properties":{"eidBuilding":"100200000250488117","buildingNumber":"617","cadastralMunicipalityCode":"1652","yearBuilt":1994,"buildingType":"samostoječa stavba"}},{"type":"Feature","id":"100200000250488125","geometry":{"type":"Point","coordinates":[14.4437326,45.8827857]},"properties":{"eidBuilding":"100200000250488125","buildingNumber":"618","cadastralMunicipalityCode":"1652","yearBuilt":2003,"buildingType":"samostoječa stavba"}},{"type":"Feature","id":"100200000250488190","geometry":{"type":"Point","coordinates":[14.4412725,45.8818073]},"properties":{"eidBuilding":"100200000250488190","buildingNumber":"625","cadastralMunicipalityCode":"1652","yearBuilt":1970,"buildingType":"samostoječa stavba"}},{"type":"Feature","id":"100200000250488455","geometry":{"type":"Point","coordinates":[14.4390959,45.8829419]},"properties":{"eidBuilding":"100200000250488455","buildingNumber":"651","cadastralMunicipalityCode":"1652","yearBuilt":1982,"buildingType":"samostoječa stavba"}},{"type":"Feature","id":"100200000250488539","geometry":{"type":"Point","coordinates":[14.4398974,45.8826778]},"properties":{"eidBuilding":"100200000250488539","buildingNumber":"659","cadastralMunicipalityCode":"1652","yearBuilt":1971,"buildingType":"samostoječa stavba"}},{"type":"Feature","id":"100200000250488752","geometry":{"type":"Point","coordinates":[14.4387789,45.8814111]},"properties":{"eidBuilding":"100200000250488752","buildingNumber":"681","cadastralMunicipalityCode":"1652","yearBuilt":2017,"buildingType":"samostoječa stavba"}},{"type":"Feature","id":"100200000250488802","geometry":{"type":"Point","coordinates":[14.4397305,45.8818818]},"properties":{"eidBuilding":"100200000250488802","buildingNumber":"686","cadastralMunicipalityCode":"1652","yearBuilt":1975,"buildingType":"samostoječa stavba"}},{"type":"Feature","id":"100200000250483845","geometry":{"type":"Point","coordinates":[14.4338913,45.886194]},"properties":{"eidBuilding":"100200000250483845","buildingNumber":"190","cadastralMunicipalityCode":"1652","yearBuilt":1946,"buildingType":"samostoječa stavba"}},{"type":"Feature","id":"100200000250483852","geometry":{"type":"Point","coordinates":[14.4341899,45.8861017]},"properties":{"eidBuilding":"100200000250483852","buildingNumber":"191","cadastralMunicipalityCode":"1652","yearBuilt":1965,"buildingType":"samostoječa stavba"}},{"type":"Feature","id":"100200000250483860","geometry":{"type":"Point","coordinates":[14.434555,45.8863214]},"properties":{"eidBuilding":"100200000250483860","buildingNumber":"192","cadastralMunicipalityCode":"1652","yearBuilt":1999,"buildingType":"samostoječa stavba"}},{"type":"Feature","id":"100200000250483878","geometry":{"type":"Point","coordinates":[14.4346035,45.8861668]},"properties":{"eidBuilding":"100200000250483878","buildingNumber":"193","cadastralMunicipalityCode":"1652","yearBuilt":1996,"buildingType":"samostoječa stavba"}},{"type":"Feature","id":"100200000250483886","geometry":{"type":"Point","coordinates":[14.4344796,45.8864666]},"properties":{"eidBuilding":"100200000250483886","buildingNumber":"194","cadastralMunicipalityCode":"1652","yearBuilt":1995,"buildingType":"samostoječa stavba"}},{"type":"Feature","id":"100200000250483894","geometry":{"type":"Point","coordinates":[14.4346604,45.8854138]},"properties":{"eidBuilding":"100200000250483894","buildingNumber":"195","cadastralMunicipalityCode":"1652","yearBuilt":1980,"buildingType":"samostoječa stavba"}},{"type":"Feature","id":"100200000250483951","geometry":{"type":"Point","coordinates":[14.4308165,45.8881776]},"properties":{"eidBuilding":"100200000250483951","buildingNumber":"201","cadastralMunicipalityCode":"1652","yearBuilt":1986,"buildingType":"samostoječa stavba"}},{"type":"Feature","id":"100200000250483977","geometry":{"type":"Point","coordinates":[14.4308796,45.8879371]},"properties":{"eidBuilding":"100200000250483977","buildingNumber":"203","cadastralMunicipalityCode":"1652","yearBuilt":1965,"buildingType":"samostoječa stavba"}},{"type":"Feature","id":"100200000250483985","geometry":{"type":"Point","coordinates":[14.4308004,45.8876522]},"properties":{"eidBuilding":"100200000250483985","buildingNumber":"204","cadastralMunicipalityCode":"1652","yearBuilt":1961,"buildingType":"samostoječa stavba"}},{"type":"Feature","id":"100200000250483993","geometry":{"type":"Point","coordinates":[14.430461,45.8877038]},"properties":{"eidBuilding":"100200000250483993","buildingNumber":"205","cadastralMunicipalityCode":"1652","yearBuilt":1968,"buildingType":"samostoječa stavba"}},{"type":"Feature","id":"100200000250484017","geometry":{"type":"Point","coordinates":[14.4306764,45.8874981]},"properties":{"eidBuilding":"100200000250484017","buildingNumber":"207","cadastralMunicipalityCode":"1652","yearBuilt":1965,"buildingType":"samostoječa stavba"}},{"type":"Feature","id":"100200000250484058","geometry":{"type":"Point","coordinates":[14.4300833,45.8872938]},"properties":{"eidBuilding":"100200000250484058","buildingNumber":"211","cadastralMunicipalityCode":"1652","yearBuilt":1970,"buildingType":"samostoječa stavba"}},{"type":"Feature","id":"100200000250484066","geometry":{"type":"Point","coordinates":[14.4300746,45.8871445]},"properties":{"eidBuilding":"100200000250484066","buildingNumber":"212","cadastralMunicipalityCode":"1652","yearBuilt":1965,"buildingType":"samostoječa stavba"}},{"type":"Feature","id":"100200000250486533","geometry":{"type":"Point","coordinates":[14.4369968,45.885978]},"properties":{"eidBuilding":"100200000250486533","buildingNumber":"459","cadastralMunicipalityCode":"1652","yearBuilt":1970,"buildingType":"samostoječa stavba"}},{"type":"Feature","id":"100200000250486558","geometry":{"type":"Point","coordinates":[14.4376761,45.8858555]},"properties":{"eidBuilding":"100200000250486558","buildingNumber":"461","cadastralMunicipalityCode":"1652","yearBuilt":2000,"buildingType":"samostoječa stavba"}},{"type":"Feature","id":"100200000250486574","geometry":{"type":"Point","coordinates":[14.437091,45.8866935]},"properties":{"eidBuilding":"100200000250486574","buildingNumber":"463","cadastralMunicipalityCode":"1652","yearBuilt":1980,"buildingType":"samostoječa stavba"}},{"type":"Feature","id":"100200000250486590","geometry":{"type":"Point","coordinates":[14.4377991,45.8869778]},"properties":{"eidBuilding":"100200000250486590","buildingNumber":"465","cadastralMunicipalityCode":"1652","yearBuilt":1955,"buildingType":"samostoječa stavba"}},{"type":"Feature","id":"100200000250487853","geometry":{"type":"Point","coordinates":[14.4397861,45.8852486]},"properties":{"eidBuilding":"100200000250487853","buildingNumber":"591","cadastralMunicipalityCode":"1652","yearBuilt":1993,"buildingType":"samostoječa stavba"}},{"type":"Feature","id":"100200000250487861","geometry":{"type":"Point","coordinates":[14.4397715,45.885032]},"properties":{"eidBuilding":"100200000250487861","buildingNumber":"592","cadastralMunicipalityCode":"1652","yearBuilt":1990,"buildingType":"samostoječa stavba"}},{"type":"Feature","id":"100200000250487887","geometry":{"type":"Point","coordinates":[14.4395715,45.8849578]},"properties":{"eidBuilding":"100200000250487887","buildingNumber":"594","cadastralMunicipalityCode":"1652","yearBuilt":1991,"buildingType":"samostoječa stavba"}},{"type":"Feature","id":"100200000250487895","geometry":{"type":"Point","coordinates":[14.4414644,45.8823943]},"properties":{"eidBuilding":"100200000250487895","buildingNumber":"595","cadastralMunicipalityCode":"1652","yearBuilt":1986,"buildingType":"samostoječa stavba"}},{"type":"Feature","id":"100200000250487903","geometry":{"type":"Point","coordinates":[14.4412271,45.8825296]},"properties":{"eidBuilding":"100200000250487903","buildingNumber":"596","cadastralMunicipalityCode":"1652","yearBuilt":1991,"buildingType":"samostoječa stavba"}},{"type":"Feature","id":"100200000250487911","geometry":{"type":"Point","coordinates":[14.4412072,45.8827906]},"properties":{"eidBuilding":"100200000250487911","buildingNumber":"597","cadastralMunicipalityCode":"1652","yearBuilt":1994,"buildingType":"samostoječa stavba"}},{"type":"Feature","id":"100200000250488323","geometry":{"type":"Point","coordinates":[14.4395391,45.8841783]},"properties":{"eidBuilding":"100200000250488323","buildingNumber":"638","cadastralMunicipalityCode":"1652","yearBuilt":1972,"buildingType":"samostoječa stavba"}},{"type":"Feature","id":"100200000250488331","geometry":{"type":"Point","coordinates":[14.440216,45.8845075]},"properties":{"eidBuilding":"100200000250488331","buildingNumber":"639","cadastralMunicipalityCode":"1652","yearBuilt":1976,"buildingType":"samostoječa stavba"}},{"type":"Feature","id":"100200000250488349","geometry":{"type":"Point","coordinates":[14.4400568,45.8844309]},"properties":{"eidBuilding":"100200000250488349","buildingNumber":"640","cadastralMunicipalityCode":"1652","yearBuilt":1986,"buildingType":"samostoječa stavba"}},{"type":"Feature","id":"100200000250488356","geometry":{"type":"Point","coordinates":[14.438087,45.8827227]},"properties":{"eidBuilding":"100200000250488356","buildingNumber":"641","cadastralMunicipalityCode":"1652","yearBuilt":1983,"buildingType":"samostoječa stavba"}},{"type":"Feature","id":"100200000250488653","geometry":{"type":"Point","coordinates":[14.4402976,45.8815403]},"properties":{"eidBuilding":"100200000250488653","buildingNumber":"671","cadastralMunicipalityCode":"1652","yearBuilt":1980,"buildingType":"samostoječa stavba"}},{"type":"Feature","id":"100200000250488661","geometry":{"type":"Point","coordinates":[14.4401338,45.8813834]},"properties":{"eidBuilding":"100200000250488661","buildingNumber":"672","cadastralMunicipalityCode":"1652","yearBuilt":1982,"buildingType":"samostoječa stavba"}},{"type":"Feature","id":"100200000250488687","geometry":{"type":"Point","coordinates":[14.4396067,45.8808825]},"properties":{"eidBuilding":"100200000250488687","buildingNumber":"674","cadastralMunicipalityCode":"1652","yearBuilt":1992,"buildingType":"samostoječa stavba"}},{"type":"Feature","id":"100200000250488695","geometry":{"type":"Point","coordinates":[14.4397427,45.8809408]},"properties":{"eidBuilding":"100200000250488695","buildingNumber":"675","cadastralMunicipalityCode":"1652","yearBuilt":1991,"buildingType":"samostoječa stavba"}},{"type":"Feature","id":"100200000250488703","geometry":{"type":"Point","coordinates":[14.4400585,45.8810143]},"properties":{"eidBuilding":"100200000250488703","buildingNumber":"676","cadastralMunicipalityCode":"1652","yearBuilt":1989,"buildingType":"samostoječa stavba"}},{"type":"Feature","id":"100200000250488711","geometry":{"type":"Point","coordinates":[14.4402688,45.8810605]},"properties":{"eidBuilding":"100200000250488711","buildingNumber":"677","cadastralMunicipalityCode":"1652","yearBuilt":2000,"buildingType":"samostoječa stavba"}},{"type":"Feature","id":"100200000250488737","geometry":{"type":"Point","coordinates":[14.4406478,45.8813331]},"properties":{"eidBuilding":"100200000250488737","buildingNumber":"679","cadastralMunicipalityCode":"1652","yearBuilt":1985,"buildingType":"samostoječa stavba"}},{"type":"Feature","id":"100200000250488760","geometry":{"type":"Point","coordinates":[14.4395038,45.8815125]},"properties":{"eidBuilding":"100200000250488760","buildingNumber":"682","cadastralMunicipalityCode":"1652","yearBuilt":1991,"buildingType":"samostoječa stavba"}},{"type":"Feature","id":"100200000250488778","geometry":{"type":"Point","coordinates":[14.4394098,45.881698]},"properties":{"eidBuilding":"100200000250488778","buildingNumber":"683","cadastralMunicipalityCode":"1652","yearBuilt":1980,"buildingType":"samostoječa stavba"}},{"type":"Feature","id":"100200000250488786","geometry":{"type":"Point","coordinates":[14.4393509,45.8818648]},"properties":{"eidBuilding":"100200000250488786","buildingNumber":"684","cadastralMunicipalityCode":"1652","yearBuilt":1985,"buildingType":"samostoječa stavba"}},{"type":"Feature","id":"100200000250488794","geometry":{"type":"Point","coordinates":[14.4395735,45.8820416]},"properties":{"eidBuilding":"100200000250488794","buildingNumber":"685","cadastralMunicipalityCode":"1652","yearBuilt":1978,"buildingType":"samostoječa stavba"}},{"type":"Feature","id":"100200000250488810","geometry":{"type":"Point","coordinates":[14.4394801,45.8821621]},"properties":{"eidBuilding":"100200000250488810","buildingNumber":"687","cadastralMunicipalityCode":"1652","yearBuilt":1988,"buildingType":"samostoječa stavba"}},{"type":"Feature","id":"100200000250488828","geometry":{"type":"Point","coordinates":[14.4394817,45.8822989]},"properties":{"eidBuilding":"100200000250488828","buildingNumber":"688","cadastralMunicipalityCode":"1652","yearBuilt":1977,"buildingType":"samostoječa stavba"}},{"type":"Feature","id":"100200000250488927","geometry":{"type":"Point","coordinates":[14.4463492,45.8932242]},"properties":{"eidBuilding":"100200000250488927","buildingNumber":"698","cadastralMunicipalityCode":"1652","yearBuilt":1997,"buildingType":"samostoječa stavba"}},{"type":"Feature","id":"100200000250489032","geometry":{"type":"Point","coordinates":[14.444774,45.8917908]},"properties":{"eidBuilding":"100200000250489032","buildingNumber":"709","cadastralMunicipalityCode":"1652","yearBuilt":1990,"buildingType":"samostoječa stavba"}},{"type":"Feature","id":"100200000250489040","geometry":{"type":"Point","coordinates":[14.4448376,45.8920279]},"properties":{"eidBuilding":"100200000250489040","buildingNumber":"710","cadastralMunicipalityCode":"1652","yearBuilt":1976,"buildingType":"samostoječa stavba"}},{"type":"Feature","id":"100200000250489297","geometry":{"type":"Point","coordinates":[14.4467223,45.8917805]},"properties":{"eidBuilding":"100200000250489297","buildingNumber":"735","cadastralMunicipalityCode":"1652","yearBuilt":1933,"buildingType":"samostoječa stavba"}},{"type":"Feature","id":"100200000250489370","geometry":{"type":"Point","coordinates":[14.4470662,45.8909682]},"properties":{"eidBuilding":"100200000250489370","buildingNumber":"743","cadastralMunicipalityCode":"1652","yearBuilt":1986,"buildingType":"samostoječa stavba"}},{"type":"Feature","id":"100200000250489404","geometry":{"type":"Point","coordinates":[14.4464141,45.8907372]},"properties":{"eidBuilding":"100200000250489404","buildingNumber":"746","cadastralMunicipalityCode":"1652","yearBuilt":1995,"buildingType":"samostoječa stavba"}},{"type":"Feature","id":"100200000250489586","geometry":{"type":"Point","coordinates":[14.446943,45.8875997]},"properties":{"eidBuilding":"100200000250489586","buildingNumber":"764","cadastralMunicipalityCode":"1652","yearBuilt":1961,"buildingType":"samostoječa stavba"}},{"type":"Feature","id":"100200000250489768","geometry":{"type":"Point","coordinates":[14.4452518,45.8869881]},"properties":{"eidBuilding":"100200000250489768","buildingNumber":"782","cadastralMunicipalityCode":"1652","yearBuilt":1982,"buildingType":"samostoječa stavba"}},{"type":"Feature","id":"100200000312248939","geometry":{"type":"Point","coordinates":[14.4370955,45.8929436]},"properties":{"eidBuilding":"100200000312248939","buildingNumber":"815","cadastralMunicipalityCode":"1652","yearBuilt":2012,"buildingType":"samostoječa stavba"}},{"type":"Feature","id":"100200000250484074","geometry":{"type":"Point","coordinates":[14.4301911,45.8870169]},"properties":{"eidBuilding":"100200000250484074","buildingNumber":"213","cadastralMunicipalityCode":"1652","yearBuilt":1967,"buildingType":"samostoječa stavba"}},{"type":"Feature","id":"100200000250484082","geometry":{"type":"Point","coordinates":[14.4300142,45.886874]},"properties":{"eidBuilding":"100200000250484082","buildingNumber":"214","cadastralMunicipalityCode":"1652","yearBuilt":1976,"buildingType":"samostoječa stavba"}},{"type":"Feature","id":"100200000250484090","geometry":{"type":"Point","coordinates":[14.429799,45.8871009]},"properties":{"eidBuilding":"100200000250484090","buildingNumber":"215","cadastralMunicipalityCode":"1652","yearBuilt":1985,"buildingType":"samostoječa stavba"}},{"type":"Feature","id":"100200000250484116","geometry":{"type":"Point","coordinates":[14.4295513,45.8869957]},"properties":{"eidBuilding":"100200000250484116","buildingNumber":"217","cadastralMunicipalityCode":"1652","yearBuilt":1985,"buildingType":"samostoječa stavba"}},{"type":"Feature","id":"100200000250484124","geometry":{"type":"Point","coordinates":[14.4294215,45.8866698]},"properties":{"eidBuilding":"100200000250484124","buildingNumber":"218","cadastralMunicipalityCode":"1652","yearBuilt":1970,"buildingType":"samostoječa stavba"}},{"type":"Feature","id":"100200000250484132","geometry":{"type":"Point","coordinates":[14.4297314,45.8866033]},"properties":{"eidBuilding":"100200000250484132","buildingNumber":"219","cadastralMunicipalityCode":"1652","yearBuilt":1966,"buildingType":"samostoječa stavba"}},{"type":"Feature","id":"100200000250484157","geometry":{"type":"Point","coordinates":[14.429516,45.8862637]},"properties":{"eidBuilding":"100200000250484157","buildingNumber":"221","cadastralMunicipalityCode":"1652","yearBuilt":1969,"buildingType":"samostoječa stavba"}},{"type":"Feature","id":"100200000250484165","geometry":{"type":"Point","coordinates":[14.43043,45.8867052]},"properties":{"eidBuilding":"100200000250484165","buildingNumber":"222","cadastralMunicipalityCode":"1652","yearBuilt":1973,"buildingType":"krajna vrstna stavba"}},{"type":"Feature","id":"100200000250484181","geometry":{"type":"Point","coordinates":[14.4303549,45.8863393]},"properties":{"eidBuilding":"100200000250484181","buildingNumber":"224","cadastralMunicipalityCode":"1652","yearBuilt":1990,"buildingType":"samostoječa stavba"}},{"type":"Feature","id":"100200000250484207","geometry":{"type":"Point","coordinates":[14.4302287,45.8861982]},"properties":{"eidBuilding":"100200000250484207","buildingNumber":"226","cadastralMunicipalityCode":"1652","yearBuilt":1990,"buildingType":"samostoječa stavba"}},{"type":"Feature","id":"100200000250485089","geometry":{"type":"Point","coordinates":[14.4385398,45.8919904]},"properties":{"eidBuilding":"100200000250485089","buildingNumber":"314","cadastralMunicipalityCode":"1652","yearBuilt":1965,"buildingType":"samostoječa stavba"}},{"type":"Feature","id":"100200000250485105","geometry":{"type":"Point","coordinates":[14.4386426,45.8915788]},"properties":{"eidBuilding":"100200000250485105","buildingNumber":"316","cadastralMunicipalityCode":"1652","yearBuilt":1968,"buildingType":"samostoječa stavba"}},{"type":"Feature","id":"100200000250485147","geometry":{"type":"Point","coordinates":[14.4387354,45.8906772]},"properties":{"eidBuilding":"100200000250485147","buildingNumber":"320","cadastralMunicipalityCode":"1652","yearBuilt":1984,"buildingType":"samostoječa stavba"}},{"type":"Feature","id":"100200000250488364","geometry":{"type":"Point","coordinates":[14.4384208,45.8830066]},"properties":{"eidBuilding":"100200000250488364","buildingNumber":"642","cadastralMunicipalityCode":"1652","yearBuilt":1978,"buildingType":"samostoječa stavba"}},{"type":"Feature","id":"100200000250488380","geometry":{"type":"Point","coordinates":[14.438583,45.8824967]},"properties":{"eidBuilding":"100200000250488380","buildingNumber":"644","cadastralMunicipalityCode":"1652","yearBuilt":1977,"buildingType":"samostoječa stavba"}},{"type":"Feature","id":"100200000250488398","geometry":{"type":"Point","coordinates":[14.438609,45.88224]},"properties":{"eidBuilding":"100200000250488398","buildingNumber":"645","cadastralMunicipalityCode":"1652","yearBuilt":1976,"buildingType":"samostoječa stavba"}},{"type":"Feature","id":"100200000250488406","geometry":{"type":"Point","coordinates":[14.4385042,45.8821447]},"properties":{"eidBuilding":"100200000250488406","buildingNumber":"646","cadastralMunicipalityCode":"1652","yearBuilt":1985,"buildingType":"samostoječa stavba"}},{"type":"Feature","id":"100200000250488414","geometry":{"type":"Point","coordinates":[14.4389873,45.8836091]},"properties":{"eidBuilding":"100200000250488414","buildingNumber":"647","cadastralMunicipalityCode":"1652","yearBuilt":1975,"buildingType":"samostoječa stavba"}},{"type":"Feature","id":"100200000250488422","geometry":{"type":"Point","coordinates":[14.4388752,45.8834164]},"properties":{"eidBuilding":"100200000250488422","buildingNumber":"648","cadastralMunicipalityCode":"1652","yearBuilt":1993,"buildingType":"samostoječa stavba"}},{"type":"Feature","id":"100200000250488430","geometry":{"type":"Point","coordinates":[14.4390869,45.8832902]},"properties":{"eidBuilding":"100200000250488430","buildingNumber":"649","cadastralMunicipalityCode":"1652","yearBuilt":1980,"buildingType":"samostoječa stavba"}},{"type":"Feature","id":"100200000250488448","geometry":{"type":"Point","coordinates":[14.4388882,45.8831752]},"properties":{"eidBuilding":"100200000250488448","buildingNumber":"650","cadastralMunicipalityCode":"1652","yearBuilt":1976,"buildingType":"samostoječa stavba"}},{"type":"Feature","id":"100200000250488471","geometry":{"type":"Point","coordinates":[14.4393922,45.8831262]},"properties":{"eidBuilding":"100200000250488471","buildingNumber":"653","cadastralMunicipalityCode":"1652","yearBuilt":1997,"buildingType":"samostoječa stavba"}},{"type":"Feature","id":"100200000250488497","geometry":{"type":"Point","coordinates":[14.4394213,45.882764]},"properties":{"eidBuilding":"100200000250488497","buildingNumber":"655","cadastralMunicipalityCode":"1652","yearBuilt":1982,"buildingType":"samostoječa stavba"}},{"type":"Feature","id":"100200000250488505","geometry":{"type":"Point","coordinates":[14.4395164,45.8827145]},"properties":{"eidBuilding":"100200000250488505","buildingNumber":"656","cadastralMunicipalityCode":"1652","yearBuilt":1980,"buildingType":"samostoječa stavba"}},{"type":"Feature","id":"100200000250488513","geometry":{"type":"Point","coordinates":[14.4400427,45.8827888]},"properties":{"eidBuilding":"100200000250488513","buildingNumber":"657","cadastralMunicipalityCode":"1652","yearBuilt":1987,"buildingType":"samostoječa stavba"}},{"type":"Feature","id":"100200000250488547","geometry":{"type":"Point","coordinates":[14.4400653,45.8825246]},"properties":{"eidBuilding":"100200000250488547","buildingNumber":"660","cadastralMunicipalityCode":"1652","yearBuilt":1971,"buildingType":"samostoječa stavba"}},{"type":"Feature","id":"100200000250488836","geometry":{"type":"Point","coordinates":[14.4390631,45.8821306]},"properties":{"eidBuilding":"100200000250488836","buildingNumber":"689","cadastralMunicipalityCode":"1652","yearBuilt":1980,"buildingType":"samostoječa stavba"}},{"type":"Feature","id":"100200000250488844","geometry":{"type":"Point","coordinates":[14.4389465,45.8823546]},"properties":{"eidBuilding":"100200000250488844","buildingNumber":"690","cadastralMunicipalityCode":"1652","yearBuilt":1980,"buildingType":"samostoječa stavba"}},{"type":"Feature","id":"100200000250488851","geometry":{"type":"Point","coordinates":[14.4391757,45.8825709]},"properties":{"eidBuilding":"100200000250488851","buildingNumber":"691","cadastralMunicipalityCode":"1652","yearBuilt":1980,"buildingType":"samostoječa stavba"}},{"type":"Feature","id":"100200000250488869","geometry":{"type":"Point","coordinates":[14.4396228,45.8825759]},"properties":{"eidBuilding":"100200000250488869","buildingNumber":"692","cadastralMunicipalityCode":"1652","yearBuilt":1986,"buildingType":"samostoječa stavba"}},{"type":"Feature","id":"100200000250488893","geometry":{"type":"Point","coordinates":[14.4337523,45.88418]},"properties":{"eidBuilding":"100200000250488893","buildingNumber":"695","cadastralMunicipalityCode":"1652","yearBuilt":2009,"buildingType":"samostoječa stavba"}},{"type":"Feature","id":"100200000250488901","geometry":{"type":"Point","coordinates":[14.4444259,45.8909475]},"properties":{"eidBuilding":"100200000250488901","buildingNumber":"696","cadastralMunicipalityCode":"1652","yearBuilt":1933,"buildingType":"samostoječa stavba"}},{"type":"Feature","id":"100200000250488943","geometry":{"type":"Point","coordinates":[14.4450774,45.89271]},"properties":{"eidBuilding":"100200000250488943","buildingNumber":"700","cadastralMunicipalityCode":"1652","yearBuilt":1900,"buildingType":"samostoječa stavba"}},{"type":"Feature","id":"100200000250489065","geometry":{"type":"Point","coordinates":[14.4450287,45.8921105]},"properties":{"eidBuilding":"100200000250489065","buildingNumber":"712","cadastralMunicipalityCode":"1652","yearBuilt":1936,"buildingType":"samostoječa stavba"}},{"type":"Feature","id":"100200000250489073","geometry":{"type":"Point","coordinates":[14.4452453,45.8920319]},"properties":{"eidBuilding":"100200000250489073","buildingNumber":"713","cadastralMunicipalityCode":"1652","yearBuilt":1836,"buildingType":"samostoječa stavba"}},{"type":"Feature","id":"100200000250489123","geometry":{"type":"Point","coordinates":[14.4445163,45.8912885]},"properties":{"eidBuilding":"100200000250489123","buildingNumber":"718","cadastralMunicipalityCode":"1652","yearBuilt":1967,"buildingType":"samostoječa stavba"}},{"type":"Feature","id":"100200000250489149","geometry":{"type":"Point","coordinates":[14.4447885,45.890939]},"properties":{"eidBuilding":"100200000250489149","buildingNumber":"720","cadastralMunicipalityCode":"1652","yearBuilt":1700,"buildingType":"samostoječa stavba"}},{"type":"Feature","id":"100200000312754100","geometry":{"type":"Point","coordinates":[14.4297452,45.8883046]},"properties":{"eidBuilding":"100200000312754100","buildingNumber":"824","cadastralMunicipalityCode":"1652","yearBuilt":2011,"buildingType":"samostoječa stavba"}},{"type":"Feature","id":"100200000317495774","geometry":{"type":"Point","coordinates":[14.4440058,45.8910953]},"properties":{"eidBuilding":"100200000317495774","buildingNumber":"861","cadastralMunicipalityCode":"1652","yearBuilt":2009,"buildingType":"samostoječa stavba"}},{"type":"Feature","id":"100200000318141914","geometry":{"type":"Point","coordinates":[14.4294374,45.8886533]},"properties":{"eidBuilding":"100200000318141914","buildingNumber":"868","cadastralMunicipalityCode":"1652","yearBuilt":2008,"buildingType":"samostoječa stavba"}},{"type":"Feature","id":"100200000319817181","geometry":{"type":"Point","coordinates":[14.4441526,45.8832205]},"properties":{"eidBuilding":"100200000319817181","buildingNumber":"876","cadastralMunicipalityCode":"1652","yearBuilt":2007,"buildingType":"samostoječa stavba"}},{"type":"Feature","id":"100200000322283934","geometry":{"type":"Point","coordinates":[14.4441717,45.8934868]},"properties":{"eidBuilding":"100200000322283934","buildingNumber":"890","cadastralMunicipalityCode":"1652","yearBuilt":2010,"buildingType":"samostoječa stavba"}},{"type":"Feature","id":"100200000322494077","geometry":{"type":"Point","coordinates":[14.4336758,45.8841256]},"properties":{"eidBuilding":"100200000322494077","buildingNumber":"892","cadastralMunicipalityCode":"1652","yearBuilt":2009,"buildingType":"samostoječa stavba"}},{"type":"Feature","id":"100200000323733119","geometry":{"type":"Point","coordinates":[14.4335433,45.8866272]},"properties":{"eidBuilding":"100200000323733119","buildingNumber":"898","cadastralMunicipalityCode":"1652","yearBuilt":2013,"buildingType":"samostoječa stavba"}},{"type":"Feature","id":"100200000324063995","geometry":{"type":"Point","coordinates":[14.4408259,45.8817895]},"properties":{"eidBuilding":"100200000324063995","buildingNumber":"908","cadastralMunicipalityCode":"1652","yearBuilt":2008,"buildingType":"samostoječa stavba"}},{"type":"Feature","id":"100200000327277709","geometry":{"type":"Point","coordinates":[14.435216,45.8911357]},"properties":{"eidBuilding":"100200000327277709","buildingNumber":"929","cadastralMunicipalityCode":"1652","yearBuilt":2012,"buildingType":"samostoječa stavba"}},{"type":"Feature","id":"100200000250485154","geometry":{"type":"Point","coordinates":[14.4390107,45.8907078]},"properties":{"eidBuilding":"100200000250485154","buildingNumber":"321","cadastralMunicipalityCode":"1652","yearBuilt":1960,"buildingType":"samostoječa stavba"}},{"type":"Feature","id":"100200000250485162","geometry":{"type":"Point","coordinates":[14.4389454,45.8908167]},"properties":{"eidBuilding":"100200000250485162","buildingNumber":"322","cadastralMunicipalityCode":"1652","yearBuilt":1961,"buildingType":"samostoječa stavba"}},{"type":"Feature","id":"100200000250485188","geometry":{"type":"Point","coordinates":[14.4391885,45.8908382]},"properties":{"eidBuilding":"100200000250485188","buildingNumber":"324","cadastralMunicipalityCode":"1652","yearBuilt":1820,"buildingType":"samostoječa stavba"}},{"type":"Feature","id":"100200000250485196","geometry":{"type":"Point","coordinates":[14.4394231,45.8909264]},"properties":{"eidBuilding":"100200000250485196","buildingNumber":"325","cadastralMunicipalityCode":"1652","yearBuilt":1971,"buildingType":"samostoječa stavba"}},{"type":"Feature","id":"100200000250485204","geometry":{"type":"Point","coordinates":[14.4391576,45.8910348]},"properties":{"eidBuilding":"100200000250485204","buildingNumber":"326","cadastralMunicipalityCode":"1652","yearBuilt":1986,"buildingType":"samostoječa stavba"}},{"type":"Feature","id":"100200000250485212","geometry":{"type":"Point","coordinates":[14.4386661,45.8921633]},"properties":{"eidBuilding":"100200000250485212","buildingNumber":"327","cadastralMunicipalityCode":"1652","yearBuilt":1900,"buildingType":"samostoječa stavba"}},{"type":"Feature","id":"100200000250485253","geometry":{"type":"Point","coordinates":[14.4391788,45.8919809]},"properties":{"eidBuilding":"100200000250485253","buildingNumber":"331","cadastralMunicipalityCode":"1652","yearBuilt":1932,"buildingType":"samostoječa stavba"}},{"type":"Feature","id":"100200000250485261","geometry":{"type":"Point","coordinates":[14.4392906,45.892122]},"properties":{"eidBuilding":"100200000250485261","buildingNumber":"332","cadastralMunicipalityCode":"1652","yearBuilt":1980,"buildingType":"samostoječa stavba"}},{"type":"Feature","id":"100200000250485279","geometry":{"type":"Point","coordinates":[14.4396083,45.8919719]},"properties":{"eidBuilding":"100200000250485279","buildingNumber":"333","cadastralMunicipalityCode":"1652","yearBuilt":1988,"buildingType":"samostoječa stavba"}},{"type":"Feature","id":"100200000250485295","geometry":{"type":"Point","coordinates":[14.4401086,45.8910804]},"properties":{"eidBuilding":"100200000250485295","buildingNumber":"335","cadastralMunicipalityCode":"1652","yearBuilt":1955,"buildingType":"samostoječa stavba"}},{"type":"Feature","id":"100200000250485311","geometry":{"type":"Point","coordinates":[14.4403679,45.8909275]},"properties":{"eidBuilding":"100200000250485311","buildingNumber":"337","cadastralMunicipalityCode":"1652","yearBuilt":1990,"buildingType":"samostoječa stavba"}},{"type":"Feature","id":"100200000250485337","geometry":{"type":"Point","coordinates":[14.4405909,45.8909575]},"properties":{"eidBuilding":"100200000250485337","buildingNumber":"339","cadastralMunicipalityCode":"1652","yearBuilt":1900,"buildingType":"samostoječa stavba"}},{"type":"Feature","id":"100200000250485345","geometry":{"type":"Point","coordinates":[14.4409432,45.8909759]},"properties":{"eidBuilding":"100200000250485345","buildingNumber":"340","cadastralMunicipalityCode":"1652","yearBuilt":1977,"buildingType":"samostoječa stavba"}},{"type":"Feature","id":"100200000250488554","geometry":{"type":"Point","coordinates":[14.4404671,45.882442]},"properties":{"eidBuilding":"100200000250488554","buildingNumber":"661","cadastralMunicipalityCode":"1652","yearBuilt":1986,"buildingType":"samostoječa stavba"}},{"type":"Feature","id":"100200000250488612","geometry":{"type":"Point","coordinates":[14.4402347,45.8820191]},"properties":{"eidBuilding":"100200000250488612","buildingNumber":"667","cadastralMunicipalityCode":"1652","yearBuilt":1993,"buildingType":"samostoječa stavba"}},{"type":"Feature","id":"100200000250488679","geometry":{"type":"Point","coordinates":[14.4398646,45.8811907]},"properties":{"eidBuilding":"100200000250488679","buildingNumber":"673","cadastralMunicipalityCode":"1652","yearBuilt":1974,"buildingType":"samostoječa stavba"}},{"type":"Feature","id":"100200000250488729","geometry":{"type":"Point","coordinates":[14.4405048,45.8811295]},"properties":{"eidBuilding":"100200000250488729","buildingNumber":"678","cadastralMunicipalityCode":"1652","yearBuilt":1975,"buildingType":"samostoječa stavba"}},{"type":"Feature","id":"100200000250488745","geometry":{"type":"Point","coordinates":[14.4407116,45.8815062]},"properties":{"eidBuilding":"100200000250488745","buildingNumber":"680","cadastralMunicipalityCode":"1652","yearBuilt":1975,"buildingType":"samostoječa stavba"}},{"type":"Feature","id":"100200000250488877","geometry":{"type":"Point","coordinates":[14.4397548,45.8824069]},"properties":{"eidBuilding":"100200000250488877","buildingNumber":"693","cadastralMunicipalityCode":"1652","yearBuilt":1990,"buildingType":"samostoječa stavba"}},{"type":"Feature","id":"100200000250488950","geometry":{"type":"Point","coordinates":[14.44509,45.8924907]},"properties":{"eidBuilding":"100200000250488950","buildingNumber":"701","cadastralMunicipalityCode":"1652","yearBuilt":1984,"buildingType":"samostoječa stavba"}},{"type":"Feature","id":"100200000250488992","geometry":{"type":"Point","coordinates":[14.4453883,45.8923749]},"properties":{"eidBuilding":"100200000250488992","buildingNumber":"705","cadastralMunicipalityCode":"1652","yearBuilt":1864,"buildingType":"samostoječa stavba"}},{"type":"Feature","id":"100200000250489016","geometry":{"type":"Point","coordinates":[14.4457964,45.8922401]},"properties":{"eidBuilding":"100200000250489016","buildingNumber":"707","cadastralMunicipalityCode":"1652","yearBuilt":1864,"buildingType":"samostoječa stavba"}},{"type":"Feature","id":"100200000250489081","geometry":{"type":"Point","coordinates":[14.4454704,45.8919699]},"properties":{"eidBuilding":"100200000250489081","buildingNumber":"714","cadastralMunicipalityCode":"1652","yearBuilt":1836,"buildingType":"samostoječa stavba"}},{"type":"Feature","id":"100200000250489131","geometry":{"type":"Point","coordinates":[14.4445733,45.890805]},"properties":{"eidBuilding":"100200000250489131","buildingNumber":"719","cadastralMunicipalityCode":"1652","yearBuilt":1990,"buildingType":"samostoječa stavba"}},{"type":"Feature","id":"100200000250489180","geometry":{"type":"Point","coordinates":[14.4452909,45.8911757]},"properties":{"eidBuilding":"100200000250489180","buildingNumber":"724","cadastralMunicipalityCode":"1652","yearBuilt":1979,"buildingType":"samostoječa stavba"}},{"type":"Feature","id":"100200000250489156","geometry":{"type":"Point","coordinates":[14.4449608,45.8906861]},"properties":{"eidBuilding":"100200000250489156","buildingNumber":"721","cadastralMunicipalityCode":"1652","yearBuilt":1960,"buildingType":"samostoječa stavba"}},{"type":"Feature","id":"100200000250489164","geometry":{"type":"Point","coordinates":[14.4451737,45.8907194]},"properties":{"eidBuilding":"100200000250489164","buildingNumber":"722","cadastralMunicipalityCode":"1652","yearBuilt":1935,"buildingType":"samostoječa stavba"}},{"type":"Feature","id":"100200000250489172","geometry":{"type":"Point","coordinates":[14.4456251,45.8909244]},"properties":{"eidBuilding":"100200000250489172","buildingNumber":"723","cadastralMunicipalityCode":"1652","yearBuilt":1977,"buildingType":"samostoječa stavba"}},{"type":"Feature","id":"100200000250489206","geometry":{"type":"Point","coordinates":[14.4452802,45.8914152]},"properties":{"eidBuilding":"100200000250489206","buildingNumber":"726","cadastralMunicipalityCode":"1652","yearBuilt":2003,"buildingType":"samostoječa stavba"}},{"type":"Feature","id":"100200000250489222","geometry":{"type":"Point","coordinates":[14.4456539,45.8912692]},"properties":{"eidBuilding":"100200000250489222","buildingNumber":"728","cadastralMunicipalityCode":"1652","yearBuilt":1960,"buildingType":"samostoječa stavba"}},{"type":"Feature","id":"100200000250489263","geometry":{"type":"Point","coordinates":[14.4459583,45.8914078]},"properties":{"eidBuilding":"100200000250489263","buildingNumber":"732","cadastralMunicipalityCode":"1652","yearBuilt":1978,"buildingType":"samostoječa stavba"}},{"type":"Feature","id":"100200000250489271","geometry":{"type":"Point","coordinates":[14.4466205,45.8911759]},"properties":{"eidBuilding":"100200000250489271","buildingNumber":"733","cadastralMunicipalityCode":"1652","yearBuilt":1970,"buildingType":"samostoječa stavba"}},{"type":"Feature","id":"100200000250489313","geometry":{"type":"Point","coordinates":[14.4462028,45.8916971]},"properties":{"eidBuilding":"100200000250489313","buildingNumber":"737","cadastralMunicipalityCode":"1652","yearBuilt":1900,"buildingType":"samostoječa stavba"}},{"type":"Feature","id":"100200000250489339","geometry":{"type":"Point","coordinates":[14.4461444,45.8913861]},"properties":{"eidBuilding":"100200000250489339","buildingNumber":"739","cadastralMunicipalityCode":"1652","yearBuilt":1930,"buildingType":"samostoječa stavba"}},{"type":"Feature","id":"100200000250489347","geometry":{"type":"Point","coordinates":[14.4460994,45.8911857]},"properties":{"eidBuilding":"100200000250489347","buildingNumber":"740","cadastralMunicipalityCode":"1652","yearBuilt":1973,"buildingType":"samostoječa stavba"}},{"type":"Feature","id":"100200000342467202","geometry":{"type":"Point","coordinates":[14.4429664,45.8827086]},"properties":{"eidBuilding":"100200000342467202","buildingNumber":"950","cadastralMunicipalityCode":"1652","yearBuilt":1996,"buildingType":"samostoječa stavba"}},{"type":"Feature","id":"100200000348957610","geometry":{"type":"Point","coordinates":[14.4240605,45.8875137]},"properties":{"eidBuilding":"100200000348957610","buildingNumber":"954","cadastralMunicipalityCode":"1652","yearBuilt":2003,"buildingType":"samostoječa stavba"}},{"type":"Feature","id":"100200000377237405","geometry":{"type":"Point","coordinates":[14.4408425,45.8830696]},"properties":{"eidBuilding":"100200000377237405","buildingNumber":"956","cadastralMunicipalityCode":"1652","yearBuilt":2013,"buildingType":"samostoječa stavba"}},{"type":"Feature","id":"100200000324047337","geometry":{"type":"Point","coordinates":[14.449958,45.886939]},"properties":{"eidBuilding":"100200000324047337","buildingNumber":"903","cadastralMunicipalityCode":"1652","yearBuilt":1970,"buildingType":"ni podatka"}},{"type":"Feature","id":"100200000324063557","geometry":{"type":"Point","coordinates":[14.4320481,45.9105219]},"properties":{"eidBuilding":"100200000324063557","buildingNumber":"905","cadastralMunicipalityCode":"1652","yearBuilt":1950,"buildingType":"ni podatka"}},{"type":"Feature","id":"100200000381257639","geometry":{"type":"Point","coordinates":[14.4372053,45.891197]},"properties":{"eidBuilding":"100200000381257639","buildingNumber":"959","cadastralMunicipalityCode":"1652","yearBuilt":1800,"buildingType":"krajna vrstna stavba"}},{"type":"Feature","id":"100200000324054374","geometry":{"type":"Point","coordinates":[14.4457996,45.8900828]},"properties":{"eidBuilding":"100200000324054374","buildingNumber":"904","cadastralMunicipalityCode":"1652","yearBuilt":2002,"buildingType":"ni podatka"}},{"type":"Feature","id":"100200000324063912","geometry":{"type":"Point","coordinates":[14.4432348,45.8831712]},"properties":{"eidBuilding":"100200000324063912","buildingNumber":"907","cadastralMunicipalityCode":"1652","yearBuilt":2002,"buildingType":"ni podatka"}},{"type":"Feature","id":"100200000324073358","geometry":{"type":"Point","coordinates":[14.4366239,45.8863619]},"properties":{"eidBuilding":"100200000324073358","buildingNumber":"910","cadastralMunicipalityCode":"1652","yearBuilt":1990,"buildingType":"ni podatka"}},{"type":"Feature","id":"100200000324074406","geometry":{"type":"Point","coordinates":[14.4375412,45.8925497]},"properties":{"eidBuilding":"100200000324074406","buildingNumber":"912","cadastralMunicipalityCode":"1652","yearBuilt":2002,"buildingType":"ni podatka"}},{"type":"Feature","id":"100200000324074489","geometry":{"type":"Point","coordinates":[14.4370455,45.893068]},"properties":{"eidBuilding":"100200000324074489","buildingNumber":"913","cadastralMunicipalityCode":"1652","yearBuilt":2002,"buildingType":"ni podatka"}},{"type":"Feature","id":"100200000324074893","geometry":{"type":"Point","coordinates":[14.4335753,45.8909071]},"properties":{"eidBuilding":"100200000324074893","buildingNumber":"916","cadastralMunicipalityCode":"1652","yearBuilt":2002,"buildingType":"ni podatka"}},{"type":"Feature","id":"100200000324075163","geometry":{"type":"Point","coordinates":[14.4383675,45.8916731]},"properties":{"eidBuilding":"100200000324075163","buildingNumber":"917","cadastralMunicipalityCode":"1652","yearBuilt":1980,"buildingType":"ni podatka"}},{"type":"Feature","id":"100200000338911395","geometry":{"type":"Point","coordinates":[14.4402884,45.8825492]},"properties":{"eidBuilding":"100200000338911395","buildingNumber":"946","cadastralMunicipalityCode":"1652","yearBuilt":2007,"buildingType":"ni podatka"}},{"type":"Feature","id":"100200000214972339","geometry":{"type":"Point","coordinates":[14.4340697,45.9123344]},"properties":{"eidBuilding":"100200000214972339","buildingNumber":"3","cadastralMunicipalityCode":"1652","yearBuilt":1982,"buildingType":"samostoječa stavba"}},{"type":"Feature","id":"100200000250482003","geometry":{"type":"Point","coordinates":[14.4225692,45.8983943]},"properties":{"eidBuilding":"100200000250482003","buildingNumber":"6","cadastralMunicipalityCode":"1652","yearBuilt":1963,"buildingType":"samostoječa stavba"}},{"type":"Feature","id":"100200000250482011","geometry":{"type":"Point","coordinates":[14.4220621,45.898228]},"properties":{"eidBuilding":"100200000250482011","buildingNumber":"7","cadastralMunicipalityCode":"1652","yearBuilt":1990,"buildingType":"samostoječa stavba"}},{"type":"Feature","id":"100200000250482029","geometry":{"type":"Point","coordinates":[14.4217977,45.8982532]},"properties":{"eidBuilding":"100200000250482029","buildingNumber":"8","cadastralMunicipalityCode":"1652","yearBuilt":1985,"buildingType":"samostoječa stavba"}},{"type":"Feature","id":"100200000250482045","geometry":{"type":"Point","coordinates":[14.4223593,45.8976723]},"properties":{"eidBuilding":"100200000250482045","buildingNumber":"10","cadastralMunicipalityCode":"1652","yearBuilt":1999,"buildingType":"samostoječa stavba"}},{"type":"Feature","id":"100200000250485360","geometry":{"type":"Point","coordinates":[14.4408046,45.891085]},"properties":{"eidBuilding":"100200000250485360","buildingNumber":"342","cadastralMunicipalityCode":"1652","yearBuilt":1800,"buildingType":"samostoječa stavba"}},{"type":"Feature","id":"100200000250485378","geometry":{"type":"Point","coordinates":[14.4409528,45.8912506]},"properties":{"eidBuilding":"100200000250485378","buildingNumber":"343","cadastralMunicipalityCode":"1652","yearBuilt":1950,"buildingType":"samostoječa stavba"}},{"type":"Feature","id":"100200000250485386","geometry":{"type":"Point","coordinates":[14.4409124,45.8913388]},"properties":{"eidBuilding":"100200000250485386","buildingNumber":"344","cadastralMunicipalityCode":"1652","yearBuilt":1998,"buildingType":"samostoječa stavba"}},{"type":"Feature","id":"100200000250485394","geometry":{"type":"Point","coordinates":[14.4412002,45.8913301]},"properties":{"eidBuilding":"100200000250485394","buildingNumber":"345","cadastralMunicipalityCode":"1652","yearBuilt":1975,"buildingType":"samostoječa stavba"}},{"type":"Feature","id":"100200000250485410","geometry":{"type":"Point","coordinates":[14.4410792,45.8919224]},"properties":{"eidBuilding":"100200000250485410","buildingNumber":"347","cadastralMunicipalityCode":"1652","yearBuilt":1908,"buildingType":"samostoječa stavba"}},{"type":"Feature","id":"100200000250485428","geometry":{"type":"Point","coordinates":[14.4411297,45.8917019]},"properties":{"eidBuilding":"100200000250485428","buildingNumber":"348","cadastralMunicipalityCode":"1652","yearBuilt":1970,"buildingType":"samostoječa stavba"}},{"type":"Feature","id":"100200000250485584","geometry":{"type":"Point","coordinates":[14.4411991,45.8908026]},"properties":{"eidBuilding":"100200000250485584","buildingNumber":"364","cadastralMunicipalityCode":"1652","yearBuilt":1990,"buildingType":"samostoječa stavba"}},{"type":"Feature","id":"100200000250485600","geometry":{"type":"Point","coordinates":[14.4413139,45.8905934]},"properties":{"eidBuilding":"100200000250485600","buildingNumber":"366","cadastralMunicipalityCode":"1652","yearBuilt":1982,"buildingType":"samostoječa stavba"}},{"type":"Feature","id":"100200000250485618","geometry":{"type":"Point","coordinates":[14.4406888,45.8906975]},"properties":{"eidBuilding":"100200000250485618","buildingNumber":"367","cadastralMunicipalityCode":"1652","yearBuilt":1835,"buildingType":"samostoječa stavba"}},{"type":"Feature","id":"100200000250485642","geometry":{"type":"Point","coordinates":[14.4398268,45.8905088]},"properties":{"eidBuilding":"100200000250485642","buildingNumber":"370","cadastralMunicipalityCode":"1652","yearBuilt":1998,"buildingType":"samostoječa stavba"}},{"type":"Feature","id":"100200000250485659","geometry":{"type":"Point","coordinates":[14.4401194,45.8905763]},"properties":{"eidBuilding":"100200000250485659","buildingNumber":"371","cadastralMunicipalityCode":"1652","yearBuilt":1525,"buildingType":"samostoječa stavba"}},{"type":"Feature","id":"100200000250485675","geometry":{"type":"Point","coordinates":[14.438868,45.8904158]},"properties":{"eidBuilding":"100200000250485675","buildingNumber":"373","cadastralMunicipalityCode":"1652","yearBuilt":1987,"buildingType":"samostoječa stavba"}},{"type":"Feature","id":"100200000250485717","geometry":{"type":"Point","coordinates":[14.4434671,45.8936547]},"properties":{"eidBuilding":"100200000250485717","buildingNumber":"377","cadastralMunicipalityCode":"1652","yearBuilt":2002,"buildingType":"samostoječa stavba"}},{"type":"Feature","id":"100200000250485733","geometry":{"type":"Point","coordinates":[14.4436853,45.8933262]},"properties":{"eidBuilding":"100200000250485733","buildingNumber":"379","cadastralMunicipalityCode":"1652","yearBuilt":1976,"buildingType":"samostoječa stavba"}},{"type":"Feature","id":"100200000250489289","geometry":{"type":"Point","coordinates":[14.4468595,45.8915196]},"properties":{"eidBuilding":"100200000250489289","buildingNumber":"734","cadastralMunicipalityCode":"1652","yearBuilt":1994,"buildingType":"samostoječa stavba"}},{"type":"Feature","id":"100200000250489305","geometry":{"type":"Point","coordinates":[14.4465034,45.891896]},"properties":{"eidBuilding":"100200000250489305","buildingNumber":"736","cadastralMunicipalityCode":"1652","yearBuilt":1933,"buildingType":"samostoječa stavba"}},{"type":"Feature","id":"100200000250489362","geometry":{"type":"Point","coordinates":[14.4470167,45.8907698]},"properties":{"eidBuilding":"100200000250489362","buildingNumber":"742","cadastralMunicipalityCode":"1652","yearBuilt":1985,"buildingType":"samostoječa stavba"}},{"type":"Feature","id":"100200000250489388","geometry":{"type":"Point","coordinates":[14.4469017,45.8908996]},"properties":{"eidBuilding":"100200000250489388","buildingNumber":"744","cadastralMunicipalityCode":"1652","yearBuilt":1985,"buildingType":"samostoječa stavba"}},{"type":"Feature","id":"100200000250489636","geometry":{"type":"Point","coordinates":[14.4469948,45.8871756]},"properties":{"eidBuilding":"100200000250489636","buildingNumber":"769","cadastralMunicipalityCode":"1652","yearBuilt":1950,"buildingType":"samostoječa stavba"}},{"type":"Feature","id":"100200000250489792","geometry":{"type":"Point","coordinates":[14.4545471,45.8848814]},"properties":{"eidBuilding":"100200000250489792","buildingNumber":"785","cadastralMunicipalityCode":"1652","yearBuilt":1982,"buildingType":"samostoječa stavba"}},{"type":"Feature","id":"100200000311394072","geometry":{"type":"Point","coordinates":[14.427612,45.8924576]},"properties":{"eidBuilding":"100200000311394072","buildingNumber":"792","cadastralMunicipalityCode":"1652","yearBuilt":2005,"buildingType":"samostoječa stavba"}},{"type":"Feature","id":"100200000311523605","geometry":{"type":"Point","coordinates":[14.4222804,45.8984766]},"properties":{"eidBuilding":"100200000311523605","buildingNumber":"795","cadastralMunicipalityCode":"1652","yearBuilt":1979,"buildingType":"samostoječa stavba"}},{"type":"Feature","id":"100200000311524017","geometry":{"type":"Point","coordinates":[14.4279258,45.8933581]},"properties":{"eidBuilding":"100200000311524017","buildingNumber":"797","cadastralMunicipalityCode":"1652","yearBuilt":1980,"buildingType":"samostoječa stavba"}},{"type":"Feature","id":"100200000311701524","geometry":{"type":"Point","coordinates":[14.4294326,45.888828]},"properties":{"eidBuilding":"100200000311701524","buildingNumber":"798","cadastralMunicipalityCode":"1652","yearBuilt":2006,"buildingType":"samostoječa stavba"}},{"type":"Feature","id":"100200000250486616","geometry":{"type":"Point","coordinates":[14.4379898,45.8872523]},"properties":{"eidBuilding":"100200000250486616","buildingNumber":"467","cadastralMunicipalityCode":"1652","yearBuilt":1985,"buildingType":"samostoječa stavba"}},{"type":"Feature","id":"100200000250486632","geometry":{"type":"Point","coordinates":[14.4378883,45.8865857]},"properties":{"eidBuilding":"100200000250486632","buildingNumber":"469","cadastralMunicipalityCode":"1652","yearBuilt":1968,"buildingType":"samostoječa stavba"}},{"type":"Feature","id":"100200000250489420","geometry":{"type":"Point","coordinates":[14.4459384,45.8903322]},"properties":{"eidBuilding":"100200000250489420","buildingNumber":"748","cadastralMunicipalityCode":"1652","yearBuilt":1932,"buildingType":"samostoječa stavba"}},{"type":"Feature","id":"100200000250489453","geometry":{"type":"Point","coordinates":[14.4462402,45.8904389]},"properties":{"eidBuilding":"100200000250489453","buildingNumber":"751","cadastralMunicipalityCode":"1652","yearBuilt":1932,"buildingType":"samostoječa stavba"}},{"type":"Feature","id":"100200000250489495","geometry":{"type":"Point","coordinates":[14.4475283,45.8882694]},"properties":{"eidBuilding":"100200000250489495","buildingNumber":"755","cadastralMunicipalityCode":"1652","yearBuilt":1990,"buildingType":"samostoječa stavba"}},{"type":"Feature","id":"100200000250489503","geometry":{"type":"Point","coordinates":[14.4472244,45.8882628]},"properties":{"eidBuilding":"100200000250489503","buildingNumber":"756","cadastralMunicipalityCode":"1652","yearBuilt":1983,"buildingType":"samostoječa stavba"}},{"type":"Feature","id":"100200000250489537","geometry":{"type":"Point","coordinates":[14.4464181,45.8879383]},"properties":{"eidBuilding":"100200000250489537","buildingNumber":"759","cadastralMunicipalityCode":"1652","yearBuilt":1880,"buildingType":"samostoječa stavba"}},{"type":"Feature","id":"100200000250489545","geometry":{"type":"Point","coordinates":[14.4465038,45.8877602]},"properties":{"eidBuilding":"100200000250489545","buildingNumber":"760","cadastralMunicipalityCode":"1652","yearBuilt":1890,"buildingType":"samostoječa stavba"}},{"type":"Feature","id":"100200000250489628","geometry":{"type":"Point","coordinates":[14.447189,45.8872132]},"properties":{"eidBuilding":"100200000250489628","buildingNumber":"768","cadastralMunicipalityCode":"1652","yearBuilt":1942,"buildingType":"samostoječa stavba"}},{"type":"Feature","id":"100200000250489644","geometry":{"type":"Point","coordinates":[14.4468312,45.8871538]},"properties":{"eidBuilding":"100200000250489644","buildingNumber":"770","cadastralMunicipalityCode":"1652","yearBuilt":1950,"buildingType":"samostoječa stavba"}},{"type":"Feature","id":"100200000250489651","geometry":{"type":"Point","coordinates":[14.4468065,45.8873532]},"properties":{"eidBuilding":"100200000250489651","buildingNumber":"771","cadastralMunicipalityCode":"1652","yearBuilt":1910,"buildingType":"samostoječa stavba"}},{"type":"Feature","id":"100200000250482052","geometry":{"type":"Point","coordinates":[14.4226307,45.8970167]},"properties":{"eidBuilding":"100200000250482052","buildingNumber":"11","cadastralMunicipalityCode":"1652","yearBuilt":1983,"buildingType":"samostoječa stavba"}},{"type":"Feature","id":"100200000250482060","geometry":{"type":"Point","coordinates":[14.4231432,45.8969929]},"properties":{"eidBuilding":"100200000250482060","buildingNumber":"12","cadastralMunicipalityCode":"1652","yearBuilt":1972,"buildingType":"samostoječa stavba"}},{"type":"Feature","id":"100200000250482078","geometry":{"type":"Point","coordinates":[14.4228725,45.896337]},"properties":{"eidBuilding":"100200000250482078","buildingNumber":"13","cadastralMunicipalityCode":"1652","yearBuilt":1808,"buildingType":"samostoječa stavba"}},{"type":"Feature","id":"100200000250482086","geometry":{"type":"Point","coordinates":[14.4234276,45.8965167]},"properties":{"eidBuilding":"100200000250482086","buildingNumber":"14","cadastralMunicipalityCode":"1652","yearBuilt":1995,"buildingType":"samostoječa stavba"}},{"type":"Feature","id":"100200000250482102","geometry":{"type":"Point","coordinates":[14.4232045,45.8982306]},"properties":{"eidBuilding":"100200000250482102","buildingNumber":"16","cadastralMunicipalityCode":"1652","yearBuilt":2002,"buildingType":"samostoječa stavba"}},{"type":"Feature","id":"100200000250482110","geometry":{"type":"Point","coordinates":[14.4234684,45.8981767]},"properties":{"eidBuilding":"100200000250482110","buildingNumber":"17","cadastralMunicipalityCode":"1652","yearBuilt":1910,"buildingType":"samostoječa stavba"}},{"type":"Feature","id":"100200000250482128","geometry":{"type":"Point","coordinates":[14.4229882,45.8978276]},"properties":{"eidBuilding":"100200000250482128","buildingNumber":"18","cadastralMunicipalityCode":"1652","yearBuilt":1994,"buildingType":"samostoječa stavba"}},{"type":"Feature","id":"100200000250482136","geometry":{"type":"Point","coordinates":[14.4231373,45.8976213]},"properties":{"eidBuilding":"100200000250482136","buildingNumber":"19","cadastralMunicipalityCode":"1652","yearBuilt":1996,"buildingType":"samostoječa stavba"}},{"type":"Feature","id":"100200000250482144","geometry":{"type":"Point","coordinates":[14.4232634,45.8973516]},"properties":{"eidBuilding":"100200000250482144","buildingNumber":"20","cadastralMunicipalityCode":"1652","yearBuilt":1954,"buildingType":"samostoječa stavba"}},{"type":"Feature","id":"100200000250482151","geometry":{"type":"Point","coordinates":[14.4235215,45.896913]},"properties":{"eidBuilding":"100200000250482151","buildingNumber":"21","cadastralMunicipalityCode":"1652","yearBuilt":1980,"buildingType":"samostoječa stavba"}},{"type":"Feature","id":"100200000250482169","geometry":{"type":"Point","coordinates":[14.4236859,45.8968467]},"properties":{"eidBuilding":"100200000250482169","buildingNumber":"22","cadastralMunicipalityCode":"1652","yearBuilt":1990,"buildingType":"samostoječa stavba"}},{"type":"Feature","id":"100200000250482177","geometry":{"type":"Point","coordinates":[14.4246131,45.8967599]},"properties":{"eidBuilding":"100200000250482177","buildingNumber":"23","cadastralMunicipalityCode":"1652","yearBuilt":1980,"buildingType":"samostoječa stavba"}},{"type":"Feature","id":"100200000250482219","geometry":{"type":"Point","coordinates":[14.4248896,45.8965578]},"properties":{"eidBuilding":"100200000250482219","buildingNumber":"27","cadastralMunicipalityCode":"1652","yearBuilt":1950,"buildingType":"samostoječa stavba"}},{"type":"Feature","id":"100200000250485774","geometry":{"type":"Point","coordinates":[14.44376,45.8930263]},"properties":{"eidBuilding":"100200000250485774","buildingNumber":"383","cadastralMunicipalityCode":"1652","yearBuilt":2004,"buildingType":"samostoječa stavba"}},{"type":"Feature","id":"100200000250485782","geometry":{"type":"Point","coordinates":[14.4440921,45.8931029]},"properties":{"eidBuilding":"100200000250485782","buildingNumber":"384","cadastralMunicipalityCode":"1652","yearBuilt":1850,"buildingType":"samostoječa stavba"}},{"type":"Feature","id":"100200000250485790","geometry":{"type":"Point","coordinates":[14.4439999,45.8928939]},"properties":{"eidBuilding":"100200000250485790","buildingNumber":"385","cadastralMunicipalityCode":"1652","yearBuilt":1957,"buildingType":"samostoječa stavba"}},{"type":"Feature","id":"100200000250485816","geometry":{"type":"Point","coordinates":[14.4431661,45.8930374]},"properties":{"eidBuilding":"100200000250485816","buildingNumber":"387","cadastralMunicipalityCode":"1652","yearBuilt":1997,"buildingType":"samostoječa stavba"}},{"type":"Feature","id":"100200000250485824","geometry":{"type":"Point","coordinates":[14.4432586,45.8929891]},"properties":{"eidBuilding":"100200000250485824","buildingNumber":"388","cadastralMunicipalityCode":"1652","yearBuilt":1959,"buildingType":"samostoječa stavba"}},{"type":"Feature","id":"100200000250485832","geometry":{"type":"Point","coordinates":[14.4434958,45.8929751]},"properties":{"eidBuilding":"100200000250485832","buildingNumber":"389","cadastralMunicipalityCode":"1652","yearBuilt":1875,"buildingType":"samostoječa stavba"}},{"type":"Feature","id":"100200000250485857","geometry":{"type":"Point","coordinates":[14.4435632,45.8925723]},"properties":{"eidBuilding":"100200000250485857","buildingNumber":"391","cadastralMunicipalityCode":"1652","yearBuilt":1992,"buildingType":"samostoječa stavba"}},{"type":"Feature","id":"100200000250485865","geometry":{"type":"Point","coordinates":[14.4439421,45.8926338]},"properties":{"eidBuilding":"100200000250485865","buildingNumber":"392","cadastralMunicipalityCode":"1652","yearBuilt":1850,"buildingType":"samostoječa stavba"}},{"type":"Feature","id":"100200000250485881","geometry":{"type":"Point","coordinates":[14.4442381,45.8919863]},"properties":{"eidBuilding":"100200000250485881","buildingNumber":"394","cadastralMunicipalityCode":"1652","yearBuilt":1979,"buildingType":"samostoječa stavba"}},{"type":"Feature","id":"100200000250485899","geometry":{"type":"Point","coordinates":[14.4442189,45.8918598]},"properties":{"eidBuilding":"100200000250485899","buildingNumber":"395","cadastralMunicipalityCode":"1652","yearBuilt":1981,"buildingType":"samostoječa stavba"}},{"type":"Feature","id":"100200000250485923","geometry":{"type":"Point","coordinates":[14.4434646,45.8909549]},"properties":{"eidBuilding":"100200000250485923","buildingNumber":"398","cadastralMunicipalityCode":"1652","yearBuilt":1956,"buildingType":"samostoječa stavba"}},{"type":"Feature","id":"100200000250486053","geometry":{"type":"Point","coordinates":[14.4351147,45.8890859]},"properties":{"eidBuilding":"100200000250486053","buildingNumber":"411","cadastralMunicipalityCode":"1652","yearBuilt":1950,"buildingType":"samostoječa stavba"}},{"type":"Feature","id":"100200000250486665","geometry":{"type":"Point","coordinates":[14.4383093,45.8864012]},"properties":{"eidBuilding":"100200000250486665","buildingNumber":"472","cadastralMunicipalityCode":"1652","yearBuilt":1969,"buildingType":"samostoječa stavba"}},{"type":"Feature","id":"100200000250486673","geometry":{"type":"Point","coordinates":[14.4385488,45.8863283]},"properties":{"eidBuilding":"100200000250486673","buildingNumber":"473","cadastralMunicipalityCode":"1652","yearBuilt":1967,"buildingType":"samostoječa stavba"}},{"type":"Feature","id":"100200000250486681","geometry":{"type":"Point","coordinates":[14.4384581,45.8860861]},"properties":{"eidBuilding":"100200000250486681","buildingNumber":"474","cadastralMunicipalityCode":"1652","yearBuilt":1998,"buildingType":"samostoječa stavba"}},{"type":"Feature","id":"100200000250486699","geometry":{"type":"Point","coordinates":[14.4387719,45.88614]},"properties":{"eidBuilding":"100200000250486699","buildingNumber":"475","cadastralMunicipalityCode":"1652","yearBuilt":1969,"buildingType":"samostoječa stavba"}},{"type":"Feature","id":"100200000250486715","geometry":{"type":"Point","coordinates":[14.4387376,45.8866976]},"properties":{"eidBuilding":"100200000250486715","buildingNumber":"477","cadastralMunicipalityCode":"1652","yearBuilt":1982,"buildingType":"samostoječa stavba"}},{"type":"Feature","id":"100200000250486723","geometry":{"type":"Point","coordinates":[14.4386133,45.8867424]},"properties":{"eidBuilding":"100200000250486723","buildingNumber":"478","cadastralMunicipalityCode":"1652","yearBuilt":1965,"buildingType":"samostoječa stavba"}},{"type":"Feature","id":"100200000250486756","geometry":{"type":"Point","coordinates":[14.4392384,45.8868337]},"properties":{"eidBuilding":"100200000250486756","buildingNumber":"481","cadastralMunicipalityCode":"1652","yearBuilt":1982,"buildingType":"samostoječa stavba"}},{"type":"Feature","id":"100200000250486798","geometry":{"type":"Point","coordinates":[14.4390092,45.8875931]},"properties":{"eidBuilding":"100200000250486798","buildingNumber":"485","cadastralMunicipalityCode":"1652","yearBuilt":1934,"buildingType":"samostoječa stavba"}},{"type":"Feature","id":"100200000250486848","geometry":{"type":"Point","coordinates":[14.4390463,45.8879745]},"properties":{"eidBuilding":"100200000250486848","buildingNumber":"490","cadastralMunicipalityCode":"1652","yearBuilt":1911,"buildingType":"samostoječa stavba"}},{"type":"Feature","id":"100200000250486863","geometry":{"type":"Point","coordinates":[14.4386843,45.8881219]},"properties":{"eidBuilding":"100200000250486863","buildingNumber":"492","cadastralMunicipalityCode":"1652","yearBuilt":1996,"buildingType":"samostoječa stavba"}},{"type":"Feature","id":"100200000250486947","geometry":{"type":"Point","coordinates":[14.4393632,45.8853281]},"properties":{"eidBuilding":"100200000250486947","buildingNumber":"500","cadastralMunicipalityCode":"1652","yearBuilt":1994,"buildingType":"samostoječa stavba"}},{"type":"Feature","id":"100200000250486962","geometry":{"type":"Point","coordinates":[14.4399612,45.8855185]},"properties":{"eidBuilding":"100200000250486962","buildingNumber":"502","cadastralMunicipalityCode":"1652","yearBuilt":1973,"buildingType":"samostoječa stavba"}},{"type":"Feature","id":"100200000250486970","geometry":{"type":"Point","coordinates":[14.4402295,45.8856318]},"properties":{"eidBuilding":"100200000250486970","buildingNumber":"503","cadastralMunicipalityCode":"1652","yearBuilt":1990,"buildingType":"samostoječa stavba"}},{"type":"Feature","id":"100200000250486988","geometry":{"type":"Point","coordinates":[14.4402597,45.8857997]},"properties":{"eidBuilding":"100200000250486988","buildingNumber":"504","cadastralMunicipalityCode":"1652","yearBuilt":1969,"buildingType":"samostoječa stavba"}},{"type":"Feature","id":"100200000250489669","geometry":{"type":"Point","coordinates":[14.4465546,45.8874691]},"properties":{"eidBuilding":"100200000250489669","buildingNumber":"772","cadastralMunicipalityCode":"1652","yearBuilt":1820,"buildingType":"samostoječa stavba"}},{"type":"Feature","id":"100200000250489719","geometry":{"type":"Point","coordinates":[14.447132,45.8870063]},"properties":{"eidBuilding":"100200000250489719","buildingNumber":"777","cadastralMunicipalityCode":"1652","yearBuilt":1930,"buildingType":"samostoječa stavba"}},{"type":"Feature","id":"100200000250489727","geometry":{"type":"Point","coordinates":[14.4472466,45.8869216]},"properties":{"eidBuilding":"100200000250489727","buildingNumber":"778","cadastralMunicipalityCode":"1652","yearBuilt":1800,"buildingType":"samostoječa stavba"}},{"type":"Feature","id":"100200000250489735","geometry":{"type":"Point","coordinates":[14.4474418,45.8868424]},"properties":{"eidBuilding":"100200000250489735","buildingNumber":"779","cadastralMunicipalityCode":"1652","yearBuilt":1850,"buildingType":"samostoječa stavba"}},{"type":"Feature","id":"100200000250489750","geometry":{"type":"Point","coordinates":[14.4448322,45.8871449]},"properties":{"eidBuilding":"100200000250489750","buildingNumber":"781","cadastralMunicipalityCode":"1652","yearBuilt":1850,"buildingType":"samostoječa stavba"}},{"type":"Feature","id":"100200000250531023","geometry":{"type":"Point","coordinates":[14.441768,45.8806519]},"properties":{"eidBuilding":"100200000250531023","buildingNumber":"786","cadastralMunicipalityCode":"1652","yearBuilt":1989,"buildingType":"samostoječa stavba"}},{"type":"Feature","id":"100200000250531031","geometry":{"type":"Point","coordinates":[14.441903,45.880571]},"properties":{"eidBuilding":"100200000250531031","buildingNumber":"787","cadastralMunicipalityCode":"1652","yearBuilt":1992,"buildingType":"samostoječa stavba"}},{"type":"Feature","id":"100200000250531460","geometry":{"type":"Point","coordinates":[14.4684375,45.8785035]},"properties":{"eidBuilding":"100200000250531460","buildingNumber":"788","cadastralMunicipalityCode":"1652","yearBuilt":1975,"buildingType":"samostoječa stavba"}},{"type":"Feature","id":"100200000250531478","geometry":{"type":"Point","coordinates":[14.4575187,45.880545]},"properties":{"eidBuilding":"100200000250531478","buildingNumber":"789","cadastralMunicipalityCode":"1652","yearBuilt":1850,"buildingType":"samostoječa stavba"}},{"type":"Feature","id":"100200000250531486","geometry":{"type":"Point","coordinates":[14.4573561,45.8805854]},"properties":{"eidBuilding":"100200000250531486","buildingNumber":"790","cadastralMunicipalityCode":"1652","yearBuilt":1800,"buildingType":"samostoječa stavba"}},{"type":"Feature","id":"100200000250531494","geometry":{"type":"Point","coordinates":[14.4571924,45.8807259]},"properties":{"eidBuilding":"100200000250531494","buildingNumber":"791","cadastralMunicipalityCode":"1652","yearBuilt":2007,"buildingType":"samostoječa stavba"}},{"type":"Feature","id":"100200000311523993","geometry":{"type":"Point","coordinates":[14.4271575,45.8922502]},"properties":{"eidBuilding":"100200000311523993","buildingNumber":"796","cadastralMunicipalityCode":"1652","yearBuilt":1995,"buildingType":"samostoječa stavba"}},{"type":"Feature","id":"100200000250482250","geometry":{"type":"Point","coordinates":[14.4255501,45.8969239]},"properties":{"eidBuilding":"100200000250482250","buildingNumber":"31","cadastralMunicipalityCode":"1652","yearBuilt":1890,"buildingType":"samostoječa stavba"}},{"type":"Feature","id":"100200000250482276","geometry":{"type":"Point","coordinates":[14.4260356,45.8968872]},"properties":{"eidBuilding":"100200000250482276","buildingNumber":"33","cadastralMunicipalityCode":"1652","yearBuilt":1980,"buildingType":"samostoječa stavba"}},{"type":"Feature","id":"100200000250482300","geometry":{"type":"Point","coordinates":[14.4253996,45.8966145]},"properties":{"eidBuilding":"100200000250482300","buildingNumber":"36","cadastralMunicipalityCode":"1652","yearBuilt":1920,"buildingType":"samostoječa stavba"}},{"type":"Feature","id":"100200000250482318","geometry":{"type":"Point","coordinates":[14.4255031,45.8965179]},"properties":{"eidBuilding":"100200000250482318","buildingNumber":"37","cadastralMunicipalityCode":"1652","yearBuilt":1960,"buildingType":"samostoječa stavba"}},{"type":"Feature","id":"100200000250482326","geometry":{"type":"Point","coordinates":[14.4254951,45.896336]},"properties":{"eidBuilding":"100200000250482326","buildingNumber":"38","cadastralMunicipalityCode":"1652","yearBuilt":1920,"buildingType":"samostoječa stavba"}},{"type":"Feature","id":"100200000250482342","geometry":{"type":"Point","coordinates":[14.4258535,45.895834]},"properties":{"eidBuilding":"100200000250482342","buildingNumber":"40","cadastralMunicipalityCode":"1652","yearBuilt":1909,"buildingType":"samostoječa stavba"}},{"type":"Feature","id":"100200000250482359","geometry":{"type":"Point","coordinates":[14.4255445,45.8958357]},"properties":{"eidBuilding":"100200000250482359","buildingNumber":"41","cadastralMunicipalityCode":"1652","yearBuilt":1910,"buildingType":"samostoječa stavba"}},{"type":"Feature","id":"100200000250482383","geometry":{"type":"Point","coordinates":[14.4260437,45.8955285]},"properties":{"eidBuilding":"100200000250482383","buildingNumber":"44","cadastralMunicipalityCode":"1652","yearBuilt":1997,"buildingType":"samostoječa stavba"}},{"type":"Feature","id":"100200000250482417","geometry":{"type":"Point","coordinates":[14.4258829,45.8953405]},"properties":{"eidBuilding":"100200000250482417","buildingNumber":"47","cadastralMunicipalityCode":"1652","yearBuilt":1965,"buildingType":"samostoječa stavba"}},{"type":"Feature","id":"100200000250482664","geometry":{"type":"Point","coordinates":[14.4282451,45.8910464]},"properties":{"eidBuilding":"100200000250482664","buildingNumber":"72","cadastralMunicipalityCode":"1652","yearBuilt":1965,"buildingType":"samostoječa stavba"}},{"type":"Feature","id":"100200000250482714","geometry":{"type":"Point","coordinates":[14.4287641,45.8907905]},"properties":{"eidBuilding":"100200000250482714","buildingNumber":"77","cadastralMunicipalityCode":"1652","yearBuilt":1900,"buildingType":"samostoječa stavba"}},{"type":"Feature","id":"100200000250482748","geometry":{"type":"Point","coordinates":[14.4286771,45.8905871]},"properties":{"eidBuilding":"100200000250482748","buildingNumber":"80","cadastralMunicipalityCode":"1652","yearBuilt":1954,"buildingType":"samostoječa stavba"}},{"type":"Feature","id":"100200000250482763","geometry":{"type":"Point","coordinates":[14.4289754,45.8905232]},"properties":{"eidBuilding":"100200000250482763","buildingNumber":"82","cadastralMunicipalityCode":"1652","yearBuilt":1995,"buildingType":"samostoječa stavba"}},{"type":"Feature","id":"100200000250486087","geometry":{"type":"Point","coordinates":[14.4353261,45.8886508]},"properties":{"eidBuilding":"100200000250486087","buildingNumber":"414","cadastralMunicipalityCode":"1652","yearBuilt":1996,"buildingType":"samostoječa stavba"}},{"type":"Feature","id":"100200000250486145","geometry":{"type":"Point","coordinates":[14.4362047,45.8889841]},"properties":{"eidBuilding":"100200000250486145","buildingNumber":"420","cadastralMunicipalityCode":"1652","yearBuilt":1800,"buildingType":"samostoječa stavba"}},{"type":"Feature","id":"100200000250484223","geometry":{"type":"Point","coordinates":[14.4296047,45.8859473]},"properties":{"eidBuilding":"100200000250484223","buildingNumber":"228","cadastralMunicipalityCode":"1652","yearBuilt":1978,"buildingType":"samostoječa stavba"}},{"type":"Feature","id":"100200000250484231","geometry":{"type":"Point","coordinates":[14.4297319,45.8854651]},"properties":{"eidBuilding":"100200000250484231","buildingNumber":"229","cadastralMunicipalityCode":"1652","yearBuilt":1978,"buildingType":"samostoječa stavba"}},{"type":"Feature","id":"100200000250484272","geometry":{"type":"Point","coordinates":[14.4279297,45.8855718]},"properties":{"eidBuilding":"100200000250484272","buildingNumber":"233","cadastralMunicipalityCode":"1652","yearBuilt":1970,"buildingType":"samostoječa stavba"}},{"type":"Feature","id":"100200000250484280","geometry":{"type":"Point","coordinates":[14.4276741,45.8855499]},"properties":{"eidBuilding":"100200000250484280","buildingNumber":"234","cadastralMunicipalityCode":"1652","yearBuilt":1970,"buildingType":"samostoječa stavba"}},{"type":"Feature","id":"100200000250484306","geometry":{"type":"Point","coordinates":[14.4280411,45.885149]},"properties":{"eidBuilding":"100200000250484306","buildingNumber":"236","cadastralMunicipalityCode":"1652","yearBuilt":1991,"buildingType":"samostoječa stavba"}},{"type":"Feature","id":"100200000250484314","geometry":{"type":"Point","coordinates":[14.4286105,45.8852233]},"properties":{"eidBuilding":"100200000250484314","buildingNumber":"237","cadastralMunicipalityCode":"1652","yearBuilt":1970,"buildingType":"samostoječa stavba"}},{"type":"Feature","id":"100200000250484322","geometry":{"type":"Point","coordinates":[14.4288563,45.8848865]},"properties":{"eidBuilding":"100200000250484322","buildingNumber":"238","cadastralMunicipalityCode":"1652","yearBuilt":1997,"buildingType":"samostoječa stavba"}},{"type":"Feature","id":"100200000250484355","geometry":{"type":"Point","coordinates":[14.4342679,45.8823505]},"properties":{"eidBuilding":"100200000250484355","buildingNumber":"241","cadastralMunicipalityCode":"1652","yearBuilt":1994,"buildingType":"samostoječa stavba"}},{"type":"Feature","id":"100200000250484363","geometry":{"type":"Point","coordinates":[14.4347585,45.8823156]},"properties":{"eidBuilding":"100200000250484363","buildingNumber":"242","cadastralMunicipalityCode":"1652","yearBuilt":1991,"buildingType":"samostoječa stavba"}},{"type":"Feature","id":"100200000250484413","geometry":{"type":"Point","coordinates":[14.4344899,45.8834539]},"properties":{"eidBuilding":"100200000250484413","buildingNumber":"247","cadastralMunicipalityCode":"1652","yearBuilt":1985,"buildingType":"samostoječa stavba"}},{"type":"Feature","id":"100200000250484421","geometry":{"type":"Point","coordinates":[14.4344398,45.883671]},"properties":{"eidBuilding":"100200000250484421","buildingNumber":"248","cadastralMunicipalityCode":"1652","yearBuilt":1985,"buildingType":"samostoječa stavba"}},{"type":"Feature","id":"100200000250486996","geometry":{"type":"Point","coordinates":[14.4398925,45.8857122]},"properties":{"eidBuilding":"100200000250486996","buildingNumber":"505","cadastralMunicipalityCode":"1652","yearBuilt":1973,"buildingType":"samostoječa stavba"}},{"type":"Feature","id":"100200000250487002","geometry":{"type":"Point","coordinates":[14.439526,45.8860477]},"properties":{"eidBuilding":"100200000250487002","buildingNumber":"506","cadastralMunicipalityCode":"1652","yearBuilt":1980,"buildingType":"samostoječa stavba"}},{"type":"Feature","id":"100200000250487010","geometry":{"type":"Point","coordinates":[14.4396104,45.886069]},"properties":{"eidBuilding":"100200000250487010","buildingNumber":"507","cadastralMunicipalityCode":"1652","yearBuilt":1985,"buildingType":"samostoječa stavba"}},{"type":"Feature","id":"100200000250487036","geometry":{"type":"Point","coordinates":[14.4395021,45.8866367]},"properties":{"eidBuilding":"100200000250487036","buildingNumber":"509","cadastralMunicipalityCode":"1652","yearBuilt":1965,"buildingType":"samostoječa stavba"}},{"type":"Feature","id":"100200000250487044","geometry":{"type":"Point","coordinates":[14.439528,45.8870092]},"properties":{"eidBuilding":"100200000250487044","buildingNumber":"510","cadastralMunicipalityCode":"1652","yearBuilt":1982,"buildingType":"samostoječa stavba"}},{"type":"Feature","id":"100200000250487051","geometry":{"type":"Point","coordinates":[14.4397264,45.8871865]},"properties":{"eidBuilding":"100200000250487051","buildingNumber":"511","cadastralMunicipalityCode":"1652","yearBuilt":1997,"buildingType":"samostoječa stavba"}},{"type":"Feature","id":"100200000250487069","geometry":{"type":"Point","coordinates":[14.4396007,45.8873727]},"properties":{"eidBuilding":"100200000250487069","buildingNumber":"512","cadastralMunicipalityCode":"1652","yearBuilt":1976,"buildingType":"samostoječa stavba"}},{"type":"Feature","id":"100200000250487085","geometry":{"type":"Point","coordinates":[14.4400897,45.8863555]},"properties":{"eidBuilding":"100200000250487085","buildingNumber":"514","cadastralMunicipalityCode":"1652","yearBuilt":1985,"buildingType":"samostoječa stavba"}},{"type":"Feature","id":"100200000250487101","geometry":{"type":"Point","coordinates":[14.4348997,45.8850785]},"properties":{"eidBuilding":"100200000250487101","buildingNumber":"516","cadastralMunicipalityCode":"1652","yearBuilt":1980,"buildingType":"samostoječa stavba"}},{"type":"Feature","id":"100200000250487119","geometry":{"type":"Point","coordinates":[14.4351173,45.8849603]},"properties":{"eidBuilding":"100200000250487119","buildingNumber":"517","cadastralMunicipalityCode":"1652","yearBuilt":1997,"buildingType":"samostoječa stavba"}},{"type":"Feature","id":"100200000250487127","geometry":{"type":"Point","coordinates":[14.4352687,45.8845612]},"properties":{"eidBuilding":"100200000250487127","buildingNumber":"518","cadastralMunicipalityCode":"1652","yearBuilt":1982,"buildingType":"samostoječa stavba"}},{"type":"Feature","id":"100200000250487135","geometry":{"type":"Point","coordinates":[14.435772,45.8846283]},"properties":{"eidBuilding":"100200000250487135","buildingNumber":"519","cadastralMunicipalityCode":"1652","yearBuilt":1980,"buildingType":"samostoječa stavba"}},{"type":"Feature","id":"100200000312246016","geometry":{"type":"Point","coordinates":[14.4374847,45.8829094]},"properties":{"eidBuilding":"100200000312246016","buildingNumber":"804","cadastralMunicipalityCode":"1652","yearBuilt":1990,"buildingType":"samostoječa stavba"}},{"type":"Feature","id":"100200000312246032","geometry":{"type":"Point","coordinates":[14.4380066,45.883074]},"properties":{"eidBuilding":"100200000312246032","buildingNumber":"805","cadastralMunicipalityCode":"1652","yearBuilt":2005,"buildingType":"samostoječa stavba"}},{"type":"Feature","id":"100200000312246321","geometry":{"type":"Point","coordinates":[14.4373922,45.8912814]},"properties":{"eidBuilding":"100200000312246321","buildingNumber":"808","cadastralMunicipalityCode":"1652","yearBuilt":1944,"buildingType":"samostoječa stavba"}},{"type":"Feature","id":"100200000312246388","geometry":{"type":"Point","coordinates":[14.4287751,45.8850508]},"properties":{"eidBuilding":"100200000312246388","buildingNumber":"810","cadastralMunicipalityCode":"1652","yearBuilt":1990,"buildingType":"samostoječa stavba"}},{"type":"Feature","id":"100200000312246438","geometry":{"type":"Point","coordinates":[14.4372235,45.8913975]},"properties":{"eidBuilding":"100200000312246438","buildingNumber":"811","cadastralMunicipalityCode":"1652","yearBuilt":2006,"buildingType":"samostoječa stavba"}},{"type":"Feature","id":"100200000312246461","geometry":{"type":"Point","coordinates":[14.4326421,45.8906218]},"properties":{"eidBuilding":"100200000312246461","buildingNumber":"812","cadastralMunicipalityCode":"1652","yearBuilt":2009,"buildingType":"samostoječa stavba"}},{"type":"Feature","id":"100200000312246487","geometry":{"type":"Point","coordinates":[14.432789,45.890054]},"properties":{"eidBuilding":"100200000312246487","buildingNumber":"813","cadastralMunicipalityCode":"1652","yearBuilt":2006,"buildingType":"samostoječa stavba"}},{"type":"Feature","id":"100200000312308220","geometry":{"type":"Point","coordinates":[14.436073,45.8894796]},"properties":{"eidBuilding":"100200000312308220","buildingNumber":"819","cadastralMunicipalityCode":"1652","yearBuilt":2006,"buildingType":"samostoječa stavba"}},{"type":"Feature","id":"100200000312938315","geometry":{"type":"Point","coordinates":[14.4420791,45.8832023]},"properties":{"eidBuilding":"100200000312938315","buildingNumber":"825","cadastralMunicipalityCode":"1652","yearBuilt":2000,"buildingType":"samostoječa stavba"}},{"type":"Feature","id":"100200000313064186","geometry":{"type":"Point","coordinates":[14.4551651,45.8711069]},"properties":{"eidBuilding":"100200000313064186","buildingNumber":"826","cadastralMunicipalityCode":"1652","yearBuilt":1990,"buildingType":"samostoječa stavba"}},{"type":"Feature","id":"100200000313320471","geometry":{"type":"Point","coordinates":[14.4353205,45.8884369]},"properties":{"eidBuilding":"100200000313320471","buildingNumber":"828","cadastralMunicipalityCode":"1652","yearBuilt":2005,"buildingType":"samostoječa stavba"}},{"type":"Feature","id":"100200000313408243","geometry":{"type":"Point","coordinates":[14.4291375,45.8886146]},"properties":{"eidBuilding":"100200000313408243","buildingNumber":"829","cadastralMunicipalityCode":"1652","yearBuilt":2005,"buildingType":"samostoječa stavba"}},{"type":"Feature","id":"100200000313883924","geometry":{"type":"Point","coordinates":[14.4298549,45.8867369]},"properties":{"eidBuilding":"100200000313883924","buildingNumber":"831","cadastralMunicipalityCode":"1652","yearBuilt":1965,"buildingType":"samostoječa stavba"}},{"type":"Feature","id":"100200000250482771","geometry":{"type":"Point","coordinates":[14.4288452,45.8903975]},"properties":{"eidBuilding":"100200000250482771","buildingNumber":"83","cadastralMunicipalityCode":"1652","yearBuilt":1990,"buildingType":"samostoječa stavba"}},{"type":"Feature","id":"100200000250482813","geometry":{"type":"Point","coordinates":[14.4290387,45.8909418]},"properties":{"eidBuilding":"100200000250482813","buildingNumber":"87","cadastralMunicipalityCode":"1652","yearBuilt":1900,"buildingType":"samostoječa stavba"}},{"type":"Feature","id":"100200000250482821","geometry":{"type":"Point","coordinates":[14.4287731,45.8910331]},"properties":{"eidBuilding":"100200000250482821","buildingNumber":"88","cadastralMunicipalityCode":"1652","yearBuilt":1925,"buildingType":"samostoječa stavba"}},{"type":"Feature","id":"100200000250482839","geometry":{"type":"Point","coordinates":[14.4288365,45.8911641]},"properties":{"eidBuilding":"100200000250482839","buildingNumber":"89","cadastralMunicipalityCode":"1652","yearBuilt":1969,"buildingType":"samostoječa stavba"}},{"type":"Feature","id":"100200000250482888","geometry":{"type":"Point","coordinates":[14.4283283,45.893042]},"properties":{"eidBuilding":"100200000250482888","buildingNumber":"94","cadastralMunicipalityCode":"1652","yearBuilt":1955,"buildingType":"samostoječa stavba"}},{"type":"Feature","id":"100200000250482912","geometry":{"type":"Point","coordinates":[14.427885,45.8930789]},"properties":{"eidBuilding":"100200000250482912","buildingNumber":"97","cadastralMunicipalityCode":"1652","yearBuilt":1996,"buildingType":"samostoječa stavba"}},{"type":"Feature","id":"100200000250482920","geometry":{"type":"Point","coordinates":[14.4278942,45.8932244]},"properties":{"eidBuilding":"100200000250482920","buildingNumber":"98","cadastralMunicipalityCode":"1652","yearBuilt":1986,"buildingType":"samostoječa stavba"}},{"type":"Feature","id":"100200000250482953","geometry":{"type":"Point","coordinates":[14.4280604,45.8931747]},"properties":{"eidBuilding":"100200000250482953","buildingNumber":"101","cadastralMunicipalityCode":"1652","yearBuilt":1975,"buildingType":"samostoječa stavba"}},{"type":"Feature","id":"100200000250482995","geometry":{"type":"Point","coordinates":[14.4288304,45.8938874]},"properties":{"eidBuilding":"100200000250482995","buildingNumber":"105","cadastralMunicipalityCode":"1652","yearBuilt":1921,"buildingType":"samostoječa stavba"}},{"type":"Feature","id":"100200000250483027","geometry":{"type":"Point","coordinates":[14.4311868,45.8925557]},"properties":{"eidBuilding":"100200000250483027","buildingNumber":"108","cadastralMunicipalityCode":"1652","yearBuilt":1965,"buildingType":"samostoječa stavba"}},{"type":"Feature","id":"100200000250483084","geometry":{"type":"Point","coordinates":[14.4311294,45.8917314]},"properties":{"eidBuilding":"100200000250483084","buildingNumber":"114","cadastralMunicipalityCode":"1652","yearBuilt":1965,"buildingType":"samostoječa stavba"}},{"type":"Feature","id":"100200000250483118","geometry":{"type":"Point","coordinates":[14.4312043,45.8913925]},"properties":{"eidBuilding":"100200000250483118","buildingNumber":"117","cadastralMunicipalityCode":"1652","yearBuilt":1965,"buildingType":"samostoječa stavba"}},{"type":"Feature","id":"100200000250483126","geometry":{"type":"Point","coordinates":[14.4310219,45.8905355]},"properties":{"eidBuilding":"100200000250483126","buildingNumber":"118","cadastralMunicipalityCode":"1652","yearBuilt":2002,"buildingType":"samostoječa stavba"}},{"type":"Feature","id":"100200000250483134","geometry":{"type":"Point","coordinates":[14.4315518,45.8903212]},"properties":{"eidBuilding":"100200000250483134","buildingNumber":"119","cadastralMunicipalityCode":"1652","yearBuilt":2006,"buildingType":"samostoječa stavba"}},{"type":"Feature","id":"100200000250484447","geometry":{"type":"Point","coordinates":[14.4341357,45.8840412]},"properties":{"eidBuilding":"100200000250484447","buildingNumber":"250","cadastralMunicipalityCode":"1652","yearBuilt":1996,"buildingType":"samostoječa stavba"}},{"type":"Feature","id":"100200000250484454","geometry":{"type":"Point","coordinates":[14.4340263,45.8843481]},"properties":{"eidBuilding":"100200000250484454","buildingNumber":"251","cadastralMunicipalityCode":"1652","yearBuilt":1995,"buildingType":"samostoječa stavba"}},{"type":"Feature","id":"100200000250484470","geometry":{"type":"Point","coordinates":[14.4344833,45.8847596]},"properties":{"eidBuilding":"100200000250484470","buildingNumber":"253","cadastralMunicipalityCode":"1652","yearBuilt":1991,"buildingType":"samostoječa stavba"}},{"type":"Feature","id":"100200000250484488","geometry":{"type":"Point","coordinates":[14.4343155,45.8850704]},"properties":{"eidBuilding":"100200000250484488","buildingNumber":"254","cadastralMunicipalityCode":"1652","yearBuilt":1980,"buildingType":"samostoječa stavba"}},{"type":"Feature","id":"100200000250484520","geometry":{"type":"Point","coordinates":[14.4350353,45.8915117]},"properties":{"eidBuilding":"100200000250484520","buildingNumber":"258","cadastralMunicipalityCode":"1652","yearBuilt":1994,"buildingType":"samostoječa stavba"}},{"type":"Feature","id":"100200000250484546","geometry":{"type":"Point","coordinates":[14.4348745,45.8901244]},"properties":{"eidBuilding":"100200000250484546","buildingNumber":"260","cadastralMunicipalityCode":"1652","yearBuilt":1990,"buildingType":"samostoječa stavba"}},{"type":"Feature","id":"100200000250484553","geometry":{"type":"Point","coordinates":[14.4373778,45.8915667]},"properties":{"eidBuilding":"100200000250484553","buildingNumber":"261","cadastralMunicipalityCode":"1652","yearBuilt":1933,"buildingType":"samostoječa stavba"}},{"type":"Feature","id":"100200000250484561","geometry":{"type":"Point","coordinates":[14.4376734,45.891341]},"properties":{"eidBuilding":"100200000250484561","buildingNumber":"262","cadastralMunicipalityCode":"1652","yearBuilt":1974,"buildingType":"samostoječa stavba"}},{"type":"Feature","id":"100200000250484587","geometry":{"type":"Point","coordinates":[14.4375008,45.8912312]},"properties":{"eidBuilding":"100200000250484587","buildingNumber":"264","cadastralMunicipalityCode":"1652","yearBuilt":1976,"buildingType":"samostoječa stavba"}},{"type":"Feature","id":"100200000250484603","geometry":{"type":"Point","coordinates":[14.4369472,45.8912285]},"properties":{"eidBuilding":"100200000250484603","buildingNumber":"266","cadastralMunicipalityCode":"1652","yearBuilt":1956,"buildingType":"samostoječa stavba"}},{"type":"Feature","id":"100200000250484629","geometry":{"type":"Point","coordinates":[14.4369398,45.8910979]},"properties":{"eidBuilding":"100200000250484629","buildingNumber":"268","cadastralMunicipalityCode":"1652","yearBuilt":1967,"buildingType":"samostoječa stavba"}},{"type":"Feature","id":"100200000250484645","geometry":{"type":"Point","coordinates":[14.4369181,45.8907042]},"properties":{"eidBuilding":"100200000250484645","buildingNumber":"270","cadastralMunicipalityCode":"1652","yearBuilt":2006,"buildingType":"samostoječa stavba"}},{"type":"Feature","id":"100200000250484652","geometry":{"type":"Point","coordinates":[14.4371625,45.8908793]},"properties":{"eidBuilding":"100200000250484652","buildingNumber":"271","cadastralMunicipalityCode":"1652","yearBuilt":1900,"buildingType":"samostoječa stavba"}},{"type":"Feature","id":"100200000250487150","geometry":{"type":"Point","coordinates":[14.435948,45.8843304]},"properties":{"eidBuilding":"100200000250487150","buildingNumber":"521","cadastralMunicipalityCode":"1652","yearBuilt":1974,"buildingType":"samostoječa stavba"}},{"type":"Feature","id":"100200000250487168","geometry":{"type":"Point","coordinates":[14.4359785,45.8844357]},"properties":{"eidBuilding":"100200000250487168","buildingNumber":"522","cadastralMunicipalityCode":"1652","yearBuilt":1974,"buildingType":"samostoječa stavba"}},{"type":"Feature","id":"100200000250487184","geometry":{"type":"Point","coordinates":[14.4363656,45.8839521]},"properties":{"eidBuilding":"100200000250487184","buildingNumber":"524","cadastralMunicipalityCode":"1652","yearBuilt":1978,"buildingType":"samostoječa stavba"}},{"type":"Feature","id":"100200000250487192","geometry":{"type":"Point","coordinates":[14.4364724,45.883797]},"properties":{"eidBuilding":"100200000250487192","buildingNumber":"525","cadastralMunicipalityCode":"1652","yearBuilt":1985,"buildingType":"samostoječa stavba"}},{"type":"Feature","id":"100200000250487200","geometry":{"type":"Point","coordinates":[14.4350121,45.8840332]},"properties":{"eidBuilding":"100200000250487200","buildingNumber":"526","cadastralMunicipalityCode":"1652","yearBuilt":1985,"buildingType":"samostoječa stavba"}},{"type":"Feature","id":"100200000250487218","geometry":{"type":"Point","coordinates":[14.4351205,45.8838889]},"properties":{"eidBuilding":"100200000250487218","buildingNumber":"527","cadastralMunicipalityCode":"1652","yearBuilt":1984,"buildingType":"samostoječa stavba"}},{"type":"Feature","id":"100200000250487226","geometry":{"type":"Point","coordinates":[14.4352494,45.8836586]},"properties":{"eidBuilding":"100200000250487226","buildingNumber":"528","cadastralMunicipalityCode":"1652","yearBuilt":1999,"buildingType":"samostoječa stavba"}},{"type":"Feature","id":"100200000250487234","geometry":{"type":"Point","coordinates":[14.4354786,45.8835016]},"properties":{"eidBuilding":"100200000250487234","buildingNumber":"529","cadastralMunicipalityCode":"1652","yearBuilt":1990,"buildingType":"samostoječa stavba"}},{"type":"Feature","id":"100200000250487242","geometry":{"type":"Point","coordinates":[14.435066,45.883129]},"properties":{"eidBuilding":"100200000250487242","buildingNumber":"530","cadastralMunicipalityCode":"1652","yearBuilt":1995,"buildingType":"samostoječa stavba"}},{"type":"Feature","id":"100200000250487259","geometry":{"type":"Point","coordinates":[14.4358875,45.8834164]},"properties":{"eidBuilding":"100200000250487259","buildingNumber":"531","cadastralMunicipalityCode":"1652","yearBuilt":1991,"buildingType":"samostoječa stavba"}},{"type":"Feature","id":"100200000250487291","geometry":{"type":"Point","coordinates":[14.4367943,45.8834626]},"properties":{"eidBuilding":"100200000250487291","buildingNumber":"535","cadastralMunicipalityCode":"1652","yearBuilt":1976,"buildingType":"samostoječa stavba"}},{"type":"Feature","id":"100200000250487309","geometry":{"type":"Point","coordinates":[14.4365295,45.8830834]},"properties":{"eidBuilding":"100200000250487309","buildingNumber":"536","cadastralMunicipalityCode":"1652","yearBuilt":1977,"buildingType":"samostoječa stavba"}},{"type":"Feature","id":"100200000250487317","geometry":{"type":"Point","coordinates":[14.4350741,45.8827582]},"properties":{"eidBuilding":"100200000250487317","buildingNumber":"537","cadastralMunicipalityCode":"1652","yearBuilt":1985,"buildingType":"samostoječa stavba"}},{"type":"Feature","id":"100200000250487325","geometry":{"type":"Point","coordinates":[14.4352058,45.8827456]},"properties":{"eidBuilding":"100200000250487325","buildingNumber":"538","cadastralMunicipalityCode":"1652","yearBuilt":1995,"buildingType":"samostoječa stavba"}},{"type":"Feature","id":"100200000314056900","geometry":{"type":"Point","coordinates":[14.434356,45.8866281]},"properties":{"eidBuilding":"100200000314056900","buildingNumber":"832","cadastralMunicipalityCode":"1652","yearBuilt":2007,"buildingType":"samostoječa stavba"}},{"type":"Feature","id":"100200000314931433","geometry":{"type":"Point","coordinates":[14.4360356,45.882555]},"properties":{"eidBuilding":"100200000314931433","buildingNumber":"840","cadastralMunicipalityCode":"1652","yearBuilt":2009,"buildingType":"samostoječa stavba"}},{"type":"Feature","id":"100200000314971959","geometry":{"type":"Point","coordinates":[14.4296765,45.8888213]},"properties":{"eidBuilding":"100200000314971959","buildingNumber":"841","cadastralMunicipalityCode":"1652","yearBuilt":2009,"buildingType":"samostoječa stavba"}},{"type":"Feature","id":"100200000315035143","geometry":{"type":"Point","coordinates":[14.4311596,45.8908817]},"properties":{"eidBuilding":"100200000315035143","buildingNumber":"842","cadastralMunicipalityCode":"1652","yearBuilt":1999,"buildingType":"samostoječa stavba"}},{"type":"Feature","id":"100200000315060083","geometry":{"type":"Point","coordinates":[14.4405829,45.8812002]},"properties":{"eidBuilding":"100200000315060083","buildingNumber":"843","cadastralMunicipalityCode":"1652","yearBuilt":1975,"buildingType":"samostoječa stavba"}},{"type":"Feature","id":"100200000315063020","geometry":{"type":"Point","coordinates":[14.4404496,45.8830912]},"properties":{"eidBuilding":"100200000315063020","buildingNumber":"851","cadastralMunicipalityCode":"1652","yearBuilt":2007,"buildingType":"samostoječa stavba"}},{"type":"Feature","id":"100200000315079646","geometry":{"type":"Point","coordinates":[14.4452816,45.8910518]},"properties":{"eidBuilding":"100200000315079646","buildingNumber":"852","cadastralMunicipalityCode":"1652","yearBuilt":2004,"buildingType":"samostoječa stavba"}},{"type":"Feature","id":"100200000315128047","geometry":{"type":"Point","coordinates":[14.4381587,45.8867952]},"properties":{"eidBuilding":"100200000315128047","buildingNumber":"854","cadastralMunicipalityCode":"1652","yearBuilt":2004,"buildingType":"samostoječa stavba"}},{"type":"Feature","id":"100200000316158597","geometry":{"type":"Point","coordinates":[14.4435257,45.8824997]},"properties":{"eidBuilding":"100200000316158597","buildingNumber":"858","cadastralMunicipalityCode":"1652","yearBuilt":2008,"buildingType":"samostoječa stavba"}},{"type":"Feature","id":"100200000316183652","geometry":{"type":"Point","coordinates":[14.4436489,45.8833301]},"properties":{"eidBuilding":"100200000316183652","buildingNumber":"859","cadastralMunicipalityCode":"1652","yearBuilt":2007,"buildingType":"samostoječa stavba"}},{"type":"Feature","id":"100200000316515614","geometry":{"type":"Point","coordinates":[14.4382977,45.8938628]},"properties":{"eidBuilding":"100200000316515614","buildingNumber":"860","cadastralMunicipalityCode":"1652","yearBuilt":2008,"buildingType":"samostoječa stavba"}},{"type":"Feature","id":"100200000317748560","geometry":{"type":"Point","coordinates":[14.4297591,45.8885979]},"properties":{"eidBuilding":"100200000317748560","buildingNumber":"862","cadastralMunicipalityCode":"1652","yearBuilt":2009,"buildingType":"samostoječa stavba"}},{"type":"Feature","id":"100201000000035886","geometry":{"type":"Point","coordinates":[14.430453,45.8910871]},"properties":{"eidBuilding":"100201000000035886","buildingNumber":"963","cadastralMunicipalityCode":"1652","yearBuilt":2022,"buildingType":"samostoječa stavba"}},{"type":"Feature","id":"100201000000018155","geometry":{"type":"Point","coordinates":[14.4304661,45.8867688]},"properties":{"eidBuilding":"100201000000018155","buildingNumber":"962","cadastralMunicipalityCode":"1652","yearBuilt":2009,"buildingType":"krajna vrstna stavba"}},{"type":"Feature","id":"100200000315060463","geometry":{"type":"Point","coordinates":[14.4418841,45.8838365]},"properties":{"eidBuilding":"100200000315060463","buildingNumber":"846","cadastralMunicipalityCode":"1652","yearBuilt":1980,"buildingType":"samostoječa stavba"}},{"type":"Feature","id":"100200000250483506","geometry":{"type":"Point","coordinates":[14.43356,45.8883814]},"properties":{"eidBuilding":"100200000250483506","buildingNumber":"156","cadastralMunicipalityCode":"1652","yearBuilt":1964,"buildingType":"samostoječa stavba"}},{"type":"Feature","id":"100201000000117379","geometry":{"type":"Point","coordinates":[14.4333899,45.8881899]},"properties":{"eidBuilding":"100201000000117379","buildingNumber":"964","cadastralMunicipalityCode":"1652","yearBuilt":1964,"buildingType":"samostoječa stavba"}},{"type":"Feature","id":"100201000000144233","geometry":{"type":"Point","coordinates":[14.4360918,45.8855463]},"properties":{"eidBuilding":"100201000000144233","buildingNumber":"969","cadastralMunicipalityCode":"1652","yearBuilt":2014,"buildingType":"samostoječa stavba"}},{"type":"Feature","id":"100200000250489552","geometry":{"type":"Point","coordinates":[14.4466582,45.8877118]},"properties":{"eidBuilding":"100200000250489552","buildingNumber":"761","cadastralMunicipalityCode":"1652","yearBuilt":1863,"buildingType":"samostoječa stavba"}},{"type":"Feature","id":"100200000250489560","geometry":{"type":"Point","coordinates":[14.446725,45.8878655]},"properties":{"eidBuilding":"100200000250489560","buildingNumber":"762","cadastralMunicipalityCode":"1652","yearBuilt":1800,"buildingType":"krajna vrstna stavba"}},{"type":"Feature","id":"100200000250489677","geometry":{"type":"Point","coordinates":[14.4463272,45.8873889]},"properties":{"eidBuilding":"100200000250489677","buildingNumber":"773","cadastralMunicipalityCode":"1652","yearBuilt":1963,"buildingType":"samostoječa stavba"}},{"type":"Feature","id":"100200000250489693","geometry":{"type":"Point","coordinates":[14.446503,45.8871514]},"properties":{"eidBuilding":"100200000250489693","buildingNumber":"775","cadastralMunicipalityCode":"1652","yearBuilt":1990,"buildingType":"samostoječa stavba"}},{"type":"Feature","id":"100201000000149661","geometry":{"type":"Point","coordinates":[14.426531,45.895148]},"properties":{"eidBuilding":"100201000000149661","buildingNumber":"971","cadastralMunicipalityCode":"1652","yearBuilt":2011,"buildingType":"ni podatka"}},{"type":"Feature","id":"100200000250486269","geometry":{"type":"Point","coordinates":[14.4444176,45.8868965]},"properties":{"eidBuilding":"100200000250486269","buildingNumber":"432","cadastralMunicipalityCode":"1652","yearBuilt":1990,"buildingType":"samostoječa stavba"}},{"type":"Feature","id":"100201000000143342","geometry":{"type":"Point","coordinates":[14.4349887,45.8821114]},"properties":{"eidBuilding":"100201000000143342","buildingNumber":"966","cadastralMunicipalityCode":"1652","yearBuilt":1998,"buildingType":"samostoječa stavba"}},{"type":"Feature","id":"100201000000143359","geometry":{"type":"Point","coordinates":[14.4351927,45.8820888]},"properties":{"eidBuilding":"100201000000143359","buildingNumber":"967","cadastralMunicipalityCode":"1652","yearBuilt":1987,"buildingType":"samostoječa stavba"}},{"type":"Feature","id":"100201000000171772","geometry":{"type":"Point","coordinates":[14.4386378,45.8829106]},"properties":{"eidBuilding":"100201000000171772","buildingNumber":"972","cadastralMunicipalityCode":"1652","yearBuilt":2024,"buildingType":"samostoječa stavba"}},{"type":"Feature","id":"100201000000148184","geometry":{"type":"Point","coordinates":[14.4285655,45.8919392]},"properties":{"eidBuilding":"100201000000148184","buildingNumber":"968","cadastralMunicipalityCode":"1652","yearBuilt":2024,"buildingType":"samostoječa stavba"}},{"type":"Feature","id":"100200000250489214","geometry":{"type":"Point","coordinates":[14.4457495,45.8913251]},"properties":{"eidBuilding":"100200000250489214","buildingNumber":"727","cadastralMunicipalityCode":"1652","yearBuilt":2000,"buildingType":"samostoječa stavba"}},{"type":"Feature","id":"100200000250489255","geometry":{"type":"Point","coordinates":[14.4457358,45.8915673]},"properties":{"eidBuilding":"100200000250489255","buildingNumber":"731","cadastralMunicipalityCode":"1652","yearBuilt":1935,"buildingType":"samostoječa stavba"}},{"type":"Feature","id":"100200000250486285","geometry":{"type":"Point","coordinates":[14.444039,45.8869091]},"properties":{"eidBuilding":"100200000250486285","buildingNumber":"434","cadastralMunicipalityCode":"1652","yearBuilt":1989,"buildingType":"samostoječa stavba"}},{"type":"Feature","id":"100201000000125588","geometry":{"type":"Point","coordinates":[14.430733,45.8917043]},"properties":{"eidBuilding":"100201000000125588","buildingNumber":"965","cadastralMunicipalityCode":"1652","yearBuilt":2007,"buildingType":"samostoječa stavba"}},{"type":"Feature","id":"100200000250488919","geometry":{"type":"Point","coordinates":[14.4442297,45.8909005]},"properties":{"eidBuilding":"100200000250488919","buildingNumber":"697","cadastralMunicipalityCode":"1652","yearBuilt":1900,"buildingType":"samostoječa stavba"}},{"type":"Feature","id":"100201000000212063","geometry":{"type":"Point","coordinates":[14.438924,45.887205]},"properties":{"eidBuilding":"100201000000212063","buildingNumber":"974","cadastralMunicipalityCode":"1652","yearBuilt":1965,"buildingType":"samostoječa stavba"}},{"type":"Feature","id":"100201000000177373","geometry":{"type":"Point","coordinates":[14.4362958,45.8862146]},"properties":{"eidBuilding":"100201000000177373","buildingNumber":"970","cadastralMunicipalityCode":"1652","yearBuilt":2024,"buildingType":"samostoječa stavba"}},{"type":"Feature","id":"100201000000221866","geometry":{"type":"Point","coordinates":[14.4403517,45.8920074]},"properties":{"eidBuilding":"100201000000221866","buildingNumber":"976","cadastralMunicipalityCode":"1652","yearBuilt":2025,"buildingType":"samostoječa stavba"}},{"type":"Feature","id":"100201000000221874","geometry":{"type":"Point","coordinates":[14.4403498,45.8919193]},"properties":{"eidBuilding":"100201000000221874","buildingNumber":"977","cadastralMunicipalityCode":"1652","yearBuilt":2025,"buildingType":"samostoječa stavba"}},{"type":"Feature","id":"100201000000241757","geometry":{"type":"Point","coordinates":[14.4390367,45.89146]},"properties":{"eidBuilding":"100201000000241757","buildingNumber":"978","cadastralMunicipalityCode":"1652","yearBuilt":2025,"buildingType":"samostoječa stavba"}},{"type":"Feature","id":"100200000250489487","geometry":{"type":"Point","coordinates":[14.4474569,45.8884271]},"properties":{"eidBuilding":"100200000250489487","buildingNumber":"754","cadastralMunicipalityCode":"1652","yearBuilt":1990,"buildingType":"samostoječa stavba"}},{"type":"Feature","id":"100201000000292404","geometry":{"type":"Point","coordinates":[14.4395808,45.892528]},"properties":{"eidBuilding":"100201000000292404","buildingNumber":"980","cadastralMunicipalityCode":"1652","yearBuilt":2025,"buildingType":"vmesna vrstna stavba"}},{"type":"Feature","id":"100201000000292412","geometry":{"type":"Point","coordinates":[14.439404,45.892684]},"properties":{"eidBuilding":"100201000000292412","buildingNumber":"979","cadastralMunicipalityCode":"1652","yearBuilt":2017,"buildingType":"samostoječa stavba"}},{"type":"Feature","id":"100201000000294277","geometry":{"type":"Point","coordinates":[14.4475118,45.8886734]},"properties":{"eidBuilding":"100201000000294277","buildingNumber":"982","cadastralMunicipalityCode":"1652","yearBuilt":2000,"buildingType":"samostoječa stavba"}},{"type":"Feature","id":"100201000000295928","geometry":{"type":"Point","coordinates":[14.429089,45.8881676]},"properties":{"eidBuilding":"100201000000295928","buildingNumber":"981","cadastralMunicipalityCode":"1652","yearBuilt":2026,"buildingType":"samostoječa stavba"}}]}