{"type":"FeatureCollection","features":[{"type":"Feature","id":"100201000000167275","geometry":{"type":"Point","coordinates":[14.4206326,45.974735]},"properties":{"eidBuilding":"100201000000167275","buildingNumber":"706","cadastralMunicipalityCode":"1703","yearBuilt":2024,"buildingType":"samostoječa stavba"}},{"type":"Feature","id":"100200000214840478","geometry":{"type":"Point","coordinates":[14.4196939,45.975465]},"properties":{"eidBuilding":"100200000214840478","buildingNumber":"473","cadastralMunicipalityCode":"1703","yearBuilt":1965,"buildingType":"samostoječa stavba"}},{"type":"Feature","id":"100200000214840486","geometry":{"type":"Point","coordinates":[14.4202608,45.975584]},"properties":{"eidBuilding":"100200000214840486","buildingNumber":"474","cadastralMunicipalityCode":"1703","yearBuilt":1962,"buildingType":"samostoječa stavba"}},{"type":"Feature","id":"100200000214840494","geometry":{"type":"Point","coordinates":[14.4203459,45.9756523]},"properties":{"eidBuilding":"100200000214840494","buildingNumber":"475","cadastralMunicipalityCode":"1703","yearBuilt":1957,"buildingType":"samostoječa stavba"}},{"type":"Feature","id":"100200000214840502","geometry":{"type":"Point","coordinates":[14.4204456,45.975302]},"properties":{"eidBuilding":"100200000214840502","buildingNumber":"476","cadastralMunicipalityCode":"1703","yearBuilt":1955,"buildingType":"samostoječa stavba"}},{"type":"Feature","id":"100200000214840536","geometry":{"type":"Point","coordinates":[14.420602,45.9751784]},"properties":{"eidBuilding":"100200000214840536","buildingNumber":"479","cadastralMunicipalityCode":"1703","yearBuilt":1956,"buildingType":"samostoječa stavba"}},{"type":"Feature","id":"100200000214840718","geometry":{"type":"Point","coordinates":[14.422347,45.9771996]},"properties":{"eidBuilding":"100200000214840718","buildingNumber":"497","cadastralMunicipalityCode":"1703","yearBuilt":1960,"buildingType":"samostoječa stavba"}},{"type":"Feature","id":"100200000214840791","geometry":{"type":"Point","coordinates":[14.4231523,45.9767821]},"properties":{"eidBuilding":"100200000214840791","buildingNumber":"505","cadastralMunicipalityCode":"1703","yearBuilt":1945,"buildingType":"samostoječa stavba"}},{"type":"Feature","id":"100200000214840809","geometry":{"type":"Point","coordinates":[14.4236457,45.9768783]},"properties":{"eidBuilding":"100200000214840809","buildingNumber":"506","cadastralMunicipalityCode":"1703","yearBuilt":1938,"buildingType":"samostoječa stavba"}},{"type":"Feature","id":"100200000214840825","geometry":{"type":"Point","coordinates":[14.423794,45.9772333]},"properties":{"eidBuilding":"100200000214840825","buildingNumber":"508","cadastralMunicipalityCode":"1703","yearBuilt":1955,"buildingType":"samostoječa stavba"}},{"type":"Feature","id":"100200000214840874","geometry":{"type":"Point","coordinates":[14.425495,45.9783882]},"properties":{"eidBuilding":"100200000214840874","buildingNumber":"513","cadastralMunicipalityCode":"1703","yearBuilt":1960,"buildingType":"samostoječa stavba"}},{"type":"Feature","id":"100200000214840890","geometry":{"type":"Point","coordinates":[14.425531,45.9785604]},"properties":{"eidBuilding":"100200000214840890","buildingNumber":"515","cadastralMunicipalityCode":"1703","yearBuilt":1990,"buildingType":"samostoječa stavba"}},{"type":"Feature","id":"100200000214836427","geometry":{"type":"Point","coordinates":[14.4360477,45.9708845]},"properties":{"eidBuilding":"100200000214836427","buildingNumber":"180","cadastralMunicipalityCode":"1703","yearBuilt":1986,"buildingType":"samostoječa stavba"}},{"type":"Feature","id":"100200000214836435","geometry":{"type":"Point","coordinates":[14.4360232,45.9707649]},"properties":{"eidBuilding":"100200000214836435","buildingNumber":"181","cadastralMunicipalityCode":"1703","yearBuilt":1991,"buildingType":"samostoječa stavba"}},{"type":"Feature","id":"100200000214836468","geometry":{"type":"Point","coordinates":[14.4364073,45.9702392]},"properties":{"eidBuilding":"100200000214836468","buildingNumber":"184","cadastralMunicipalityCode":"1703","yearBuilt":1850,"buildingType":"samostoječa stavba"}},{"type":"Feature","id":"100200000214836484","geometry":{"type":"Point","coordinates":[14.436143,45.970228]},"properties":{"eidBuilding":"100200000214836484","buildingNumber":"186","cadastralMunicipalityCode":"1703","yearBuilt":1830,"buildingType":"samostoječa stavba"}},{"type":"Feature","id":"100200000214836492","geometry":{"type":"Point","coordinates":[14.4359842,45.9702862]},"properties":{"eidBuilding":"100200000214836492","buildingNumber":"187","cadastralMunicipalityCode":"1703","yearBuilt":1997,"buildingType":"samostoječa stavba"}},{"type":"Feature","id":"100200000214836500","geometry":{"type":"Point","coordinates":[14.4361493,45.9704062]},"properties":{"eidBuilding":"100200000214836500","buildingNumber":"188","cadastralMunicipalityCode":"1703","yearBuilt":2004,"buildingType":"samostoječa stavba"}},{"type":"Feature","id":"100200000214836518","geometry":{"type":"Point","coordinates":[14.4360147,45.9705215]},"properties":{"eidBuilding":"100200000214836518","buildingNumber":"189","cadastralMunicipalityCode":"1703","yearBuilt":1892,"buildingType":"samostoječa stavba"}},{"type":"Feature","id":"100200000214836526","geometry":{"type":"Point","coordinates":[14.4355886,45.9702139]},"properties":{"eidBuilding":"100200000214836526","buildingNumber":"190","cadastralMunicipalityCode":"1703","yearBuilt":1900,"buildingType":"samostoječa stavba"}},{"type":"Feature","id":"100200000214836567","geometry":{"type":"Point","coordinates":[14.4355334,45.9704813]},"properties":{"eidBuilding":"100200000214836567","buildingNumber":"194","cadastralMunicipalityCode":"1703","yearBuilt":1941,"buildingType":"samostoječa stavba"}},{"type":"Feature","id":"100200000214836575","geometry":{"type":"Point","coordinates":[14.4355089,45.9707495]},"properties":{"eidBuilding":"100200000214836575","buildingNumber":"195","cadastralMunicipalityCode":"1703","yearBuilt":1978,"buildingType":"samostoječa stavba"}},{"type":"Feature","id":"100200000214836591","geometry":{"type":"Point","coordinates":[14.4352366,45.9704791]},"properties":{"eidBuilding":"100200000214836591","buildingNumber":"197","cadastralMunicipalityCode":"1703","yearBuilt":1986,"buildingType":"samostoječa stavba"}},{"type":"Feature","id":"100200000214836609","geometry":{"type":"Point","coordinates":[14.4347618,45.9704727]},"properties":{"eidBuilding":"100200000214836609","buildingNumber":"198","cadastralMunicipalityCode":"1703","yearBuilt":1957,"buildingType":"samostoječa stavba"}},{"type":"Feature","id":"100200000214836625","geometry":{"type":"Point","coordinates":[14.4345424,45.970483]},"properties":{"eidBuilding":"100200000214836625","buildingNumber":"200","cadastralMunicipalityCode":"1703","yearBuilt":1900,"buildingType":"samostoječa stavba"}},{"type":"Feature","id":"100200000214836633","geometry":{"type":"Point","coordinates":[14.4329594,45.969696]},"properties":{"eidBuilding":"100200000214836633","buildingNumber":"201","cadastralMunicipalityCode":"1703","yearBuilt":1930,"buildingType":"samostoječa stavba"}},{"type":"Feature","id":"100200000214840908","geometry":{"type":"Point","coordinates":[14.4271072,45.9787888]},"properties":{"eidBuilding":"100200000214840908","buildingNumber":"516","cadastralMunicipalityCode":"1703","yearBuilt":1948,"buildingType":"samostoječa stavba"}},{"type":"Feature","id":"100200000214840916","geometry":{"type":"Point","coordinates":[14.4269819,45.9786187]},"properties":{"eidBuilding":"100200000214840916","buildingNumber":"517","cadastralMunicipalityCode":"1703","yearBuilt":1990,"buildingType":"samostoječa stavba"}},{"type":"Feature","id":"100200000214840676","geometry":{"type":"Point","coordinates":[14.4223825,45.9759449]},"properties":{"eidBuilding":"100200000214840676","buildingNumber":"493","cadastralMunicipalityCode":"1703","yearBuilt":1953,"buildingType":"samostoječa stavba"}},{"type":"Feature","id":"100200000214840684","geometry":{"type":"Point","coordinates":[14.4223143,45.9777499]},"properties":{"eidBuilding":"100200000214840684","buildingNumber":"494","cadastralMunicipalityCode":"1703","yearBuilt":1980,"buildingType":"samostoječa stavba"}},{"type":"Feature","id":"100200000214840692","geometry":{"type":"Point","coordinates":[14.4224008,45.9776128]},"properties":{"eidBuilding":"100200000214840692","buildingNumber":"495","cadastralMunicipalityCode":"1703","yearBuilt":1960,"buildingType":"samostoječa stavba"}},{"type":"Feature","id":"100200000214840726","geometry":{"type":"Point","coordinates":[14.4221664,45.9771415]},"properties":{"eidBuilding":"100200000214840726","buildingNumber":"498","cadastralMunicipalityCode":"1703","yearBuilt":1967,"buildingType":"samostoječa stavba"}},{"type":"Feature","id":"100200000214840742","geometry":{"type":"Point","coordinates":[14.4223362,45.9769718]},"properties":{"eidBuilding":"100200000214840742","buildingNumber":"500","cadastralMunicipalityCode":"1703","yearBuilt":1983,"buildingType":"samostoječa stavba"}},{"type":"Feature","id":"100200000214840767","geometry":{"type":"Point","coordinates":[14.4225122,45.9770282]},"properties":{"eidBuilding":"100200000214840767","buildingNumber":"502","cadastralMunicipalityCode":"1703","yearBuilt":1950,"buildingType":"samostoječa stavba"}},{"type":"Feature","id":"100200000214840775","geometry":{"type":"Point","coordinates":[14.4229189,45.9764477]},"properties":{"eidBuilding":"100200000214840775","buildingNumber":"503","cadastralMunicipalityCode":"1703","yearBuilt":1997,"buildingType":"samostoječa stavba"}},{"type":"Feature","id":"100200000214842144","geometry":{"type":"Point","coordinates":[14.4352235,45.9703134]},"properties":{"eidBuilding":"100200000214842144","buildingNumber":"524","cadastralMunicipalityCode":"1703","yearBuilt":1850,"buildingType":"samostoječa stavba"}},{"type":"Feature","id":"100200000214842169","geometry":{"type":"Point","coordinates":[14.4352297,45.9699827]},"properties":{"eidBuilding":"100200000214842169","buildingNumber":"526","cadastralMunicipalityCode":"1703","yearBuilt":1970,"buildingType":"samostoječa stavba"}},{"type":"Feature","id":"100200000214904928","geometry":{"type":"Point","coordinates":[14.4470054,45.9556658]},"properties":{"eidBuilding":"100200000214904928","buildingNumber":"537","cadastralMunicipalityCode":"1703","yearBuilt":1600,"buildingType":"samostoječa stavba"}},{"type":"Feature","id":"100200000214904944","geometry":{"type":"Point","coordinates":[14.446211,45.9559592]},"properties":{"eidBuilding":"100200000214904944","buildingNumber":"539","cadastralMunicipalityCode":"1703","yearBuilt":1965,"buildingType":"samostoječa stavba"}},{"type":"Feature","id":"100200000214836666","geometry":{"type":"Point","coordinates":[14.4335828,45.9697047]},"properties":{"eidBuilding":"100200000214836666","buildingNumber":"204","cadastralMunicipalityCode":"1703","yearBuilt":1930,"buildingType":"samostoječa stavba"}},{"type":"Feature","id":"100200000214836682","geometry":{"type":"Point","coordinates":[14.4333672,45.9698074]},"properties":{"eidBuilding":"100200000214836682","buildingNumber":"206","cadastralMunicipalityCode":"1703","yearBuilt":1800,"buildingType":"samostoječa stavba"}},{"type":"Feature","id":"100200000214836765","geometry":{"type":"Point","coordinates":[14.4336646,45.9704523]},"properties":{"eidBuilding":"100200000214836765","buildingNumber":"214","cadastralMunicipalityCode":"1703","yearBuilt":1995,"buildingType":"samostoječa stavba"}},{"type":"Feature","id":"100200000214836781","geometry":{"type":"Point","coordinates":[14.4339176,45.9706523]},"properties":{"eidBuilding":"100200000214836781","buildingNumber":"216","cadastralMunicipalityCode":"1703","yearBuilt":1981,"buildingType":"samostoječa stavba"}},{"type":"Feature","id":"100200000214836393","geometry":{"type":"Point","coordinates":[14.4365851,45.9708001]},"properties":{"eidBuilding":"100200000214836393","buildingNumber":"177","cadastralMunicipalityCode":"1703","yearBuilt":1997,"buildingType":"samostoječa stavba"}},{"type":"Feature","id":"100200000214836690","geometry":{"type":"Point","coordinates":[14.4335051,45.9700279]},"properties":{"eidBuilding":"100200000214836690","buildingNumber":"207","cadastralMunicipalityCode":"1703","yearBuilt":1943,"buildingType":"samostoječa stavba"}},{"type":"Feature","id":"100200000214836716","geometry":{"type":"Point","coordinates":[14.4338614,45.9699974]},"properties":{"eidBuilding":"100200000214836716","buildingNumber":"209","cadastralMunicipalityCode":"1703","yearBuilt":1800,"buildingType":"samostoječa stavba"}},{"type":"Feature","id":"100200000214836724","geometry":{"type":"Point","coordinates":[14.4338626,45.970097]},"properties":{"eidBuilding":"100200000214836724","buildingNumber":"210","cadastralMunicipalityCode":"1703","yearBuilt":1967,"buildingType":"samostoječa stavba"}},{"type":"Feature","id":"100200000214836740","geometry":{"type":"Point","coordinates":[14.4339563,45.9701817]},"properties":{"eidBuilding":"100200000214836740","buildingNumber":"212","cadastralMunicipalityCode":"1703","yearBuilt":1991,"buildingType":"samostoječa stavba"}},{"type":"Feature","id":"100200000214836757","geometry":{"type":"Point","coordinates":[14.4335968,45.970271]},"properties":{"eidBuilding":"100200000214836757","buildingNumber":"213","cadastralMunicipalityCode":"1703","yearBuilt":1995,"buildingType":"samostoječa stavba"}},{"type":"Feature","id":"100200000214836773","geometry":{"type":"Point","coordinates":[14.4336306,45.9706867]},"properties":{"eidBuilding":"100200000214836773","buildingNumber":"215","cadastralMunicipalityCode":"1703","yearBuilt":1970,"buildingType":"samostoječa stavba"}},{"type":"Feature","id":"100200000214836815","geometry":{"type":"Point","coordinates":[14.4325733,45.9696491]},"properties":{"eidBuilding":"100200000214836815","buildingNumber":"219","cadastralMunicipalityCode":"1703","yearBuilt":1995,"buildingType":"samostoječa stavba"}},{"type":"Feature","id":"100200000214904951","geometry":{"type":"Point","coordinates":[14.4465922,45.9560791]},"properties":{"eidBuilding":"100200000214904951","buildingNumber":"540","cadastralMunicipalityCode":"1703","yearBuilt":1952,"buildingType":"samostoječa stavba"}},{"type":"Feature","id":"100200000214904969","geometry":{"type":"Point","coordinates":[14.4467526,45.9560102]},"properties":{"eidBuilding":"100200000214904969","buildingNumber":"541","cadastralMunicipalityCode":"1703","yearBuilt":1957,"buildingType":"samostoječa stavba"}},{"type":"Feature","id":"100200000214904977","geometry":{"type":"Point","coordinates":[14.4470396,45.956201]},"properties":{"eidBuilding":"100200000214904977","buildingNumber":"542","cadastralMunicipalityCode":"1703","yearBuilt":1885,"buildingType":"samostoječa stavba"}},{"type":"Feature","id":"100200000214905024","geometry":{"type":"Point","coordinates":[14.4481538,45.9567742]},"properties":{"eidBuilding":"100200000214905024","buildingNumber":"547","cadastralMunicipalityCode":"1703","yearBuilt":1986,"buildingType":"samostoječa stavba"}},{"type":"Feature","id":"100200000214905032","geometry":{"type":"Point","coordinates":[14.4491017,45.9560821]},"properties":{"eidBuilding":"100200000214905032","buildingNumber":"548","cadastralMunicipalityCode":"1703","yearBuilt":1928,"buildingType":"samostoječa stavba"}},{"type":"Feature","id":"100200000215015443","geometry":{"type":"Point","coordinates":[14.4288886,45.9722661]},"properties":{"eidBuilding":"100200000215015443","buildingNumber":"555","cadastralMunicipalityCode":"1703","yearBuilt":2004,"buildingType":"samostoječa stavba"}},{"type":"Feature","id":"100200000215015641","geometry":{"type":"Point","coordinates":[14.4326806,45.9700625]},"properties":{"eidBuilding":"100200000215015641","buildingNumber":"562","cadastralMunicipalityCode":"1703","yearBuilt":2006,"buildingType":"samostoječa stavba"}},{"type":"Feature","id":"100200000215015674","geometry":{"type":"Point","coordinates":[14.4389526,45.9717341]},"properties":{"eidBuilding":"100200000215015674","buildingNumber":"563","cadastralMunicipalityCode":"1703","yearBuilt":1984,"buildingType":"samostoječa stavba"}},{"type":"Feature","id":"100200000215015682","geometry":{"type":"Point","coordinates":[14.4371595,45.971098]},"properties":{"eidBuilding":"100200000215015682","buildingNumber":"564","cadastralMunicipalityCode":"1703","yearBuilt":1985,"buildingType":"samostoječa stavba"}},{"type":"Feature","id":"100200000215015708","geometry":{"type":"Point","coordinates":[14.4340797,45.9695176]},"properties":{"eidBuilding":"100200000215015708","buildingNumber":"566","cadastralMunicipalityCode":"1703","yearBuilt":1993,"buildingType":"samostoječa stavba"}},{"type":"Feature","id":"100200000215015757","geometry":{"type":"Point","coordinates":[14.4365677,45.9696614]},"properties":{"eidBuilding":"100200000215015757","buildingNumber":"571","cadastralMunicipalityCode":"1703","yearBuilt":1955,"buildingType":"samostoječa stavba"}},{"type":"Feature","id":"100200000215015773","geometry":{"type":"Point","coordinates":[14.4376258,45.969]},"properties":{"eidBuilding":"100200000215015773","buildingNumber":"573","cadastralMunicipalityCode":"1703","yearBuilt":1990,"buildingType":"samostoječa stavba"}},{"type":"Feature","id":"100200000215015849","geometry":{"type":"Point","coordinates":[14.437698,45.9664724]},"properties":{"eidBuilding":"100200000215015849","buildingNumber":"580","cadastralMunicipalityCode":"1703","yearBuilt":1995,"buildingType":"samostoječa stavba"}},{"type":"Feature","id":"100200000215015872","geometry":{"type":"Point","coordinates":[14.4397344,45.9621253]},"properties":{"eidBuilding":"100200000215015872","buildingNumber":"583","cadastralMunicipalityCode":"1703","yearBuilt":1961,"buildingType":"samostoječa stavba"}},{"type":"Feature","id":"100200000214836849","geometry":{"type":"Point","coordinates":[14.4331291,45.9703908]},"properties":{"eidBuilding":"100200000214836849","buildingNumber":"222","cadastralMunicipalityCode":"1703","yearBuilt":1974,"buildingType":"samostoječa stavba"}},{"type":"Feature","id":"100200000214836872","geometry":{"type":"Point","coordinates":[14.4327277,45.9705029]},"properties":{"eidBuilding":"100200000214836872","buildingNumber":"225","cadastralMunicipalityCode":"1703","yearBuilt":1963,"buildingType":"samostoječa stavba"}},{"type":"Feature","id":"100200000214836880","geometry":{"type":"Point","coordinates":[14.4325839,45.9707552]},"properties":{"eidBuilding":"100200000214836880","buildingNumber":"226","cadastralMunicipalityCode":"1703","yearBuilt":1964,"buildingType":"samostoječa stavba"}},{"type":"Feature","id":"100200000214836898","geometry":{"type":"Point","coordinates":[14.4328603,45.9708583]},"properties":{"eidBuilding":"100200000214836898","buildingNumber":"227","cadastralMunicipalityCode":"1703","yearBuilt":1965,"buildingType":"samostoječa stavba"}},{"type":"Feature","id":"100200000214836922","geometry":{"type":"Point","coordinates":[14.4330536,45.9710579]},"properties":{"eidBuilding":"100200000214836922","buildingNumber":"230","cadastralMunicipalityCode":"1703","yearBuilt":2006,"buildingType":"samostoječa stavba"}},{"type":"Feature","id":"100200000214836948","geometry":{"type":"Point","coordinates":[14.4327002,45.9712829]},"properties":{"eidBuilding":"100200000214836948","buildingNumber":"232","cadastralMunicipalityCode":"1703","yearBuilt":1952,"buildingType":"samostoječa stavba"}},{"type":"Feature","id":"100200000214837078","geometry":{"type":"Point","coordinates":[14.4308605,45.9696119]},"properties":{"eidBuilding":"100200000214837078","buildingNumber":"245","cadastralMunicipalityCode":"1703","yearBuilt":1959,"buildingType":"samostoječa stavba"}},{"type":"Feature","id":"100200000214837292","geometry":{"type":"Point","coordinates":[14.4320061,45.9706322]},"properties":{"eidBuilding":"100200000214837292","buildingNumber":"267","cadastralMunicipalityCode":"1703","yearBuilt":1970,"buildingType":"samostoječa stavba"}},{"type":"Feature","id":"100200000214837300","geometry":{"type":"Point","coordinates":[14.4319532,45.9712051]},"properties":{"eidBuilding":"100200000214837300","buildingNumber":"268","cadastralMunicipalityCode":"1703","yearBuilt":1988,"buildingType":"samostoječa stavba"}},{"type":"Feature","id":"100200000214837334","geometry":{"type":"Point","coordinates":[14.432356,45.9711039]},"properties":{"eidBuilding":"100200000214837334","buildingNumber":"271","cadastralMunicipalityCode":"1703","yearBuilt":1988,"buildingType":"samostoječa stavba"}},{"type":"Feature","id":"100200000214837359","geometry":{"type":"Point","coordinates":[14.4318617,45.9713891]},"properties":{"eidBuilding":"100200000214837359","buildingNumber":"273","cadastralMunicipalityCode":"1703","yearBuilt":1999,"buildingType":"samostoječa stavba"}},{"type":"Feature","id":"100200000312373968","geometry":{"type":"Point","coordinates":[14.4200053,45.9773394]},"properties":{"eidBuilding":"100200000312373968","buildingNumber":"587","cadastralMunicipalityCode":"1703","yearBuilt":2007,"buildingType":"samostoječa stavba"}},{"type":"Feature","id":"100200000313170264","geometry":{"type":"Point","coordinates":[14.4206939,45.9743475]},"properties":{"eidBuilding":"100200000313170264","buildingNumber":"593","cadastralMunicipalityCode":"1703","yearBuilt":2000,"buildingType":"samostoječa stavba"}},{"type":"Feature","id":"100200000313171734","geometry":{"type":"Point","coordinates":[14.4220683,45.9749753]},"properties":{"eidBuilding":"100200000313171734","buildingNumber":"594","cadastralMunicipalityCode":"1703","yearBuilt":2004,"buildingType":"samostoječa stavba"}},{"type":"Feature","id":"100200000313174803","geometry":{"type":"Point","coordinates":[14.4229322,45.9769256]},"properties":{"eidBuilding":"100200000313174803","buildingNumber":"596","cadastralMunicipalityCode":"1703","yearBuilt":2002,"buildingType":"samostoječa stavba"}},{"type":"Feature","id":"100200000313304525","geometry":{"type":"Point","coordinates":[14.420397,45.9756057]},"properties":{"eidBuilding":"100200000313304525","buildingNumber":"597","cadastralMunicipalityCode":"1703","yearBuilt":1977,"buildingType":"samostoječa stavba"}},{"type":"Feature","id":"100200000313305365","geometry":{"type":"Point","coordinates":[14.4196628,45.9779413]},"properties":{"eidBuilding":"100200000313305365","buildingNumber":"598","cadastralMunicipalityCode":"1703","yearBuilt":2004,"buildingType":"samostoječa stavba"}},{"type":"Feature","id":"100200000313305449","geometry":{"type":"Point","coordinates":[14.4197902,45.9781039]},"properties":{"eidBuilding":"100200000313305449","buildingNumber":"600","cadastralMunicipalityCode":"1703","yearBuilt":2004,"buildingType":"samostoječa stavba"}},{"type":"Feature","id":"100200000313321511","geometry":{"type":"Point","coordinates":[14.4313881,45.9709369]},"properties":{"eidBuilding":"100200000313321511","buildingNumber":"607","cadastralMunicipalityCode":"1703","yearBuilt":1993,"buildingType":"samostoječa stavba"}},{"type":"Feature","id":"100200000313321545","geometry":{"type":"Point","coordinates":[14.4229668,45.9729463]},"properties":{"eidBuilding":"100200000313321545","buildingNumber":"608","cadastralMunicipalityCode":"1703","yearBuilt":2003,"buildingType":"samostoječa stavba"}},{"type":"Feature","id":"100200000313478097","geometry":{"type":"Point","coordinates":[14.4265473,45.9716638]},"properties":{"eidBuilding":"100200000313478097","buildingNumber":"609","cadastralMunicipalityCode":"1703","yearBuilt":2006,"buildingType":"samostoječa stavba"}},{"type":"Feature","id":"100200000313680742","geometry":{"type":"Point","coordinates":[14.4372106,45.9706687]},"properties":{"eidBuilding":"100200000313680742","buildingNumber":"612","cadastralMunicipalityCode":"1703","yearBuilt":2006,"buildingType":"samostoječa stavba"}},{"type":"Feature","id":"100200000314078953","geometry":{"type":"Point","coordinates":[14.4391614,45.971713]},"properties":{"eidBuilding":"100200000314078953","buildingNumber":"626","cadastralMunicipalityCode":"1703","yearBuilt":2002,"buildingType":"samostoječa stavba"}},{"type":"Feature","id":"100200000314079217","geometry":{"type":"Point","coordinates":[14.4397849,45.9713112]},"properties":{"eidBuilding":"100200000314079217","buildingNumber":"627","cadastralMunicipalityCode":"1703","yearBuilt":2004,"buildingType":"samostoječa stavba"}},{"type":"Feature","id":"100200000317332381","geometry":{"type":"Point","coordinates":[14.4368127,45.9681253]},"properties":{"eidBuilding":"100200000317332381","buildingNumber":"649","cadastralMunicipalityCode":"1703","yearBuilt":2008,"buildingType":"samostoječa stavba"}},{"type":"Feature","id":"100200000214837367","geometry":{"type":"Point","coordinates":[14.4313492,45.9714191]},"properties":{"eidBuilding":"100200000214837367","buildingNumber":"274","cadastralMunicipalityCode":"1703","yearBuilt":1970,"buildingType":"samostoječa stavba"}},{"type":"Feature","id":"100200000214837383","geometry":{"type":"Point","coordinates":[14.4316146,45.9713876]},"properties":{"eidBuilding":"100200000214837383","buildingNumber":"276","cadastralMunicipalityCode":"1703","yearBuilt":1965,"buildingType":"samostoječa stavba"}},{"type":"Feature","id":"100200000214837391","geometry":{"type":"Point","coordinates":[14.4316478,45.9711892]},"properties":{"eidBuilding":"100200000214837391","buildingNumber":"277","cadastralMunicipalityCode":"1703","yearBuilt":1985,"buildingType":"samostoječa stavba"}},{"type":"Feature","id":"100200000214837409","geometry":{"type":"Point","coordinates":[14.4315791,45.9712342]},"properties":{"eidBuilding":"100200000214837409","buildingNumber":"278","cadastralMunicipalityCode":"1703","yearBuilt":1970,"buildingType":"samostoječa stavba"}},{"type":"Feature","id":"100200000214837417","geometry":{"type":"Point","coordinates":[14.4314923,45.9708511]},"properties":{"eidBuilding":"100200000214837417","buildingNumber":"279","cadastralMunicipalityCode":"1703","yearBuilt":1980,"buildingType":"samostoječa stavba"}},{"type":"Feature","id":"100200000214837482","geometry":{"type":"Point","coordinates":[14.4310994,45.9713406]},"properties":{"eidBuilding":"100200000214837482","buildingNumber":"286","cadastralMunicipalityCode":"1703","yearBuilt":1962,"buildingType":"samostoječa stavba"}},{"type":"Feature","id":"100200000214837516","geometry":{"type":"Point","coordinates":[14.4308669,45.9713303]},"properties":{"eidBuilding":"100200000214837516","buildingNumber":"289","cadastralMunicipalityCode":"1703","yearBuilt":1972,"buildingType":"samostoječa stavba"}},{"type":"Feature","id":"100200000214837599","geometry":{"type":"Point","coordinates":[14.429113,45.9714738]},"properties":{"eidBuilding":"100200000214837599","buildingNumber":"297","cadastralMunicipalityCode":"1703","yearBuilt":1961,"buildingType":"samostoječa stavba"}},{"type":"Feature","id":"100200000214837672","geometry":{"type":"Point","coordinates":[14.4287644,45.9719323]},"properties":{"eidBuilding":"100200000214837672","buildingNumber":"305","cadastralMunicipalityCode":"1703","yearBuilt":1924,"buildingType":"samostoječa stavba"}},{"type":"Feature","id":"100200000214837813","geometry":{"type":"Point","coordinates":[14.4284052,45.9720327]},"properties":{"eidBuilding":"100200000214837813","buildingNumber":"319","cadastralMunicipalityCode":"1703","yearBuilt":1900,"buildingType":"samostoječa stavba"}},{"type":"Feature","id":"100200000214837821","geometry":{"type":"Point","coordinates":[14.4283123,45.9722279]},"properties":{"eidBuilding":"100200000214837821","buildingNumber":"320","cadastralMunicipalityCode":"1703","yearBuilt":1992,"buildingType":"samostoječa stavba"}},{"type":"Feature","id":"100200000214837839","geometry":{"type":"Point","coordinates":[14.4284669,45.972177]},"properties":{"eidBuilding":"100200000214837839","buildingNumber":"321","cadastralMunicipalityCode":"1703","yearBuilt":1992,"buildingType":"samostoječa stavba"}},{"type":"Feature","id":"100200000214837888","geometry":{"type":"Point","coordinates":[14.4303389,45.9715117]},"properties":{"eidBuilding":"100200000214837888","buildingNumber":"326","cadastralMunicipalityCode":"1703","yearBuilt":1985,"buildingType":"samostoječa stavba"}},{"type":"Feature","id":"100200000214837904","geometry":{"type":"Point","coordinates":[14.4308777,45.9715932]},"properties":{"eidBuilding":"100200000214837904","buildingNumber":"328","cadastralMunicipalityCode":"1703","yearBuilt":1958,"buildingType":"samostoječa stavba"}},{"type":"Feature","id":"100200000317991137","geometry":{"type":"Point","coordinates":[14.4207154,45.9767565]},"properties":{"eidBuilding":"100200000317991137","buildingNumber":"652","cadastralMunicipalityCode":"1703","yearBuilt":2010,"buildingType":"samostoječa stavba"}},{"type":"Feature","id":"100200000318102130","geometry":{"type":"Point","coordinates":[14.4200018,45.9776101]},"properties":{"eidBuilding":"100200000318102130","buildingNumber":"653","cadastralMunicipalityCode":"1703","yearBuilt":2007,"buildingType":"samostoječa stavba"}},{"type":"Feature","id":"100200000318102155","geometry":{"type":"Point","coordinates":[14.4369611,45.9698127]},"properties":{"eidBuilding":"100200000318102155","buildingNumber":"654","cadastralMunicipalityCode":"1703","yearBuilt":2009,"buildingType":"samostoječa stavba"}},{"type":"Feature","id":"100200000320566942","geometry":{"type":"Point","coordinates":[14.4384633,45.9656771]},"properties":{"eidBuilding":"100200000320566942","buildingNumber":"673","cadastralMunicipalityCode":"1703","yearBuilt":2008,"buildingType":"samostoječa stavba"}},{"type":"Feature","id":"100200000214840924","geometry":{"type":"Point","coordinates":[14.4269861,45.9786943]},"properties":{"eidBuilding":"100200000214840924","buildingNumber":"518","cadastralMunicipalityCode":"1703","yearBuilt":1955,"buildingType":"samostoječa stavba"}},{"type":"Feature","id":"100200000214840932","geometry":{"type":"Point","coordinates":[14.4268652,45.9787162]},"properties":{"eidBuilding":"100200000214840932","buildingNumber":"519","cadastralMunicipalityCode":"1703","yearBuilt":1955,"buildingType":"samostoječa stavba"}},{"type":"Feature","id":"100200000214840940","geometry":{"type":"Point","coordinates":[14.4265952,45.9786844]},"properties":{"eidBuilding":"100200000214840940","buildingNumber":"520","cadastralMunicipalityCode":"1703","yearBuilt":1987,"buildingType":"samostoječa stavba"}},{"type":"Feature","id":"100200000214840957","geometry":{"type":"Point","coordinates":[14.4267364,45.9785404]},"properties":{"eidBuilding":"100200000214840957","buildingNumber":"521","cadastralMunicipalityCode":"1703","yearBuilt":1489,"buildingType":"samostoječa stavba"}},{"type":"Feature","id":"100200000214840965","geometry":{"type":"Point","coordinates":[14.4267691,45.9784407]},"properties":{"eidBuilding":"100200000214840965","buildingNumber":"522","cadastralMunicipalityCode":"1703","yearBuilt":1993,"buildingType":"samostoječa stavba"}},{"type":"Feature","id":"100200000214842151","geometry":{"type":"Point","coordinates":[14.4353186,45.970137]},"properties":{"eidBuilding":"100200000214842151","buildingNumber":"525","cadastralMunicipalityCode":"1703","yearBuilt":1850,"buildingType":"samostoječa stavba"}},{"type":"Feature","id":"100200000214842177","geometry":{"type":"Point","coordinates":[14.4351822,45.9700772]},"properties":{"eidBuilding":"100200000214842177","buildingNumber":"527","cadastralMunicipalityCode":"1703","yearBuilt":1837,"buildingType":"samostoječa stavba"}},{"type":"Feature","id":"100200000214842185","geometry":{"type":"Point","coordinates":[14.4455464,45.9747474]},"properties":{"eidBuilding":"100200000214842185","buildingNumber":"528","cadastralMunicipalityCode":"1703","yearBuilt":1956,"buildingType":"samostoječa stavba"}},{"type":"Feature","id":"100200000214842235","geometry":{"type":"Point","coordinates":[14.4457448,45.9746222]},"properties":{"eidBuilding":"100200000214842235","buildingNumber":"533","cadastralMunicipalityCode":"1703","yearBuilt":1983,"buildingType":"samostoječa stavba"}},{"type":"Feature","id":"100200000316618996","geometry":{"type":"Point","coordinates":[14.4203547,45.9762336]},"properties":{"eidBuilding":"100200000316618996","buildingNumber":"640","cadastralMunicipalityCode":"1703","yearBuilt":2009,"buildingType":"ni podatka"}},{"type":"Feature","id":"100200000214837912","geometry":{"type":"Point","coordinates":[14.4308221,45.9716911]},"properties":{"eidBuilding":"100200000214837912","buildingNumber":"329","cadastralMunicipalityCode":"1703","yearBuilt":1953,"buildingType":"samostoječa stavba"}},{"type":"Feature","id":"100200000214837920","geometry":{"type":"Point","coordinates":[14.4309068,45.9716745]},"properties":{"eidBuilding":"100200000214837920","buildingNumber":"330","cadastralMunicipalityCode":"1703","yearBuilt":1958,"buildingType":"samostoječa stavba"}},{"type":"Feature","id":"100200000214837953","geometry":{"type":"Point","coordinates":[14.4321221,45.972233]},"properties":{"eidBuilding":"100200000214837953","buildingNumber":"333","cadastralMunicipalityCode":"1703","yearBuilt":1987,"buildingType":"samostoječa stavba"}},{"type":"Feature","id":"100200000214837979","geometry":{"type":"Point","coordinates":[14.432049,45.9720155]},"properties":{"eidBuilding":"100200000214837979","buildingNumber":"335","cadastralMunicipalityCode":"1703","yearBuilt":1930,"buildingType":"samostoječa stavba"}},{"type":"Feature","id":"100200000214837995","geometry":{"type":"Point","coordinates":[14.4323389,45.9719457]},"properties":{"eidBuilding":"100200000214837995","buildingNumber":"337","cadastralMunicipalityCode":"1703","yearBuilt":1940,"buildingType":"samostoječa stavba"}},{"type":"Feature","id":"100200000214838027","geometry":{"type":"Point","coordinates":[14.4329125,45.971963]},"properties":{"eidBuilding":"100200000214838027","buildingNumber":"340","cadastralMunicipalityCode":"1703","yearBuilt":1971,"buildingType":"samostoječa stavba"}},{"type":"Feature","id":"100200000214838118","geometry":{"type":"Point","coordinates":[14.4361108,45.9715031]},"properties":{"eidBuilding":"100200000214838118","buildingNumber":"349","cadastralMunicipalityCode":"1703","yearBuilt":1960,"buildingType":"samostoječa stavba"}},{"type":"Feature","id":"100200000214838126","geometry":{"type":"Point","coordinates":[14.4361285,45.9714667]},"properties":{"eidBuilding":"100200000214838126","buildingNumber":"350","cadastralMunicipalityCode":"1703","yearBuilt":1954,"buildingType":"samostoječa stavba"}},{"type":"Feature","id":"100200000214838134","geometry":{"type":"Point","coordinates":[14.436159,45.9714027]},"properties":{"eidBuilding":"100200000214838134","buildingNumber":"351","cadastralMunicipalityCode":"1703","yearBuilt":1954,"buildingType":"samostoječa stavba"}},{"type":"Feature","id":"100200000214838225","geometry":{"type":"Point","coordinates":[14.4268712,45.9717096]},"properties":{"eidBuilding":"100200000214838225","buildingNumber":"360","cadastralMunicipalityCode":"1703","yearBuilt":1938,"buildingType":"samostoječa stavba"}},{"type":"Feature","id":"100200000214838233","geometry":{"type":"Point","coordinates":[14.426893,45.9718258]},"properties":{"eidBuilding":"100200000214838233","buildingNumber":"361","cadastralMunicipalityCode":"1703","yearBuilt":1938,"buildingType":"samostoječa stavba"}},{"type":"Feature","id":"100200000214838241","geometry":{"type":"Point","coordinates":[14.4263783,45.9721087]},"properties":{"eidBuilding":"100200000214838241","buildingNumber":"362","cadastralMunicipalityCode":"1703","yearBuilt":1935,"buildingType":"samostoječa stavba"}},{"type":"Feature","id":"100200000214836823","geometry":{"type":"Point","coordinates":[14.4326942,45.9701472]},"properties":{"eidBuilding":"100200000214836823","buildingNumber":"220","cadastralMunicipalityCode":"1703","yearBuilt":1941,"buildingType":"samostoječa stavba"}},{"type":"Feature","id":"100200000214842243","geometry":{"type":"Point","coordinates":[14.4463135,45.9742417]},"properties":{"eidBuilding":"100200000214842243","buildingNumber":"534","cadastralMunicipalityCode":"1703","yearBuilt":1900,"buildingType":"samostoječa stavba"}},{"type":"Feature","id":"100200000214904936","geometry":{"type":"Point","coordinates":[14.4457664,45.9555608]},"properties":{"eidBuilding":"100200000214904936","buildingNumber":"538","cadastralMunicipalityCode":"1703","yearBuilt":1980,"buildingType":"samostoječa stavba"}},{"type":"Feature","id":"100200000215015476","geometry":{"type":"Point","coordinates":[14.4313688,45.9710417]},"properties":{"eidBuilding":"100200000215015476","buildingNumber":"558","cadastralMunicipalityCode":"1703","yearBuilt":1968,"buildingType":"samostoječa stavba"}},{"type":"Feature","id":"100200000215015492","geometry":{"type":"Point","coordinates":[14.4334282,45.9707296]},"properties":{"eidBuilding":"100200000215015492","buildingNumber":"560","cadastralMunicipalityCode":"1703","yearBuilt":1995,"buildingType":"samostoječa stavba"}},{"type":"Feature","id":"100200000215015716","geometry":{"type":"Point","coordinates":[14.4353283,45.9692682]},"properties":{"eidBuilding":"100200000215015716","buildingNumber":"567","cadastralMunicipalityCode":"1703","yearBuilt":1980,"buildingType":"samostoječa stavba"}},{"type":"Feature","id":"100200000285970170","geometry":{"type":"Point","coordinates":[14.4323589,45.970077]},"properties":{"eidBuilding":"100200000285970170","buildingNumber":"584","cadastralMunicipalityCode":"1703","yearBuilt":2000,"buildingType":"samostoječa stavba"}},{"type":"Feature","id":"100200000312101369","geometry":{"type":"Point","coordinates":[14.4219388,45.9732821]},"properties":{"eidBuilding":"100200000312101369","buildingNumber":"585","cadastralMunicipalityCode":"1703","yearBuilt":1990,"buildingType":"samostoječa stavba"}},{"type":"Feature","id":"100200000312373919","geometry":{"type":"Point","coordinates":[14.420219,45.9774065]},"properties":{"eidBuilding":"100200000312373919","buildingNumber":"586","cadastralMunicipalityCode":"1703","yearBuilt":2007,"buildingType":"samostoječa stavba"}},{"type":"Feature","id":"100200000312586734","geometry":{"type":"Point","coordinates":[14.4475015,45.9562998]},"properties":{"eidBuilding":"100200000312586734","buildingNumber":"589","cadastralMunicipalityCode":"1703","yearBuilt":1917,"buildingType":"samostoječa stavba"}},{"type":"Feature","id":"100200000313125177","geometry":{"type":"Point","coordinates":[14.4259555,45.9785767]},"properties":{"eidBuilding":"100200000313125177","buildingNumber":"591","cadastralMunicipalityCode":"1703","yearBuilt":2002,"buildingType":"samostoječa stavba"}},{"type":"Feature","id":"100200000313168722","geometry":{"type":"Point","coordinates":[14.4213659,45.9742609]},"properties":{"eidBuilding":"100200000313168722","buildingNumber":"592","cadastralMunicipalityCode":"1703","yearBuilt":2002,"buildingType":"samostoječa stavba"}},{"type":"Feature","id":"100200000313172500","geometry":{"type":"Point","coordinates":[14.4229261,45.9758362]},"properties":{"eidBuilding":"100200000313172500","buildingNumber":"595","cadastralMunicipalityCode":"1703","yearBuilt":2001,"buildingType":"samostoječa stavba"}},{"type":"Feature","id":"100200000313305415","geometry":{"type":"Point","coordinates":[14.4199338,45.9779427]},"properties":{"eidBuilding":"100200000313305415","buildingNumber":"599","cadastralMunicipalityCode":"1703","yearBuilt":2007,"buildingType":"samostoječa stavba"}},{"type":"Feature","id":"100200000313317659","geometry":{"type":"Point","coordinates":[14.4194268,45.9770674]},"properties":{"eidBuilding":"100200000313317659","buildingNumber":"601","cadastralMunicipalityCode":"1703","yearBuilt":2005,"buildingType":"samostoječa stavba"}},{"type":"Feature","id":"100200000313317691","geometry":{"type":"Point","coordinates":[14.4191185,45.9769308]},"properties":{"eidBuilding":"100200000313317691","buildingNumber":"602","cadastralMunicipalityCode":"1703","yearBuilt":2005,"buildingType":"samostoječa stavba"}},{"type":"Feature","id":"100200000382317994","geometry":{"type":"Point","coordinates":[14.4328979,45.9712178]},"properties":{"eidBuilding":"100200000382317994","buildingNumber":"701","cadastralMunicipalityCode":"1703","yearBuilt":2021,"buildingType":"samostoječa stavba"}},{"type":"Feature","id":"100200000382318018","geometry":{"type":"Point","coordinates":[14.4332107,45.9709801]},"properties":{"eidBuilding":"100200000382318018","buildingNumber":"702","cadastralMunicipalityCode":"1703","yearBuilt":2003,"buildingType":"samostoječa stavba"}},{"type":"Feature","id":"100200000329207415","geometry":{"type":"Point","coordinates":[14.4221212,45.9727439]},"properties":{"eidBuilding":"100200000329207415","buildingNumber":"687","cadastralMunicipalityCode":"1703","yearBuilt":1997,"buildingType":"ni podatka"}},{"type":"Feature","id":"100200000364417424","geometry":{"type":"Point","coordinates":[14.4221001,45.9740615]},"properties":{"eidBuilding":"100200000364417424","buildingNumber":"695","cadastralMunicipalityCode":"1703","yearBuilt":1989,"buildingType":"ni podatka"}},{"type":"Feature","id":"100200000214834653","geometry":{"type":"Point","coordinates":[14.4222103,45.9695134]},"properties":{"eidBuilding":"100200000214834653","buildingNumber":"3","cadastralMunicipalityCode":"1703","yearBuilt":1450,"buildingType":"samostoječa stavba"}},{"type":"Feature","id":"100200000214834695","geometry":{"type":"Point","coordinates":[14.4388602,45.9624166]},"properties":{"eidBuilding":"100200000214834695","buildingNumber":"7","cadastralMunicipalityCode":"1703","yearBuilt":2000,"buildingType":"samostoječa stavba"}},{"type":"Feature","id":"100200000214834729","geometry":{"type":"Point","coordinates":[14.4393238,45.9621347]},"properties":{"eidBuilding":"100200000214834729","buildingNumber":"10","cadastralMunicipalityCode":"1703","yearBuilt":1900,"buildingType":"samostoječa stavba"}},{"type":"Feature","id":"100200000214834737","geometry":{"type":"Point","coordinates":[14.439344,45.9622889]},"properties":{"eidBuilding":"100200000214834737","buildingNumber":"11","cadastralMunicipalityCode":"1703","yearBuilt":1982,"buildingType":"samostoječa stavba"}},{"type":"Feature","id":"100200000214834745","geometry":{"type":"Point","coordinates":[14.4390706,45.9625355]},"properties":{"eidBuilding":"100200000214834745","buildingNumber":"12","cadastralMunicipalityCode":"1703","yearBuilt":1900,"buildingType":"samostoječa stavba"}},{"type":"Feature","id":"100200000214834919","geometry":{"type":"Point","coordinates":[14.4382302,45.9653626]},"properties":{"eidBuilding":"100200000214834919","buildingNumber":"29","cadastralMunicipalityCode":"1703","yearBuilt":1886,"buildingType":"samostoječa stavba"}},{"type":"Feature","id":"100200000214834935","geometry":{"type":"Point","coordinates":[14.4380392,45.9652033]},"properties":{"eidBuilding":"100200000214834935","buildingNumber":"31","cadastralMunicipalityCode":"1703","yearBuilt":1983,"buildingType":"samostoječa stavba"}},{"type":"Feature","id":"100200000214834943","geometry":{"type":"Point","coordinates":[14.4382335,45.9651803]},"properties":{"eidBuilding":"100200000214834943","buildingNumber":"32","cadastralMunicipalityCode":"1703","yearBuilt":1800,"buildingType":"samostoječa stavba"}},{"type":"Feature","id":"100200000214834950","geometry":{"type":"Point","coordinates":[14.4392049,45.9666534]},"properties":{"eidBuilding":"100200000214834950","buildingNumber":"33","cadastralMunicipalityCode":"1703","yearBuilt":1989,"buildingType":"samostoječa stavba"}},{"type":"Feature","id":"100200000214834968","geometry":{"type":"Point","coordinates":[14.434783,45.9697898]},"properties":{"eidBuilding":"100200000214834968","buildingNumber":"34","cadastralMunicipalityCode":"1703","yearBuilt":1848,"buildingType":"samostoječa stavba"}},{"type":"Feature","id":"100200000214836906","geometry":{"type":"Point","coordinates":[14.4333024,45.9709111]},"properties":{"eidBuilding":"100200000214836906","buildingNumber":"228","cadastralMunicipalityCode":"1703","yearBuilt":1993,"buildingType":"samostoječa stavba"}},{"type":"Feature","id":"100200000214836963","geometry":{"type":"Point","coordinates":[14.4309676,45.969924]},"properties":{"eidBuilding":"100200000214836963","buildingNumber":"234","cadastralMunicipalityCode":"1703","yearBuilt":1962,"buildingType":"samostoječa stavba"}},{"type":"Feature","id":"100200000214836971","geometry":{"type":"Point","coordinates":[14.4311705,45.9699039]},"properties":{"eidBuilding":"100200000214836971","buildingNumber":"235","cadastralMunicipalityCode":"1703","yearBuilt":1960,"buildingType":"samostoječa stavba"}},{"type":"Feature","id":"100200000214836997","geometry":{"type":"Point","coordinates":[14.4300869,45.9696371]},"properties":{"eidBuilding":"100200000214836997","buildingNumber":"237","cadastralMunicipalityCode":"1703","yearBuilt":1978,"buildingType":"samostoječa stavba"}},{"type":"Feature","id":"100200000214837003","geometry":{"type":"Point","coordinates":[14.4304692,45.9696015]},"properties":{"eidBuilding":"100200000214837003","buildingNumber":"238","cadastralMunicipalityCode":"1703","yearBuilt":1965,"buildingType":"samostoječa stavba"}},{"type":"Feature","id":"100200000214837011","geometry":{"type":"Point","coordinates":[14.4302965,45.9694485]},"properties":{"eidBuilding":"100200000214837011","buildingNumber":"239","cadastralMunicipalityCode":"1703","yearBuilt":1970,"buildingType":"samostoječa stavba"}},{"type":"Feature","id":"100200000214837029","geometry":{"type":"Point","coordinates":[14.4305232,45.9692063]},"properties":{"eidBuilding":"100200000214837029","buildingNumber":"240","cadastralMunicipalityCode":"1703","yearBuilt":1986,"buildingType":"samostoječa stavba"}},{"type":"Feature","id":"100200000214837045","geometry":{"type":"Point","coordinates":[14.431322,45.969636]},"properties":{"eidBuilding":"100200000214837045","buildingNumber":"242","cadastralMunicipalityCode":"1703","yearBuilt":1979,"buildingType":"samostoječa stavba"}},{"type":"Feature","id":"100200000214837102","geometry":{"type":"Point","coordinates":[14.4311425,45.9696499]},"properties":{"eidBuilding":"100200000214837102","buildingNumber":"248","cadastralMunicipalityCode":"1703","yearBuilt":1959,"buildingType":"samostoječa stavba"}},{"type":"Feature","id":"100200000214837128","geometry":{"type":"Point","coordinates":[14.4318108,45.9696667]},"properties":{"eidBuilding":"100200000214837128","buildingNumber":"250","cadastralMunicipalityCode":"1703","yearBuilt":1987,"buildingType":"samostoječa stavba"}},{"type":"Feature","id":"100200000214837136","geometry":{"type":"Point","coordinates":[14.4320884,45.9698666]},"properties":{"eidBuilding":"100200000214837136","buildingNumber":"251","cadastralMunicipalityCode":"1703","yearBuilt":1960,"buildingType":"samostoječa stavba"}},{"type":"Feature","id":"100200000214837144","geometry":{"type":"Point","coordinates":[14.4319348,45.9698161]},"properties":{"eidBuilding":"100200000214837144","buildingNumber":"252","cadastralMunicipalityCode":"1703","yearBuilt":1992,"buildingType":"samostoječa stavba"}},{"type":"Feature","id":"100200000214837151","geometry":{"type":"Point","coordinates":[14.4314635,45.9698348]},"properties":{"eidBuilding":"100200000214837151","buildingNumber":"253","cadastralMunicipalityCode":"1703","yearBuilt":1987,"buildingType":"samostoječa stavba"}},{"type":"Feature","id":"100200000214837169","geometry":{"type":"Point","coordinates":[14.4315993,45.9699176]},"properties":{"eidBuilding":"100200000214837169","buildingNumber":"254","cadastralMunicipalityCode":"1703","yearBuilt":1964,"buildingType":"samostoječa stavba"}},{"type":"Feature","id":"100200000313318186","geometry":{"type":"Point","coordinates":[14.426298,45.9715144]},"properties":{"eidBuilding":"100200000313318186","buildingNumber":"603","cadastralMunicipalityCode":"1703","yearBuilt":2007,"buildingType":"samostoječa stavba"}},{"type":"Feature","id":"100200000313300523","geometry":{"type":"Point","coordinates":[14.426414,45.971524]},"properties":{"eidBuilding":"100200000313300523","buildingNumber":"604","cadastralMunicipalityCode":"1703","yearBuilt":2007,"buildingType":"samostoječa stavba"}},{"type":"Feature","id":"100200000313318574","geometry":{"type":"Point","coordinates":[14.4318121,45.971119]},"properties":{"eidBuilding":"100200000313318574","buildingNumber":"605","cadastralMunicipalityCode":"1703","yearBuilt":2001,"buildingType":"samostoječa stavba"}},{"type":"Feature","id":"100200000313504694","geometry":{"type":"Point","coordinates":[14.4376156,45.9622678]},"properties":{"eidBuilding":"100200000313504694","buildingNumber":"610","cadastralMunicipalityCode":"1703","yearBuilt":1972,"buildingType":"samostoječa stavba"}},{"type":"Feature","id":"100200000313682482","geometry":{"type":"Point","coordinates":[14.4481472,45.9569193]},"properties":{"eidBuilding":"100200000313682482","buildingNumber":"614","cadastralMunicipalityCode":"1703","yearBuilt":1986,"buildingType":"samostoječa stavba"}},{"type":"Feature","id":"100200000313683233","geometry":{"type":"Point","coordinates":[14.4329883,45.9704408]},"properties":{"eidBuilding":"100200000313683233","buildingNumber":"616","cadastralMunicipalityCode":"1703","yearBuilt":1982,"buildingType":"samostoječa stavba"}},{"type":"Feature","id":"100200000313683274","geometry":{"type":"Point","coordinates":[14.433098,45.9702886]},"properties":{"eidBuilding":"100200000313683274","buildingNumber":"617","cadastralMunicipalityCode":"1703","yearBuilt":2004,"buildingType":"samostoječa stavba"}},{"type":"Feature","id":"100200000313683647","geometry":{"type":"Point","coordinates":[14.432771,45.9707188]},"properties":{"eidBuilding":"100200000313683647","buildingNumber":"619","cadastralMunicipalityCode":"1703","yearBuilt":2002,"buildingType":"samostoječa stavba"}},{"type":"Feature","id":"100200000313721603","geometry":{"type":"Point","coordinates":[14.4380643,45.9653372]},"properties":{"eidBuilding":"100200000313721603","buildingNumber":"620","cadastralMunicipalityCode":"1703","yearBuilt":1912,"buildingType":"samostoječa stavba"}},{"type":"Feature","id":"100200000313721819","geometry":{"type":"Point","coordinates":[14.4391025,45.9619641]},"properties":{"eidBuilding":"100200000313721819","buildingNumber":"621","cadastralMunicipalityCode":"1703","yearBuilt":2000,"buildingType":"samostoječa stavba"}},{"type":"Feature","id":"100200000314047172","geometry":{"type":"Point","coordinates":[14.4380139,45.9724016]},"properties":{"eidBuilding":"100200000314047172","buildingNumber":"622","cadastralMunicipalityCode":"1703","yearBuilt":2001,"buildingType":"samostoječa stavba"}},{"type":"Feature","id":"100200000314057841","geometry":{"type":"Point","coordinates":[14.427369,45.9715198]},"properties":{"eidBuilding":"100200000314057841","buildingNumber":"623","cadastralMunicipalityCode":"1703","yearBuilt":1942,"buildingType":"samostoječa stavba"}},{"type":"Feature","id":"100200000314078656","geometry":{"type":"Point","coordinates":[14.4376543,45.9621528]},"properties":{"eidBuilding":"100200000314078656","buildingNumber":"625","cadastralMunicipalityCode":"1703","yearBuilt":1980,"buildingType":"samostoječa stavba"}},{"type":"Feature","id":"100200000314386679","geometry":{"type":"Point","coordinates":[14.4390359,45.9713615]},"properties":{"eidBuilding":"100200000314386679","buildingNumber":"629","cadastralMunicipalityCode":"1703","yearBuilt":2005,"buildingType":"samostoječa stavba"}},{"type":"Feature","id":"100200000316273305","geometry":{"type":"Point","coordinates":[14.4405351,45.9713558]},"properties":{"eidBuilding":"100200000316273305","buildingNumber":"636","cadastralMunicipalityCode":"1703","yearBuilt":2008,"buildingType":"samostoječa stavba"}},{"type":"Feature","id":"100200000214834976","geometry":{"type":"Point","coordinates":[14.4358818,45.9690742]},"properties":{"eidBuilding":"100200000214834976","buildingNumber":"35","cadastralMunicipalityCode":"1703","yearBuilt":1960,"buildingType":"samostoječa stavba"}},{"type":"Feature","id":"100200000214835007","geometry":{"type":"Point","coordinates":[14.435494,45.969091]},"properties":{"eidBuilding":"100200000214835007","buildingNumber":"38","cadastralMunicipalityCode":"1703","yearBuilt":1900,"buildingType":"samostoječa stavba"}},{"type":"Feature","id":"100200000214835015","geometry":{"type":"Point","coordinates":[14.4354061,45.9692969]},"properties":{"eidBuilding":"100200000214835015","buildingNumber":"39","cadastralMunicipalityCode":"1703","yearBuilt":1900,"buildingType":"samostoječa stavba"}},{"type":"Feature","id":"100200000214835023","geometry":{"type":"Point","coordinates":[14.4353725,45.9693921]},"properties":{"eidBuilding":"100200000214835023","buildingNumber":"40","cadastralMunicipalityCode":"1703","yearBuilt":1992,"buildingType":"samostoječa stavba"}},{"type":"Feature","id":"100200000214835049","geometry":{"type":"Point","coordinates":[14.4350875,45.9693161]},"properties":{"eidBuilding":"100200000214835049","buildingNumber":"42","cadastralMunicipalityCode":"1703","yearBuilt":1967,"buildingType":"samostoječa stavba"}},{"type":"Feature","id":"100200000214835064","geometry":{"type":"Point","coordinates":[14.4349785,45.9694622]},"properties":{"eidBuilding":"100200000214835064","buildingNumber":"44","cadastralMunicipalityCode":"1703","yearBuilt":1930,"buildingType":"samostoječa stavba"}},{"type":"Feature","id":"100200000214835080","geometry":{"type":"Point","coordinates":[14.4347938,45.9696168]},"properties":{"eidBuilding":"100200000214835080","buildingNumber":"46","cadastralMunicipalityCode":"1703","yearBuilt":1981,"buildingType":"samostoječa stavba"}},{"type":"Feature","id":"100200000214835098","geometry":{"type":"Point","coordinates":[14.4345558,45.9694303]},"properties":{"eidBuilding":"100200000214835098","buildingNumber":"47","cadastralMunicipalityCode":"1703","yearBuilt":1954,"buildingType":"samostoječa stavba"}},{"type":"Feature","id":"100200000214835130","geometry":{"type":"Point","coordinates":[14.4376364,45.9678866]},"properties":{"eidBuilding":"100200000214835130","buildingNumber":"51","cadastralMunicipalityCode":"1703","yearBuilt":1999,"buildingType":"samostoječa stavba"}},{"type":"Feature","id":"100200000214835148","geometry":{"type":"Point","coordinates":[14.4378112,45.9682812]},"properties":{"eidBuilding":"100200000214835148","buildingNumber":"52","cadastralMunicipalityCode":"1703","yearBuilt":1994,"buildingType":"samostoječa stavba"}},{"type":"Feature","id":"100200000214835171","geometry":{"type":"Point","coordinates":[14.4369879,45.9682627]},"properties":{"eidBuilding":"100200000214835171","buildingNumber":"55","cadastralMunicipalityCode":"1703","yearBuilt":1960,"buildingType":"samostoječa stavba"}},{"type":"Feature","id":"100200000214835197","geometry":{"type":"Point","coordinates":[14.4368576,45.968613]},"properties":{"eidBuilding":"100200000214835197","buildingNumber":"57","cadastralMunicipalityCode":"1703","yearBuilt":1960,"buildingType":"samostoječa stavba"}},{"type":"Feature","id":"100200000214837185","geometry":{"type":"Point","coordinates":[14.4317603,45.9699974]},"properties":{"eidBuilding":"100200000214837185","buildingNumber":"256","cadastralMunicipalityCode":"1703","yearBuilt":1935,"buildingType":"samostoječa stavba"}},{"type":"Feature","id":"100200000214837193","geometry":{"type":"Point","coordinates":[14.4313943,45.9700602]},"properties":{"eidBuilding":"100200000214837193","buildingNumber":"257","cadastralMunicipalityCode":"1703","yearBuilt":1962,"buildingType":"samostoječa stavba"}},{"type":"Feature","id":"100200000214837201","geometry":{"type":"Point","coordinates":[14.4313137,45.9701367]},"properties":{"eidBuilding":"100200000214837201","buildingNumber":"258","cadastralMunicipalityCode":"1703","yearBuilt":1962,"buildingType":"samostoječa stavba"}},{"type":"Feature","id":"100200000214837227","geometry":{"type":"Point","coordinates":[14.4314999,45.9702574]},"properties":{"eidBuilding":"100200000214837227","buildingNumber":"260","cadastralMunicipalityCode":"1703","yearBuilt":1965,"buildingType":"samostoječa stavba"}},{"type":"Feature","id":"100200000214837235","geometry":{"type":"Point","coordinates":[14.4312708,45.9703733]},"properties":{"eidBuilding":"100200000214837235","buildingNumber":"261","cadastralMunicipalityCode":"1703","yearBuilt":1967,"buildingType":"samostoječa stavba"}},{"type":"Feature","id":"100200000214837276","geometry":{"type":"Point","coordinates":[14.4318242,45.9705204]},"properties":{"eidBuilding":"100200000214837276","buildingNumber":"265","cadastralMunicipalityCode":"1703","yearBuilt":1980,"buildingType":"samostoječa stavba"}},{"type":"Feature","id":"100200000214837284","geometry":{"type":"Point","coordinates":[14.4321704,45.9705668]},"properties":{"eidBuilding":"100200000214837284","buildingNumber":"266","cadastralMunicipalityCode":"1703","yearBuilt":1966,"buildingType":"samostoječa stavba"}},{"type":"Feature","id":"100200000214837342","geometry":{"type":"Point","coordinates":[14.4323356,45.9713027]},"properties":{"eidBuilding":"100200000214837342","buildingNumber":"272","cadastralMunicipalityCode":"1703","yearBuilt":1974,"buildingType":"samostoječa stavba"}},{"type":"Feature","id":"100200000214837433","geometry":{"type":"Point","coordinates":[14.4316171,45.9708975]},"properties":{"eidBuilding":"100200000214837433","buildingNumber":"281","cadastralMunicipalityCode":"1703","yearBuilt":1966,"buildingType":"samostoječa stavba"}},{"type":"Feature","id":"100200000214837458","geometry":{"type":"Point","coordinates":[14.4313936,45.9711759]},"properties":{"eidBuilding":"100200000214837458","buildingNumber":"283","cadastralMunicipalityCode":"1703","yearBuilt":1960,"buildingType":"samostoječa stavba"}},{"type":"Feature","id":"100200000214837466","geometry":{"type":"Point","coordinates":[14.4312169,45.9712198]},"properties":{"eidBuilding":"100200000214837466","buildingNumber":"284","cadastralMunicipalityCode":"1703","yearBuilt":1967,"buildingType":"samostoječa stavba"}},{"type":"Feature","id":"100200000214837508","geometry":{"type":"Point","coordinates":[14.4308004,45.9711524]},"properties":{"eidBuilding":"100200000214837508","buildingNumber":"288","cadastralMunicipalityCode":"1703","yearBuilt":1969,"buildingType":"samostoječa stavba"}},{"type":"Feature","id":"100200000316618939","geometry":{"type":"Point","coordinates":[14.420012,45.9761051]},"properties":{"eidBuilding":"100200000316618939","buildingNumber":"637","cadastralMunicipalityCode":"1703","yearBuilt":2009,"buildingType":"samostoječa stavba"}},{"type":"Feature","id":"100200000316619051","geometry":{"type":"Point","coordinates":[14.4206962,45.9763841]},"properties":{"eidBuilding":"100200000316619051","buildingNumber":"643","cadastralMunicipalityCode":"1703","yearBuilt":2009,"buildingType":"samostoječa stavba"}},{"type":"Feature","id":"100200000316619150","geometry":{"type":"Point","coordinates":[14.4210371,45.976517]},"properties":{"eidBuilding":"100200000316619150","buildingNumber":"646","cadastralMunicipalityCode":"1703","yearBuilt":2009,"buildingType":"samostoječa stavba"}},{"type":"Feature","id":"100200000316907118","geometry":{"type":"Point","coordinates":[14.4362727,45.9692114]},"properties":{"eidBuilding":"100200000316907118","buildingNumber":"647","cadastralMunicipalityCode":"1703","yearBuilt":1952,"buildingType":"samostoječa stavba"}},{"type":"Feature","id":"100200000317332407","geometry":{"type":"Point","coordinates":[14.4369431,45.967991]},"properties":{"eidBuilding":"100200000317332407","buildingNumber":"650","cadastralMunicipalityCode":"1703","yearBuilt":2008,"buildingType":"samostoječa stavba"}},{"type":"Feature","id":"100200000323555330","geometry":{"type":"Point","coordinates":[14.4474265,45.9557153]},"properties":{"eidBuilding":"100200000323555330","buildingNumber":"675","cadastralMunicipalityCode":"1703","yearBuilt":2012,"buildingType":"samostoječa stavba"}},{"type":"Feature","id":"100200000326017973","geometry":{"type":"Point","coordinates":[14.4470432,45.9566312]},"properties":{"eidBuilding":"100200000326017973","buildingNumber":"679","cadastralMunicipalityCode":"1703","yearBuilt":2014,"buildingType":"samostoječa stavba"}},{"type":"Feature","id":"100200000326967474","geometry":{"type":"Point","coordinates":[14.4208259,45.9755727]},"properties":{"eidBuilding":"100200000326967474","buildingNumber":"680","cadastralMunicipalityCode":"1703","yearBuilt":2015,"buildingType":"samostoječa stavba"}},{"type":"Feature","id":"100200000340157193","geometry":{"type":"Point","coordinates":[14.4192273,45.9773323]},"properties":{"eidBuilding":"100200000340157193","buildingNumber":"688","cadastralMunicipalityCode":"1703","yearBuilt":2018,"buildingType":"samostoječa stavba"}},{"type":"Feature","id":"100200000340268214","geometry":{"type":"Point","coordinates":[14.4364392,45.9693292]},"properties":{"eidBuilding":"100200000340268214","buildingNumber":"689","cadastralMunicipalityCode":"1703","yearBuilt":2017,"buildingType":"samostoječa stavba"}},{"type":"Feature","id":"100200000347157816","geometry":{"type":"Point","coordinates":[14.432631,45.9723143]},"properties":{"eidBuilding":"100200000347157816","buildingNumber":"691","cadastralMunicipalityCode":"1703","yearBuilt":2019,"buildingType":"samostoječa stavba"}},{"type":"Feature","id":"100200000353268051","geometry":{"type":"Point","coordinates":[14.4328878,45.972225]},"properties":{"eidBuilding":"100200000353268051","buildingNumber":"692","cadastralMunicipalityCode":"1703","yearBuilt":2020,"buildingType":"samostoječa stavba"}},{"type":"Feature","id":"100200000214835221","geometry":{"type":"Point","coordinates":[14.4378481,45.9686738]},"properties":{"eidBuilding":"100200000214835221","buildingNumber":"60","cadastralMunicipalityCode":"1703","yearBuilt":1992,"buildingType":"samostoječa stavba"}},{"type":"Feature","id":"100200000214835338","geometry":{"type":"Point","coordinates":[14.436657,45.9688213]},"properties":{"eidBuilding":"100200000214835338","buildingNumber":"71","cadastralMunicipalityCode":"1703","yearBuilt":1960,"buildingType":"samostoječa stavba"}},{"type":"Feature","id":"100200000214835403","geometry":{"type":"Point","coordinates":[14.4366933,45.9697399]},"properties":{"eidBuilding":"100200000214835403","buildingNumber":"78","cadastralMunicipalityCode":"1703","yearBuilt":1864,"buildingType":"samostoječa stavba"}},{"type":"Feature","id":"100200000214835411","geometry":{"type":"Point","coordinates":[14.4365151,45.9697477]},"properties":{"eidBuilding":"100200000214835411","buildingNumber":"79","cadastralMunicipalityCode":"1703","yearBuilt":2009,"buildingType":"samostoječa stavba"}},{"type":"Feature","id":"100200000214835429","geometry":{"type":"Point","coordinates":[14.4363136,45.9695941]},"properties":{"eidBuilding":"100200000214835429","buildingNumber":"80","cadastralMunicipalityCode":"1703","yearBuilt":1890,"buildingType":"samostoječa stavba"}},{"type":"Feature","id":"100200000214835437","geometry":{"type":"Point","coordinates":[14.4362198,45.9697219]},"properties":{"eidBuilding":"100200000214835437","buildingNumber":"81","cadastralMunicipalityCode":"1703","yearBuilt":1972,"buildingType":"samostoječa stavba"}},{"type":"Feature","id":"100200000214835445","geometry":{"type":"Point","coordinates":[14.4357815,45.9694201]},"properties":{"eidBuilding":"100200000214835445","buildingNumber":"82","cadastralMunicipalityCode":"1703","yearBuilt":1900,"buildingType":"samostoječa stavba"}},{"type":"Feature","id":"100200000214835452","geometry":{"type":"Point","coordinates":[14.4355664,45.9694991]},"properties":{"eidBuilding":"100200000214835452","buildingNumber":"83","cadastralMunicipalityCode":"1703","yearBuilt":1900,"buildingType":"samostoječa stavba"}},{"type":"Feature","id":"100200000214835486","geometry":{"type":"Point","coordinates":[14.4358484,45.9697592]},"properties":{"eidBuilding":"100200000214835486","buildingNumber":"86","cadastralMunicipalityCode":"1703","yearBuilt":1959,"buildingType":"samostoječa stavba"}},{"type":"Feature","id":"100200000214835502","geometry":{"type":"Point","coordinates":[14.4358385,45.9698978]},"properties":{"eidBuilding":"100200000214835502","buildingNumber":"88","cadastralMunicipalityCode":"1703","yearBuilt":1990,"buildingType":"samostoječa stavba"}},{"type":"Feature","id":"100200000214835528","geometry":{"type":"Point","coordinates":[14.4360654,45.9699534]},"properties":{"eidBuilding":"100200000214835528","buildingNumber":"90","cadastralMunicipalityCode":"1703","yearBuilt":1824,"buildingType":"samostoječa stavba"}},{"type":"Feature","id":"100200000214835536","geometry":{"type":"Point","coordinates":[14.4359976,45.9700611]},"properties":{"eidBuilding":"100200000214835536","buildingNumber":"91","cadastralMunicipalityCode":"1703","yearBuilt":1975,"buildingType":"samostoječa stavba"}},{"type":"Feature","id":"100200000214835544","geometry":{"type":"Point","coordinates":[14.4362614,45.9699071]},"properties":{"eidBuilding":"100200000214835544","buildingNumber":"92","cadastralMunicipalityCode":"1703","yearBuilt":1700,"buildingType":"samostoječa stavba"}},{"type":"Feature","id":"100200000214835551","geometry":{"type":"Point","coordinates":[14.4367423,45.9700858]},"properties":{"eidBuilding":"100200000214835551","buildingNumber":"93","cadastralMunicipalityCode":"1703","yearBuilt":1978,"buildingType":"samostoječa stavba"}},{"type":"Feature","id":"100200000214835577","geometry":{"type":"Point","coordinates":[14.4385305,45.9689458]},"properties":{"eidBuilding":"100200000214835577","buildingNumber":"95","cadastralMunicipalityCode":"1703","yearBuilt":1994,"buildingType":"samostoječa stavba"}},{"type":"Feature","id":"100200000214837524","geometry":{"type":"Point","coordinates":[14.4294987,45.97119]},"properties":{"eidBuilding":"100200000214837524","buildingNumber":"290","cadastralMunicipalityCode":"1703","yearBuilt":2002,"buildingType":"samostoječa stavba"}},{"type":"Feature","id":"100200000214837540","geometry":{"type":"Point","coordinates":[14.4297921,45.9710553]},"properties":{"eidBuilding":"100200000214837540","buildingNumber":"292","cadastralMunicipalityCode":"1703","yearBuilt":2002,"buildingType":"samostoječa stavba"}},{"type":"Feature","id":"100200000214837557","geometry":{"type":"Point","coordinates":[14.4300967,45.971122]},"properties":{"eidBuilding":"100200000214837557","buildingNumber":"293","cadastralMunicipalityCode":"1703","yearBuilt":1920,"buildingType":"samostoječa stavba"}},{"type":"Feature","id":"100200000214837573","geometry":{"type":"Point","coordinates":[14.42998,45.9713062]},"properties":{"eidBuilding":"100200000214837573","buildingNumber":"295","cadastralMunicipalityCode":"1703","yearBuilt":1923,"buildingType":"samostoječa stavba"}},{"type":"Feature","id":"100200000214837581","geometry":{"type":"Point","coordinates":[14.4290027,45.9714948]},"properties":{"eidBuilding":"100200000214837581","buildingNumber":"296","cadastralMunicipalityCode":"1703","yearBuilt":1976,"buildingType":"samostoječa stavba"}},{"type":"Feature","id":"100200000214837615","geometry":{"type":"Point","coordinates":[14.4288711,45.9716452]},"properties":{"eidBuilding":"100200000214837615","buildingNumber":"299","cadastralMunicipalityCode":"1703","yearBuilt":1936,"buildingType":"samostoječa stavba"}},{"type":"Feature","id":"100200000214837631","geometry":{"type":"Point","coordinates":[14.4282444,45.9716178]},"properties":{"eidBuilding":"100200000214837631","buildingNumber":"301","cadastralMunicipalityCode":"1703","yearBuilt":1987,"buildingType":"samostoječa stavba"}},{"type":"Feature","id":"100200000214837656","geometry":{"type":"Point","coordinates":[14.4284755,45.9715781]},"properties":{"eidBuilding":"100200000214837656","buildingNumber":"303","cadastralMunicipalityCode":"1703","yearBuilt":1980,"buildingType":"samostoječa stavba"}},{"type":"Feature","id":"100200000214837664","geometry":{"type":"Point","coordinates":[14.4284507,45.9716943]},"properties":{"eidBuilding":"100200000214837664","buildingNumber":"304","cadastralMunicipalityCode":"1703","yearBuilt":1959,"buildingType":"samostoječa stavba"}},{"type":"Feature","id":"100200000214837714","geometry":{"type":"Point","coordinates":[14.427603,45.9716635]},"properties":{"eidBuilding":"100200000214837714","buildingNumber":"309","cadastralMunicipalityCode":"1703","yearBuilt":1941,"buildingType":"samostoječa stavba"}},{"type":"Feature","id":"100200000214837730","geometry":{"type":"Point","coordinates":[14.4278011,45.9718937]},"properties":{"eidBuilding":"100200000214837730","buildingNumber":"311","cadastralMunicipalityCode":"1703","yearBuilt":1957,"buildingType":"samostoječa stavba"}},{"type":"Feature","id":"100200000214837755","geometry":{"type":"Point","coordinates":[14.4279851,45.97187]},"properties":{"eidBuilding":"100200000214837755","buildingNumber":"313","cadastralMunicipalityCode":"1703","yearBuilt":1920,"buildingType":"samostoječa stavba"}},{"type":"Feature","id":"100200000365307400","geometry":{"type":"Point","coordinates":[14.4214396,45.9748418]},"properties":{"eidBuilding":"100200000365307400","buildingNumber":"696","cadastralMunicipalityCode":"1703","yearBuilt":2020,"buildingType":"samostoječa stavba"}},{"type":"Feature","id":"100200000382057558","geometry":{"type":"Point","coordinates":[14.4194685,45.9774847]},"properties":{"eidBuilding":"100200000382057558","buildingNumber":"700","cadastralMunicipalityCode":"1703","yearBuilt":2021,"buildingType":"samostoječa stavba"}},{"type":"Feature","id":"100200000319055352","geometry":{"type":"Point","coordinates":[14.4256357,45.972145]},"properties":{"eidBuilding":"100200000319055352","buildingNumber":"657","cadastralMunicipalityCode":"1703","yearBuilt":2008,"buildingType":"samostoječa stavba"}},{"type":"Feature","id":"100200000320192806","geometry":{"type":"Point","coordinates":[14.4313747,45.9705073]},"properties":{"eidBuilding":"100200000320192806","buildingNumber":"671","cadastralMunicipalityCode":"1703","yearBuilt":2011,"buildingType":"samostoječa stavba"}},{"type":"Feature","id":"100200000324063078","geometry":{"type":"Point","coordinates":[14.4226161,45.9768226]},"properties":{"eidBuilding":"100200000324063078","buildingNumber":"676","cadastralMunicipalityCode":"1703","yearBuilt":2008,"buildingType":"samostoječa stavba"}},{"type":"Feature","id":"100200000325465975","geometry":{"type":"Point","coordinates":[14.4234487,45.9730275]},"properties":{"eidBuilding":"100200000325465975","buildingNumber":"678","cadastralMunicipalityCode":"1703","yearBuilt":2009,"buildingType":"samostoječa stavba"}},{"type":"Feature","id":"100200000328189416","geometry":{"type":"Point","coordinates":[14.4390028,45.9699115]},"properties":{"eidBuilding":"100200000328189416","buildingNumber":"682","cadastralMunicipalityCode":"1703","yearBuilt":2006,"buildingType":"samostoječa stavba"}},{"type":"Feature","id":"100200000328189457","geometry":{"type":"Point","coordinates":[14.4370089,45.970375]},"properties":{"eidBuilding":"100200000328189457","buildingNumber":"683","cadastralMunicipalityCode":"1703","yearBuilt":2006,"buildingType":"samostoječa stavba"}},{"type":"Feature","id":"100200000328189481","geometry":{"type":"Point","coordinates":[14.4206056,45.974113]},"properties":{"eidBuilding":"100200000328189481","buildingNumber":"684","cadastralMunicipalityCode":"1703","yearBuilt":2006,"buildingType":"samostoječa stavba"}},{"type":"Feature","id":"100200000328189507","geometry":{"type":"Point","coordinates":[14.4522305,45.9534018]},"properties":{"eidBuilding":"100200000328189507","buildingNumber":"685","cadastralMunicipalityCode":"1703","yearBuilt":2006,"buildingType":"samostoječa stavba"}},{"type":"Feature","id":"100200000340701990","geometry":{"type":"Point","coordinates":[14.4213764,45.9745397]},"properties":{"eidBuilding":"100200000340701990","buildingNumber":"690","cadastralMunicipalityCode":"1703","yearBuilt":2018,"buildingType":"samostoječa stavba"}},{"type":"Feature","id":"100200000354577419","geometry":{"type":"Point","coordinates":[14.4370725,45.9692333]},"properties":{"eidBuilding":"100200000354577419","buildingNumber":"693","cadastralMunicipalityCode":"1703","yearBuilt":2018,"buildingType":"samostoječa stavba"}},{"type":"Feature","id":"100200000214835585","geometry":{"type":"Point","coordinates":[14.4383734,45.9689699]},"properties":{"eidBuilding":"100200000214835585","buildingNumber":"96","cadastralMunicipalityCode":"1703","yearBuilt":1994,"buildingType":"samostoječa stavba"}},{"type":"Feature","id":"100200000214835593","geometry":{"type":"Point","coordinates":[14.4384021,45.9692175]},"properties":{"eidBuilding":"100200000214835593","buildingNumber":"97","cadastralMunicipalityCode":"1703","yearBuilt":1980,"buildingType":"samostoječa stavba"}},{"type":"Feature","id":"100200000214835619","geometry":{"type":"Point","coordinates":[14.4377036,45.9700696]},"properties":{"eidBuilding":"100200000214835619","buildingNumber":"99","cadastralMunicipalityCode":"1703","yearBuilt":1980,"buildingType":"samostoječa stavba"}},{"type":"Feature","id":"100200000214835627","geometry":{"type":"Point","coordinates":[14.4379028,45.9698975]},"properties":{"eidBuilding":"100200000214835627","buildingNumber":"100","cadastralMunicipalityCode":"1703","yearBuilt":1981,"buildingType":"samostoječa stavba"}},{"type":"Feature","id":"100200000214835635","geometry":{"type":"Point","coordinates":[14.4381132,45.9696957]},"properties":{"eidBuilding":"100200000214835635","buildingNumber":"101","cadastralMunicipalityCode":"1703","yearBuilt":1983,"buildingType":"samostoječa stavba"}},{"type":"Feature","id":"100200000214835676","geometry":{"type":"Point","coordinates":[14.4385601,45.9697253]},"properties":{"eidBuilding":"100200000214835676","buildingNumber":"105","cadastralMunicipalityCode":"1703","yearBuilt":1991,"buildingType":"samostoječa stavba"}},{"type":"Feature","id":"100200000214835684","geometry":{"type":"Point","coordinates":[14.4383525,45.9699529]},"properties":{"eidBuilding":"100200000214835684","buildingNumber":"106","cadastralMunicipalityCode":"1703","yearBuilt":1980,"buildingType":"samostoječa stavba"}},{"type":"Feature","id":"100200000214835718","geometry":{"type":"Point","coordinates":[14.4381216,45.9703494]},"properties":{"eidBuilding":"100200000214835718","buildingNumber":"109","cadastralMunicipalityCode":"1703","yearBuilt":1988,"buildingType":"samostoječa stavba"}},{"type":"Feature","id":"100200000214835742","geometry":{"type":"Point","coordinates":[14.4383978,45.9707934]},"properties":{"eidBuilding":"100200000214835742","buildingNumber":"112","cadastralMunicipalityCode":"1703","yearBuilt":1965,"buildingType":"samostoječa stavba"}},{"type":"Feature","id":"100200000214835783","geometry":{"type":"Point","coordinates":[14.4388051,45.9706307]},"properties":{"eidBuilding":"100200000214835783","buildingNumber":"116","cadastralMunicipalityCode":"1703","yearBuilt":2005,"buildingType":"samostoječa stavba"}},{"type":"Feature","id":"100200000214835858","geometry":{"type":"Point","coordinates":[14.4392868,45.9701368]},"properties":{"eidBuilding":"100200000214835858","buildingNumber":"123","cadastralMunicipalityCode":"1703","yearBuilt":1990,"buildingType":"samostoječa stavba"}},{"type":"Feature","id":"100200000214834638","geometry":{"type":"Point","coordinates":[14.4199462,45.9767451]},"properties":{"eidBuilding":"100200000214834638","buildingNumber":"1","cadastralMunicipalityCode":"1703","yearBuilt":1986,"buildingType":"samostoječa stavba"}},{"type":"Feature","id":"100200000214837763","geometry":{"type":"Point","coordinates":[14.4278602,45.971946]},"properties":{"eidBuilding":"100200000214837763","buildingNumber":"314","cadastralMunicipalityCode":"1703","yearBuilt":1975,"buildingType":"samostoječa stavba"}},{"type":"Feature","id":"100200000214837789","geometry":{"type":"Point","coordinates":[14.4279277,45.9719453]},"properties":{"eidBuilding":"100200000214837789","buildingNumber":"316","cadastralMunicipalityCode":"1703","yearBuilt":1975,"buildingType":"samostoječa stavba"}},{"type":"Feature","id":"100200000214837847","geometry":{"type":"Point","coordinates":[14.428819,45.9721062]},"properties":{"eidBuilding":"100200000214837847","buildingNumber":"322","cadastralMunicipalityCode":"1703","yearBuilt":1994,"buildingType":"samostoječa stavba"}},{"type":"Feature","id":"100200000214837854","geometry":{"type":"Point","coordinates":[14.4286733,45.9722824]},"properties":{"eidBuilding":"100200000214837854","buildingNumber":"323","cadastralMunicipalityCode":"1703","yearBuilt":1998,"buildingType":"samostoječa stavba"}},{"type":"Feature","id":"100200000214837870","geometry":{"type":"Point","coordinates":[14.4301094,45.9715072]},"properties":{"eidBuilding":"100200000214837870","buildingNumber":"325","cadastralMunicipalityCode":"1703","yearBuilt":1980,"buildingType":"samostoječa stavba"}},{"type":"Feature","id":"100200000214837896","geometry":{"type":"Point","coordinates":[14.4306008,45.9715771]},"properties":{"eidBuilding":"100200000214837896","buildingNumber":"327","cadastralMunicipalityCode":"1703","yearBuilt":1991,"buildingType":"samostoječa stavba"}},{"type":"Feature","id":"100200000214837938","geometry":{"type":"Point","coordinates":[14.4311025,45.9716913]},"properties":{"eidBuilding":"100200000214837938","buildingNumber":"331","cadastralMunicipalityCode":"1703","yearBuilt":1990,"buildingType":"samostoječa stavba"}},{"type":"Feature","id":"100200000214838043","geometry":{"type":"Point","coordinates":[14.4329179,45.971593]},"properties":{"eidBuilding":"100200000214838043","buildingNumber":"342","cadastralMunicipalityCode":"1703","yearBuilt":1900,"buildingType":"samostoječa stavba"}},{"type":"Feature","id":"100200000214838050","geometry":{"type":"Point","coordinates":[14.4332811,45.9715514]},"properties":{"eidBuilding":"100200000214838050","buildingNumber":"343","cadastralMunicipalityCode":"1703","yearBuilt":1998,"buildingType":"samostoječa stavba"}},{"type":"Feature","id":"100200000214838191","geometry":{"type":"Point","coordinates":[14.4259547,45.9720535]},"properties":{"eidBuilding":"100200000214838191","buildingNumber":"357","cadastralMunicipalityCode":"1703","yearBuilt":1935,"buildingType":"samostoječa stavba"}},{"type":"Feature","id":"100200000214838407","geometry":{"type":"Point","coordinates":[14.4243565,45.9722327]},"properties":{"eidBuilding":"100200000214838407","buildingNumber":"378","cadastralMunicipalityCode":"1703","yearBuilt":1953,"buildingType":"samostoječa stavba"}},{"type":"Feature","id":"100200000214838415","geometry":{"type":"Point","coordinates":[14.424093,45.9722821]},"properties":{"eidBuilding":"100200000214838415","buildingNumber":"379","cadastralMunicipalityCode":"1703","yearBuilt":1953,"buildingType":"samostoječa stavba"}},{"type":"Feature","id":"100200000354577435","geometry":{"type":"Point","coordinates":[14.4371762,45.9691799]},"properties":{"eidBuilding":"100200000354577435","buildingNumber":"694","cadastralMunicipalityCode":"1703","yearBuilt":2018,"buildingType":"samostoječa stavba"}},{"type":"Feature","id":"100200000371937463","geometry":{"type":"Point","coordinates":[14.4393536,45.9704595]},"properties":{"eidBuilding":"100200000371937463","buildingNumber":"697","cadastralMunicipalityCode":"1703","yearBuilt":2019,"buildingType":"samostoječa stavba"}},{"type":"Feature","id":"100200000381297700","geometry":{"type":"Point","coordinates":[14.4251181,45.9723773]},"properties":{"eidBuilding":"100200000381297700","buildingNumber":"699","cadastralMunicipalityCode":"1703","yearBuilt":1967,"buildingType":"samostoječa stavba"}},{"type":"Feature","id":"100200000214836286","geometry":{"type":"Point","coordinates":[14.4373844,45.9713669]},"properties":{"eidBuilding":"100200000214836286","buildingNumber":"166","cadastralMunicipalityCode":"1703","yearBuilt":1966,"buildingType":"krajna vrstna stavba"}},{"type":"Feature","id":"100200000214836641","geometry":{"type":"Point","coordinates":[14.4331215,45.9694837]},"properties":{"eidBuilding":"100200000214836641","buildingNumber":"202","cadastralMunicipalityCode":"1703","yearBuilt":1932,"buildingType":"krajna vrstna stavba"}},{"type":"Feature","id":"100200000214837722","geometry":{"type":"Point","coordinates":[14.4277214,45.9717392]},"properties":{"eidBuilding":"100200000214837722","buildingNumber":"310","cadastralMunicipalityCode":"1703","yearBuilt":1965,"buildingType":"krajna vrstna stavba"}},{"type":"Feature","id":"100200000214837748","geometry":{"type":"Point","coordinates":[14.4278256,45.9718142]},"properties":{"eidBuilding":"100200000214837748","buildingNumber":"312","cadastralMunicipalityCode":"1703","yearBuilt":1964,"buildingType":"krajna vrstna stavba"}},{"type":"Feature","id":"100200000316618970","geometry":{"type":"Point","coordinates":[14.4202421,45.9761796]},"properties":{"eidBuilding":"100200000316618970","buildingNumber":"639","cadastralMunicipalityCode":"1703","yearBuilt":2009,"buildingType":"krajna vrstna stavba"}},{"type":"Feature","id":"100200000320111996","geometry":{"type":"Point","coordinates":[14.4202943,45.975887]},"properties":{"eidBuilding":"100200000320111996","buildingNumber":"661","cadastralMunicipalityCode":"1703","yearBuilt":2010,"buildingType":"krajna vrstna stavba"}},{"type":"Feature","id":"100200000320112044","geometry":{"type":"Point","coordinates":[14.4204854,45.9759817]},"properties":{"eidBuilding":"100200000320112044","buildingNumber":"663","cadastralMunicipalityCode":"1703","yearBuilt":2010,"buildingType":"krajna vrstna stavba"}},{"type":"Feature","id":"100200000214834646","geometry":{"type":"Point","coordinates":[14.4377735,45.9621225]},"properties":{"eidBuilding":"100200000214834646","buildingNumber":"2","cadastralMunicipalityCode":"1703","yearBuilt":1970,"buildingType":"samostoječa stavba"}},{"type":"Feature","id":"100200000214834687","geometry":{"type":"Point","coordinates":[14.4388492,45.9625159]},"properties":{"eidBuilding":"100200000214834687","buildingNumber":"6","cadastralMunicipalityCode":"1703","yearBuilt":1900,"buildingType":"samostoječa stavba"}},{"type":"Feature","id":"100200000214834703","geometry":{"type":"Point","coordinates":[14.4389005,45.9622955]},"properties":{"eidBuilding":"100200000214834703","buildingNumber":"8","cadastralMunicipalityCode":"1703","yearBuilt":1975,"buildingType":"samostoječa stavba"}},{"type":"Feature","id":"100200000214834711","geometry":{"type":"Point","coordinates":[14.4390508,45.9621001]},"properties":{"eidBuilding":"100200000214834711","buildingNumber":"9","cadastralMunicipalityCode":"1703","yearBuilt":1985,"buildingType":"samostoječa stavba"}},{"type":"Feature","id":"100200000214834760","geometry":{"type":"Point","coordinates":[14.4390678,45.9626564]},"properties":{"eidBuilding":"100200000214834760","buildingNumber":"14","cadastralMunicipalityCode":"1703","yearBuilt":1900,"buildingType":"samostoječa stavba"}},{"type":"Feature","id":"100200000214834778","geometry":{"type":"Point","coordinates":[14.438993,45.9630863]},"properties":{"eidBuilding":"100200000214834778","buildingNumber":"15","cadastralMunicipalityCode":"1703","yearBuilt":1973,"buildingType":"samostoječa stavba"}},{"type":"Feature","id":"100200000214834786","geometry":{"type":"Point","coordinates":[14.4391719,45.9637225]},"properties":{"eidBuilding":"100200000214834786","buildingNumber":"16","cadastralMunicipalityCode":"1703","yearBuilt":1860,"buildingType":"samostoječa stavba"}},{"type":"Feature","id":"100200000214834794","geometry":{"type":"Point","coordinates":[14.4390599,45.9639288]},"properties":{"eidBuilding":"100200000214834794","buildingNumber":"17","cadastralMunicipalityCode":"1703","yearBuilt":1900,"buildingType":"samostoječa stavba"}},{"type":"Feature","id":"100200000214834802","geometry":{"type":"Point","coordinates":[14.4390095,45.9640455]},"properties":{"eidBuilding":"100200000214834802","buildingNumber":"18","cadastralMunicipalityCode":"1703","yearBuilt":1900,"buildingType":"samostoječa stavba"}},{"type":"Feature","id":"100200000214834810","geometry":{"type":"Point","coordinates":[14.4389775,45.9642924]},"properties":{"eidBuilding":"100200000214834810","buildingNumber":"19","cadastralMunicipalityCode":"1703","yearBuilt":1868,"buildingType":"samostoječa stavba"}},{"type":"Feature","id":"100200000214834836","geometry":{"type":"Point","coordinates":[14.4379023,45.9656896]},"properties":{"eidBuilding":"100200000214834836","buildingNumber":"21","cadastralMunicipalityCode":"1703","yearBuilt":1843,"buildingType":"samostoječa stavba"}},{"type":"Feature","id":"100200000214834851","geometry":{"type":"Point","coordinates":[14.4379139,45.9663885]},"properties":{"eidBuilding":"100200000214834851","buildingNumber":"23","cadastralMunicipalityCode":"1703","yearBuilt":1990,"buildingType":"samostoječa stavba"}},{"type":"Feature","id":"100200000214834869","geometry":{"type":"Point","coordinates":[14.4378231,45.9661076]},"properties":{"eidBuilding":"100200000214834869","buildingNumber":"24","cadastralMunicipalityCode":"1703","yearBuilt":1978,"buildingType":"samostoječa stavba"}},{"type":"Feature","id":"100200000214839512","geometry":{"type":"Point","coordinates":[14.4254926,45.9728632]},"properties":{"eidBuilding":"100200000214839512","buildingNumber":"385","cadastralMunicipalityCode":"1703","yearBuilt":1996,"buildingType":"samostoječa stavba"}},{"type":"Feature","id":"100200000214839611","geometry":{"type":"Point","coordinates":[14.4365032,45.9740255]},"properties":{"eidBuilding":"100200000214839611","buildingNumber":"392","cadastralMunicipalityCode":"1703","yearBuilt":1631,"buildingType":"samostoječa stavba"}},{"type":"Feature","id":"100200000214839637","geometry":{"type":"Point","coordinates":[14.4228465,45.9733463]},"properties":{"eidBuilding":"100200000214839637","buildingNumber":"394","cadastralMunicipalityCode":"1703","yearBuilt":1987,"buildingType":"samostoječa stavba"}},{"type":"Feature","id":"100200000214839645","geometry":{"type":"Point","coordinates":[14.422906,45.9734569]},"properties":{"eidBuilding":"100200000214839645","buildingNumber":"395","cadastralMunicipalityCode":"1703","yearBuilt":1982,"buildingType":"samostoječa stavba"}},{"type":"Feature","id":"100200000214839652","geometry":{"type":"Point","coordinates":[14.4230349,45.9734427]},"properties":{"eidBuilding":"100200000214839652","buildingNumber":"396","cadastralMunicipalityCode":"1703","yearBuilt":1980,"buildingType":"samostoječa stavba"}},{"type":"Feature","id":"100200000214839678","geometry":{"type":"Point","coordinates":[14.4221625,45.9731796]},"properties":{"eidBuilding":"100200000214839678","buildingNumber":"398","cadastralMunicipalityCode":"1703","yearBuilt":1990,"buildingType":"samostoječa stavba"}},{"type":"Feature","id":"100200000214839702","geometry":{"type":"Point","coordinates":[14.4217674,45.973309]},"properties":{"eidBuilding":"100200000214839702","buildingNumber":"401","cadastralMunicipalityCode":"1703","yearBuilt":1970,"buildingType":"samostoječa stavba"}},{"type":"Feature","id":"100200000214839710","geometry":{"type":"Point","coordinates":[14.4213251,45.9733742]},"properties":{"eidBuilding":"100200000214839710","buildingNumber":"402","cadastralMunicipalityCode":"1703","yearBuilt":1950,"buildingType":"samostoječa stavba"}},{"type":"Feature","id":"100200000214839827","geometry":{"type":"Point","coordinates":[14.4227717,45.973913]},"properties":{"eidBuilding":"100200000214839827","buildingNumber":"413","cadastralMunicipalityCode":"1703","yearBuilt":1986,"buildingType":"krajna vrstna stavba"}},{"type":"Feature","id":"100200000214839835","geometry":{"type":"Point","coordinates":[14.4224691,45.9739626]},"properties":{"eidBuilding":"100200000214839835","buildingNumber":"414","cadastralMunicipalityCode":"1703","yearBuilt":1939,"buildingType":"samostoječa stavba"}},{"type":"Feature","id":"100200000214839843","geometry":{"type":"Point","coordinates":[14.4226664,45.9740862]},"properties":{"eidBuilding":"100200000214839843","buildingNumber":"415","cadastralMunicipalityCode":"1703","yearBuilt":1939,"buildingType":"samostoječa stavba"}},{"type":"Feature","id":"100200000214839868","geometry":{"type":"Point","coordinates":[14.4229166,45.9743151]},"properties":{"eidBuilding":"100200000214839868","buildingNumber":"417","cadastralMunicipalityCode":"1703","yearBuilt":1986,"buildingType":"samostoječa stavba"}},{"type":"Feature","id":"100200000320112127","geometry":{"type":"Point","coordinates":[14.4208895,45.9761564]},"properties":{"eidBuilding":"100200000320112127","buildingNumber":"667","cadastralMunicipalityCode":"1703","yearBuilt":2011,"buildingType":"krajna vrstna stavba"}},{"type":"Feature","id":"100200000320112143","geometry":{"type":"Point","coordinates":[14.4209503,45.976191]},"properties":{"eidBuilding":"100200000320112143","buildingNumber":"668","cadastralMunicipalityCode":"1703","yearBuilt":2010,"buildingType":"krajna vrstna stavba"}},{"type":"Feature","id":"100200000313680536","geometry":{"type":"Point","coordinates":[14.430073,45.9708314]},"properties":{"eidBuilding":"100200000313680536","buildingNumber":"611","cadastralMunicipalityCode":"1703","yearBuilt":2005,"buildingType":"krajna vrstna stavba"}},{"type":"Feature","id":"100200000313683456","geometry":{"type":"Point","coordinates":[14.4301901,45.970733]},"properties":{"eidBuilding":"100200000313683456","buildingNumber":"618","cadastralMunicipalityCode":"1703","yearBuilt":2003,"buildingType":"krajna vrstna stavba"}},{"type":"Feature","id":"100200000314078557","geometry":{"type":"Point","coordinates":[14.4372815,45.9713079]},"properties":{"eidBuilding":"100200000314078557","buildingNumber":"624","cadastralMunicipalityCode":"1703","yearBuilt":1967,"buildingType":"krajna vrstna stavba"}},{"type":"Feature","id":"100200000316618954","geometry":{"type":"Point","coordinates":[14.4201346,45.9761377]},"properties":{"eidBuilding":"100200000316618954","buildingNumber":"638","cadastralMunicipalityCode":"1703","yearBuilt":2009,"buildingType":"krajna vrstna stavba"}},{"type":"Feature","id":"100200000316619010","geometry":{"type":"Point","coordinates":[14.4204744,45.9762816]},"properties":{"eidBuilding":"100200000316619010","buildingNumber":"641","cadastralMunicipalityCode":"1703","yearBuilt":2009,"buildingType":"krajna vrstna stavba"}},{"type":"Feature","id":"100200000316619077","geometry":{"type":"Point","coordinates":[14.420812,45.9764283]},"properties":{"eidBuilding":"100200000316619077","buildingNumber":"644","cadastralMunicipalityCode":"1703","yearBuilt":2009,"buildingType":"krajna vrstna stavba"}},{"type":"Feature","id":"100200000316619135","geometry":{"type":"Point","coordinates":[14.4209262,45.9764658]},"properties":{"eidBuilding":"100200000316619135","buildingNumber":"645","cadastralMunicipalityCode":"1703","yearBuilt":2009,"buildingType":"krajna vrstna stavba"}},{"type":"Feature","id":"100200000318102171","geometry":{"type":"Point","coordinates":[14.4332774,45.9706452]},"properties":{"eidBuilding":"100200000318102171","buildingNumber":"655","cadastralMunicipalityCode":"1703","yearBuilt":2008,"buildingType":"krajna vrstna stavba"}},{"type":"Feature","id":"100200000214834893","geometry":{"type":"Point","coordinates":[14.4383563,45.965607]},"properties":{"eidBuilding":"100200000214834893","buildingNumber":"27","cadastralMunicipalityCode":"1703","yearBuilt":1952,"buildingType":"samostoječa stavba"}},{"type":"Feature","id":"100200000214834901","geometry":{"type":"Point","coordinates":[14.4385664,45.9655895]},"properties":{"eidBuilding":"100200000214834901","buildingNumber":"28","cadastralMunicipalityCode":"1703","yearBuilt":1980,"buildingType":"samostoječa stavba"}},{"type":"Feature","id":"100200000214835031","geometry":{"type":"Point","coordinates":[14.435297,45.9693344]},"properties":{"eidBuilding":"100200000214835031","buildingNumber":"41","cadastralMunicipalityCode":"1703","yearBuilt":1980,"buildingType":"samostoječa stavba"}},{"type":"Feature","id":"100200000214835155","geometry":{"type":"Point","coordinates":[14.437498,45.9682538]},"properties":{"eidBuilding":"100200000214835155","buildingNumber":"53","cadastralMunicipalityCode":"1703","yearBuilt":1970,"buildingType":"samostoječa stavba"}},{"type":"Feature","id":"100200000214835163","geometry":{"type":"Point","coordinates":[14.4372376,45.9680363]},"properties":{"eidBuilding":"100200000214835163","buildingNumber":"54","cadastralMunicipalityCode":"1703","yearBuilt":1973,"buildingType":"samostoječa stavba"}},{"type":"Feature","id":"100200000214835213","geometry":{"type":"Point","coordinates":[14.4379665,45.9685752]},"properties":{"eidBuilding":"100200000214835213","buildingNumber":"59","cadastralMunicipalityCode":"1703","yearBuilt":1960,"buildingType":"samostoječa stavba"}},{"type":"Feature","id":"100200000214835239","geometry":{"type":"Point","coordinates":[14.4375401,45.9688988]},"properties":{"eidBuilding":"100200000214835239","buildingNumber":"61","cadastralMunicipalityCode":"1703","yearBuilt":1991,"buildingType":"samostoječa stavba"}},{"type":"Feature","id":"100200000214835247","geometry":{"type":"Point","coordinates":[14.4374514,45.96911]},"properties":{"eidBuilding":"100200000214835247","buildingNumber":"62","cadastralMunicipalityCode":"1703","yearBuilt":1983,"buildingType":"samostoječa stavba"}},{"type":"Feature","id":"100200000214835254","geometry":{"type":"Point","coordinates":[14.437541,45.9692052]},"properties":{"eidBuilding":"100200000214835254","buildingNumber":"63","cadastralMunicipalityCode":"1703","yearBuilt":1986,"buildingType":"samostoječa stavba"}},{"type":"Feature","id":"100200000214835270","geometry":{"type":"Point","coordinates":[14.4362075,45.9687731]},"properties":{"eidBuilding":"100200000214835270","buildingNumber":"65","cadastralMunicipalityCode":"1703","yearBuilt":1970,"buildingType":"samostoječa stavba"}},{"type":"Feature","id":"100200000214835288","geometry":{"type":"Point","coordinates":[14.4360464,45.9689126]},"properties":{"eidBuilding":"100200000214835288","buildingNumber":"66","cadastralMunicipalityCode":"1703","yearBuilt":1900,"buildingType":"samostoječa stavba"}},{"type":"Feature","id":"100200000214835304","geometry":{"type":"Point","coordinates":[14.4359359,45.9692328]},"properties":{"eidBuilding":"100200000214835304","buildingNumber":"68","cadastralMunicipalityCode":"1703","yearBuilt":1940,"buildingType":"samostoječa stavba"}},{"type":"Feature","id":"100200000214835346","geometry":{"type":"Point","coordinates":[14.4364672,45.9690231]},"properties":{"eidBuilding":"100200000214835346","buildingNumber":"72","cadastralMunicipalityCode":"1703","yearBuilt":1970,"buildingType":"samostoječa stavba"}},{"type":"Feature","id":"100200000214839876","geometry":{"type":"Point","coordinates":[14.4227893,45.9743701]},"properties":{"eidBuilding":"100200000214839876","buildingNumber":"418","cadastralMunicipalityCode":"1703","yearBuilt":1986,"buildingType":"samostoječa stavba"}},{"type":"Feature","id":"100200000214839884","geometry":{"type":"Point","coordinates":[14.4219422,45.9739124]},"properties":{"eidBuilding":"100200000214839884","buildingNumber":"419","cadastralMunicipalityCode":"1703","yearBuilt":1998,"buildingType":"samostoječa stavba"}},{"type":"Feature","id":"100200000214839926","geometry":{"type":"Point","coordinates":[14.4219948,45.9741309]},"properties":{"eidBuilding":"100200000214839926","buildingNumber":"423","cadastralMunicipalityCode":"1703","yearBuilt":1982,"buildingType":"samostoječa stavba"}},{"type":"Feature","id":"100200000214839934","geometry":{"type":"Point","coordinates":[14.4211527,45.9742093]},"properties":{"eidBuilding":"100200000214839934","buildingNumber":"424","cadastralMunicipalityCode":"1703","yearBuilt":1955,"buildingType":"samostoječa stavba"}},{"type":"Feature","id":"100200000214839967","geometry":{"type":"Point","coordinates":[14.422376,45.9747018]},"properties":{"eidBuilding":"100200000214839967","buildingNumber":"427","cadastralMunicipalityCode":"1703","yearBuilt":1980,"buildingType":"samostoječa stavba"}},{"type":"Feature","id":"100200000214840064","geometry":{"type":"Point","coordinates":[14.4212698,45.9741651]},"properties":{"eidBuilding":"100200000214840064","buildingNumber":"437","cadastralMunicipalityCode":"1703","yearBuilt":1994,"buildingType":"samostoječa stavba"}},{"type":"Feature","id":"100200000214840163","geometry":{"type":"Point","coordinates":[14.4211439,45.9745794]},"properties":{"eidBuilding":"100200000214840163","buildingNumber":"447","cadastralMunicipalityCode":"1703","yearBuilt":1980,"buildingType":"samostoječa stavba"}},{"type":"Feature","id":"100200000214840213","geometry":{"type":"Point","coordinates":[14.4219717,45.9748794]},"properties":{"eidBuilding":"100200000214840213","buildingNumber":"452","cadastralMunicipalityCode":"1703","yearBuilt":1990,"buildingType":"samostoječa stavba"}},{"type":"Feature","id":"100200000214840239","geometry":{"type":"Point","coordinates":[14.4221934,45.9750435]},"properties":{"eidBuilding":"100200000214840239","buildingNumber":"454","cadastralMunicipalityCode":"1703","yearBuilt":1988,"buildingType":"samostoječa stavba"}},{"type":"Feature","id":"100200000214840262","geometry":{"type":"Point","coordinates":[14.4225047,45.9754626]},"properties":{"eidBuilding":"100200000214840262","buildingNumber":"457","cadastralMunicipalityCode":"1703","yearBuilt":1972,"buildingType":"samostoječa stavba"}},{"type":"Feature","id":"100200000320111954","geometry":{"type":"Point","coordinates":[14.4200781,45.97581]},"properties":{"eidBuilding":"100200000320111954","buildingNumber":"659","cadastralMunicipalityCode":"1703","yearBuilt":2010,"buildingType":"krajna vrstna stavba"}},{"type":"Feature","id":"100200000320111970","geometry":{"type":"Point","coordinates":[14.4201405,45.9758458]},"properties":{"eidBuilding":"100200000320111970","buildingNumber":"660","cadastralMunicipalityCode":"1703","yearBuilt":2010,"buildingType":"krajna vrstna stavba"}},{"type":"Feature","id":"100200000320112069","geometry":{"type":"Point","coordinates":[14.4205629,45.9760192]},"properties":{"eidBuilding":"100200000320112069","buildingNumber":"664","cadastralMunicipalityCode":"1703","yearBuilt":2010,"buildingType":"krajna vrstna stavba"}},{"type":"Feature","id":"100200000320112085","geometry":{"type":"Point","coordinates":[14.4206856,45.9760756]},"properties":{"eidBuilding":"100200000320112085","buildingNumber":"665","cadastralMunicipalityCode":"1703","yearBuilt":2010,"buildingType":"krajna vrstna stavba"}},{"type":"Feature","id":"100200000320112101","geometry":{"type":"Point","coordinates":[14.4207623,45.9761052]},"properties":{"eidBuilding":"100200000320112101","buildingNumber":"666","cadastralMunicipalityCode":"1703","yearBuilt":2010,"buildingType":"krajna vrstna stavba"}},{"type":"Feature","id":"100200000320112184","geometry":{"type":"Point","coordinates":[14.4211636,45.9762833]},"properties":{"eidBuilding":"100200000320112184","buildingNumber":"670","cadastralMunicipalityCode":"1703","yearBuilt":2010,"buildingType":"krajna vrstna stavba"}},{"type":"Feature","id":"100200000325237556","geometry":{"type":"Point","coordinates":[14.4332759,45.9695205]},"properties":{"eidBuilding":"100200000325237556","buildingNumber":"677","cadastralMunicipalityCode":"1703","yearBuilt":1932,"buildingType":"krajna vrstna stavba"}},{"type":"Feature","id":"100200000327066516","geometry":{"type":"Point","coordinates":[14.4231446,45.9732046]},"properties":{"eidBuilding":"100200000327066516","buildingNumber":"681","cadastralMunicipalityCode":"1703","yearBuilt":2015,"buildingType":"krajna vrstna stavba"}},{"type":"Feature","id":"100200000214834828","geometry":{"type":"Point","coordinates":[14.4380366,45.9633164]},"properties":{"eidBuilding":"100200000214834828","buildingNumber":"20","cadastralMunicipalityCode":"1703","yearBuilt":1975,"buildingType":"samostoječa stavba"}},{"type":"Feature","id":"100200000214834885","geometry":{"type":"Point","coordinates":[14.4382056,45.9657196]},"properties":{"eidBuilding":"100200000214834885","buildingNumber":"26","cadastralMunicipalityCode":"1703","yearBuilt":1912,"buildingType":"samostoječa stavba"}},{"type":"Feature","id":"100200000214835122","geometry":{"type":"Point","coordinates":[14.4339835,45.9696754]},"properties":{"eidBuilding":"100200000214835122","buildingNumber":"50","cadastralMunicipalityCode":"1703","yearBuilt":1954,"buildingType":"samostoječa stavba"}},{"type":"Feature","id":"100200000214835353","geometry":{"type":"Point","coordinates":[14.4367941,45.9690066]},"properties":{"eidBuilding":"100200000214835353","buildingNumber":"73","cadastralMunicipalityCode":"1703","yearBuilt":1980,"buildingType":"samostoječa stavba"}},{"type":"Feature","id":"100200000214835379","geometry":{"type":"Point","coordinates":[14.4361469,45.9695516]},"properties":{"eidBuilding":"100200000214835379","buildingNumber":"75","cadastralMunicipalityCode":"1703","yearBuilt":1854,"buildingType":"samostoječa stavba"}},{"type":"Feature","id":"100200000214835395","geometry":{"type":"Point","coordinates":[14.4367449,45.9696149]},"properties":{"eidBuilding":"100200000214835395","buildingNumber":"77","cadastralMunicipalityCode":"1703","yearBuilt":1891,"buildingType":"samostoječa stavba"}},{"type":"Feature","id":"100200000214835460","geometry":{"type":"Point","coordinates":[14.4355006,45.9697372]},"properties":{"eidBuilding":"100200000214835460","buildingNumber":"84","cadastralMunicipalityCode":"1703","yearBuilt":1964,"buildingType":"samostoječa stavba"}},{"type":"Feature","id":"100200000214835478","geometry":{"type":"Point","coordinates":[14.435524,45.9695989]},"properties":{"eidBuilding":"100200000214835478","buildingNumber":"85","cadastralMunicipalityCode":"1703","yearBuilt":1850,"buildingType":"samostoječa stavba"}},{"type":"Feature","id":"100200000214835494","geometry":{"type":"Point","coordinates":[14.4356696,45.9698142]},"properties":{"eidBuilding":"100200000214835494","buildingNumber":"87","cadastralMunicipalityCode":"1703","yearBuilt":1924,"buildingType":"samostoječa stavba"}},{"type":"Feature","id":"100200000214835510","geometry":{"type":"Point","coordinates":[14.4356811,45.9700074]},"properties":{"eidBuilding":"100200000214835510","buildingNumber":"89","cadastralMunicipalityCode":"1703","yearBuilt":1939,"buildingType":"samostoječa stavba"}},{"type":"Feature","id":"100200000214835700","geometry":{"type":"Point","coordinates":[14.4381513,45.9701463]},"properties":{"eidBuilding":"100200000214835700","buildingNumber":"108","cadastralMunicipalityCode":"1703","yearBuilt":1995,"buildingType":"samostoječa stavba"}},{"type":"Feature","id":"100200000214835767","geometry":{"type":"Point","coordinates":[14.4384936,45.9707427]},"properties":{"eidBuilding":"100200000214835767","buildingNumber":"114","cadastralMunicipalityCode":"1703","yearBuilt":1992,"buildingType":"samostoječa stavba"}},{"type":"Feature","id":"100200000214835775","geometry":{"type":"Point","coordinates":[14.438468,45.9705101]},"properties":{"eidBuilding":"100200000214835775","buildingNumber":"115","cadastralMunicipalityCode":"1703","yearBuilt":1985,"buildingType":"samostoječa stavba"}},{"type":"Feature","id":"100200000214835809","geometry":{"type":"Point","coordinates":[14.4389845,45.9705285]},"properties":{"eidBuilding":"100200000214835809","buildingNumber":"118","cadastralMunicipalityCode":"1703","yearBuilt":1995,"buildingType":"samostoječa stavba"}},{"type":"Feature","id":"100200000214835817","geometry":{"type":"Point","coordinates":[14.4390298,45.9703382]},"properties":{"eidBuilding":"100200000214835817","buildingNumber":"119","cadastralMunicipalityCode":"1703","yearBuilt":2004,"buildingType":"samostoječa stavba"}},{"type":"Feature","id":"100200000214835833","geometry":{"type":"Point","coordinates":[14.4392346,45.9702709]},"properties":{"eidBuilding":"100200000214835833","buildingNumber":"121","cadastralMunicipalityCode":"1703","yearBuilt":1988,"buildingType":"samostoječa stavba"}},{"type":"Feature","id":"100200000214840270","geometry":{"type":"Point","coordinates":[14.4225566,45.9753837]},"properties":{"eidBuilding":"100200000214840270","buildingNumber":"458","cadastralMunicipalityCode":"1703","yearBuilt":1969,"buildingType":"samostoječa stavba"}},{"type":"Feature","id":"100200000214840288","geometry":{"type":"Point","coordinates":[14.4226501,45.9757373]},"properties":{"eidBuilding":"100200000214840288","buildingNumber":"459","cadastralMunicipalityCode":"1703","yearBuilt":1947,"buildingType":"samostoječa stavba"}},{"type":"Feature","id":"100200000214840296","geometry":{"type":"Point","coordinates":[14.4227519,45.9757423]},"properties":{"eidBuilding":"100200000214840296","buildingNumber":"460","cadastralMunicipalityCode":"1703","yearBuilt":1961,"buildingType":"samostoječa stavba"}},{"type":"Feature","id":"100200000214840304","geometry":{"type":"Point","coordinates":[14.422845,45.9756961]},"properties":{"eidBuilding":"100200000214840304","buildingNumber":"461","cadastralMunicipalityCode":"1703","yearBuilt":1968,"buildingType":"samostoječa stavba"}},{"type":"Feature","id":"100200000214840429","geometry":{"type":"Point","coordinates":[14.4194903,45.9769181]},"properties":{"eidBuilding":"100200000214840429","buildingNumber":"470","cadastralMunicipalityCode":"1703","yearBuilt":1998,"buildingType":"samostoječa stavba"}},{"type":"Feature","id":"100200000214840528","geometry":{"type":"Point","coordinates":[14.4207049,45.9753433]},"properties":{"eidBuilding":"100200000214840528","buildingNumber":"478","cadastralMunicipalityCode":"1703","yearBuilt":1975,"buildingType":"samostoječa stavba"}},{"type":"Feature","id":"100200000214840544","geometry":{"type":"Point","coordinates":[14.4209922,45.9750586]},"properties":{"eidBuilding":"100200000214840544","buildingNumber":"480","cadastralMunicipalityCode":"1703","yearBuilt":1972,"buildingType":"samostoječa stavba"}},{"type":"Feature","id":"100200000214840551","geometry":{"type":"Point","coordinates":[14.4211445,45.9752396]},"properties":{"eidBuilding":"100200000214840551","buildingNumber":"481","cadastralMunicipalityCode":"1703","yearBuilt":1967,"buildingType":"samostoječa stavba"}},{"type":"Feature","id":"100200000214840577","geometry":{"type":"Point","coordinates":[14.4212595,45.9753648]},"properties":{"eidBuilding":"100200000214840577","buildingNumber":"483","cadastralMunicipalityCode":"1703","yearBuilt":1950,"buildingType":"samostoječa stavba"}},{"type":"Feature","id":"100200000214840585","geometry":{"type":"Point","coordinates":[14.4214219,45.9752583]},"properties":{"eidBuilding":"100200000214840585","buildingNumber":"484","cadastralMunicipalityCode":"1703","yearBuilt":1986,"buildingType":"samostoječa stavba"}},{"type":"Feature","id":"100200000214840593","geometry":{"type":"Point","coordinates":[14.4215842,45.9753613]},"properties":{"eidBuilding":"100200000214840593","buildingNumber":"485","cadastralMunicipalityCode":"1703","yearBuilt":1937,"buildingType":"samostoječa stavba"}},{"type":"Feature","id":"100200000214840601","geometry":{"type":"Point","coordinates":[14.4214395,45.9754565]},"properties":{"eidBuilding":"100200000214840601","buildingNumber":"486","cadastralMunicipalityCode":"1703","yearBuilt":1965,"buildingType":"samostoječa stavba"}},{"type":"Feature","id":"100200000214835262","geometry":{"type":"Point","coordinates":[14.4362509,45.968558]},"properties":{"eidBuilding":"100200000214835262","buildingNumber":"64","cadastralMunicipalityCode":"1703","yearBuilt":1975,"buildingType":"samostoječa stavba"}},{"type":"Feature","id":"100200000214835320","geometry":{"type":"Point","coordinates":[14.4362371,45.9690853]},"properties":{"eidBuilding":"100200000214835320","buildingNumber":"70","cadastralMunicipalityCode":"1703","yearBuilt":1974,"buildingType":"samostoječa stavba"}},{"type":"Feature","id":"100200000214835650","geometry":{"type":"Point","coordinates":[14.4382007,45.9695319]},"properties":{"eidBuilding":"100200000214835650","buildingNumber":"103","cadastralMunicipalityCode":"1703","yearBuilt":2000,"buildingType":"samostoječa stavba"}},{"type":"Feature","id":"100200000214835726","geometry":{"type":"Point","coordinates":[14.4380306,45.9704932]},"properties":{"eidBuilding":"100200000214835726","buildingNumber":"110","cadastralMunicipalityCode":"1703","yearBuilt":1977,"buildingType":"samostoječa stavba"}},{"type":"Feature","id":"100200000214836179","geometry":{"type":"Point","coordinates":[14.4384386,45.9711551]},"properties":{"eidBuilding":"100200000214836179","buildingNumber":"155","cadastralMunicipalityCode":"1703","yearBuilt":1991,"buildingType":"samostoječa stavba"}},{"type":"Feature","id":"100200000214836245","geometry":{"type":"Point","coordinates":[14.4377977,45.9712726]},"properties":{"eidBuilding":"100200000214836245","buildingNumber":"162","cadastralMunicipalityCode":"1703","yearBuilt":1992,"buildingType":"samostoječa stavba"}},{"type":"Feature","id":"100200000214836401","geometry":{"type":"Point","coordinates":[14.436417,45.9708867]},"properties":{"eidBuilding":"100200000214836401","buildingNumber":"178","cadastralMunicipalityCode":"1703","yearBuilt":1936,"buildingType":"samostoječa stavba"}},{"type":"Feature","id":"100200000214836807","geometry":{"type":"Point","coordinates":[14.4339117,45.9708215]},"properties":{"eidBuilding":"100200000214836807","buildingNumber":"218","cadastralMunicipalityCode":"1703","yearBuilt":1970,"buildingType":"samostoječa stavba"}},{"type":"Feature","id":"100200000214837037","geometry":{"type":"Point","coordinates":[14.4316546,45.9694077]},"properties":{"eidBuilding":"100200000214837037","buildingNumber":"241","cadastralMunicipalityCode":"1703","yearBuilt":1999,"buildingType":"samostoječa stavba"}},{"type":"Feature","id":"100200000214836054","geometry":{"type":"Point","coordinates":[14.4396491,45.9714504]},"properties":{"eidBuilding":"100200000214836054","buildingNumber":"143","cadastralMunicipalityCode":"1703","yearBuilt":1983,"buildingType":"samostoječa stavba"}},{"type":"Feature","id":"100200000214836161","geometry":{"type":"Point","coordinates":[14.4385701,45.9712586]},"properties":{"eidBuilding":"100200000214836161","buildingNumber":"154","cadastralMunicipalityCode":"1703","yearBuilt":1982,"buildingType":"samostoječa stavba"}},{"type":"Feature","id":"100200000214836187","geometry":{"type":"Point","coordinates":[14.4379147,45.9707013]},"properties":{"eidBuilding":"100200000214836187","buildingNumber":"156","cadastralMunicipalityCode":"1703","yearBuilt":1972,"buildingType":"samostoječa stavba"}},{"type":"Feature","id":"100200000214836229","geometry":{"type":"Point","coordinates":[14.4380044,45.9714725]},"properties":{"eidBuilding":"100200000214836229","buildingNumber":"160","cadastralMunicipalityCode":"1703","yearBuilt":1948,"buildingType":"samostoječa stavba"}},{"type":"Feature","id":"100200000214836237","geometry":{"type":"Point","coordinates":[14.4380546,45.9712846]},"properties":{"eidBuilding":"100200000214836237","buildingNumber":"161","cadastralMunicipalityCode":"1703","yearBuilt":1984,"buildingType":"samostoječa stavba"}},{"type":"Feature","id":"100200000214836278","geometry":{"type":"Point","coordinates":[14.4374823,45.971451]},"properties":{"eidBuilding":"100200000214836278","buildingNumber":"165","cadastralMunicipalityCode":"1703","yearBuilt":1990,"buildingType":"samostoječa stavba"}},{"type":"Feature","id":"100200000214835866","geometry":{"type":"Point","coordinates":[14.4390917,45.9700585]},"properties":{"eidBuilding":"100200000214835866","buildingNumber":"124","cadastralMunicipalityCode":"1703","yearBuilt":1990,"buildingType":"samostoječa stavba"}},{"type":"Feature","id":"100200000214835874","geometry":{"type":"Point","coordinates":[14.4391926,45.969913]},"properties":{"eidBuilding":"100200000214835874","buildingNumber":"125","cadastralMunicipalityCode":"1703","yearBuilt":1989,"buildingType":"samostoječa stavba"}},{"type":"Feature","id":"100200000214835882","geometry":{"type":"Point","coordinates":[14.4396929,45.9699655]},"properties":{"eidBuilding":"100200000214835882","buildingNumber":"126","cadastralMunicipalityCode":"1703","yearBuilt":1987,"buildingType":"samostoječa stavba"}},{"type":"Feature","id":"100200000214835890","geometry":{"type":"Point","coordinates":[14.4396594,45.9702589]},"properties":{"eidBuilding":"100200000214835890","buildingNumber":"127","cadastralMunicipalityCode":"1703","yearBuilt":1987,"buildingType":"samostoječa stavba"}},{"type":"Feature","id":"100200000214835916","geometry":{"type":"Point","coordinates":[14.4392762,45.9705737]},"properties":{"eidBuilding":"100200000214835916","buildingNumber":"129","cadastralMunicipalityCode":"1703","yearBuilt":2003,"buildingType":"samostoječa stavba"}},{"type":"Feature","id":"100200000214835924","geometry":{"type":"Point","coordinates":[14.4390125,45.9707991]},"properties":{"eidBuilding":"100200000214835924","buildingNumber":"130","cadastralMunicipalityCode":"1703","yearBuilt":1991,"buildingType":"samostoječa stavba"}},{"type":"Feature","id":"100200000214840627","geometry":{"type":"Point","coordinates":[14.4217445,45.9756587]},"properties":{"eidBuilding":"100200000214840627","buildingNumber":"488","cadastralMunicipalityCode":"1703","yearBuilt":1950,"buildingType":"samostoječa stavba"}},{"type":"Feature","id":"100200000214840635","geometry":{"type":"Point","coordinates":[14.4218061,45.9755904]},"properties":{"eidBuilding":"100200000214840635","buildingNumber":"489","cadastralMunicipalityCode":"1703","yearBuilt":1950,"buildingType":"samostoječa stavba"}},{"type":"Feature","id":"100200000214840643","geometry":{"type":"Point","coordinates":[14.4220924,45.9757761]},"properties":{"eidBuilding":"100200000214840643","buildingNumber":"490","cadastralMunicipalityCode":"1703","yearBuilt":1953,"buildingType":"samostoječa stavba"}},{"type":"Feature","id":"100200000214840668","geometry":{"type":"Point","coordinates":[14.4223303,45.9760163]},"properties":{"eidBuilding":"100200000214840668","buildingNumber":"492","cadastralMunicipalityCode":"1703","yearBuilt":1960,"buildingType":"samostoječa stavba"}},{"type":"Feature","id":"100200000214838274","geometry":{"type":"Point","coordinates":[14.4255156,45.9725628]},"properties":{"eidBuilding":"100200000214838274","buildingNumber":"365","cadastralMunicipalityCode":"1703","yearBuilt":1976,"buildingType":"samostoječa stavba"}},{"type":"Feature","id":"100200000214838290","geometry":{"type":"Point","coordinates":[14.4258296,45.9723261]},"properties":{"eidBuilding":"100200000214838290","buildingNumber":"367","cadastralMunicipalityCode":"1703","yearBuilt":1937,"buildingType":"samostoječa stavba"}},{"type":"Feature","id":"100200000214838308","geometry":{"type":"Point","coordinates":[14.4256597,45.9723953]},"properties":{"eidBuilding":"100200000214838308","buildingNumber":"368","cadastralMunicipalityCode":"1703","yearBuilt":1937,"buildingType":"samostoječa stavba"}},{"type":"Feature","id":"100200000214838332","geometry":{"type":"Point","coordinates":[14.4250655,45.9723048]},"properties":{"eidBuilding":"100200000214838332","buildingNumber":"371","cadastralMunicipalityCode":"1703","yearBuilt":1966,"buildingType":"samostoječa stavba"}},{"type":"Feature","id":"100200000214838365","geometry":{"type":"Point","coordinates":[14.424866,45.9724302]},"properties":{"eidBuilding":"100200000214838365","buildingNumber":"374","cadastralMunicipalityCode":"1703","yearBuilt":1997,"buildingType":"samostoječa stavba"}},{"type":"Feature","id":"100200000214838373","geometry":{"type":"Point","coordinates":[14.4246304,45.9723696]},"properties":{"eidBuilding":"100200000214838373","buildingNumber":"375","cadastralMunicipalityCode":"1703","yearBuilt":1975,"buildingType":"samostoječa stavba"}},{"type":"Feature","id":"100200000214838381","geometry":{"type":"Point","coordinates":[14.4247672,45.9723378]},"properties":{"eidBuilding":"100200000214838381","buildingNumber":"376","cadastralMunicipalityCode":"1703","yearBuilt":1991,"buildingType":"samostoječa stavba"}},{"type":"Feature","id":"100200000214838399","geometry":{"type":"Point","coordinates":[14.4247219,45.972412]},"properties":{"eidBuilding":"100200000214838399","buildingNumber":"377","cadastralMunicipalityCode":"1703","yearBuilt":1973,"buildingType":"samostoječa stavba"}},{"type":"Feature","id":"100200000214838449","geometry":{"type":"Point","coordinates":[14.4224761,45.9727546]},"properties":{"eidBuilding":"100200000214838449","buildingNumber":"382","cadastralMunicipalityCode":"1703","yearBuilt":1900,"buildingType":"samostoječa stavba"}},{"type":"Feature","id":"100200000214837326","geometry":{"type":"Point","coordinates":[14.4321652,45.9711013]},"properties":{"eidBuilding":"100200000214837326","buildingNumber":"270","cadastralMunicipalityCode":"1703","yearBuilt":1980,"buildingType":"samostoječa stavba"}},{"type":"Feature","id":"100200000214837607","geometry":{"type":"Point","coordinates":[14.4289101,45.9715332]},"properties":{"eidBuilding":"100200000214837607","buildingNumber":"298","cadastralMunicipalityCode":"1703","yearBuilt":1970,"buildingType":"samostoječa stavba"}},{"type":"Feature","id":"100200000214837698","geometry":{"type":"Point","coordinates":[14.4274701,45.9715474]},"properties":{"eidBuilding":"100200000214837698","buildingNumber":"307","cadastralMunicipalityCode":"1703","yearBuilt":1941,"buildingType":"samostoječa stavba"}},{"type":"Feature","id":"100200000214837805","geometry":{"type":"Point","coordinates":[14.4280469,45.9720106]},"properties":{"eidBuilding":"100200000214837805","buildingNumber":"318","cadastralMunicipalityCode":"1703","yearBuilt":1965,"buildingType":"samostoječa stavba"}},{"type":"Feature","id":"100200000214838100","geometry":{"type":"Point","coordinates":[14.4346713,45.9711658]},"properties":{"eidBuilding":"100200000214838100","buildingNumber":"348","cadastralMunicipalityCode":"1703","yearBuilt":1923,"buildingType":"samostoječa stavba"}},{"type":"Feature","id":"100200000214838258","geometry":{"type":"Point","coordinates":[14.4253145,45.972699]},"properties":{"eidBuilding":"100200000214838258","buildingNumber":"363","cadastralMunicipalityCode":"1703","yearBuilt":1976,"buildingType":"samostoječa stavba"}},{"type":"Feature","id":"100200000214838431","geometry":{"type":"Point","coordinates":[14.422546,45.9726478]},"properties":{"eidBuilding":"100200000214838431","buildingNumber":"381","cadastralMunicipalityCode":"1703","yearBuilt":1960,"buildingType":"samostoječa stavba"}},{"type":"Feature","id":"100200000214839892","geometry":{"type":"Point","coordinates":[14.4219576,45.9740406]},"properties":{"eidBuilding":"100200000214839892","buildingNumber":"420","cadastralMunicipalityCode":"1703","yearBuilt":1979,"buildingType":"samostoječa stavba"}},{"type":"Feature","id":"100200000214840098","geometry":{"type":"Point","coordinates":[14.4211063,45.9741384]},"properties":{"eidBuilding":"100200000214840098","buildingNumber":"440","cadastralMunicipalityCode":"1703","yearBuilt":1994,"buildingType":"samostoječa stavba"}},{"type":"Feature","id":"100200000214835932","geometry":{"type":"Point","coordinates":[14.4389448,45.9709527]},"properties":{"eidBuilding":"100200000214835932","buildingNumber":"131","cadastralMunicipalityCode":"1703","yearBuilt":1990,"buildingType":"samostoječa stavba"}},{"type":"Feature","id":"100200000214835940","geometry":{"type":"Point","coordinates":[14.4394549,45.9711212]},"properties":{"eidBuilding":"100200000214835940","buildingNumber":"132","cadastralMunicipalityCode":"1703","yearBuilt":1980,"buildingType":"samostoječa stavba"}},{"type":"Feature","id":"100200000214835957","geometry":{"type":"Point","coordinates":[14.4396463,45.971171]},"properties":{"eidBuilding":"100200000214835957","buildingNumber":"133","cadastralMunicipalityCode":"1703","yearBuilt":1989,"buildingType":"samostoječa stavba"}},{"type":"Feature","id":"100200000214835973","geometry":{"type":"Point","coordinates":[14.4403033,45.9708262]},"properties":{"eidBuilding":"100200000214835973","buildingNumber":"135","cadastralMunicipalityCode":"1703","yearBuilt":1995,"buildingType":"samostoječa stavba"}},{"type":"Feature","id":"100200000214835981","geometry":{"type":"Point","coordinates":[14.4404021,45.9709087]},"properties":{"eidBuilding":"100200000214835981","buildingNumber":"136","cadastralMunicipalityCode":"1703","yearBuilt":1994,"buildingType":"samostoječa stavba"}},{"type":"Feature","id":"100200000214836005","geometry":{"type":"Point","coordinates":[14.4409147,45.9709455]},"properties":{"eidBuilding":"100200000214836005","buildingNumber":"138","cadastralMunicipalityCode":"1703","yearBuilt":1991,"buildingType":"samostoječa stavba"}},{"type":"Feature","id":"100200000214836013","geometry":{"type":"Point","coordinates":[14.4367658,45.9704661]},"properties":{"eidBuilding":"100200000214836013","buildingNumber":"139","cadastralMunicipalityCode":"1703","yearBuilt":1996,"buildingType":"samostoječa stavba"}},{"type":"Feature","id":"100200000214836021","geometry":{"type":"Point","coordinates":[14.4372072,45.9705584]},"properties":{"eidBuilding":"100200000214836021","buildingNumber":"140","cadastralMunicipalityCode":"1703","yearBuilt":1977,"buildingType":"samostoječa stavba"}},{"type":"Feature","id":"100200000214836039","geometry":{"type":"Point","coordinates":[14.4373616,45.9704331]},"properties":{"eidBuilding":"100200000214836039","buildingNumber":"141","cadastralMunicipalityCode":"1703","yearBuilt":1986,"buildingType":"samostoječa stavba"}},{"type":"Feature","id":"100200000214836047","geometry":{"type":"Point","coordinates":[14.4402567,45.9714317]},"properties":{"eidBuilding":"100200000214836047","buildingNumber":"142","cadastralMunicipalityCode":"1703","yearBuilt":1994,"buildingType":"samostoječa stavba"}},{"type":"Feature","id":"100200000214836088","geometry":{"type":"Point","coordinates":[14.4394476,45.971669]},"properties":{"eidBuilding":"100200000214836088","buildingNumber":"146","cadastralMunicipalityCode":"1703","yearBuilt":1985,"buildingType":"samostoječa stavba"}},{"type":"Feature","id":"100200000214836096","geometry":{"type":"Point","coordinates":[14.4393232,45.9716425]},"properties":{"eidBuilding":"100200000214836096","buildingNumber":"147","cadastralMunicipalityCode":"1703","yearBuilt":1980,"buildingType":"samostoječa stavba"}},{"type":"Feature","id":"100200000214836104","geometry":{"type":"Point","coordinates":[14.4390348,45.971553]},"properties":{"eidBuilding":"100200000214836104","buildingNumber":"148","cadastralMunicipalityCode":"1703","yearBuilt":1987,"buildingType":"samostoječa stavba"}},{"type":"Feature","id":"100200000214836120","geometry":{"type":"Point","coordinates":[14.4388101,45.9715274]},"properties":{"eidBuilding":"100200000214836120","buildingNumber":"150","cadastralMunicipalityCode":"1703","yearBuilt":1990,"buildingType":"samostoječa stavba"}},{"type":"Feature","id":"100200000214838464","geometry":{"type":"Point","coordinates":[14.4219856,45.9728204]},"properties":{"eidBuilding":"100200000214838464","buildingNumber":"384","cadastralMunicipalityCode":"1703","yearBuilt":1935,"buildingType":"samostoječa stavba"}},{"type":"Feature","id":"100200000214839520","geometry":{"type":"Point","coordinates":[14.424779,45.9726802]},"properties":{"eidBuilding":"100200000214839520","buildingNumber":"386","cadastralMunicipalityCode":"1703","yearBuilt":1975,"buildingType":"samostoječa stavba"}},{"type":"Feature","id":"100200000214839546","geometry":{"type":"Point","coordinates":[14.4249414,45.9727952]},"properties":{"eidBuilding":"100200000214839546","buildingNumber":"388","cadastralMunicipalityCode":"1703","yearBuilt":1950,"buildingType":"samostoječa stavba"}},{"type":"Feature","id":"100200000214839553","geometry":{"type":"Point","coordinates":[14.4250232,45.9728988]},"properties":{"eidBuilding":"100200000214839553","buildingNumber":"389","cadastralMunicipalityCode":"1703","yearBuilt":1975,"buildingType":"samostoječa stavba"}},{"type":"Feature","id":"100200000214839561","geometry":{"type":"Point","coordinates":[14.424704,45.9729013]},"properties":{"eidBuilding":"100200000214839561","buildingNumber":"390","cadastralMunicipalityCode":"1703","yearBuilt":1950,"buildingType":"samostoječa stavba"}},{"type":"Feature","id":"100200000214839694","geometry":{"type":"Point","coordinates":[14.4216677,45.9733144]},"properties":{"eidBuilding":"100200000214839694","buildingNumber":"400","cadastralMunicipalityCode":"1703","yearBuilt":1960,"buildingType":"samostoječa stavba"}},{"type":"Feature","id":"100200000214839769","geometry":{"type":"Point","coordinates":[14.421905,45.9735663]},"properties":{"eidBuilding":"100200000214839769","buildingNumber":"407","cadastralMunicipalityCode":"1703","yearBuilt":1962,"buildingType":"samostoječa stavba"}},{"type":"Feature","id":"100200000214839777","geometry":{"type":"Point","coordinates":[14.4220017,45.9735115]},"properties":{"eidBuilding":"100200000214839777","buildingNumber":"408","cadastralMunicipalityCode":"1703","yearBuilt":1986,"buildingType":"samostoječa stavba"}},{"type":"Feature","id":"100200000214839785","geometry":{"type":"Point","coordinates":[14.4222944,45.97375]},"properties":{"eidBuilding":"100200000214839785","buildingNumber":"409","cadastralMunicipalityCode":"1703","yearBuilt":1961,"buildingType":"samostoječa stavba"}},{"type":"Feature","id":"100200000214839975","geometry":{"type":"Point","coordinates":[14.4208969,45.9736304]},"properties":{"eidBuilding":"100200000214839975","buildingNumber":"428","cadastralMunicipalityCode":"1703","yearBuilt":2002,"buildingType":"samostoječa stavba"}},{"type":"Feature","id":"100200000214839991","geometry":{"type":"Point","coordinates":[14.4210977,45.9737013]},"properties":{"eidBuilding":"100200000214839991","buildingNumber":"430","cadastralMunicipalityCode":"1703","yearBuilt":1920,"buildingType":"samostoječa stavba"}},{"type":"Feature","id":"100200000214840007","geometry":{"type":"Point","coordinates":[14.421256,45.9738433]},"properties":{"eidBuilding":"100200000214840007","buildingNumber":"431","cadastralMunicipalityCode":"1703","yearBuilt":1951,"buildingType":"samostoječa stavba"}},{"type":"Feature","id":"100200000214840254","geometry":{"type":"Point","coordinates":[14.4223822,45.9754926]},"properties":{"eidBuilding":"100200000214840254","buildingNumber":"456","cadastralMunicipalityCode":"1703","yearBuilt":1961,"buildingType":"samostoječa stavba"}},{"type":"Feature","id":"100200000214840437","geometry":{"type":"Point","coordinates":[14.4199908,45.9763958]},"properties":{"eidBuilding":"100200000214840437","buildingNumber":"471","cadastralMunicipalityCode":"1703","yearBuilt":1983,"buildingType":"samostoječa stavba"}},{"type":"Feature","id":"100200000214840569","geometry":{"type":"Point","coordinates":[14.4213843,45.9754019]},"properties":{"eidBuilding":"100200000214840569","buildingNumber":"482","cadastralMunicipalityCode":"1703","yearBuilt":1980,"buildingType":"samostoječa stavba"}},{"type":"Feature","id":"100200000214840619","geometry":{"type":"Point","coordinates":[14.4216193,45.9755096]},"properties":{"eidBuilding":"100200000214840619","buildingNumber":"487","cadastralMunicipalityCode":"1703","yearBuilt":1970,"buildingType":"samostoječa stavba"}},{"type":"Feature","id":"100200000214840783","geometry":{"type":"Point","coordinates":[14.4232438,45.9766451]},"properties":{"eidBuilding":"100200000214840783","buildingNumber":"504","cadastralMunicipalityCode":"1703","yearBuilt":1950,"buildingType":"samostoječa stavba"}},{"type":"Feature","id":"100200000214840866","geometry":{"type":"Point","coordinates":[14.4256146,45.9783206]},"properties":{"eidBuilding":"100200000214840866","buildingNumber":"512","cadastralMunicipalityCode":"1703","yearBuilt":1940,"buildingType":"samostoječa stavba"}},{"type":"Feature","id":"100200000316619036","geometry":{"type":"Point","coordinates":[14.4205814,45.9763268]},"properties":{"eidBuilding":"100200000316619036","buildingNumber":"642","cadastralMunicipalityCode":"1703","yearBuilt":2009,"buildingType":"krajna vrstna stavba"}},{"type":"Feature","id":"100200000317882534","geometry":{"type":"Point","coordinates":[14.4223966,45.973398]},"properties":{"eidBuilding":"100200000317882534","buildingNumber":"651","cadastralMunicipalityCode":"1703","yearBuilt":2009,"buildingType":"samostoječa stavba"}},{"type":"Feature","id":"100200000318102197","geometry":{"type":"Point","coordinates":[14.4332009,45.9705549]},"properties":{"eidBuilding":"100200000318102197","buildingNumber":"656","cadastralMunicipalityCode":"1703","yearBuilt":2008,"buildingType":"krajna vrstna stavba"}},{"type":"Feature","id":"100200000214836138","geometry":{"type":"Point","coordinates":[14.4386337,45.9716016]},"properties":{"eidBuilding":"100200000214836138","buildingNumber":"151","cadastralMunicipalityCode":"1703","yearBuilt":1977,"buildingType":"samostoječa stavba"}},{"type":"Feature","id":"100200000214836146","geometry":{"type":"Point","coordinates":[14.4384729,45.9715025]},"properties":{"eidBuilding":"100200000214836146","buildingNumber":"152","cadastralMunicipalityCode":"1703","yearBuilt":1998,"buildingType":"samostoječa stavba"}},{"type":"Feature","id":"100200000214836153","geometry":{"type":"Point","coordinates":[14.4385421,45.9713968]},"properties":{"eidBuilding":"100200000214836153","buildingNumber":"153","cadastralMunicipalityCode":"1703","yearBuilt":1974,"buildingType":"samostoječa stavba"}},{"type":"Feature","id":"100200000214836211","geometry":{"type":"Point","coordinates":[14.4380848,45.970998]},"properties":{"eidBuilding":"100200000214836211","buildingNumber":"159","cadastralMunicipalityCode":"1703","yearBuilt":1975,"buildingType":"samostoječa stavba"}},{"type":"Feature","id":"100200000214836294","geometry":{"type":"Point","coordinates":[14.437258,45.971212]},"properties":{"eidBuilding":"100200000214836294","buildingNumber":"167","cadastralMunicipalityCode":"1703","yearBuilt":1991,"buildingType":"samostoječa stavba"}},{"type":"Feature","id":"100200000214836302","geometry":{"type":"Point","coordinates":[14.4370663,45.9712682]},"properties":{"eidBuilding":"100200000214836302","buildingNumber":"168","cadastralMunicipalityCode":"1703","yearBuilt":1973,"buildingType":"samostoječa stavba"}},{"type":"Feature","id":"100200000214836336","geometry":{"type":"Point","coordinates":[14.4374252,45.9708722]},"properties":{"eidBuilding":"100200000214836336","buildingNumber":"171","cadastralMunicipalityCode":"1703","yearBuilt":1932,"buildingType":"samostoječa stavba"}},{"type":"Feature","id":"100200000214836344","geometry":{"type":"Point","coordinates":[14.4373624,45.9710226]},"properties":{"eidBuilding":"100200000214836344","buildingNumber":"172","cadastralMunicipalityCode":"1703","yearBuilt":1989,"buildingType":"samostoječa stavba"}},{"type":"Feature","id":"100200000214836351","geometry":{"type":"Point","coordinates":[14.4369655,45.9709579]},"properties":{"eidBuilding":"100200000214836351","buildingNumber":"173","cadastralMunicipalityCode":"1703","yearBuilt":1978,"buildingType":"samostoječa stavba"}},{"type":"Feature","id":"100200000214836369","geometry":{"type":"Point","coordinates":[14.4371052,45.9709309]},"properties":{"eidBuilding":"100200000214836369","buildingNumber":"174","cadastralMunicipalityCode":"1703","yearBuilt":1960,"buildingType":"samostoječa stavba"}},{"type":"Feature","id":"100200000214836377","geometry":{"type":"Point","coordinates":[14.4369724,45.9710841]},"properties":{"eidBuilding":"100200000214836377","buildingNumber":"175","cadastralMunicipalityCode":"1703","yearBuilt":1954,"buildingType":"samostoječa stavba"}},{"type":"Feature","id":"100200000214836385","geometry":{"type":"Point","coordinates":[14.4366077,45.9710562]},"properties":{"eidBuilding":"100200000214836385","buildingNumber":"176","cadastralMunicipalityCode":"1703","yearBuilt":1975,"buildingType":"samostoječa stavba"}},{"type":"Feature","id":"100200000214840015","geometry":{"type":"Point","coordinates":[14.4211137,45.9739285]},"properties":{"eidBuilding":"100200000214840015","buildingNumber":"432","cadastralMunicipalityCode":"1703","yearBuilt":1983,"buildingType":"samostoječa stavba"}},{"type":"Feature","id":"100200000214840023","geometry":{"type":"Point","coordinates":[14.4213456,45.9739364]},"properties":{"eidBuilding":"100200000214840023","buildingNumber":"433","cadastralMunicipalityCode":"1703","yearBuilt":1987,"buildingType":"samostoječa stavba"}},{"type":"Feature","id":"100200000214840031","geometry":{"type":"Point","coordinates":[14.4214953,45.9739891]},"properties":{"eidBuilding":"100200000214840031","buildingNumber":"434","cadastralMunicipalityCode":"1703","yearBuilt":1955,"buildingType":"samostoječa stavba"}},{"type":"Feature","id":"100200000214840056","geometry":{"type":"Point","coordinates":[14.4214719,45.9741134]},"properties":{"eidBuilding":"100200000214840056","buildingNumber":"436","cadastralMunicipalityCode":"1703","yearBuilt":1980,"buildingType":"samostoječa stavba"}},{"type":"Feature","id":"100200000214840122","geometry":{"type":"Point","coordinates":[14.4209066,45.9741221]},"properties":{"eidBuilding":"100200000214840122","buildingNumber":"443","cadastralMunicipalityCode":"1703","yearBuilt":1953,"buildingType":"samostoječa stavba"}},{"type":"Feature","id":"100200000214840130","geometry":{"type":"Point","coordinates":[14.420777,45.9742368]},"properties":{"eidBuilding":"100200000214840130","buildingNumber":"444","cadastralMunicipalityCode":"1703","yearBuilt":1950,"buildingType":"samostoječa stavba"}},{"type":"Feature","id":"100200000214840155","geometry":{"type":"Point","coordinates":[14.4209406,45.9743537]},"properties":{"eidBuilding":"100200000214840155","buildingNumber":"446","cadastralMunicipalityCode":"1703","yearBuilt":1950,"buildingType":"samostoječa stavba"}},{"type":"Feature","id":"100200000214840320","geometry":{"type":"Point","coordinates":[14.4228088,45.9758521]},"properties":{"eidBuilding":"100200000214840320","buildingNumber":"463","cadastralMunicipalityCode":"1703","yearBuilt":1946,"buildingType":"samostoječa stavba"}},{"type":"Feature","id":"100200000214840353","geometry":{"type":"Point","coordinates":[14.4204646,45.9747011]},"properties":{"eidBuilding":"100200000214840353","buildingNumber":"466","cadastralMunicipalityCode":"1703","yearBuilt":1938,"buildingType":"samostoječa stavba"}},{"type":"Feature","id":"100200000214840411","geometry":{"type":"Point","coordinates":[14.4195305,45.976358]},"properties":{"eidBuilding":"100200000214840411","buildingNumber":"469","cadastralMunicipalityCode":"1703","yearBuilt":1935,"buildingType":"samostoječa stavba"}},{"type":"Feature","id":"100200000214840460","geometry":{"type":"Point","coordinates":[14.419456,45.9754681]},"properties":{"eidBuilding":"100200000214840460","buildingNumber":"472","cadastralMunicipalityCode":"1703","yearBuilt":1965,"buildingType":"samostoječa stavba"}},{"type":"Feature","id":"100200000319839821","geometry":{"type":"Point","coordinates":[14.4322309,45.9696039]},"properties":{"eidBuilding":"100200000319839821","buildingNumber":"658","cadastralMunicipalityCode":"1703","yearBuilt":2014,"buildingType":"samostoječa stavba"}},{"type":"Feature","id":"100200000320112010","geometry":{"type":"Point","coordinates":[14.4203433,45.9759304]},"properties":{"eidBuilding":"100200000320112010","buildingNumber":"662","cadastralMunicipalityCode":"1703","yearBuilt":2010,"buildingType":"krajna vrstna stavba"}},{"type":"Feature","id":"100200000320112168","geometry":{"type":"Point","coordinates":[14.4210864,45.9762618]},"properties":{"eidBuilding":"100200000320112168","buildingNumber":"669","cadastralMunicipalityCode":"1703","yearBuilt":2010,"buildingType":"krajna vrstna stavba"}},{"type":"Feature","id":"100200000320297316","geometry":{"type":"Point","coordinates":[14.4260745,45.971442]},"properties":{"eidBuilding":"100200000320297316","buildingNumber":"672","cadastralMunicipalityCode":"1703","yearBuilt":2011,"buildingType":"ni podatka"}},{"type":"Feature","id":"100200000323204392","geometry":{"type":"Point","coordinates":[14.4373154,45.9624932]},"properties":{"eidBuilding":"100200000323204392","buildingNumber":"674","cadastralMunicipalityCode":"1703","yearBuilt":2013,"buildingType":"samostoječa stavba"}},{"type":"Feature","id":"100200000328356882","geometry":{"type":"Point","coordinates":[14.4408631,45.9714206]},"properties":{"eidBuilding":"100200000328356882","buildingNumber":"686","cadastralMunicipalityCode":"1703","yearBuilt":2016,"buildingType":"samostoječa stavba"}},{"type":"Feature","id":"100200000372407458","geometry":{"type":"Point","coordinates":[14.4261213,45.9717335]},"properties":{"eidBuilding":"100200000372407458","buildingNumber":"698","cadastralMunicipalityCode":"1703","yearBuilt":2021,"buildingType":"samostoječa stavba"}},{"type":"Feature","id":"100201000000054838","geometry":{"type":"Point","coordinates":[14.4304078,45.9717661]},"properties":{"eidBuilding":"100201000000054838","buildingNumber":"704","cadastralMunicipalityCode":"1703","yearBuilt":2020,"buildingType":"samostoječa stavba"}},{"type":"Feature","id":"100201000000040803","geometry":{"type":"Point","coordinates":[14.4258432,45.9716032]},"properties":{"eidBuilding":"100201000000040803","buildingNumber":"703","cadastralMunicipalityCode":"1703","yearBuilt":2022,"buildingType":"samostoječa stavba"}},{"type":"Feature","id":"100201000000093653","geometry":{"type":"Point","coordinates":[14.4204986,45.974539]},"properties":{"eidBuilding":"100201000000093653","buildingNumber":"633","cadastralMunicipalityCode":"1703","yearBuilt":2023,"buildingType":"samostoječa stavba"}},{"type":"Feature","id":"100201000000103304","geometry":{"type":"Point","coordinates":[14.4255544,45.9720041]},"properties":{"eidBuilding":"100201000000103304","buildingNumber":"634","cadastralMunicipalityCode":"1703","yearBuilt":2023,"buildingType":"samostoječa stavba"}},{"type":"Feature","id":"100201000000168091","geometry":{"type":"Point","coordinates":[14.4254133,45.9782243]},"properties":{"eidBuilding":"100201000000168091","buildingNumber":"707","cadastralMunicipalityCode":"1703","yearBuilt":2017,"buildingType":"samostoječa stavba"}},{"type":"Feature","id":"100201000000160460","geometry":{"type":"Point","coordinates":[14.4263095,45.9718604]},"properties":{"eidBuilding":"100201000000160460","buildingNumber":"705","cadastralMunicipalityCode":"1703","yearBuilt":2024,"buildingType":"samostoječa stavba"}},{"type":"Feature","id":"100200000312586759","geometry":{"type":"Point","coordinates":[14.4476749,45.9560831]},"properties":{"eidBuilding":"100200000312586759","buildingNumber":"590","cadastralMunicipalityCode":"1703","yearBuilt":1865,"buildingType":"samostoječa stavba"}},{"type":"Feature","id":"100201000000224217","geometry":{"type":"Point","coordinates":[14.4358528,45.970694]},"properties":{"eidBuilding":"100201000000224217","buildingNumber":"708","cadastralMunicipalityCode":"1703","yearBuilt":2025,"buildingType":"samostoječa stavba"}},{"type":"Feature","id":"100201000000258934","geometry":{"type":"Point","coordinates":[14.4229878,45.9740459]},"properties":{"eidBuilding":"100201000000258934","buildingNumber":"710","cadastralMunicipalityCode":"1703","yearBuilt":1986,"buildingType":"krajna vrstna stavba"}},{"type":"Feature","id":"100201000000243209","geometry":{"type":"Point","coordinates":[14.4217256,45.9750745]},"properties":{"eidBuilding":"100201000000243209","buildingNumber":"709","cadastralMunicipalityCode":"1703","yearBuilt":2025,"buildingType":"krajna vrstna stavba"}}]}