{"type":"FeatureCollection","features":[{"type":"Feature","id":"100201000000009774","geometry":{"type":"Point","coordinates":[14.3981777,45.9642407]},"properties":{"eidBuilding":"100201000000009774","buildingNumber":"970","cadastralMunicipalityCode":"1704","yearBuilt":2014,"buildingType":"samostoječa stavba"}},{"type":"Feature","id":"100200000324075585","geometry":{"type":"Point","coordinates":[14.4092734,45.9584958]},"properties":{"eidBuilding":"100200000324075585","buildingNumber":"925","cadastralMunicipalityCode":"1704","yearBuilt":2002,"buildingType":"ni podatka"}},{"type":"Feature","id":"100200000384308744","geometry":{"type":"Point","coordinates":[14.4107015,45.9517228]},"properties":{"eidBuilding":"100200000384308744","buildingNumber":"968","cadastralMunicipalityCode":"1704","yearBuilt":2021,"buildingType":"samostoječa stavba"}},{"type":"Feature","id":"100200000384308934","geometry":{"type":"Point","coordinates":[14.403265,45.9650946]},"properties":{"eidBuilding":"100200000384308934","buildingNumber":"969","cadastralMunicipalityCode":"1704","yearBuilt":2006,"buildingType":"krajna vrstna stavba"}},{"type":"Feature","id":"100200000250266893","geometry":{"type":"Point","coordinates":[14.3888473,45.9657693]},"properties":{"eidBuilding":"100200000250266893","buildingNumber":"30","cadastralMunicipalityCode":"1704","yearBuilt":1948,"buildingType":"samostoječa stavba"}},{"type":"Feature","id":"100200000250266919","geometry":{"type":"Point","coordinates":[14.3886965,45.9656274]},"properties":{"eidBuilding":"100200000250266919","buildingNumber":"32","cadastralMunicipalityCode":"1704","yearBuilt":1926,"buildingType":"samostoječa stavba"}},{"type":"Feature","id":"100200000250266927","geometry":{"type":"Point","coordinates":[14.3883899,45.9655766]},"properties":{"eidBuilding":"100200000250266927","buildingNumber":"33","cadastralMunicipalityCode":"1704","yearBuilt":1930,"buildingType":"samostoječa stavba"}},{"type":"Feature","id":"100200000250266935","geometry":{"type":"Point","coordinates":[14.3879865,45.965583]},"properties":{"eidBuilding":"100200000250266935","buildingNumber":"34","cadastralMunicipalityCode":"1704","yearBuilt":1920,"buildingType":"samostoječa stavba"}},{"type":"Feature","id":"100200000250266943","geometry":{"type":"Point","coordinates":[14.3893035,45.9655569]},"properties":{"eidBuilding":"100200000250266943","buildingNumber":"35","cadastralMunicipalityCode":"1704","yearBuilt":1975,"buildingType":"samostoječa stavba"}},{"type":"Feature","id":"100200000250266950","geometry":{"type":"Point","coordinates":[14.3897734,45.9653452]},"properties":{"eidBuilding":"100200000250266950","buildingNumber":"36","cadastralMunicipalityCode":"1704","yearBuilt":1965,"buildingType":"samostoječa stavba"}},{"type":"Feature","id":"100200000250266968","geometry":{"type":"Point","coordinates":[14.3899625,45.9654549]},"properties":{"eidBuilding":"100200000250266968","buildingNumber":"37","cadastralMunicipalityCode":"1704","yearBuilt":1984,"buildingType":"samostoječa stavba"}},{"type":"Feature","id":"100200000250266976","geometry":{"type":"Point","coordinates":[14.3901898,45.9654313]},"properties":{"eidBuilding":"100200000250266976","buildingNumber":"38","cadastralMunicipalityCode":"1704","yearBuilt":1989,"buildingType":"samostoječa stavba"}},{"type":"Feature","id":"100200000250266984","geometry":{"type":"Point","coordinates":[14.3900181,45.9652367]},"properties":{"eidBuilding":"100200000250266984","buildingNumber":"39","cadastralMunicipalityCode":"1704","yearBuilt":1967,"buildingType":"samostoječa stavba"}},{"type":"Feature","id":"100200000250266992","geometry":{"type":"Point","coordinates":[14.3902752,45.9650727]},"properties":{"eidBuilding":"100200000250266992","buildingNumber":"40","cadastralMunicipalityCode":"1704","yearBuilt":1966,"buildingType":"samostoječa stavba"}},{"type":"Feature","id":"100200000250267008","geometry":{"type":"Point","coordinates":[14.3905227,45.9652208]},"properties":{"eidBuilding":"100200000250267008","buildingNumber":"41","cadastralMunicipalityCode":"1704","yearBuilt":1975,"buildingType":"samostoječa stavba"}},{"type":"Feature","id":"100200000250267016","geometry":{"type":"Point","coordinates":[14.3906727,45.9651129]},"properties":{"eidBuilding":"100200000250267016","buildingNumber":"42","cadastralMunicipalityCode":"1704","yearBuilt":1987,"buildingType":"samostoječa stavba"}},{"type":"Feature","id":"100200000250267024","geometry":{"type":"Point","coordinates":[14.3905573,45.9648903]},"properties":{"eidBuilding":"100200000250267024","buildingNumber":"43","cadastralMunicipalityCode":"1704","yearBuilt":1964,"buildingType":"samostoječa stavba"}},{"type":"Feature","id":"100200000250267032","geometry":{"type":"Point","coordinates":[14.3912208,45.9644163]},"properties":{"eidBuilding":"100200000250267032","buildingNumber":"44","cadastralMunicipalityCode":"1704","yearBuilt":1985,"buildingType":"samostoječa stavba"}},{"type":"Feature","id":"100200000250267065","geometry":{"type":"Point","coordinates":[14.3920594,45.9641271]},"properties":{"eidBuilding":"100200000250267065","buildingNumber":"47","cadastralMunicipalityCode":"1704","yearBuilt":1970,"buildingType":"samostoječa stavba"}},{"type":"Feature","id":"100200000250267073","geometry":{"type":"Point","coordinates":[14.3921101,45.9640111]},"properties":{"eidBuilding":"100200000250267073","buildingNumber":"48","cadastralMunicipalityCode":"1704","yearBuilt":1962,"buildingType":"samostoječa stavba"}},{"type":"Feature","id":"100200000250267107","geometry":{"type":"Point","coordinates":[14.3923815,45.9635851]},"properties":{"eidBuilding":"100200000250267107","buildingNumber":"51","cadastralMunicipalityCode":"1704","yearBuilt":1933,"buildingType":"samostoječa stavba"}},{"type":"Feature","id":"100200000250267115","geometry":{"type":"Point","coordinates":[14.3923322,45.9636643]},"properties":{"eidBuilding":"100200000250267115","buildingNumber":"52","cadastralMunicipalityCode":"1704","yearBuilt":1933,"buildingType":"samostoječa stavba"}},{"type":"Feature","id":"100200000250267123","geometry":{"type":"Point","coordinates":[14.3922563,45.9636403]},"properties":{"eidBuilding":"100200000250267123","buildingNumber":"53","cadastralMunicipalityCode":"1704","yearBuilt":1998,"buildingType":"samostoječa stavba"}},{"type":"Feature","id":"100200000250267131","geometry":{"type":"Point","coordinates":[14.3922517,45.9635566]},"properties":{"eidBuilding":"100200000250267131","buildingNumber":"54","cadastralMunicipalityCode":"1704","yearBuilt":1977,"buildingType":"samostoječa stavba"}},{"type":"Feature","id":"100200000250267149","geometry":{"type":"Point","coordinates":[14.3922094,45.9634548]},"properties":{"eidBuilding":"100200000250267149","buildingNumber":"55","cadastralMunicipalityCode":"1704","yearBuilt":1980,"buildingType":"samostoječa stavba"}},{"type":"Feature","id":"100200000250267156","geometry":{"type":"Point","coordinates":[14.3912074,45.9641401]},"properties":{"eidBuilding":"100200000250267156","buildingNumber":"56","cadastralMunicipalityCode":"1704","yearBuilt":1949,"buildingType":"samostoječa stavba"}},{"type":"Feature","id":"100200000250267180","geometry":{"type":"Point","coordinates":[14.3911261,45.9639181]},"properties":{"eidBuilding":"100200000250267180","buildingNumber":"59","cadastralMunicipalityCode":"1704","yearBuilt":1989,"buildingType":"samostoječa stavba"}},{"type":"Feature","id":"100200000250267206","geometry":{"type":"Point","coordinates":[14.3913718,45.9638371]},"properties":{"eidBuilding":"100200000250267206","buildingNumber":"61","cadastralMunicipalityCode":"1704","yearBuilt":1990,"buildingType":"samostoječa stavba"}},{"type":"Feature","id":"100200000250267214","geometry":{"type":"Point","coordinates":[14.3916134,45.9639133]},"properties":{"eidBuilding":"100200000250267214","buildingNumber":"62","cadastralMunicipalityCode":"1704","yearBuilt":1968,"buildingType":"samostoječa stavba"}},{"type":"Feature","id":"100200000250267222","geometry":{"type":"Point","coordinates":[14.3918818,45.9638611]},"properties":{"eidBuilding":"100200000250267222","buildingNumber":"63","cadastralMunicipalityCode":"1704","yearBuilt":1991,"buildingType":"samostoječa stavba"}},{"type":"Feature","id":"100200000250267230","geometry":{"type":"Point","coordinates":[14.3920649,45.963855]},"properties":{"eidBuilding":"100200000250267230","buildingNumber":"64","cadastralMunicipalityCode":"1704","yearBuilt":1986,"buildingType":"samostoječa stavba"}},{"type":"Feature","id":"100200000250267248","geometry":{"type":"Point","coordinates":[14.3920717,45.9637187]},"properties":{"eidBuilding":"100200000250267248","buildingNumber":"65","cadastralMunicipalityCode":"1704","yearBuilt":1981,"buildingType":"samostoječa stavba"}},{"type":"Feature","id":"100200000250267263","geometry":{"type":"Point","coordinates":[14.3917237,45.9629233]},"properties":{"eidBuilding":"100200000250267263","buildingNumber":"67","cadastralMunicipalityCode":"1704","yearBuilt":1971,"buildingType":"samostoječa stavba"}},{"type":"Feature","id":"100200000250267289","geometry":{"type":"Point","coordinates":[14.3881049,45.9625064]},"properties":{"eidBuilding":"100200000250267289","buildingNumber":"69","cadastralMunicipalityCode":"1704","yearBuilt":1988,"buildingType":"samostoječa stavba"}},{"type":"Feature","id":"100200000250267297","geometry":{"type":"Point","coordinates":[14.3883724,45.962407]},"properties":{"eidBuilding":"100200000250267297","buildingNumber":"70","cadastralMunicipalityCode":"1704","yearBuilt":1989,"buildingType":"samostoječa stavba"}},{"type":"Feature","id":"100200000250267305","geometry":{"type":"Point","coordinates":[14.3884879,45.962347]},"properties":{"eidBuilding":"100200000250267305","buildingNumber":"71","cadastralMunicipalityCode":"1704","yearBuilt":1984,"buildingType":"samostoječa stavba"}},{"type":"Feature","id":"100200000250267339","geometry":{"type":"Point","coordinates":[14.3889774,45.9621083]},"properties":{"eidBuilding":"100200000250267339","buildingNumber":"74","cadastralMunicipalityCode":"1704","yearBuilt":1974,"buildingType":"samostoječa stavba"}},{"type":"Feature","id":"100200000250267347","geometry":{"type":"Point","coordinates":[14.3887219,45.961951]},"properties":{"eidBuilding":"100200000250267347","buildingNumber":"75","cadastralMunicipalityCode":"1704","yearBuilt":1993,"buildingType":"samostoječa stavba"}},{"type":"Feature","id":"100200000250267354","geometry":{"type":"Point","coordinates":[14.3893454,45.9620661]},"properties":{"eidBuilding":"100200000250267354","buildingNumber":"76","cadastralMunicipalityCode":"1704","yearBuilt":1985,"buildingType":"samostoječa stavba"}},{"type":"Feature","id":"100200000250267362","geometry":{"type":"Point","coordinates":[14.3894094,45.9619138]},"properties":{"eidBuilding":"100200000250267362","buildingNumber":"77","cadastralMunicipalityCode":"1704","yearBuilt":1967,"buildingType":"samostoječa stavba"}},{"type":"Feature","id":"100200000250267370","geometry":{"type":"Point","coordinates":[14.3896068,45.9619788]},"properties":{"eidBuilding":"100200000250267370","buildingNumber":"78","cadastralMunicipalityCode":"1704","yearBuilt":1967,"buildingType":"samostoječa stavba"}},{"type":"Feature","id":"100200000250267388","geometry":{"type":"Point","coordinates":[14.3895052,45.9619787]},"properties":{"eidBuilding":"100200000250267388","buildingNumber":"79","cadastralMunicipalityCode":"1704","yearBuilt":1969,"buildingType":"samostoječa stavba"}},{"type":"Feature","id":"100200000250267438","geometry":{"type":"Point","coordinates":[14.3906342,45.9623567]},"properties":{"eidBuilding":"100200000250267438","buildingNumber":"84","cadastralMunicipalityCode":"1704","yearBuilt":1957,"buildingType":"samostoječa stavba"}},{"type":"Feature","id":"100200000250267461","geometry":{"type":"Point","coordinates":[14.3903535,45.9618068]},"properties":{"eidBuilding":"100200000250267461","buildingNumber":"87","cadastralMunicipalityCode":"1704","yearBuilt":1942,"buildingType":"samostoječa stavba"}},{"type":"Feature","id":"100200000250267487","geometry":{"type":"Point","coordinates":[14.389891,45.96185]},"properties":{"eidBuilding":"100200000250267487","buildingNumber":"89","cadastralMunicipalityCode":"1704","yearBuilt":1994,"buildingType":"samostoječa stavba"}},{"type":"Feature","id":"100200000250267511","geometry":{"type":"Point","coordinates":[14.3911884,45.9616585]},"properties":{"eidBuilding":"100200000250267511","buildingNumber":"92","cadastralMunicipalityCode":"1704","yearBuilt":1850,"buildingType":"samostoječa stavba"}},{"type":"Feature","id":"100200000250267529","geometry":{"type":"Point","coordinates":[14.3911355,45.9615663]},"properties":{"eidBuilding":"100200000250267529","buildingNumber":"93","cadastralMunicipalityCode":"1704","yearBuilt":1990,"buildingType":"samostoječa stavba"}},{"type":"Feature","id":"100200000250267545","geometry":{"type":"Point","coordinates":[14.3940905,45.963095]},"properties":{"eidBuilding":"100200000250267545","buildingNumber":"95","cadastralMunicipalityCode":"1704","yearBuilt":1900,"buildingType":"samostoječa stavba"}},{"type":"Feature","id":"100200000250267040","geometry":{"type":"Point","coordinates":[14.3916948,45.9642905]},"properties":{"eidBuilding":"100200000250267040","buildingNumber":"45","cadastralMunicipalityCode":"1704","yearBuilt":1947,"buildingType":"samostoječa stavba"}},{"type":"Feature","id":"100200000250267099","geometry":{"type":"Point","coordinates":[14.3926227,45.963705]},"properties":{"eidBuilding":"100200000250267099","buildingNumber":"50","cadastralMunicipalityCode":"1704","yearBuilt":1947,"buildingType":"samostoječa stavba"}},{"type":"Feature","id":"100200000250267321","geometry":{"type":"Point","coordinates":[14.3888232,45.9621476]},"properties":{"eidBuilding":"100200000250267321","buildingNumber":"73","cadastralMunicipalityCode":"1704","yearBuilt":1975,"buildingType":"samostoječa stavba"}},{"type":"Feature","id":"100200000250267396","geometry":{"type":"Point","coordinates":[14.3897643,45.9619381]},"properties":{"eidBuilding":"100200000250267396","buildingNumber":"80","cadastralMunicipalityCode":"1704","yearBuilt":1961,"buildingType":"samostoječa stavba"}},{"type":"Feature","id":"100200000250267412","geometry":{"type":"Point","coordinates":[14.3906283,45.9625545]},"properties":{"eidBuilding":"100200000250267412","buildingNumber":"82","cadastralMunicipalityCode":"1704","yearBuilt":1960,"buildingType":"samostoječa stavba"}},{"type":"Feature","id":"100200000318356199","geometry":{"type":"Point","coordinates":[14.4088916,45.9546204]},"properties":{"eidBuilding":"100200000318356199","buildingNumber":"895","cadastralMunicipalityCode":"1704","yearBuilt":2007,"buildingType":"ni podatka"}},{"type":"Feature","id":"100200000250350796","geometry":{"type":"Point","coordinates":[14.3844038,45.9543719]},"properties":{"eidBuilding":"100200000250350796","buildingNumber":"235","cadastralMunicipalityCode":"1704","yearBuilt":1975,"buildingType":"samostoječa stavba"}},{"type":"Feature","id":"100200000250350804","geometry":{"type":"Point","coordinates":[14.3843217,45.9544989]},"properties":{"eidBuilding":"100200000250350804","buildingNumber":"236","cadastralMunicipalityCode":"1704","yearBuilt":1978,"buildingType":"samostoječa stavba"}},{"type":"Feature","id":"100200000250350812","geometry":{"type":"Point","coordinates":[14.384126,45.9543713]},"properties":{"eidBuilding":"100200000250350812","buildingNumber":"237","cadastralMunicipalityCode":"1704","yearBuilt":1803,"buildingType":"samostoječa stavba"}},{"type":"Feature","id":"100200000250350820","geometry":{"type":"Point","coordinates":[14.3840329,45.9545189]},"properties":{"eidBuilding":"100200000250350820","buildingNumber":"238","cadastralMunicipalityCode":"1704","yearBuilt":1926,"buildingType":"samostoječa stavba"}},{"type":"Feature","id":"100200000250350838","geometry":{"type":"Point","coordinates":[14.3839414,45.9546677]},"properties":{"eidBuilding":"100200000250350838","buildingNumber":"239","cadastralMunicipalityCode":"1704","yearBuilt":1972,"buildingType":"samostoječa stavba"}},{"type":"Feature","id":"100200000250350846","geometry":{"type":"Point","coordinates":[14.3842759,45.9547282]},"properties":{"eidBuilding":"100200000250350846","buildingNumber":"240","cadastralMunicipalityCode":"1704","yearBuilt":1926,"buildingType":"samostoječa stavba"}},{"type":"Feature","id":"100200000250350853","geometry":{"type":"Point","coordinates":[14.383891,45.9549636]},"properties":{"eidBuilding":"100200000250350853","buildingNumber":"241","cadastralMunicipalityCode":"1704","yearBuilt":1950,"buildingType":"samostoječa stavba"}},{"type":"Feature","id":"100200000250350861","geometry":{"type":"Point","coordinates":[14.3837133,45.953883]},"properties":{"eidBuilding":"100200000250350861","buildingNumber":"242","cadastralMunicipalityCode":"1704","yearBuilt":1958,"buildingType":"samostoječa stavba"}},{"type":"Feature","id":"100200000250350879","geometry":{"type":"Point","coordinates":[14.3838435,45.9537762]},"properties":{"eidBuilding":"100200000250350879","buildingNumber":"243","cadastralMunicipalityCode":"1704","yearBuilt":1948,"buildingType":"samostoječa stavba"}},{"type":"Feature","id":"100200000250350903","geometry":{"type":"Point","coordinates":[14.3824154,45.9530244]},"properties":{"eidBuilding":"100200000250350903","buildingNumber":"246","cadastralMunicipalityCode":"1704","yearBuilt":1980,"buildingType":"samostoječa stavba"}},{"type":"Feature","id":"100200000250351414","geometry":{"type":"Point","coordinates":[14.3806522,45.9499431]},"properties":{"eidBuilding":"100200000250351414","buildingNumber":"297","cadastralMunicipalityCode":"1704","yearBuilt":1937,"buildingType":"samostoječa stavba"}},{"type":"Feature","id":"100200000250351422","geometry":{"type":"Point","coordinates":[14.3806049,45.9498085]},"properties":{"eidBuilding":"100200000250351422","buildingNumber":"298","cadastralMunicipalityCode":"1704","yearBuilt":1988,"buildingType":"samostoječa stavba"}},{"type":"Feature","id":"100200000250351430","geometry":{"type":"Point","coordinates":[14.3803203,45.9499025]},"properties":{"eidBuilding":"100200000250351430","buildingNumber":"299","cadastralMunicipalityCode":"1704","yearBuilt":1958,"buildingType":"samostoječa stavba"}},{"type":"Feature","id":"100200000250351448","geometry":{"type":"Point","coordinates":[14.3800755,45.9496472]},"properties":{"eidBuilding":"100200000250351448","buildingNumber":"300","cadastralMunicipalityCode":"1704","yearBuilt":1996,"buildingType":"samostoječa stavba"}},{"type":"Feature","id":"100200000250351455","geometry":{"type":"Point","coordinates":[14.3800897,45.949763]},"properties":{"eidBuilding":"100200000250351455","buildingNumber":"301","cadastralMunicipalityCode":"1704","yearBuilt":1965,"buildingType":"samostoječa stavba"}},{"type":"Feature","id":"100200000250356561","geometry":{"type":"Point","coordinates":[14.40535,45.9579066]},"properties":{"eidBuilding":"100200000250356561","buildingNumber":"533","cadastralMunicipalityCode":"1704","yearBuilt":1997,"buildingType":"samostoječa stavba"}},{"type":"Feature","id":"100200000250356579","geometry":{"type":"Point","coordinates":[14.405713,45.9579986]},"properties":{"eidBuilding":"100200000250356579","buildingNumber":"534","cadastralMunicipalityCode":"1704","yearBuilt":1985,"buildingType":"samostoječa stavba"}},{"type":"Feature","id":"100200000250356587","geometry":{"type":"Point","coordinates":[14.4057184,45.9577068]},"properties":{"eidBuilding":"100200000250356587","buildingNumber":"535","cadastralMunicipalityCode":"1704","yearBuilt":1981,"buildingType":"samostoječa stavba"}},{"type":"Feature","id":"100200000250356595","geometry":{"type":"Point","coordinates":[14.4058509,45.9576553]},"properties":{"eidBuilding":"100200000250356595","buildingNumber":"536","cadastralMunicipalityCode":"1704","yearBuilt":1991,"buildingType":"samostoječa stavba"}},{"type":"Feature","id":"100200000250356686","geometry":{"type":"Point","coordinates":[14.4068823,45.9569991]},"properties":{"eidBuilding":"100200000250356686","buildingNumber":"545","cadastralMunicipalityCode":"1704","yearBuilt":1995,"buildingType":"samostoječa stavba"}},{"type":"Feature","id":"100200000250356827","geometry":{"type":"Point","coordinates":[14.410076,45.9601287]},"properties":{"eidBuilding":"100200000250356827","buildingNumber":"554","cadastralMunicipalityCode":"1704","yearBuilt":1980,"buildingType":"samostoječa stavba"}},{"type":"Feature","id":"100200000250356892","geometry":{"type":"Point","coordinates":[14.4053489,45.9566282]},"properties":{"eidBuilding":"100200000250356892","buildingNumber":"559","cadastralMunicipalityCode":"1704","yearBuilt":1975,"buildingType":"samostoječa stavba"}},{"type":"Feature","id":"100200000250356900","geometry":{"type":"Point","coordinates":[14.4054055,45.9565098]},"properties":{"eidBuilding":"100200000250356900","buildingNumber":"560","cadastralMunicipalityCode":"1704","yearBuilt":1981,"buildingType":"samostoječa stavba"}},{"type":"Feature","id":"100200000250356926","geometry":{"type":"Point","coordinates":[14.405501,45.9561788]},"properties":{"eidBuilding":"100200000250356926","buildingNumber":"562","cadastralMunicipalityCode":"1704","yearBuilt":1992,"buildingType":"samostoječa stavba"}},{"type":"Feature","id":"100200000250356959","geometry":{"type":"Point","coordinates":[14.4059297,45.9565525]},"properties":{"eidBuilding":"100200000250356959","buildingNumber":"565","cadastralMunicipalityCode":"1704","yearBuilt":1985,"buildingType":"samostoječa stavba"}},{"type":"Feature","id":"100200000250356983","geometry":{"type":"Point","coordinates":[14.4066898,45.956579]},"properties":{"eidBuilding":"100200000250356983","buildingNumber":"568","cadastralMunicipalityCode":"1704","yearBuilt":1943,"buildingType":"samostoječa stavba"}},{"type":"Feature","id":"100200000250357007","geometry":{"type":"Point","coordinates":[14.4062667,45.9561417]},"properties":{"eidBuilding":"100200000250357007","buildingNumber":"570","cadastralMunicipalityCode":"1704","yearBuilt":1900,"buildingType":"samostoječa stavba"}},{"type":"Feature","id":"100200000250357031","geometry":{"type":"Point","coordinates":[14.40681,45.9563132]},"properties":{"eidBuilding":"100200000250357031","buildingNumber":"573","cadastralMunicipalityCode":"1704","yearBuilt":1959,"buildingType":"samostoječa stavba"}},{"type":"Feature","id":"100200000316343843","geometry":{"type":"Point","coordinates":[14.4027756,45.9643715]},"properties":{"eidBuilding":"100200000316343843","buildingNumber":"876","cadastralMunicipalityCode":"1704","yearBuilt":2009,"buildingType":"samostoječa stavba"}},{"type":"Feature","id":"100200000317496145","geometry":{"type":"Point","coordinates":[14.39875,45.9576642]},"properties":{"eidBuilding":"100200000317496145","buildingNumber":"883","cadastralMunicipalityCode":"1704","yearBuilt":2009,"buildingType":"samostoječa stavba"}},{"type":"Feature","id":"100200000318112824","geometry":{"type":"Point","coordinates":[14.3987958,45.9571718]},"properties":{"eidBuilding":"100200000318112824","buildingNumber":"889","cadastralMunicipalityCode":"1704","yearBuilt":2007,"buildingType":"samostoječa stavba"}},{"type":"Feature","id":"100200000318112840","geometry":{"type":"Point","coordinates":[14.4075,45.9552498]},"properties":{"eidBuilding":"100200000318112840","buildingNumber":"890","cadastralMunicipalityCode":"1704","yearBuilt":2007,"buildingType":"samostoječa stavba"}},{"type":"Feature","id":"100200000318112865","geometry":{"type":"Point","coordinates":[14.4074098,45.9554022]},"properties":{"eidBuilding":"100200000318112865","buildingNumber":"891","cadastralMunicipalityCode":"1704","yearBuilt":2008,"buildingType":"samostoječa stavba"}},{"type":"Feature","id":"100200000318710973","geometry":{"type":"Point","coordinates":[14.3992308,45.9567075]},"properties":{"eidBuilding":"100200000318710973","buildingNumber":"896","cadastralMunicipalityCode":"1704","yearBuilt":2010,"buildingType":"samostoječa stavba"}},{"type":"Feature","id":"100200000318710999","geometry":{"type":"Point","coordinates":[14.3996247,45.9567286]},"properties":{"eidBuilding":"100200000318710999","buildingNumber":"897","cadastralMunicipalityCode":"1704","yearBuilt":2010,"buildingType":"samostoječa stavba"}},{"type":"Feature","id":"100200000319006975","geometry":{"type":"Point","coordinates":[14.4021614,45.9593944]},"properties":{"eidBuilding":"100200000319006975","buildingNumber":"901","cadastralMunicipalityCode":"1704","yearBuilt":2009,"buildingType":"samostoječa stavba"}},{"type":"Feature","id":"100200000319008237","geometry":{"type":"Point","coordinates":[14.4076735,45.953125]},"properties":{"eidBuilding":"100200000319008237","buildingNumber":"902","cadastralMunicipalityCode":"1704","yearBuilt":2010,"buildingType":"samostoječa stavba"}},{"type":"Feature","id":"100200000319197113","geometry":{"type":"Point","coordinates":[14.4061854,45.9567951]},"properties":{"eidBuilding":"100200000319197113","buildingNumber":"903","cadastralMunicipalityCode":"1704","yearBuilt":2010,"buildingType":"samostoječa stavba"}},{"type":"Feature","id":"100200000319383762","geometry":{"type":"Point","coordinates":[14.406659,45.9567816]},"properties":{"eidBuilding":"100200000319383762","buildingNumber":"904","cadastralMunicipalityCode":"1704","yearBuilt":2010,"buildingType":"samostoječa stavba"}},{"type":"Feature","id":"100200000250351463","geometry":{"type":"Point","coordinates":[14.3799614,45.9498993]},"properties":{"eidBuilding":"100200000250351463","buildingNumber":"302","cadastralMunicipalityCode":"1704","yearBuilt":1937,"buildingType":"samostoječa stavba"}},{"type":"Feature","id":"100200000250351513","geometry":{"type":"Point","coordinates":[14.3794752,45.9498132]},"properties":{"eidBuilding":"100200000250351513","buildingNumber":"307","cadastralMunicipalityCode":"1704","yearBuilt":1980,"buildingType":"samostoječa stavba"}},{"type":"Feature","id":"100200000250351521","geometry":{"type":"Point","coordinates":[14.3793164,45.9496708]},"properties":{"eidBuilding":"100200000250351521","buildingNumber":"308","cadastralMunicipalityCode":"1704","yearBuilt":1988,"buildingType":"samostoječa stavba"}},{"type":"Feature","id":"100200000250351539","geometry":{"type":"Point","coordinates":[14.3796255,45.9497261]},"properties":{"eidBuilding":"100200000250351539","buildingNumber":"309","cadastralMunicipalityCode":"1704","yearBuilt":1870,"buildingType":"samostoječa stavba"}},{"type":"Feature","id":"100200000250351562","geometry":{"type":"Point","coordinates":[14.3796935,45.9491232]},"properties":{"eidBuilding":"100200000250351562","buildingNumber":"312","cadastralMunicipalityCode":"1704","yearBuilt":1975,"buildingType":"samostoječa stavba"}},{"type":"Feature","id":"100200000250351570","geometry":{"type":"Point","coordinates":[14.3792983,45.9491769]},"properties":{"eidBuilding":"100200000250351570","buildingNumber":"313","cadastralMunicipalityCode":"1704","yearBuilt":1800,"buildingType":"samostoječa stavba"}},{"type":"Feature","id":"100200000250351596","geometry":{"type":"Point","coordinates":[14.3777629,45.9482813]},"properties":{"eidBuilding":"100200000250351596","buildingNumber":"315","cadastralMunicipalityCode":"1704","yearBuilt":1976,"buildingType":"samostoječa stavba"}},{"type":"Feature","id":"100200000250351604","geometry":{"type":"Point","coordinates":[14.377417,45.9481865]},"properties":{"eidBuilding":"100200000250351604","buildingNumber":"316","cadastralMunicipalityCode":"1704","yearBuilt":1925,"buildingType":"samostoječa stavba"}},{"type":"Feature","id":"100200000250351620","geometry":{"type":"Point","coordinates":[14.3771385,45.9480791]},"properties":{"eidBuilding":"100200000250351620","buildingNumber":"318","cadastralMunicipalityCode":"1704","yearBuilt":1895,"buildingType":"samostoječa stavba"}},{"type":"Feature","id":"100200000250351638","geometry":{"type":"Point","coordinates":[14.3773363,45.9480093]},"properties":{"eidBuilding":"100200000250351638","buildingNumber":"319","cadastralMunicipalityCode":"1704","yearBuilt":1960,"buildingType":"samostoječa stavba"}},{"type":"Feature","id":"100200000250351653","geometry":{"type":"Point","coordinates":[14.3813569,45.9502884]},"properties":{"eidBuilding":"100200000250351653","buildingNumber":"321","cadastralMunicipalityCode":"1704","yearBuilt":1840,"buildingType":"samostoječa stavba"}},{"type":"Feature","id":"100200000250351661","geometry":{"type":"Point","coordinates":[14.3832435,45.9510401]},"properties":{"eidBuilding":"100200000250351661","buildingNumber":"322","cadastralMunicipalityCode":"1704","yearBuilt":1998,"buildingType":"samostoječa stavba"}},{"type":"Feature","id":"100200000250351679","geometry":{"type":"Point","coordinates":[14.3828457,45.9508836]},"properties":{"eidBuilding":"100200000250351679","buildingNumber":"323","cadastralMunicipalityCode":"1704","yearBuilt":1982,"buildingType":"samostoječa stavba"}},{"type":"Feature","id":"100200000250351687","geometry":{"type":"Point","coordinates":[14.3822702,45.9507421]},"properties":{"eidBuilding":"100200000250351687","buildingNumber":"324","cadastralMunicipalityCode":"1704","yearBuilt":1950,"buildingType":"samostoječa stavba"}},{"type":"Feature","id":"100200000250357072","geometry":{"type":"Point","coordinates":[14.4074486,45.9562291]},"properties":{"eidBuilding":"100200000250357072","buildingNumber":"577","cadastralMunicipalityCode":"1704","yearBuilt":1984,"buildingType":"samostoječa stavba"}},{"type":"Feature","id":"100200000250357171","geometry":{"type":"Point","coordinates":[14.4075301,45.955516]},"properties":{"eidBuilding":"100200000250357171","buildingNumber":"587","cadastralMunicipalityCode":"1704","yearBuilt":1903,"buildingType":"samostoječa stavba"}},{"type":"Feature","id":"100200000250357189","geometry":{"type":"Point","coordinates":[14.4075974,45.9554675]},"properties":{"eidBuilding":"100200000250357189","buildingNumber":"588","cadastralMunicipalityCode":"1704","yearBuilt":1990,"buildingType":"samostoječa stavba"}},{"type":"Feature","id":"100200000250357197","geometry":{"type":"Point","coordinates":[14.4078067,45.9554502]},"properties":{"eidBuilding":"100200000250357197","buildingNumber":"589","cadastralMunicipalityCode":"1704","yearBuilt":1978,"buildingType":"samostoječa stavba"}},{"type":"Feature","id":"100200000250357296","geometry":{"type":"Point","coordinates":[14.4076069,45.9566349]},"properties":{"eidBuilding":"100200000250357296","buildingNumber":"599","cadastralMunicipalityCode":"1704","yearBuilt":1930,"buildingType":"samostoječa stavba"}},{"type":"Feature","id":"100200000250357387","geometry":{"type":"Point","coordinates":[14.4079387,45.9564343]},"properties":{"eidBuilding":"100200000250357387","buildingNumber":"608","cadastralMunicipalityCode":"1704","yearBuilt":1890,"buildingType":"samostoječa stavba"}},{"type":"Feature","id":"100200000250357395","geometry":{"type":"Point","coordinates":[14.4079035,45.9565407]},"properties":{"eidBuilding":"100200000250357395","buildingNumber":"609","cadastralMunicipalityCode":"1704","yearBuilt":1917,"buildingType":"samostoječa stavba"}},{"type":"Feature","id":"100200000250357403","geometry":{"type":"Point","coordinates":[14.4082376,45.9563564]},"properties":{"eidBuilding":"100200000250357403","buildingNumber":"610","cadastralMunicipalityCode":"1704","yearBuilt":1750,"buildingType":"samostoječa stavba"}},{"type":"Feature","id":"100200000250357411","geometry":{"type":"Point","coordinates":[14.4083444,45.9564604]},"properties":{"eidBuilding":"100200000250357411","buildingNumber":"611","cadastralMunicipalityCode":"1704","yearBuilt":1750,"buildingType":"samostoječa stavba"}},{"type":"Feature","id":"100200000250357429","geometry":{"type":"Point","coordinates":[14.4084183,45.956552]},"properties":{"eidBuilding":"100200000250357429","buildingNumber":"612","cadastralMunicipalityCode":"1704","yearBuilt":1750,"buildingType":"samostoječa stavba"}},{"type":"Feature","id":"100200000250357437","geometry":{"type":"Point","coordinates":[14.4084831,45.9563857]},"properties":{"eidBuilding":"100200000250357437","buildingNumber":"613","cadastralMunicipalityCode":"1704","yearBuilt":1900,"buildingType":"samostoječa stavba"}},{"type":"Feature","id":"100200000250357445","geometry":{"type":"Point","coordinates":[14.4083817,45.9562722]},"properties":{"eidBuilding":"100200000250357445","buildingNumber":"614","cadastralMunicipalityCode":"1704","yearBuilt":1965,"buildingType":"samostoječa stavba"}},{"type":"Feature","id":"100200000250357452","geometry":{"type":"Point","coordinates":[14.4084367,45.9566707]},"properties":{"eidBuilding":"100200000250357452","buildingNumber":"615","cadastralMunicipalityCode":"1704","yearBuilt":1970,"buildingType":"samostoječa stavba"}},{"type":"Feature","id":"100200000250357478","geometry":{"type":"Point","coordinates":[14.4088485,45.9565908]},"properties":{"eidBuilding":"100200000250357478","buildingNumber":"617","cadastralMunicipalityCode":"1704","yearBuilt":1800,"buildingType":"samostoječa stavba"}},{"type":"Feature","id":"100200000320074426","geometry":{"type":"Point","coordinates":[14.3985797,45.9643657]},"properties":{"eidBuilding":"100200000320074426","buildingNumber":"906","cadastralMunicipalityCode":"1704","yearBuilt":2011,"buildingType":"samostoječa stavba"}},{"type":"Feature","id":"100200000320503127","geometry":{"type":"Point","coordinates":[14.4097061,45.954474]},"properties":{"eidBuilding":"100200000320503127","buildingNumber":"910","cadastralMunicipalityCode":"1704","yearBuilt":2007,"buildingType":"samostoječa stavba"}},{"type":"Feature","id":"100200000322199403","geometry":{"type":"Point","coordinates":[14.3909502,45.9617534]},"properties":{"eidBuilding":"100200000322199403","buildingNumber":"915","cadastralMunicipalityCode":"1704","yearBuilt":2011,"buildingType":"samostoječa stavba"}},{"type":"Feature","id":"100200000312395045","geometry":{"type":"Point","coordinates":[14.3981096,45.9648733]},"properties":{"eidBuilding":"100200000312395045","buildingNumber":"828","cadastralMunicipalityCode":"1704","yearBuilt":2006,"buildingType":"samostoječa stavba"}},{"type":"Feature","id":"100200000312729367","geometry":{"type":"Point","coordinates":[14.3888509,45.962035]},"properties":{"eidBuilding":"100200000312729367","buildingNumber":"836","cadastralMunicipalityCode":"1704","yearBuilt":2002,"buildingType":"samostoječa stavba"}},{"type":"Feature","id":"100200000312753706","geometry":{"type":"Point","coordinates":[14.3994862,45.9620119]},"properties":{"eidBuilding":"100200000312753706","buildingNumber":"842","cadastralMunicipalityCode":"1704","yearBuilt":2001,"buildingType":"samostoječa stavba"}},{"type":"Feature","id":"100200000313492460","geometry":{"type":"Point","coordinates":[14.4072686,45.9553295]},"properties":{"eidBuilding":"100200000313492460","buildingNumber":"850","cadastralMunicipalityCode":"1704","yearBuilt":2007,"buildingType":"samostoječa stavba"}},{"type":"Feature","id":"100200000314921657","geometry":{"type":"Point","coordinates":[14.4001482,45.9564801]},"properties":{"eidBuilding":"100200000314921657","buildingNumber":"853","cadastralMunicipalityCode":"1704","yearBuilt":2003,"buildingType":"samostoječa stavba"}},{"type":"Feature","id":"100200000315004305","geometry":{"type":"Point","coordinates":[14.4102541,45.9634982]},"properties":{"eidBuilding":"100200000315004305","buildingNumber":"856","cadastralMunicipalityCode":"1704","yearBuilt":2006,"buildingType":"samostoječa stavba"}},{"type":"Feature","id":"100200000315287322","geometry":{"type":"Point","coordinates":[14.4094771,45.9564861]},"properties":{"eidBuilding":"100200000315287322","buildingNumber":"858","cadastralMunicipalityCode":"1704","yearBuilt":2007,"buildingType":"samostoječa stavba"}},{"type":"Feature","id":"100200000315470431","geometry":{"type":"Point","coordinates":[14.4011553,45.964207]},"properties":{"eidBuilding":"100200000315470431","buildingNumber":"859","cadastralMunicipalityCode":"1704","yearBuilt":2007,"buildingType":"samostoječa stavba"}},{"type":"Feature","id":"100200000250351695","geometry":{"type":"Point","coordinates":[14.3821242,45.9506315]},"properties":{"eidBuilding":"100200000250351695","buildingNumber":"325","cadastralMunicipalityCode":"1704","yearBuilt":1965,"buildingType":"samostoječa stavba"}},{"type":"Feature","id":"100200000250351703","geometry":{"type":"Point","coordinates":[14.3821894,45.9505192]},"properties":{"eidBuilding":"100200000250351703","buildingNumber":"326","cadastralMunicipalityCode":"1704","yearBuilt":1972,"buildingType":"samostoječa stavba"}},{"type":"Feature","id":"100200000250351737","geometry":{"type":"Point","coordinates":[14.3818159,45.9505699]},"properties":{"eidBuilding":"100200000250351737","buildingNumber":"329","cadastralMunicipalityCode":"1704","yearBuilt":1860,"buildingType":"samostoječa stavba"}},{"type":"Feature","id":"100200000250351745","geometry":{"type":"Point","coordinates":[14.3821398,45.9500362]},"properties":{"eidBuilding":"100200000250351745","buildingNumber":"330","cadastralMunicipalityCode":"1704","yearBuilt":1999,"buildingType":"samostoječa stavba"}},{"type":"Feature","id":"100200000250351794","geometry":{"type":"Point","coordinates":[14.3814171,45.9492558]},"properties":{"eidBuilding":"100200000250351794","buildingNumber":"335","cadastralMunicipalityCode":"1704","yearBuilt":1998,"buildingType":"samostoječa stavba"}},{"type":"Feature","id":"100200000250351802","geometry":{"type":"Point","coordinates":[14.3742916,45.9475029]},"properties":{"eidBuilding":"100200000250351802","buildingNumber":"336","cadastralMunicipalityCode":"1704","yearBuilt":1500,"buildingType":"samostoječa stavba"}},{"type":"Feature","id":"100200000250351828","geometry":{"type":"Point","coordinates":[14.3744158,45.9473015]},"properties":{"eidBuilding":"100200000250351828","buildingNumber":"338","cadastralMunicipalityCode":"1704","yearBuilt":1966,"buildingType":"samostoječa stavba"}},{"type":"Feature","id":"100200000250351844","geometry":{"type":"Point","coordinates":[14.3748903,45.9473985]},"properties":{"eidBuilding":"100200000250351844","buildingNumber":"340","cadastralMunicipalityCode":"1704","yearBuilt":1500,"buildingType":"samostoječa stavba"}},{"type":"Feature","id":"100200000250354707","geometry":{"type":"Point","coordinates":[14.3906721,45.9614066]},"properties":{"eidBuilding":"100200000250354707","buildingNumber":"347","cadastralMunicipalityCode":"1704","yearBuilt":1935,"buildingType":"samostoječa stavba"}},{"type":"Feature","id":"100200000250354715","geometry":{"type":"Point","coordinates":[14.3908177,45.9614049]},"properties":{"eidBuilding":"100200000250354715","buildingNumber":"348","cadastralMunicipalityCode":"1704","yearBuilt":1935,"buildingType":"samostoječa stavba"}},{"type":"Feature","id":"100200000250354723","geometry":{"type":"Point","coordinates":[14.390806,45.9612236]},"properties":{"eidBuilding":"100200000250354723","buildingNumber":"349","cadastralMunicipalityCode":"1704","yearBuilt":1985,"buildingType":"samostoječa stavba"}},{"type":"Feature","id":"100200000250354749","geometry":{"type":"Point","coordinates":[14.3909826,45.9610635]},"properties":{"eidBuilding":"100200000250354749","buildingNumber":"351","cadastralMunicipalityCode":"1704","yearBuilt":1968,"buildingType":"samostoječa stavba"}},{"type":"Feature","id":"100200000250354764","geometry":{"type":"Point","coordinates":[14.390139,45.9571208]},"properties":{"eidBuilding":"100200000250354764","buildingNumber":"353","cadastralMunicipalityCode":"1704","yearBuilt":1970,"buildingType":"samostoječa stavba"}},{"type":"Feature","id":"100200000250354772","geometry":{"type":"Point","coordinates":[14.390328,45.9575727]},"properties":{"eidBuilding":"100200000250354772","buildingNumber":"354","cadastralMunicipalityCode":"1704","yearBuilt":1960,"buildingType":"samostoječa stavba"}},{"type":"Feature","id":"100200000250357494","geometry":{"type":"Point","coordinates":[14.4091003,45.9563624]},"properties":{"eidBuilding":"100200000250357494","buildingNumber":"619","cadastralMunicipalityCode":"1704","yearBuilt":1800,"buildingType":"samostoječa stavba"}},{"type":"Feature","id":"100200000250357502","geometry":{"type":"Point","coordinates":[14.4087949,45.9563986]},"properties":{"eidBuilding":"100200000250357502","buildingNumber":"620","cadastralMunicipalityCode":"1704","yearBuilt":1800,"buildingType":"samostoječa stavba"}},{"type":"Feature","id":"100200000250357510","geometry":{"type":"Point","coordinates":[14.4086356,45.9564689]},"properties":{"eidBuilding":"100200000250357510","buildingNumber":"621","cadastralMunicipalityCode":"1704","yearBuilt":1800,"buildingType":"samostoječa stavba"}},{"type":"Feature","id":"100200000250357528","geometry":{"type":"Point","coordinates":[14.4089201,45.9563502]},"properties":{"eidBuilding":"100200000250357528","buildingNumber":"622","cadastralMunicipalityCode":"1704","yearBuilt":1800,"buildingType":"samostoječa stavba"}},{"type":"Feature","id":"100200000250357536","geometry":{"type":"Point","coordinates":[14.4089757,45.9562651]},"properties":{"eidBuilding":"100200000250357536","buildingNumber":"623","cadastralMunicipalityCode":"1704","yearBuilt":1960,"buildingType":"samostoječa stavba"}},{"type":"Feature","id":"100200000250357544","geometry":{"type":"Point","coordinates":[14.4086484,45.9563053]},"properties":{"eidBuilding":"100200000250357544","buildingNumber":"624","cadastralMunicipalityCode":"1704","yearBuilt":1850,"buildingType":"samostoječa stavba"}},{"type":"Feature","id":"100200000250357551","geometry":{"type":"Point","coordinates":[14.4085,45.956128]},"properties":{"eidBuilding":"100200000250357551","buildingNumber":"625","cadastralMunicipalityCode":"1704","yearBuilt":1850,"buildingType":"samostoječa stavba"}},{"type":"Feature","id":"100200000250357569","geometry":{"type":"Point","coordinates":[14.4087513,45.9560783]},"properties":{"eidBuilding":"100200000250357569","buildingNumber":"626","cadastralMunicipalityCode":"1704","yearBuilt":1987,"buildingType":"samostoječa stavba"}},{"type":"Feature","id":"100200000250357577","geometry":{"type":"Point","coordinates":[14.4089203,45.956135]},"properties":{"eidBuilding":"100200000250357577","buildingNumber":"627","cadastralMunicipalityCode":"1704","yearBuilt":1950,"buildingType":"samostoječa stavba"}},{"type":"Feature","id":"100200000250357585","geometry":{"type":"Point","coordinates":[14.4083908,45.9560334]},"properties":{"eidBuilding":"100200000250357585","buildingNumber":"628","cadastralMunicipalityCode":"1704","yearBuilt":1975,"buildingType":"samostoječa stavba"}},{"type":"Feature","id":"100200000250357593","geometry":{"type":"Point","coordinates":[14.4085406,45.9559447]},"properties":{"eidBuilding":"100200000250357593","buildingNumber":"629","cadastralMunicipalityCode":"1704","yearBuilt":1977,"buildingType":"samostoječa stavba"}},{"type":"Feature","id":"100200000250357601","geometry":{"type":"Point","coordinates":[14.4083891,45.955882]},"properties":{"eidBuilding":"100200000250357601","buildingNumber":"630","cadastralMunicipalityCode":"1704","yearBuilt":1880,"buildingType":"samostoječa stavba"}},{"type":"Feature","id":"100200000250357619","geometry":{"type":"Point","coordinates":[14.4085518,45.9557675]},"properties":{"eidBuilding":"100200000250357619","buildingNumber":"631","cadastralMunicipalityCode":"1704","yearBuilt":1850,"buildingType":"samostoječa stavba"}},{"type":"Feature","id":"100200000250357627","geometry":{"type":"Point","coordinates":[14.4087252,45.955784]},"properties":{"eidBuilding":"100200000250357627","buildingNumber":"632","cadastralMunicipalityCode":"1704","yearBuilt":1975,"buildingType":"samostoječa stavba"}},{"type":"Feature","id":"100200000316139068","geometry":{"type":"Point","coordinates":[14.3972477,45.9651062]},"properties":{"eidBuilding":"100200000316139068","buildingNumber":"866","cadastralMunicipalityCode":"1704","yearBuilt":2007,"buildingType":"samostoječa stavba"}},{"type":"Feature","id":"100200000316343702","geometry":{"type":"Point","coordinates":[14.4021774,45.9648092]},"properties":{"eidBuilding":"100200000316343702","buildingNumber":"869","cadastralMunicipalityCode":"1704","yearBuilt":2009,"buildingType":"samostoječa stavba"}},{"type":"Feature","id":"100200000316343728","geometry":{"type":"Point","coordinates":[14.4021108,45.9650068]},"properties":{"eidBuilding":"100200000316343728","buildingNumber":"870","cadastralMunicipalityCode":"1704","yearBuilt":2009,"buildingType":"samostoječa stavba"}},{"type":"Feature","id":"100200000316343744","geometry":{"type":"Point","coordinates":[14.4021167,45.965209]},"properties":{"eidBuilding":"100200000316343744","buildingNumber":"871","cadastralMunicipalityCode":"1704","yearBuilt":2009,"buildingType":"samostoječa stavba"}},{"type":"Feature","id":"100200000316343801","geometry":{"type":"Point","coordinates":[14.4026418,45.9648206]},"properties":{"eidBuilding":"100200000316343801","buildingNumber":"874","cadastralMunicipalityCode":"1704","yearBuilt":2009,"buildingType":"samostoječa stavba"}},{"type":"Feature","id":"100200000316343827","geometry":{"type":"Point","coordinates":[14.4027218,45.9645781]},"properties":{"eidBuilding":"100200000316343827","buildingNumber":"875","cadastralMunicipalityCode":"1704","yearBuilt":2009,"buildingType":"samostoječa stavba"}},{"type":"Feature","id":"100200000317704894","geometry":{"type":"Point","coordinates":[14.4077283,45.9553162]},"properties":{"eidBuilding":"100200000317704894","buildingNumber":"884","cadastralMunicipalityCode":"1704","yearBuilt":2008,"buildingType":"samostoječa stavba"}},{"type":"Feature","id":"100200000317704936","geometry":{"type":"Point","coordinates":[14.4077368,45.9551697]},"properties":{"eidBuilding":"100200000317704936","buildingNumber":"886","cadastralMunicipalityCode":"1704","yearBuilt":2008,"buildingType":"samostoječa stavba"}},{"type":"Feature","id":"100200000317728497","geometry":{"type":"Point","coordinates":[14.4080391,45.9550873]},"properties":{"eidBuilding":"100200000317728497","buildingNumber":"887","cadastralMunicipalityCode":"1704","yearBuilt":2008,"buildingType":"samostoječa stavba"}},{"type":"Feature","id":"100200000318111339","geometry":{"type":"Point","coordinates":[14.4042936,45.958508]},"properties":{"eidBuilding":"100200000318111339","buildingNumber":"888","cadastralMunicipalityCode":"1704","yearBuilt":2007,"buildingType":"samostoječa stavba"}},{"type":"Feature","id":"100200000318961378","geometry":{"type":"Point","coordinates":[14.3818132,45.9500355]},"properties":{"eidBuilding":"100200000318961378","buildingNumber":"900","cadastralMunicipalityCode":"1704","yearBuilt":2004,"buildingType":"samostoječa stavba"}},{"type":"Feature","id":"100200000250354780","geometry":{"type":"Point","coordinates":[14.3911158,45.9570705]},"properties":{"eidBuilding":"100200000250354780","buildingNumber":"355","cadastralMunicipalityCode":"1704","yearBuilt":1983,"buildingType":"samostoječa stavba"}},{"type":"Feature","id":"100200000250354806","geometry":{"type":"Point","coordinates":[14.3946419,45.9589273]},"properties":{"eidBuilding":"100200000250354806","buildingNumber":"357","cadastralMunicipalityCode":"1704","yearBuilt":1728,"buildingType":"samostoječa stavba"}},{"type":"Feature","id":"100200000250354855","geometry":{"type":"Point","coordinates":[14.3901355,45.9569511]},"properties":{"eidBuilding":"100200000250354855","buildingNumber":"362","cadastralMunicipalityCode":"1704","yearBuilt":1848,"buildingType":"samostoječa stavba"}},{"type":"Feature","id":"100200000250354863","geometry":{"type":"Point","coordinates":[14.3912277,45.9569633]},"properties":{"eidBuilding":"100200000250354863","buildingNumber":"363","cadastralMunicipalityCode":"1704","yearBuilt":1980,"buildingType":"samostoječa stavba"}},{"type":"Feature","id":"100200000250354871","geometry":{"type":"Point","coordinates":[14.39132,45.9568311]},"properties":{"eidBuilding":"100200000250354871","buildingNumber":"364","cadastralMunicipalityCode":"1704","yearBuilt":1985,"buildingType":"samostoječa stavba"}},{"type":"Feature","id":"100200000250354897","geometry":{"type":"Point","coordinates":[14.3917784,45.9568121]},"properties":{"eidBuilding":"100200000250354897","buildingNumber":"366","cadastralMunicipalityCode":"1704","yearBuilt":1969,"buildingType":"samostoječa stavba"}},{"type":"Feature","id":"100200000250354905","geometry":{"type":"Point","coordinates":[14.3911946,45.9562754]},"properties":{"eidBuilding":"100200000250354905","buildingNumber":"367","cadastralMunicipalityCode":"1704","yearBuilt":1980,"buildingType":"samostoječa stavba"}},{"type":"Feature","id":"100200000250354913","geometry":{"type":"Point","coordinates":[14.3916918,45.9563777]},"properties":{"eidBuilding":"100200000250354913","buildingNumber":"368","cadastralMunicipalityCode":"1704","yearBuilt":1905,"buildingType":"samostoječa stavba"}},{"type":"Feature","id":"100200000250354921","geometry":{"type":"Point","coordinates":[14.3914524,45.9564496]},"properties":{"eidBuilding":"100200000250354921","buildingNumber":"369","cadastralMunicipalityCode":"1704","yearBuilt":2003,"buildingType":"samostoječa stavba"}},{"type":"Feature","id":"100200000250354947","geometry":{"type":"Point","coordinates":[14.3916321,45.9562245]},"properties":{"eidBuilding":"100200000250354947","buildingNumber":"371","cadastralMunicipalityCode":"1704","yearBuilt":1850,"buildingType":"samostoječa stavba"}},{"type":"Feature","id":"100200000250354962","geometry":{"type":"Point","coordinates":[14.3917095,45.9559616]},"properties":{"eidBuilding":"100200000250354962","buildingNumber":"373","cadastralMunicipalityCode":"1704","yearBuilt":1800,"buildingType":"samostoječa stavba"}},{"type":"Feature","id":"100200000250355001","geometry":{"type":"Point","coordinates":[14.3909601,45.9557978]},"properties":{"eidBuilding":"100200000250355001","buildingNumber":"377","cadastralMunicipalityCode":"1704","yearBuilt":1999,"buildingType":"samostoječa stavba"}},{"type":"Feature","id":"100200000250357643","geometry":{"type":"Point","coordinates":[14.4087414,45.955539]},"properties":{"eidBuilding":"100200000250357643","buildingNumber":"634","cadastralMunicipalityCode":"1704","yearBuilt":1913,"buildingType":"samostoječa stavba"}},{"type":"Feature","id":"100200000250357239","geometry":{"type":"Point","coordinates":[14.4079947,45.9558987]},"properties":{"eidBuilding":"100200000250357239","buildingNumber":"593","cadastralMunicipalityCode":"1704","yearBuilt":1526,"buildingType":"samostoječa stavba"}},{"type":"Feature","id":"100200000250357254","geometry":{"type":"Point","coordinates":[14.4079812,45.9560778]},"properties":{"eidBuilding":"100200000250357254","buildingNumber":"595","cadastralMunicipalityCode":"1704","yearBuilt":1881,"buildingType":"samostoječa stavba"}},{"type":"Feature","id":"100200000250357262","geometry":{"type":"Point","coordinates":[14.4078929,45.9561267]},"properties":{"eidBuilding":"100200000250357262","buildingNumber":"596","cadastralMunicipalityCode":"1704","yearBuilt":1960,"buildingType":"samostoječa stavba"}},{"type":"Feature","id":"100200000250357270","geometry":{"type":"Point","coordinates":[14.4077215,45.955907]},"properties":{"eidBuilding":"100200000250357270","buildingNumber":"597","cadastralMunicipalityCode":"1704","yearBuilt":1881,"buildingType":"samostoječa stavba"}},{"type":"Feature","id":"100200000250357312","geometry":{"type":"Point","coordinates":[14.4080576,45.9566693]},"properties":{"eidBuilding":"100200000250357312","buildingNumber":"601","cadastralMunicipalityCode":"1704","yearBuilt":1750,"buildingType":"samostoječa stavba"}},{"type":"Feature","id":"100200000250357361","geometry":{"type":"Point","coordinates":[14.4082374,45.9565957]},"properties":{"eidBuilding":"100200000250357361","buildingNumber":"606","cadastralMunicipalityCode":"1704","yearBuilt":1750,"buildingType":"samostoječa stavba"}},{"type":"Feature","id":"100200000250357379","geometry":{"type":"Point","coordinates":[14.4081198,45.9565099]},"properties":{"eidBuilding":"100200000250357379","buildingNumber":"607","cadastralMunicipalityCode":"1704","yearBuilt":1850,"buildingType":"samostoječa stavba"}},{"type":"Feature","id":"100200000250357486","geometry":{"type":"Point","coordinates":[14.4090097,45.9565079]},"properties":{"eidBuilding":"100200000250357486","buildingNumber":"618","cadastralMunicipalityCode":"1704","yearBuilt":1800,"buildingType":"samostoječa stavba"}},{"type":"Feature","id":"100200000250357890","geometry":{"type":"Point","coordinates":[14.4076946,45.9548146]},"properties":{"eidBuilding":"100200000250357890","buildingNumber":"659","cadastralMunicipalityCode":"1704","yearBuilt":1995,"buildingType":"samostoječa stavba"}},{"type":"Feature","id":"100200000250357924","geometry":{"type":"Point","coordinates":[14.4084987,45.9545665]},"properties":{"eidBuilding":"100200000250357924","buildingNumber":"662","cadastralMunicipalityCode":"1704","yearBuilt":2016,"buildingType":"samostoječa stavba"}},{"type":"Feature","id":"100200000250357932","geometry":{"type":"Point","coordinates":[14.4084902,45.9544536]},"properties":{"eidBuilding":"100200000250357932","buildingNumber":"663","cadastralMunicipalityCode":"1704","yearBuilt":1974,"buildingType":"samostoječa stavba"}},{"type":"Feature","id":"100200000250357940","geometry":{"type":"Point","coordinates":[14.4086762,45.9544324]},"properties":{"eidBuilding":"100200000250357940","buildingNumber":"664","cadastralMunicipalityCode":"1704","yearBuilt":1969,"buildingType":"samostoječa stavba"}},{"type":"Feature","id":"100200000319872558","geometry":{"type":"Point","coordinates":[14.3803801,45.9508953]},"properties":{"eidBuilding":"100200000319872558","buildingNumber":"905","cadastralMunicipalityCode":"1704","yearBuilt":2011,"buildingType":"samostoječa stavba"}},{"type":"Feature","id":"100200000320119502","geometry":{"type":"Point","coordinates":[14.406425,45.9573093]},"properties":{"eidBuilding":"100200000320119502","buildingNumber":"908","cadastralMunicipalityCode":"1704","yearBuilt":2011,"buildingType":"samostoječa stavba"}},{"type":"Feature","id":"100200000320290725","geometry":{"type":"Point","coordinates":[14.3816002,45.949134]},"properties":{"eidBuilding":"100200000320290725","buildingNumber":"909","cadastralMunicipalityCode":"1704","yearBuilt":2011,"buildingType":"samostoječa stavba"}},{"type":"Feature","id":"100200000321205730","geometry":{"type":"Point","coordinates":[14.380549,45.9510518]},"properties":{"eidBuilding":"100200000321205730","buildingNumber":"912","cadastralMunicipalityCode":"1704","yearBuilt":2010,"buildingType":"samostoječa stavba"}},{"type":"Feature","id":"100200000321963106","geometry":{"type":"Point","coordinates":[14.3982869,45.9654456]},"properties":{"eidBuilding":"100200000321963106","buildingNumber":"914","cadastralMunicipalityCode":"1704","yearBuilt":2012,"buildingType":"samostoječa stavba"}},{"type":"Feature","id":"100200000322424835","geometry":{"type":"Point","coordinates":[14.3996464,45.9637778]},"properties":{"eidBuilding":"100200000322424835","buildingNumber":"916","cadastralMunicipalityCode":"1704","yearBuilt":2012,"buildingType":"samostoječa stavba"}},{"type":"Feature","id":"100200000324018072","geometry":{"type":"Point","coordinates":[14.4096947,45.95307]},"properties":{"eidBuilding":"100200000324018072","buildingNumber":"922","cadastralMunicipalityCode":"1704","yearBuilt":2013,"buildingType":"samostoječa stavba"}},{"type":"Feature","id":"100200000324055108","geometry":{"type":"Point","coordinates":[14.4163463,45.951889]},"properties":{"eidBuilding":"100200000324055108","buildingNumber":"923","cadastralMunicipalityCode":"1704","yearBuilt":2007,"buildingType":"samostoječa stavba"}},{"type":"Feature","id":"100200000324520341","geometry":{"type":"Point","coordinates":[14.4057816,45.9559473]},"properties":{"eidBuilding":"100200000324520341","buildingNumber":"926","cadastralMunicipalityCode":"1704","yearBuilt":2014,"buildingType":"samostoječa stavba"}},{"type":"Feature","id":"100200000325116263","geometry":{"type":"Point","coordinates":[14.3809282,45.9508036]},"properties":{"eidBuilding":"100200000325116263","buildingNumber":"928","cadastralMunicipalityCode":"1704","yearBuilt":2014,"buildingType":"samostoječa stavba"}},{"type":"Feature","id":"100200000326010853","geometry":{"type":"Point","coordinates":[14.4091511,45.9527026]},"properties":{"eidBuilding":"100200000326010853","buildingNumber":"931","cadastralMunicipalityCode":"1704","yearBuilt":2015,"buildingType":"samostoječa stavba"}},{"type":"Feature","id":"100200000250355027","geometry":{"type":"Point","coordinates":[14.3907241,45.956265]},"properties":{"eidBuilding":"100200000250355027","buildingNumber":"379","cadastralMunicipalityCode":"1704","yearBuilt":1900,"buildingType":"samostoječa stavba"}},{"type":"Feature","id":"100200000250355050","geometry":{"type":"Point","coordinates":[14.3922407,45.9563799]},"properties":{"eidBuilding":"100200000250355050","buildingNumber":"382","cadastralMunicipalityCode":"1704","yearBuilt":1970,"buildingType":"samostoječa stavba"}},{"type":"Feature","id":"100200000250355068","geometry":{"type":"Point","coordinates":[14.3920107,45.956188]},"properties":{"eidBuilding":"100200000250355068","buildingNumber":"383","cadastralMunicipalityCode":"1704","yearBuilt":1800,"buildingType":"samostoječa stavba"}},{"type":"Feature","id":"100200000250350929","geometry":{"type":"Point","coordinates":[14.3820755,45.9529221]},"properties":{"eidBuilding":"100200000250350929","buildingNumber":"248","cadastralMunicipalityCode":"1704","yearBuilt":1948,"buildingType":"samostoječa stavba"}},{"type":"Feature","id":"100200000250350937","geometry":{"type":"Point","coordinates":[14.382203,45.9528387]},"properties":{"eidBuilding":"100200000250350937","buildingNumber":"249","cadastralMunicipalityCode":"1704","yearBuilt":1944,"buildingType":"samostoječa stavba"}},{"type":"Feature","id":"100200000250350945","geometry":{"type":"Point","coordinates":[14.3820638,45.9527797]},"properties":{"eidBuilding":"100200000250350945","buildingNumber":"250","cadastralMunicipalityCode":"1704","yearBuilt":1980,"buildingType":"samostoječa stavba"}},{"type":"Feature","id":"100200000250350952","geometry":{"type":"Point","coordinates":[14.3822698,45.9526716]},"properties":{"eidBuilding":"100200000250350952","buildingNumber":"251","cadastralMunicipalityCode":"1704","yearBuilt":1800,"buildingType":"samostoječa stavba"}},{"type":"Feature","id":"100200000250350960","geometry":{"type":"Point","coordinates":[14.3819623,45.952855]},"properties":{"eidBuilding":"100200000250350960","buildingNumber":"252","cadastralMunicipalityCode":"1704","yearBuilt":1948,"buildingType":"samostoječa stavba"}},{"type":"Feature","id":"100200000250351356","geometry":{"type":"Point","coordinates":[14.38119,45.9512596]},"properties":{"eidBuilding":"100200000250351356","buildingNumber":"291","cadastralMunicipalityCode":"1704","yearBuilt":1987,"buildingType":"samostoječa stavba"}},{"type":"Feature","id":"100200000250351364","geometry":{"type":"Point","coordinates":[14.3810549,45.9510309]},"properties":{"eidBuilding":"100200000250351364","buildingNumber":"292","cadastralMunicipalityCode":"1704","yearBuilt":1992,"buildingType":"samostoječa stavba"}},{"type":"Feature","id":"100200000250351497","geometry":{"type":"Point","coordinates":[14.3794482,45.9499788]},"properties":{"eidBuilding":"100200000250351497","buildingNumber":"305","cadastralMunicipalityCode":"1704","yearBuilt":1977,"buildingType":"samostoječa stavba"}},{"type":"Feature","id":"100200000250351505","geometry":{"type":"Point","coordinates":[14.3793042,45.9499906]},"properties":{"eidBuilding":"100200000250351505","buildingNumber":"306","cadastralMunicipalityCode":"1704","yearBuilt":1982,"buildingType":"samostoječa stavba"}},{"type":"Feature","id":"100200000250351547","geometry":{"type":"Point","coordinates":[14.3796544,45.9496254]},"properties":{"eidBuilding":"100200000250351547","buildingNumber":"310","cadastralMunicipalityCode":"1704","yearBuilt":1946,"buildingType":"samostoječa stavba"}},{"type":"Feature","id":"100200000250357999","geometry":{"type":"Point","coordinates":[14.4082306,45.9542652]},"properties":{"eidBuilding":"100200000250357999","buildingNumber":"669","cadastralMunicipalityCode":"1704","yearBuilt":1800,"buildingType":"samostoječa stavba"}},{"type":"Feature","id":"100200000250358005","geometry":{"type":"Point","coordinates":[14.407881,45.9542333]},"properties":{"eidBuilding":"100200000250358005","buildingNumber":"670","cadastralMunicipalityCode":"1704","yearBuilt":1981,"buildingType":"samostoječa stavba"}},{"type":"Feature","id":"100200000250358013","geometry":{"type":"Point","coordinates":[14.4080701,45.9540995]},"properties":{"eidBuilding":"100200000250358013","buildingNumber":"671","cadastralMunicipalityCode":"1704","yearBuilt":1995,"buildingType":"samostoječa stavba"}},{"type":"Feature","id":"100200000250358021","geometry":{"type":"Point","coordinates":[14.4081644,45.9540385]},"properties":{"eidBuilding":"100200000250358021","buildingNumber":"672","cadastralMunicipalityCode":"1704","yearBuilt":1965,"buildingType":"samostoječa stavba"}},{"type":"Feature","id":"100200000250358039","geometry":{"type":"Point","coordinates":[14.4080799,45.9539728]},"properties":{"eidBuilding":"100200000250358039","buildingNumber":"673","cadastralMunicipalityCode":"1704","yearBuilt":1900,"buildingType":"samostoječa stavba"}},{"type":"Feature","id":"100200000250358047","geometry":{"type":"Point","coordinates":[14.4083212,45.9539361]},"properties":{"eidBuilding":"100200000250358047","buildingNumber":"674","cadastralMunicipalityCode":"1704","yearBuilt":1850,"buildingType":"samostoječa stavba"}},{"type":"Feature","id":"100200000250358062","geometry":{"type":"Point","coordinates":[14.4087647,45.9538633]},"properties":{"eidBuilding":"100200000250358062","buildingNumber":"676","cadastralMunicipalityCode":"1704","yearBuilt":1977,"buildingType":"samostoječa stavba"}},{"type":"Feature","id":"100200000250358070","geometry":{"type":"Point","coordinates":[14.4088972,45.9537004]},"properties":{"eidBuilding":"100200000250358070","buildingNumber":"677","cadastralMunicipalityCode":"1704","yearBuilt":1982,"buildingType":"samostoječa stavba"}},{"type":"Feature","id":"100200000250358104","geometry":{"type":"Point","coordinates":[14.4095161,45.9563621]},"properties":{"eidBuilding":"100200000250358104","buildingNumber":"680","cadastralMunicipalityCode":"1704","yearBuilt":1900,"buildingType":"samostoječa stavba"}},{"type":"Feature","id":"100200000250358112","geometry":{"type":"Point","coordinates":[14.4093602,45.9564088]},"properties":{"eidBuilding":"100200000250358112","buildingNumber":"681","cadastralMunicipalityCode":"1704","yearBuilt":1950,"buildingType":"samostoječa stavba"}},{"type":"Feature","id":"100200000250358120","geometry":{"type":"Point","coordinates":[14.4094202,45.9563741]},"properties":{"eidBuilding":"100200000250358120","buildingNumber":"682","cadastralMunicipalityCode":"1704","yearBuilt":1948,"buildingType":"samostoječa stavba"}},{"type":"Feature","id":"100200000250358146","geometry":{"type":"Point","coordinates":[14.4099301,45.9561472]},"properties":{"eidBuilding":"100200000250358146","buildingNumber":"684","cadastralMunicipalityCode":"1704","yearBuilt":1975,"buildingType":"samostoječa stavba"}},{"type":"Feature","id":"100200000326096746","geometry":{"type":"Point","coordinates":[14.4014058,45.9639624]},"properties":{"eidBuilding":"100200000326096746","buildingNumber":"932","cadastralMunicipalityCode":"1704","yearBuilt":2010,"buildingType":"samostoječa stavba"}},{"type":"Feature","id":"100200000327147555","geometry":{"type":"Point","coordinates":[14.4134906,45.9553992]},"properties":{"eidBuilding":"100200000327147555","buildingNumber":"935","cadastralMunicipalityCode":"1704","yearBuilt":2001,"buildingType":"samostoječa stavba"}},{"type":"Feature","id":"100200000328696535","geometry":{"type":"Point","coordinates":[14.4006247,45.9644298]},"properties":{"eidBuilding":"100200000328696535","buildingNumber":"937","cadastralMunicipalityCode":"1704","yearBuilt":1990,"buildingType":"samostoječa stavba"}},{"type":"Feature","id":"100200000328696659","geometry":{"type":"Point","coordinates":[14.4006971,45.956685]},"properties":{"eidBuilding":"100200000328696659","buildingNumber":"940","cadastralMunicipalityCode":"1704","yearBuilt":2013,"buildingType":"samostoječa stavba"}},{"type":"Feature","id":"100200000328696675","geometry":{"type":"Point","coordinates":[14.3978573,45.9571472]},"properties":{"eidBuilding":"100200000328696675","buildingNumber":"941","cadastralMunicipalityCode":"1704","yearBuilt":2006,"buildingType":"samostoječa stavba"}},{"type":"Feature","id":"100200000328696717","geometry":{"type":"Point","coordinates":[14.4066461,45.9533771]},"properties":{"eidBuilding":"100200000328696717","buildingNumber":"942","cadastralMunicipalityCode":"1704","yearBuilt":2010,"buildingType":"samostoječa stavba"}},{"type":"Feature","id":"100200000328958380","geometry":{"type":"Point","coordinates":[14.3798137,45.9499815]},"properties":{"eidBuilding":"100200000328958380","buildingNumber":"944","cadastralMunicipalityCode":"1704","yearBuilt":2016,"buildingType":"samostoječa stavba"}},{"type":"Feature","id":"100200000331079786","geometry":{"type":"Point","coordinates":[14.4062914,45.9531084]},"properties":{"eidBuilding":"100200000331079786","buildingNumber":"945","cadastralMunicipalityCode":"1704","yearBuilt":2016,"buildingType":"samostoječa stavba"}},{"type":"Feature","id":"100200000331546503","geometry":{"type":"Point","coordinates":[14.3993156,45.9631433]},"properties":{"eidBuilding":"100200000331546503","buildingNumber":"947","cadastralMunicipalityCode":"1704","yearBuilt":2016,"buildingType":"samostoječa stavba"}},{"type":"Feature","id":"100200000338708205","geometry":{"type":"Point","coordinates":[14.3811626,45.9497782]},"properties":{"eidBuilding":"100200000338708205","buildingNumber":"950","cadastralMunicipalityCode":"1704","yearBuilt":2017,"buildingType":"samostoječa stavba"}},{"type":"Feature","id":"100200000340167259","geometry":{"type":"Point","coordinates":[14.3993773,45.9635912]},"properties":{"eidBuilding":"100200000340167259","buildingNumber":"954","cadastralMunicipalityCode":"1704","yearBuilt":2018,"buildingType":"samostoječa stavba"}},{"type":"Feature","id":"100200000340758529","geometry":{"type":"Point","coordinates":[14.4080789,45.9531829]},"properties":{"eidBuilding":"100200000340758529","buildingNumber":"957","cadastralMunicipalityCode":"1704","yearBuilt":2018,"buildingType":"samostoječa stavba"}},{"type":"Feature","id":"100200000347897684","geometry":{"type":"Point","coordinates":[14.4006578,45.9561634]},"properties":{"eidBuilding":"100200000347897684","buildingNumber":"959","cadastralMunicipalityCode":"1704","yearBuilt":2016,"buildingType":"samostoječa stavba"}},{"type":"Feature","id":"100200000250351554","geometry":{"type":"Point","coordinates":[14.3797444,45.9493376]},"properties":{"eidBuilding":"100200000250351554","buildingNumber":"311","cadastralMunicipalityCode":"1704","yearBuilt":1800,"buildingType":"samostoječa stavba"}},{"type":"Feature","id":"100200000250351646","geometry":{"type":"Point","coordinates":[14.3814205,45.9505041]},"properties":{"eidBuilding":"100200000250351646","buildingNumber":"320","cadastralMunicipalityCode":"1704","yearBuilt":1966,"buildingType":"samostoječa stavba"}},{"type":"Feature","id":"100200000250351760","geometry":{"type":"Point","coordinates":[14.3826885,45.9503553]},"properties":{"eidBuilding":"100200000250351760","buildingNumber":"332","cadastralMunicipalityCode":"1704","yearBuilt":1963,"buildingType":"samostoječa stavba"}},{"type":"Feature","id":"100200000250351877","geometry":{"type":"Point","coordinates":[14.3734937,45.946701]},"properties":{"eidBuilding":"100200000250351877","buildingNumber":"343","cadastralMunicipalityCode":"1704","yearBuilt":1945,"buildingType":"samostoječa stavba"}},{"type":"Feature","id":"100200000250354954","geometry":{"type":"Point","coordinates":[14.3914924,45.9558858]},"properties":{"eidBuilding":"100200000250354954","buildingNumber":"372","cadastralMunicipalityCode":"1704","yearBuilt":1987,"buildingType":"samostoječa stavba"}},{"type":"Feature","id":"100200000250354970","geometry":{"type":"Point","coordinates":[14.3916216,45.9560908]},"properties":{"eidBuilding":"100200000250354970","buildingNumber":"374","cadastralMunicipalityCode":"1704","yearBuilt":1976,"buildingType":"samostoječa stavba"}},{"type":"Feature","id":"100200000250355035","geometry":{"type":"Point","coordinates":[14.392045,45.9564973]},"properties":{"eidBuilding":"100200000250355035","buildingNumber":"380","cadastralMunicipalityCode":"1704","yearBuilt":1975,"buildingType":"samostoječa stavba"}},{"type":"Feature","id":"100200000250355043","geometry":{"type":"Point","coordinates":[14.392293,45.9562808]},"properties":{"eidBuilding":"100200000250355043","buildingNumber":"381","cadastralMunicipalityCode":"1704","yearBuilt":1800,"buildingType":"samostoječa stavba"}},{"type":"Feature","id":"100200000250355076","geometry":{"type":"Point","coordinates":[14.3933362,45.9567531]},"properties":{"eidBuilding":"100200000250355076","buildingNumber":"384","cadastralMunicipalityCode":"1704","yearBuilt":1945,"buildingType":"samostoječa stavba"}},{"type":"Feature","id":"100200000250355084","geometry":{"type":"Point","coordinates":[14.3936721,45.9567455]},"properties":{"eidBuilding":"100200000250355084","buildingNumber":"385","cadastralMunicipalityCode":"1704","yearBuilt":1925,"buildingType":"samostoječa stavba"}},{"type":"Feature","id":"100200000250355092","geometry":{"type":"Point","coordinates":[14.3936406,45.956624]},"properties":{"eidBuilding":"100200000250355092","buildingNumber":"386","cadastralMunicipalityCode":"1704","yearBuilt":1972,"buildingType":"samostoječa stavba"}},{"type":"Feature","id":"100200000250355100","geometry":{"type":"Point","coordinates":[14.3932247,45.9565374]},"properties":{"eidBuilding":"100200000250355100","buildingNumber":"387","cadastralMunicipalityCode":"1704","yearBuilt":1700,"buildingType":"samostoječa stavba"}},{"type":"Feature","id":"100200000250355118","geometry":{"type":"Point","coordinates":[14.3929857,45.9564297]},"properties":{"eidBuilding":"100200000250355118","buildingNumber":"388","cadastralMunicipalityCode":"1704","yearBuilt":1700,"buildingType":"samostoječa stavba"}},{"type":"Feature","id":"100200000250355159","geometry":{"type":"Point","coordinates":[14.3934519,45.95601]},"properties":{"eidBuilding":"100200000250355159","buildingNumber":"392","cadastralMunicipalityCode":"1704","yearBuilt":1900,"buildingType":"samostoječa stavba"}},{"type":"Feature","id":"100200000250355167","geometry":{"type":"Point","coordinates":[14.3932698,45.9561335]},"properties":{"eidBuilding":"100200000250355167","buildingNumber":"393","cadastralMunicipalityCode":"1704","yearBuilt":1985,"buildingType":"samostoječa stavba"}},{"type":"Feature","id":"100200000250358153","geometry":{"type":"Point","coordinates":[14.4093839,45.9561887]},"properties":{"eidBuilding":"100200000250358153","buildingNumber":"685","cadastralMunicipalityCode":"1704","yearBuilt":1750,"buildingType":"samostoječa stavba"}},{"type":"Feature","id":"100200000250358161","geometry":{"type":"Point","coordinates":[14.409454,45.9560996]},"properties":{"eidBuilding":"100200000250358161","buildingNumber":"686","cadastralMunicipalityCode":"1704","yearBuilt":1964,"buildingType":"samostoječa stavba"}},{"type":"Feature","id":"100200000250358195","geometry":{"type":"Point","coordinates":[14.4097668,45.9559209]},"properties":{"eidBuilding":"100200000250358195","buildingNumber":"689","cadastralMunicipalityCode":"1704","yearBuilt":1900,"buildingType":"samostoječa stavba"}},{"type":"Feature","id":"100200000250358203","geometry":{"type":"Point","coordinates":[14.4102313,45.9559024]},"properties":{"eidBuilding":"100200000250358203","buildingNumber":"690","cadastralMunicipalityCode":"1704","yearBuilt":1977,"buildingType":"samostoječa stavba"}},{"type":"Feature","id":"100200000250358237","geometry":{"type":"Point","coordinates":[14.4102008,45.9555931]},"properties":{"eidBuilding":"100200000250358237","buildingNumber":"693","cadastralMunicipalityCode":"1704","yearBuilt":1977,"buildingType":"samostoječa stavba"}},{"type":"Feature","id":"100200000250358245","geometry":{"type":"Point","coordinates":[14.4105353,45.9556805]},"properties":{"eidBuilding":"100200000250358245","buildingNumber":"694","cadastralMunicipalityCode":"1704","yearBuilt":1980,"buildingType":"samostoječa stavba"}},{"type":"Feature","id":"100200000250358252","geometry":{"type":"Point","coordinates":[14.4110641,45.9554306]},"properties":{"eidBuilding":"100200000250358252","buildingNumber":"695","cadastralMunicipalityCode":"1704","yearBuilt":1984,"buildingType":"samostoječa stavba"}},{"type":"Feature","id":"100200000250358260","geometry":{"type":"Point","coordinates":[14.4090772,45.956024]},"properties":{"eidBuilding":"100200000250358260","buildingNumber":"696","cadastralMunicipalityCode":"1704","yearBuilt":1872,"buildingType":"samostoječa stavba"}},{"type":"Feature","id":"100200000250358278","geometry":{"type":"Point","coordinates":[14.4089235,45.9558044]},"properties":{"eidBuilding":"100200000250358278","buildingNumber":"697","cadastralMunicipalityCode":"1704","yearBuilt":1800,"buildingType":"samostoječa stavba"}},{"type":"Feature","id":"100200000250358286","geometry":{"type":"Point","coordinates":[14.4090717,45.9558305]},"properties":{"eidBuilding":"100200000250358286","buildingNumber":"698","cadastralMunicipalityCode":"1704","yearBuilt":1930,"buildingType":"krajna vrstna stavba"}},{"type":"Feature","id":"100200000250358302","geometry":{"type":"Point","coordinates":[14.409238,45.9557913]},"properties":{"eidBuilding":"100200000250358302","buildingNumber":"700","cadastralMunicipalityCode":"1704","yearBuilt":1980,"buildingType":"samostoječa stavba"}},{"type":"Feature","id":"100200000250358310","geometry":{"type":"Point","coordinates":[14.4091444,45.9556607]},"properties":{"eidBuilding":"100200000250358310","buildingNumber":"701","cadastralMunicipalityCode":"1704","yearBuilt":1900,"buildingType":"samostoječa stavba"}},{"type":"Feature","id":"100200000250358328","geometry":{"type":"Point","coordinates":[14.4090302,45.9555832]},"properties":{"eidBuilding":"100200000250358328","buildingNumber":"702","cadastralMunicipalityCode":"1704","yearBuilt":1880,"buildingType":"samostoječa stavba"}},{"type":"Feature","id":"100200000369557711","geometry":{"type":"Point","coordinates":[14.3792808,45.9494109]},"properties":{"eidBuilding":"100200000369557711","buildingNumber":"965","cadastralMunicipalityCode":"1704","yearBuilt":2016,"buildingType":"samostoječa stavba"}},{"type":"Feature","id":"100200000374337828","geometry":{"type":"Point","coordinates":[14.3996634,45.9634284]},"properties":{"eidBuilding":"100200000374337828","buildingNumber":"966","cadastralMunicipalityCode":"1704","yearBuilt":2016,"buildingType":"samostoječa stavba"}},{"type":"Feature","id":"100200000323111415","geometry":{"type":"Point","coordinates":[14.399789,45.9569364]},"properties":{"eidBuilding":"100200000323111415","buildingNumber":"917","cadastralMunicipalityCode":"1704","yearBuilt":2012,"buildingType":"samostoječa stavba"}},{"type":"Feature","id":"100200000323163440","geometry":{"type":"Point","coordinates":[14.4006685,45.9563704]},"properties":{"eidBuilding":"100200000323163440","buildingNumber":"918","cadastralMunicipalityCode":"1704","yearBuilt":2014,"buildingType":"samostoječa stavba"}},{"type":"Feature","id":"100200000323803631","geometry":{"type":"Point","coordinates":[14.4060327,45.9529703]},"properties":{"eidBuilding":"100200000323803631","buildingNumber":"920","cadastralMunicipalityCode":"1704","yearBuilt":2013,"buildingType":"samostoječa stavba"}},{"type":"Feature","id":"100200000323913034","geometry":{"type":"Point","coordinates":[14.3818119,45.9489682]},"properties":{"eidBuilding":"100200000323913034","buildingNumber":"921","cadastralMunicipalityCode":"1704","yearBuilt":2010,"buildingType":"samostoječa stavba"}},{"type":"Feature","id":"100200000324669783","geometry":{"type":"Point","coordinates":[14.3942325,45.9633457]},"properties":{"eidBuilding":"100200000324669783","buildingNumber":"927","cadastralMunicipalityCode":"1704","yearBuilt":2013,"buildingType":"samostoječa stavba"}},{"type":"Feature","id":"100200000327036501","geometry":{"type":"Point","coordinates":[14.3990614,45.9649068]},"properties":{"eidBuilding":"100200000327036501","buildingNumber":"934","cadastralMunicipalityCode":"1704","yearBuilt":2014,"buildingType":"samostoječa stavba"}},{"type":"Feature","id":"100200000328696519","geometry":{"type":"Point","coordinates":[14.4023974,45.9603198]},"properties":{"eidBuilding":"100200000328696519","buildingNumber":"936","cadastralMunicipalityCode":"1704","yearBuilt":2013,"buildingType":"samostoječa stavba"}},{"type":"Feature","id":"100200000328696592","geometry":{"type":"Point","coordinates":[14.4029196,45.9651784]},"properties":{"eidBuilding":"100200000328696592","buildingNumber":"938","cadastralMunicipalityCode":"1704","yearBuilt":2006,"buildingType":"samostoječa stavba"}},{"type":"Feature","id":"100200000250267552","geometry":{"type":"Point","coordinates":[14.3939248,45.963038]},"properties":{"eidBuilding":"100200000250267552","buildingNumber":"96","cadastralMunicipalityCode":"1704","yearBuilt":2006,"buildingType":"samostoječa stavba"}},{"type":"Feature","id":"100200000214903516","geometry":{"type":"Point","coordinates":[14.4162488,45.951766]},"properties":{"eidBuilding":"100200000214903516","buildingNumber":"14","cadastralMunicipalityCode":"1704","yearBuilt":1966,"buildingType":"samostoječa stavba"}},{"type":"Feature","id":"100200000214903532","geometry":{"type":"Point","coordinates":[14.4160806,45.951764]},"properties":{"eidBuilding":"100200000214903532","buildingNumber":"16","cadastralMunicipalityCode":"1704","yearBuilt":1966,"buildingType":"samostoječa stavba"}},{"type":"Feature","id":"100200000214903557","geometry":{"type":"Point","coordinates":[14.4159922,45.9515741]},"properties":{"eidBuilding":"100200000214903557","buildingNumber":"18","cadastralMunicipalityCode":"1704","yearBuilt":1946,"buildingType":"samostoječa stavba"}},{"type":"Feature","id":"100200000214903573","geometry":{"type":"Point","coordinates":[14.4158046,45.9514264]},"properties":{"eidBuilding":"100200000214903573","buildingNumber":"20","cadastralMunicipalityCode":"1704","yearBuilt":1930,"buildingType":"samostoječa stavba"}},{"type":"Feature","id":"100200000214903581","geometry":{"type":"Point","coordinates":[14.4156578,45.9513933]},"properties":{"eidBuilding":"100200000214903581","buildingNumber":"21","cadastralMunicipalityCode":"1704","yearBuilt":1945,"buildingType":"samostoječa stavba"}},{"type":"Feature","id":"100200000214903599","geometry":{"type":"Point","coordinates":[14.4164129,45.9506183]},"properties":{"eidBuilding":"100200000214903599","buildingNumber":"22","cadastralMunicipalityCode":"1704","yearBuilt":2002,"buildingType":"samostoječa stavba"}},{"type":"Feature","id":"100200000214903607","geometry":{"type":"Point","coordinates":[14.4153099,45.9510073]},"properties":{"eidBuilding":"100200000214903607","buildingNumber":"23","cadastralMunicipalityCode":"1704","yearBuilt":1950,"buildingType":"samostoječa stavba"}},{"type":"Feature","id":"100200000250263916","geometry":{"type":"Point","coordinates":[14.3684823,45.9650722]},"properties":{"eidBuilding":"100200000250263916","buildingNumber":"25","cadastralMunicipalityCode":"1704","yearBuilt":1945,"buildingType":"samostoječa stavba"}},{"type":"Feature","id":"100200000250263924","geometry":{"type":"Point","coordinates":[14.3681429,45.9650181]},"properties":{"eidBuilding":"100200000250263924","buildingNumber":"26","cadastralMunicipalityCode":"1704","yearBuilt":1946,"buildingType":"samostoječa stavba"}},{"type":"Feature","id":"100200000250263932","geometry":{"type":"Point","coordinates":[14.3688834,45.9651563]},"properties":{"eidBuilding":"100200000250263932","buildingNumber":"27","cadastralMunicipalityCode":"1704","yearBuilt":1978,"buildingType":"samostoječa stavba"}},{"type":"Feature","id":"100200000250267446","geometry":{"type":"Point","coordinates":[14.390127,45.9619037]},"properties":{"eidBuilding":"100200000250267446","buildingNumber":"85","cadastralMunicipalityCode":"1704","yearBuilt":1960,"buildingType":"samostoječa stavba"}},{"type":"Feature","id":"100200000250267479","geometry":{"type":"Point","coordinates":[14.3899032,45.9616181]},"properties":{"eidBuilding":"100200000250267479","buildingNumber":"88","cadastralMunicipalityCode":"1704","yearBuilt":1950,"buildingType":"samostoječa stavba"}},{"type":"Feature","id":"100200000250355175","geometry":{"type":"Point","coordinates":[14.3931461,45.9559611]},"properties":{"eidBuilding":"100200000250355175","buildingNumber":"394","cadastralMunicipalityCode":"1704","yearBuilt":1900,"buildingType":"samostoječa stavba"}},{"type":"Feature","id":"100200000250355183","geometry":{"type":"Point","coordinates":[14.3929057,45.9560979]},"properties":{"eidBuilding":"100200000250355183","buildingNumber":"395","cadastralMunicipalityCode":"1704","yearBuilt":1980,"buildingType":"samostoječa stavba"}},{"type":"Feature","id":"100200000250355191","geometry":{"type":"Point","coordinates":[14.392919,45.9562433]},"properties":{"eidBuilding":"100200000250355191","buildingNumber":"396","cadastralMunicipalityCode":"1704","yearBuilt":1800,"buildingType":"samostoječa stavba"}},{"type":"Feature","id":"100200000250355209","geometry":{"type":"Point","coordinates":[14.3930607,45.9561758]},"properties":{"eidBuilding":"100200000250355209","buildingNumber":"397","cadastralMunicipalityCode":"1704","yearBuilt":1800,"buildingType":"samostoječa stavba"}},{"type":"Feature","id":"100200000250355217","geometry":{"type":"Point","coordinates":[14.3926406,45.9561581]},"properties":{"eidBuilding":"100200000250355217","buildingNumber":"398","cadastralMunicipalityCode":"1704","yearBuilt":1800,"buildingType":"samostoječa stavba"}},{"type":"Feature","id":"100200000250355225","geometry":{"type":"Point","coordinates":[14.3923056,45.9560162]},"properties":{"eidBuilding":"100200000250355225","buildingNumber":"399","cadastralMunicipalityCode":"1704","yearBuilt":1978,"buildingType":"samostoječa stavba"}},{"type":"Feature","id":"100200000250355233","geometry":{"type":"Point","coordinates":[14.3924679,45.9560423]},"properties":{"eidBuilding":"100200000250355233","buildingNumber":"400","cadastralMunicipalityCode":"1704","yearBuilt":1900,"buildingType":"samostoječa stavba"}},{"type":"Feature","id":"100200000250355258","geometry":{"type":"Point","coordinates":[14.3921074,45.9559334]},"properties":{"eidBuilding":"100200000250355258","buildingNumber":"402","cadastralMunicipalityCode":"1704","yearBuilt":1967,"buildingType":"samostoječa stavba"}},{"type":"Feature","id":"100200000250355274","geometry":{"type":"Point","coordinates":[14.3922246,45.9557665]},"properties":{"eidBuilding":"100200000250355274","buildingNumber":"404","cadastralMunicipalityCode":"1704","yearBuilt":1991,"buildingType":"samostoječa stavba"}},{"type":"Feature","id":"100200000250355308","geometry":{"type":"Point","coordinates":[14.391709,45.9557599]},"properties":{"eidBuilding":"100200000250355308","buildingNumber":"407","cadastralMunicipalityCode":"1704","yearBuilt":1964,"buildingType":"samostoječa stavba"}},{"type":"Feature","id":"100200000250355316","geometry":{"type":"Point","coordinates":[14.3918498,45.9554562]},"properties":{"eidBuilding":"100200000250355316","buildingNumber":"408","cadastralMunicipalityCode":"1704","yearBuilt":1974,"buildingType":"samostoječa stavba"}},{"type":"Feature","id":"100200000250355324","geometry":{"type":"Point","coordinates":[14.3924128,45.9554852]},"properties":{"eidBuilding":"100200000250355324","buildingNumber":"409","cadastralMunicipalityCode":"1704","yearBuilt":1987,"buildingType":"samostoječa stavba"}},{"type":"Feature","id":"100200000250355332","geometry":{"type":"Point","coordinates":[14.392429,45.9552925]},"properties":{"eidBuilding":"100200000250355332","buildingNumber":"410","cadastralMunicipalityCode":"1704","yearBuilt":1991,"buildingType":"samostoječa stavba"}},{"type":"Feature","id":"100200000250355365","geometry":{"type":"Point","coordinates":[14.3903383,45.9553305]},"properties":{"eidBuilding":"100200000250355365","buildingNumber":"413","cadastralMunicipalityCode":"1704","yearBuilt":1800,"buildingType":"samostoječa stavba"}},{"type":"Feature","id":"100200000250355373","geometry":{"type":"Point","coordinates":[14.3890509,45.9551525]},"properties":{"eidBuilding":"100200000250355373","buildingNumber":"414","cadastralMunicipalityCode":"1704","yearBuilt":1985,"buildingType":"samostoječa stavba"}},{"type":"Feature","id":"100200000250358344","geometry":{"type":"Point","coordinates":[14.4094812,45.9553751]},"properties":{"eidBuilding":"100200000250358344","buildingNumber":"704","cadastralMunicipalityCode":"1704","yearBuilt":1929,"buildingType":"samostoječa stavba"}},{"type":"Feature","id":"100200000250358351","geometry":{"type":"Point","coordinates":[14.4090124,45.9553595]},"properties":{"eidBuilding":"100200000250358351","buildingNumber":"705","cadastralMunicipalityCode":"1704","yearBuilt":1748,"buildingType":"samostoječa stavba"}},{"type":"Feature","id":"100200000250358369","geometry":{"type":"Point","coordinates":[14.4090082,45.9554674]},"properties":{"eidBuilding":"100200000250358369","buildingNumber":"706","cadastralMunicipalityCode":"1704","yearBuilt":1880,"buildingType":"samostoječa stavba"}},{"type":"Feature","id":"100200000250358385","geometry":{"type":"Point","coordinates":[14.408888,45.955286]},"properties":{"eidBuilding":"100200000250358385","buildingNumber":"708","cadastralMunicipalityCode":"1704","yearBuilt":1800,"buildingType":"samostoječa stavba"}},{"type":"Feature","id":"100200000250358419","geometry":{"type":"Point","coordinates":[14.4095577,45.9550016]},"properties":{"eidBuilding":"100200000250358419","buildingNumber":"711","cadastralMunicipalityCode":"1704","yearBuilt":1930,"buildingType":"samostoječa stavba"}},{"type":"Feature","id":"100200000250358427","geometry":{"type":"Point","coordinates":[14.4094563,45.9550601]},"properties":{"eidBuilding":"100200000250358427","buildingNumber":"712","cadastralMunicipalityCode":"1704","yearBuilt":1930,"buildingType":"samostoječa stavba"}},{"type":"Feature","id":"100200000250358476","geometry":{"type":"Point","coordinates":[14.410182,45.9548548]},"properties":{"eidBuilding":"100200000250358476","buildingNumber":"717","cadastralMunicipalityCode":"1704","yearBuilt":1963,"buildingType":"samostoječa stavba"}},{"type":"Feature","id":"100200000250358492","geometry":{"type":"Point","coordinates":[14.4100928,45.954691]},"properties":{"eidBuilding":"100200000250358492","buildingNumber":"719","cadastralMunicipalityCode":"1704","yearBuilt":1959,"buildingType":"samostoječa stavba"}},{"type":"Feature","id":"100200000250358591","geometry":{"type":"Point","coordinates":[14.4098594,45.9541802]},"properties":{"eidBuilding":"100200000250358591","buildingNumber":"729","cadastralMunicipalityCode":"1704","yearBuilt":1980,"buildingType":"samostoječa stavba"}},{"type":"Feature","id":"100200000250358609","geometry":{"type":"Point","coordinates":[14.4100079,45.9541768]},"properties":{"eidBuilding":"100200000250358609","buildingNumber":"730","cadastralMunicipalityCode":"1704","yearBuilt":1985,"buildingType":"samostoječa stavba"}},{"type":"Feature","id":"100200000250358617","geometry":{"type":"Point","coordinates":[14.4102077,45.9540987]},"properties":{"eidBuilding":"100200000250358617","buildingNumber":"731","cadastralMunicipalityCode":"1704","yearBuilt":1993,"buildingType":"samostoječa stavba"}},{"type":"Feature","id":"100200000250357650","geometry":{"type":"Point","coordinates":[14.4078556,45.955729]},"properties":{"eidBuilding":"100200000250357650","buildingNumber":"635","cadastralMunicipalityCode":"1704","yearBuilt":1800,"buildingType":"samostoječa stavba"}},{"type":"Feature","id":"100200000250357676","geometry":{"type":"Point","coordinates":[14.4082161,45.9557641]},"properties":{"eidBuilding":"100200000250357676","buildingNumber":"637","cadastralMunicipalityCode":"1704","yearBuilt":1974,"buildingType":"samostoječa stavba"}},{"type":"Feature","id":"100200000250357684","geometry":{"type":"Point","coordinates":[14.4077182,45.955747]},"properties":{"eidBuilding":"100200000250357684","buildingNumber":"638","cadastralMunicipalityCode":"1704","yearBuilt":1900,"buildingType":"samostoječa stavba"}},{"type":"Feature","id":"100200000328696634","geometry":{"type":"Point","coordinates":[14.403315,45.9649429]},"properties":{"eidBuilding":"100200000328696634","buildingNumber":"939","cadastralMunicipalityCode":"1704","yearBuilt":2006,"buildingType":"krajna vrstna stavba"}},{"type":"Feature","id":"100200000328789314","geometry":{"type":"Point","coordinates":[14.3805954,45.9506369]},"properties":{"eidBuilding":"100200000328789314","buildingNumber":"943","cadastralMunicipalityCode":"1704","yearBuilt":2013,"buildingType":"samostoječa stavba"}},{"type":"Feature","id":"100200000331396552","geometry":{"type":"Point","coordinates":[14.3993735,45.9633903]},"properties":{"eidBuilding":"100200000331396552","buildingNumber":"946","cadastralMunicipalityCode":"1704","yearBuilt":2017,"buildingType":"samostoječa stavba"}},{"type":"Feature","id":"100200000338286673","geometry":{"type":"Point","coordinates":[14.4009927,45.9607853]},"properties":{"eidBuilding":"100200000338286673","buildingNumber":"949","cadastralMunicipalityCode":"1704","yearBuilt":2017,"buildingType":"samostoječa stavba"}},{"type":"Feature","id":"100200000340757497","geometry":{"type":"Point","coordinates":[14.4043904,45.956736]},"properties":{"eidBuilding":"100200000340757497","buildingNumber":"955","cadastralMunicipalityCode":"1704","yearBuilt":2018,"buildingType":"samostoječa stavba"}},{"type":"Feature","id":"100200000340758503","geometry":{"type":"Point","coordinates":[14.4080122,45.9533895]},"properties":{"eidBuilding":"100200000340758503","buildingNumber":"956","cadastralMunicipalityCode":"1704","yearBuilt":2018,"buildingType":"samostoječa stavba"}},{"type":"Feature","id":"100200000349087482","geometry":{"type":"Point","coordinates":[14.3821859,45.9492187]},"properties":{"eidBuilding":"100200000349087482","buildingNumber":"960","cadastralMunicipalityCode":"1704","yearBuilt":2018,"buildingType":"samostoječa stavba"}},{"type":"Feature","id":"100200000349737474","geometry":{"type":"Point","coordinates":[14.3997204,45.9631919]},"properties":{"eidBuilding":"100200000349737474","buildingNumber":"961","cadastralMunicipalityCode":"1704","yearBuilt":2019,"buildingType":"samostoječa stavba"}},{"type":"Feature","id":"100200000353547454","geometry":{"type":"Point","coordinates":[14.3996686,45.9629515]},"properties":{"eidBuilding":"100200000353547454","buildingNumber":"962","cadastralMunicipalityCode":"1704","yearBuilt":2020,"buildingType":"samostoječa stavba"}},{"type":"Feature","id":"100200000354307676","geometry":{"type":"Point","coordinates":[14.3905381,45.962103]},"properties":{"eidBuilding":"100200000354307676","buildingNumber":"963","cadastralMunicipalityCode":"1704","yearBuilt":2018,"buildingType":"samostoječa stavba"}},{"type":"Feature","id":"100200000250357692","geometry":{"type":"Point","coordinates":[14.4083608,45.955583]},"properties":{"eidBuilding":"100200000250357692","buildingNumber":"639","cadastralMunicipalityCode":"1704","yearBuilt":1945,"buildingType":"samostoječa stavba"}},{"type":"Feature","id":"100200000250267495","geometry":{"type":"Point","coordinates":[14.3904171,45.9619699]},"properties":{"eidBuilding":"100200000250267495","buildingNumber":"90","cadastralMunicipalityCode":"1704","yearBuilt":1942,"buildingType":"samostoječa stavba"}},{"type":"Feature","id":"100200000250267586","geometry":{"type":"Point","coordinates":[14.3932871,45.9635051]},"properties":{"eidBuilding":"100200000250267586","buildingNumber":"99","cadastralMunicipalityCode":"1704","yearBuilt":1953,"buildingType":"samostoječa stavba"}},{"type":"Feature","id":"100200000250267677","geometry":{"type":"Point","coordinates":[14.3968883,45.9659841]},"properties":{"eidBuilding":"100200000250267677","buildingNumber":"108","cadastralMunicipalityCode":"1704","yearBuilt":1971,"buildingType":"samostoječa stavba"}},{"type":"Feature","id":"100200000250267685","geometry":{"type":"Point","coordinates":[14.3965521,45.9657561]},"properties":{"eidBuilding":"100200000250267685","buildingNumber":"109","cadastralMunicipalityCode":"1704","yearBuilt":1980,"buildingType":"samostoječa stavba"}},{"type":"Feature","id":"100200000250267735","geometry":{"type":"Point","coordinates":[14.3970528,45.9654837]},"properties":{"eidBuilding":"100200000250267735","buildingNumber":"114","cadastralMunicipalityCode":"1704","yearBuilt":1971,"buildingType":"samostoječa stavba"}},{"type":"Feature","id":"100200000250267743","geometry":{"type":"Point","coordinates":[14.3970267,45.9653608]},"properties":{"eidBuilding":"100200000250267743","buildingNumber":"115","cadastralMunicipalityCode":"1704","yearBuilt":1988,"buildingType":"samostoječa stavba"}},{"type":"Feature","id":"100200000250267750","geometry":{"type":"Point","coordinates":[14.3969053,45.9653299]},"properties":{"eidBuilding":"100200000250267750","buildingNumber":"116","cadastralMunicipalityCode":"1704","yearBuilt":1988,"buildingType":"samostoječa stavba"}},{"type":"Feature","id":"100200000250267768","geometry":{"type":"Point","coordinates":[14.3977206,45.9655388]},"properties":{"eidBuilding":"100200000250267768","buildingNumber":"117","cadastralMunicipalityCode":"1704","yearBuilt":1900,"buildingType":"samostoječa stavba"}},{"type":"Feature","id":"100200000250267776","geometry":{"type":"Point","coordinates":[14.397878,45.9654508]},"properties":{"eidBuilding":"100200000250267776","buildingNumber":"118","cadastralMunicipalityCode":"1704","yearBuilt":1902,"buildingType":"samostoječa stavba"}},{"type":"Feature","id":"100200000250267867","geometry":{"type":"Point","coordinates":[14.399115,45.9652975]},"properties":{"eidBuilding":"100200000250267867","buildingNumber":"127","cadastralMunicipalityCode":"1704","yearBuilt":1998,"buildingType":"samostoječa stavba"}},{"type":"Feature","id":"100200000250267891","geometry":{"type":"Point","coordinates":[14.399818,45.9655276]},"properties":{"eidBuilding":"100200000250267891","buildingNumber":"130","cadastralMunicipalityCode":"1704","yearBuilt":1962,"buildingType":"samostoječa stavba"}},{"type":"Feature","id":"100200000250267941","geometry":{"type":"Point","coordinates":[14.4003643,45.9652657]},"properties":{"eidBuilding":"100200000250267941","buildingNumber":"135","cadastralMunicipalityCode":"1704","yearBuilt":1981,"buildingType":"samostoječa stavba"}},{"type":"Feature","id":"100200000250267966","geometry":{"type":"Point","coordinates":[14.4005718,45.9648021]},"properties":{"eidBuilding":"100200000250267966","buildingNumber":"137","cadastralMunicipalityCode":"1704","yearBuilt":1990,"buildingType":"samostoječa stavba"}},{"type":"Feature","id":"100200000250267974","geometry":{"type":"Point","coordinates":[14.4007818,45.9649431]},"properties":{"eidBuilding":"100200000250267974","buildingNumber":"138","cadastralMunicipalityCode":"1704","yearBuilt":1984,"buildingType":"samostoječa stavba"}},{"type":"Feature","id":"100200000250355381","geometry":{"type":"Point","coordinates":[14.3888315,45.9551225]},"properties":{"eidBuilding":"100200000250355381","buildingNumber":"415","cadastralMunicipalityCode":"1704","yearBuilt":1985,"buildingType":"samostoječa stavba"}},{"type":"Feature","id":"100200000250355423","geometry":{"type":"Point","coordinates":[14.3976519,45.956803]},"properties":{"eidBuilding":"100200000250355423","buildingNumber":"419","cadastralMunicipalityCode":"1704","yearBuilt":1975,"buildingType":"samostoječa stavba"}},{"type":"Feature","id":"100200000250355498","geometry":{"type":"Point","coordinates":[14.3985285,45.956752]},"properties":{"eidBuilding":"100200000250355498","buildingNumber":"426","cadastralMunicipalityCode":"1704","yearBuilt":1976,"buildingType":"samostoječa stavba"}},{"type":"Feature","id":"100200000250355506","geometry":{"type":"Point","coordinates":[14.3983834,45.9568157]},"properties":{"eidBuilding":"100200000250355506","buildingNumber":"427","cadastralMunicipalityCode":"1704","yearBuilt":1993,"buildingType":"samostoječa stavba"}},{"type":"Feature","id":"100200000250355522","geometry":{"type":"Point","coordinates":[14.3990726,45.9565211]},"properties":{"eidBuilding":"100200000250355522","buildingNumber":"429","cadastralMunicipalityCode":"1704","yearBuilt":1979,"buildingType":"samostoječa stavba"}},{"type":"Feature","id":"100200000250355530","geometry":{"type":"Point","coordinates":[14.400641,45.9569793]},"properties":{"eidBuilding":"100200000250355530","buildingNumber":"430","cadastralMunicipalityCode":"1704","yearBuilt":1984,"buildingType":"samostoječa stavba"}},{"type":"Feature","id":"100200000250355555","geometry":{"type":"Point","coordinates":[14.4012408,45.9568303]},"properties":{"eidBuilding":"100200000250355555","buildingNumber":"432","cadastralMunicipalityCode":"1704","yearBuilt":1984,"buildingType":"samostoječa stavba"}},{"type":"Feature","id":"100200000250355571","geometry":{"type":"Point","coordinates":[14.4020748,45.9567613]},"properties":{"eidBuilding":"100200000250355571","buildingNumber":"434","cadastralMunicipalityCode":"1704","yearBuilt":1972,"buildingType":"samostoječa stavba"}},{"type":"Feature","id":"100200000250355589","geometry":{"type":"Point","coordinates":[14.401917,45.9567182]},"properties":{"eidBuilding":"100200000250355589","buildingNumber":"435","cadastralMunicipalityCode":"1704","yearBuilt":1972,"buildingType":"samostoječa stavba"}},{"type":"Feature","id":"100200000250355670","geometry":{"type":"Point","coordinates":[14.4035472,45.9570382]},"properties":{"eidBuilding":"100200000250355670","buildingNumber":"444","cadastralMunicipalityCode":"1704","yearBuilt":1984,"buildingType":"samostoječa stavba"}},{"type":"Feature","id":"100200000250357700","geometry":{"type":"Point","coordinates":[14.408316,45.9556817]},"properties":{"eidBuilding":"100200000250357700","buildingNumber":"640","cadastralMunicipalityCode":"1704","yearBuilt":1900,"buildingType":"samostoječa stavba"}},{"type":"Feature","id":"100200000250357718","geometry":{"type":"Point","coordinates":[14.4080974,45.9555151]},"properties":{"eidBuilding":"100200000250357718","buildingNumber":"641","cadastralMunicipalityCode":"1704","yearBuilt":1800,"buildingType":"samostoječa stavba"}},{"type":"Feature","id":"100200000250357726","geometry":{"type":"Point","coordinates":[14.4084848,45.9554857]},"properties":{"eidBuilding":"100200000250357726","buildingNumber":"642","cadastralMunicipalityCode":"1704","yearBuilt":1942,"buildingType":"samostoječa stavba"}},{"type":"Feature","id":"100200000250357734","geometry":{"type":"Point","coordinates":[14.4085773,45.9553993]},"properties":{"eidBuilding":"100200000250357734","buildingNumber":"643","cadastralMunicipalityCode":"1704","yearBuilt":1938,"buildingType":"samostoječa stavba"}},{"type":"Feature","id":"100200000250357742","geometry":{"type":"Point","coordinates":[14.4081647,45.9552294]},"properties":{"eidBuilding":"100200000250357742","buildingNumber":"644","cadastralMunicipalityCode":"1704","yearBuilt":1993,"buildingType":"samostoječa stavba"}},{"type":"Feature","id":"100200000250357759","geometry":{"type":"Point","coordinates":[14.4082182,45.955389]},"properties":{"eidBuilding":"100200000250357759","buildingNumber":"645","cadastralMunicipalityCode":"1704","yearBuilt":1119,"buildingType":"samostoječa stavba"}},{"type":"Feature","id":"100200000250357767","geometry":{"type":"Point","coordinates":[14.4083442,45.9551276]},"properties":{"eidBuilding":"100200000250357767","buildingNumber":"646","cadastralMunicipalityCode":"1704","yearBuilt":1910,"buildingType":"samostoječa stavba"}},{"type":"Feature","id":"100200000250357775","geometry":{"type":"Point","coordinates":[14.4084976,45.9552453]},"properties":{"eidBuilding":"100200000250357775","buildingNumber":"647","cadastralMunicipalityCode":"1704","yearBuilt":1965,"buildingType":"samostoječa stavba"}},{"type":"Feature","id":"100200000250357791","geometry":{"type":"Point","coordinates":[14.4085869,45.9550316]},"properties":{"eidBuilding":"100200000250357791","buildingNumber":"649","cadastralMunicipalityCode":"1704","yearBuilt":1984,"buildingType":"samostoječa stavba"}},{"type":"Feature","id":"100200000250357809","geometry":{"type":"Point","coordinates":[14.4084165,45.9550284]},"properties":{"eidBuilding":"100200000250357809","buildingNumber":"650","cadastralMunicipalityCode":"1704","yearBuilt":1989,"buildingType":"samostoječa stavba"}},{"type":"Feature","id":"100200000250357825","geometry":{"type":"Point","coordinates":[14.4083853,45.954968]},"properties":{"eidBuilding":"100200000250357825","buildingNumber":"652","cadastralMunicipalityCode":"1704","yearBuilt":1990,"buildingType":"samostoječa stavba"}},{"type":"Feature","id":"100200000250357858","geometry":{"type":"Point","coordinates":[14.4083287,45.9548559]},"properties":{"eidBuilding":"100200000250357858","buildingNumber":"655","cadastralMunicipalityCode":"1704","yearBuilt":1800,"buildingType":"samostoječa stavba"}},{"type":"Feature","id":"100200000250357874","geometry":{"type":"Point","coordinates":[14.4082122,45.9547075]},"properties":{"eidBuilding":"100200000250357874","buildingNumber":"657","cadastralMunicipalityCode":"1704","yearBuilt":1970,"buildingType":"samostoječa stavba"}},{"type":"Feature","id":"100200000317443766","geometry":{"type":"Point","coordinates":[14.3963838,45.9648306]},"properties":{"eidBuilding":"100200000317443766","buildingNumber":"882","cadastralMunicipalityCode":"1704","yearBuilt":1972,"buildingType":"samostoječa stavba"}},{"type":"Feature","id":"100200000250267917","geometry":{"type":"Point","coordinates":[14.4006298,45.9655784]},"properties":{"eidBuilding":"100200000250267917","buildingNumber":"132","cadastralMunicipalityCode":"1704","yearBuilt":1900,"buildingType":"krajna vrstna stavba"}},{"type":"Feature","id":"100200000250268386","geometry":{"type":"Point","coordinates":[14.3978656,45.9634421]},"properties":{"eidBuilding":"100200000250268386","buildingNumber":"179","cadastralMunicipalityCode":"1704","yearBuilt":1964,"buildingType":"krajna vrstna stavba"}},{"type":"Feature","id":"100200000250268394","geometry":{"type":"Point","coordinates":[14.3979712,45.9633809]},"properties":{"eidBuilding":"100200000250268394","buildingNumber":"180","cadastralMunicipalityCode":"1704","yearBuilt":1964,"buildingType":"krajna vrstna stavba"}},{"type":"Feature","id":"100200000250267800","geometry":{"type":"Point","coordinates":[14.3983705,45.9656813]},"properties":{"eidBuilding":"100200000250267800","buildingNumber":"121","cadastralMunicipalityCode":"1704","yearBuilt":1920,"buildingType":"krajna vrstna stavba"}},{"type":"Feature","id":"100200000250357668","geometry":{"type":"Point","coordinates":[14.4080218,45.9556566]},"properties":{"eidBuilding":"100200000250357668","buildingNumber":"636","cadastralMunicipalityCode":"1704","yearBuilt":1978,"buildingType":"krajna vrstna stavba"}},{"type":"Feature","id":"100200000285970238","geometry":{"type":"Point","coordinates":[14.3964934,45.9644732]},"properties":{"eidBuilding":"100200000285970238","buildingNumber":"796","cadastralMunicipalityCode":"1704","yearBuilt":2001,"buildingType":"krajna vrstna stavba"}},{"type":"Feature","id":"100200000285970246","geometry":{"type":"Point","coordinates":[14.3968636,45.9648865]},"properties":{"eidBuilding":"100200000285970246","buildingNumber":"797","cadastralMunicipalityCode":"1704","yearBuilt":2000,"buildingType":"krajna vrstna stavba"}},{"type":"Feature","id":"100200000315816534","geometry":{"type":"Point","coordinates":[14.401041,45.9572239]},"properties":{"eidBuilding":"100200000315816534","buildingNumber":"862","cadastralMunicipalityCode":"1704","yearBuilt":2008,"buildingType":"krajna vrstna stavba"}},{"type":"Feature","id":"100200000315816559","geometry":{"type":"Point","coordinates":[14.4011002,45.9571885]},"properties":{"eidBuilding":"100200000315816559","buildingNumber":"863","cadastralMunicipalityCode":"1704","yearBuilt":2008,"buildingType":"krajna vrstna stavba"}},{"type":"Feature","id":"100200000250268006","geometry":{"type":"Point","coordinates":[14.4002872,45.9645694]},"properties":{"eidBuilding":"100200000250268006","buildingNumber":"141","cadastralMunicipalityCode":"1704","yearBuilt":1976,"buildingType":"samostoječa stavba"}},{"type":"Feature","id":"100200000250268014","geometry":{"type":"Point","coordinates":[14.4003438,45.9643935]},"properties":{"eidBuilding":"100200000250268014","buildingNumber":"142","cadastralMunicipalityCode":"1704","yearBuilt":1985,"buildingType":"samostoječa stavba"}},{"type":"Feature","id":"100200000250268022","geometry":{"type":"Point","coordinates":[14.4009403,45.9637409]},"properties":{"eidBuilding":"100200000250268022","buildingNumber":"143","cadastralMunicipalityCode":"1704","yearBuilt":1971,"buildingType":"samostoječa stavba"}},{"type":"Feature","id":"100200000250268048","geometry":{"type":"Point","coordinates":[14.4007576,45.9632635]},"properties":{"eidBuilding":"100200000250268048","buildingNumber":"145","cadastralMunicipalityCode":"1704","yearBuilt":1963,"buildingType":"samostoječa stavba"}},{"type":"Feature","id":"100200000250268097","geometry":{"type":"Point","coordinates":[14.401497,45.9625868]},"properties":{"eidBuilding":"100200000250268097","buildingNumber":"150","cadastralMunicipalityCode":"1704","yearBuilt":1978,"buildingType":"samostoječa stavba"}},{"type":"Feature","id":"100200000250268121","geometry":{"type":"Point","coordinates":[14.4007583,45.9620777]},"properties":{"eidBuilding":"100200000250268121","buildingNumber":"153","cadastralMunicipalityCode":"1704","yearBuilt":1900,"buildingType":"samostoječa stavba"}},{"type":"Feature","id":"100200000250268188","geometry":{"type":"Point","coordinates":[14.3993762,45.9622621]},"properties":{"eidBuilding":"100200000250268188","buildingNumber":"159","cadastralMunicipalityCode":"1704","yearBuilt":1958,"buildingType":"samostoječa stavba"}},{"type":"Feature","id":"100200000250268204","geometry":{"type":"Point","coordinates":[14.3991497,45.9625544]},"properties":{"eidBuilding":"100200000250268204","buildingNumber":"161","cadastralMunicipalityCode":"1704","yearBuilt":1952,"buildingType":"samostoječa stavba"}},{"type":"Feature","id":"100200000250268212","geometry":{"type":"Point","coordinates":[14.3989101,45.9626457]},"properties":{"eidBuilding":"100200000250268212","buildingNumber":"162","cadastralMunicipalityCode":"1704","yearBuilt":1960,"buildingType":"samostoječa stavba"}},{"type":"Feature","id":"100200000250268253","geometry":{"type":"Point","coordinates":[14.3970863,45.9647803]},"properties":{"eidBuilding":"100200000250268253","buildingNumber":"166","cadastralMunicipalityCode":"1704","yearBuilt":1989,"buildingType":"samostoječa stavba"}},{"type":"Feature","id":"100200000250355241","geometry":{"type":"Point","coordinates":[14.3927103,45.9558022]},"properties":{"eidBuilding":"100200000250355241","buildingNumber":"401","cadastralMunicipalityCode":"1704","yearBuilt":1982,"buildingType":"samostoječa stavba"}},{"type":"Feature","id":"100200000250355282","geometry":{"type":"Point","coordinates":[14.391907,45.9558557]},"properties":{"eidBuilding":"100200000250355282","buildingNumber":"405","cadastralMunicipalityCode":"1704","yearBuilt":1999,"buildingType":"samostoječa stavba"}},{"type":"Feature","id":"100200000250355290","geometry":{"type":"Point","coordinates":[14.3917757,45.9556618]},"properties":{"eidBuilding":"100200000250355290","buildingNumber":"406","cadastralMunicipalityCode":"1704","yearBuilt":1960,"buildingType":"samostoječa stavba"}},{"type":"Feature","id":"100200000250355340","geometry":{"type":"Point","coordinates":[14.3912656,45.9556559]},"properties":{"eidBuilding":"100200000250355340","buildingNumber":"411","cadastralMunicipalityCode":"1704","yearBuilt":1982,"buildingType":"samostoječa stavba"}},{"type":"Feature","id":"100200000250355399","geometry":{"type":"Point","coordinates":[14.3973368,45.9423661]},"properties":{"eidBuilding":"100200000250355399","buildingNumber":"416","cadastralMunicipalityCode":"1704","yearBuilt":1900,"buildingType":"samostoječa stavba"}},{"type":"Feature","id":"100200000250355415","geometry":{"type":"Point","coordinates":[14.3972711,45.9568235]},"properties":{"eidBuilding":"100200000250355415","buildingNumber":"418","cadastralMunicipalityCode":"1704","yearBuilt":1983,"buildingType":"samostoječa stavba"}},{"type":"Feature","id":"100200000250355449","geometry":{"type":"Point","coordinates":[14.3982812,45.9570329]},"properties":{"eidBuilding":"100200000250355449","buildingNumber":"421","cadastralMunicipalityCode":"1704","yearBuilt":1982,"buildingType":"samostoječa stavba"}},{"type":"Feature","id":"100200000250355472","geometry":{"type":"Point","coordinates":[14.3988735,45.9569595]},"properties":{"eidBuilding":"100200000250355472","buildingNumber":"424","cadastralMunicipalityCode":"1704","yearBuilt":1986,"buildingType":"samostoječa stavba"}},{"type":"Feature","id":"100200000250355480","geometry":{"type":"Point","coordinates":[14.3991404,45.9569174]},"properties":{"eidBuilding":"100200000250355480","buildingNumber":"425","cadastralMunicipalityCode":"1704","yearBuilt":1965,"buildingType":"samostoječa stavba"}},{"type":"Feature","id":"100200000250355548","geometry":{"type":"Point","coordinates":[14.4009777,45.9569195]},"properties":{"eidBuilding":"100200000250355548","buildingNumber":"431","cadastralMunicipalityCode":"1704","yearBuilt":2000,"buildingType":"samostoječa stavba"}},{"type":"Feature","id":"100200000250355605","geometry":{"type":"Point","coordinates":[14.4024409,45.95669]},"properties":{"eidBuilding":"100200000250355605","buildingNumber":"437","cadastralMunicipalityCode":"1704","yearBuilt":2003,"buildingType":"samostoječa stavba"}},{"type":"Feature","id":"100200000250355647","geometry":{"type":"Point","coordinates":[14.4030874,45.9567284]},"properties":{"eidBuilding":"100200000250355647","buildingNumber":"441","cadastralMunicipalityCode":"1704","yearBuilt":1934,"buildingType":"samostoječa stavba"}},{"type":"Feature","id":"100200000250357908","geometry":{"type":"Point","coordinates":[14.4078649,45.9546141]},"properties":{"eidBuilding":"100200000250357908","buildingNumber":"660","cadastralMunicipalityCode":"1704","yearBuilt":1997,"buildingType":"samostoječa stavba"}},{"type":"Feature","id":"100200000250357916","geometry":{"type":"Point","coordinates":[14.4096678,45.9563995]},"properties":{"eidBuilding":"100200000250357916","buildingNumber":"661","cadastralMunicipalityCode":"1704","yearBuilt":1967,"buildingType":"samostoječa stavba"}},{"type":"Feature","id":"100200000250357957","geometry":{"type":"Point","coordinates":[14.4085197,45.9543166]},"properties":{"eidBuilding":"100200000250357957","buildingNumber":"665","cadastralMunicipalityCode":"1704","yearBuilt":1880,"buildingType":"samostoječa stavba"}},{"type":"Feature","id":"100200000250357973","geometry":{"type":"Point","coordinates":[14.4087047,45.954096]},"properties":{"eidBuilding":"100200000250357973","buildingNumber":"667","cadastralMunicipalityCode":"1704","yearBuilt":1981,"buildingType":"samostoječa stavba"}},{"type":"Feature","id":"100200000250357981","geometry":{"type":"Point","coordinates":[14.4085229,45.9541848]},"properties":{"eidBuilding":"100200000250357981","buildingNumber":"668","cadastralMunicipalityCode":"1704","yearBuilt":1929,"buildingType":"samostoječa stavba"}},{"type":"Feature","id":"100200000250358088","geometry":{"type":"Point","coordinates":[14.4092027,45.9533871]},"properties":{"eidBuilding":"100200000250358088","buildingNumber":"678","cadastralMunicipalityCode":"1704","yearBuilt":1987,"buildingType":"samostoječa stavba"}},{"type":"Feature","id":"100200000250358096","geometry":{"type":"Point","coordinates":[14.4094541,45.9532191]},"properties":{"eidBuilding":"100200000250358096","buildingNumber":"679","cadastralMunicipalityCode":"1704","yearBuilt":2022,"buildingType":"samostoječa stavba"}},{"type":"Feature","id":"100200000250358179","geometry":{"type":"Point","coordinates":[14.4092099,45.9561528]},"properties":{"eidBuilding":"100200000250358179","buildingNumber":"687","cadastralMunicipalityCode":"1704","yearBuilt":1862,"buildingType":"samostoječa stavba"}},{"type":"Feature","id":"100200000250358187","geometry":{"type":"Point","coordinates":[14.40942,45.9559364]},"properties":{"eidBuilding":"100200000250358187","buildingNumber":"688","cadastralMunicipalityCode":"1704","yearBuilt":1975,"buildingType":"samostoječa stavba"}},{"type":"Feature","id":"100200000250358377","geometry":{"type":"Point","coordinates":[14.4090619,45.9552334]},"properties":{"eidBuilding":"100200000250358377","buildingNumber":"707","cadastralMunicipalityCode":"1704","yearBuilt":1995,"buildingType":"samostoječa stavba"}},{"type":"Feature","id":"100200000250358393","geometry":{"type":"Point","coordinates":[14.4092644,45.9552253]},"properties":{"eidBuilding":"100200000250358393","buildingNumber":"709","cadastralMunicipalityCode":"1704","yearBuilt":1971,"buildingType":"samostoječa stavba"}},{"type":"Feature","id":"100200000250358435","geometry":{"type":"Point","coordinates":[14.4096836,45.9548927]},"properties":{"eidBuilding":"100200000250358435","buildingNumber":"713","cadastralMunicipalityCode":"1704","yearBuilt":1995,"buildingType":"samostoječa stavba"}},{"type":"Feature","id":"100200000250358450","geometry":{"type":"Point","coordinates":[14.409925,45.9548757]},"properties":{"eidBuilding":"100200000250358450","buildingNumber":"715","cadastralMunicipalityCode":"1704","yearBuilt":1975,"buildingType":"samostoječa stavba"}},{"type":"Feature","id":"100200000250358468","geometry":{"type":"Point","coordinates":[14.4100226,45.9549482]},"properties":{"eidBuilding":"100200000250358468","buildingNumber":"716","cadastralMunicipalityCode":"1704","yearBuilt":1929,"buildingType":"samostoječa stavba"}},{"type":"Feature","id":"100200000315816575","geometry":{"type":"Point","coordinates":[14.4011686,45.9571595]},"properties":{"eidBuilding":"100200000315816575","buildingNumber":"864","cadastralMunicipalityCode":"1704","yearBuilt":2008,"buildingType":"krajna vrstna stavba"}},{"type":"Feature","id":"100200000317191340","geometry":{"type":"Point","coordinates":[14.3975772,45.9651855]},"properties":{"eidBuilding":"100200000317191340","buildingNumber":"880","cadastralMunicipalityCode":"1704","yearBuilt":2007,"buildingType":"krajna vrstna stavba"}},{"type":"Feature","id":"100200000318356173","geometry":{"type":"Point","coordinates":[14.4087647,45.9546489]},"properties":{"eidBuilding":"100200000318356173","buildingNumber":"894","cadastralMunicipalityCode":"1704","yearBuilt":2007,"buildingType":"krajna vrstna stavba"}},{"type":"Feature","id":"100200000312394675","geometry":{"type":"Point","coordinates":[14.396464,45.9643259]},"properties":{"eidBuilding":"100200000312394675","buildingNumber":"826","cadastralMunicipalityCode":"1704","yearBuilt":2002,"buildingType":"krajna vrstna stavba"}},{"type":"Feature","id":"100200000312394972","geometry":{"type":"Point","coordinates":[14.396462,45.9642596]},"properties":{"eidBuilding":"100200000312394972","buildingNumber":"827","cadastralMunicipalityCode":"1704","yearBuilt":2002,"buildingType":"krajna vrstna stavba"}},{"type":"Feature","id":"100200000312401264","geometry":{"type":"Point","coordinates":[14.3964848,45.9645419]},"properties":{"eidBuilding":"100200000312401264","buildingNumber":"829","cadastralMunicipalityCode":"1704","yearBuilt":2001,"buildingType":"krajna vrstna stavba"}},{"type":"Feature","id":"100200000312401306","geometry":{"type":"Point","coordinates":[14.3968169,45.9648115]},"properties":{"eidBuilding":"100200000312401306","buildingNumber":"830","cadastralMunicipalityCode":"1704","yearBuilt":2000,"buildingType":"krajna vrstna stavba"}},{"type":"Feature","id":"100200000318141831","geometry":{"type":"Point","coordinates":[14.3892551,45.9616417]},"properties":{"eidBuilding":"100200000318141831","buildingNumber":"892","cadastralMunicipalityCode":"1704","yearBuilt":2008,"buildingType":"krajna vrstna stavba"}},{"type":"Feature","id":"100200000318291164","geometry":{"type":"Point","coordinates":[14.3892759,45.9617094]},"properties":{"eidBuilding":"100200000318291164","buildingNumber":"893","cadastralMunicipalityCode":"1704","yearBuilt":2009,"buildingType":"krajna vrstna stavba"}},{"type":"Feature","id":"100200000320793942","geometry":{"type":"Point","coordinates":[14.4097796,45.9524049]},"properties":{"eidBuilding":"100200000320793942","buildingNumber":"911","cadastralMunicipalityCode":"1704","yearBuilt":2011,"buildingType":"krajna vrstna stavba"}},{"type":"Feature","id":"100200000250267404","geometry":{"type":"Point","coordinates":[14.3900696,45.9622089]},"properties":{"eidBuilding":"100200000250267404","buildingNumber":"81","cadastralMunicipalityCode":"1704","yearBuilt":1968,"buildingType":"samostoječa stavba"}},{"type":"Feature","id":"100200000250268261","geometry":{"type":"Point","coordinates":[14.3969698,45.9646173]},"properties":{"eidBuilding":"100200000250268261","buildingNumber":"167","cadastralMunicipalityCode":"1704","yearBuilt":1992,"buildingType":"samostoječa stavba"}},{"type":"Feature","id":"100200000250268279","geometry":{"type":"Point","coordinates":[14.397149,45.9645713]},"properties":{"eidBuilding":"100200000250268279","buildingNumber":"168","cadastralMunicipalityCode":"1704","yearBuilt":1987,"buildingType":"samostoječa stavba"}},{"type":"Feature","id":"100200000250268287","geometry":{"type":"Point","coordinates":[14.3974071,45.9647603]},"properties":{"eidBuilding":"100200000250268287","buildingNumber":"169","cadastralMunicipalityCode":"1704","yearBuilt":1988,"buildingType":"samostoječa stavba"}},{"type":"Feature","id":"100200000250268295","geometry":{"type":"Point","coordinates":[14.3973386,45.9646638]},"properties":{"eidBuilding":"100200000250268295","buildingNumber":"170","cadastralMunicipalityCode":"1704","yearBuilt":1994,"buildingType":"samostoječa stavba"}},{"type":"Feature","id":"100200000250268311","geometry":{"type":"Point","coordinates":[14.3980521,45.9640836]},"properties":{"eidBuilding":"100200000250268311","buildingNumber":"172","cadastralMunicipalityCode":"1704","yearBuilt":1996,"buildingType":"samostoječa stavba"}},{"type":"Feature","id":"100200000250268329","geometry":{"type":"Point","coordinates":[14.3979407,45.9639545]},"properties":{"eidBuilding":"100200000250268329","buildingNumber":"173","cadastralMunicipalityCode":"1704","yearBuilt":1947,"buildingType":"samostoječa stavba"}},{"type":"Feature","id":"100200000250268337","geometry":{"type":"Point","coordinates":[14.3976292,45.9636971]},"properties":{"eidBuilding":"100200000250268337","buildingNumber":"174","cadastralMunicipalityCode":"1704","yearBuilt":1840,"buildingType":"samostoječa stavba"}},{"type":"Feature","id":"100200000250268345","geometry":{"type":"Point","coordinates":[14.3974061,45.9637823]},"properties":{"eidBuilding":"100200000250268345","buildingNumber":"175","cadastralMunicipalityCode":"1704","yearBuilt":1997,"buildingType":"samostoječa stavba"}},{"type":"Feature","id":"100200000250268378","geometry":{"type":"Point","coordinates":[14.3977846,45.9635447]},"properties":{"eidBuilding":"100200000250268378","buildingNumber":"178","cadastralMunicipalityCode":"1704","yearBuilt":1970,"buildingType":"samostoječa stavba"}},{"type":"Feature","id":"100200000250268428","geometry":{"type":"Point","coordinates":[14.3984426,45.9631348]},"properties":{"eidBuilding":"100200000250268428","buildingNumber":"183","cadastralMunicipalityCode":"1704","yearBuilt":1957,"buildingType":"samostoječa stavba"}},{"type":"Feature","id":"100200000250268451","geometry":{"type":"Point","coordinates":[14.3986986,45.963007]},"properties":{"eidBuilding":"100200000250268451","buildingNumber":"186","cadastralMunicipalityCode":"1704","yearBuilt":1955,"buildingType":"samostoječa stavba"}},{"type":"Feature","id":"100200000250268469","geometry":{"type":"Point","coordinates":[14.3985737,45.9630347]},"properties":{"eidBuilding":"100200000250268469","buildingNumber":"187","cadastralMunicipalityCode":"1704","yearBuilt":1955,"buildingType":"samostoječa stavba"}},{"type":"Feature","id":"100200000250268477","geometry":{"type":"Point","coordinates":[14.3994188,45.9628646]},"properties":{"eidBuilding":"100200000250268477","buildingNumber":"188","cadastralMunicipalityCode":"1704","yearBuilt":2002,"buildingType":"samostoječa stavba"}},{"type":"Feature","id":"100200000250268501","geometry":{"type":"Point","coordinates":[14.3995973,45.9624585]},"properties":{"eidBuilding":"100200000250268501","buildingNumber":"191","cadastralMunicipalityCode":"1704","yearBuilt":1945,"buildingType":"samostoječa stavba"}},{"type":"Feature","id":"100200000250355654","geometry":{"type":"Point","coordinates":[14.4032615,45.9565614]},"properties":{"eidBuilding":"100200000250355654","buildingNumber":"442","cadastralMunicipalityCode":"1704","yearBuilt":1981,"buildingType":"samostoječa stavba"}},{"type":"Feature","id":"100200000250355662","geometry":{"type":"Point","coordinates":[14.4034942,45.956893]},"properties":{"eidBuilding":"100200000250355662","buildingNumber":"443","cadastralMunicipalityCode":"1704","yearBuilt":1954,"buildingType":"samostoječa stavba"}},{"type":"Feature","id":"100200000250355696","geometry":{"type":"Point","coordinates":[14.4039141,45.9570005]},"properties":{"eidBuilding":"100200000250355696","buildingNumber":"446","cadastralMunicipalityCode":"1704","yearBuilt":1976,"buildingType":"samostoječa stavba"}},{"type":"Feature","id":"100200000250355704","geometry":{"type":"Point","coordinates":[14.4041284,45.9567596]},"properties":{"eidBuilding":"100200000250355704","buildingNumber":"447","cadastralMunicipalityCode":"1704","yearBuilt":1938,"buildingType":"samostoječa stavba"}},{"type":"Feature","id":"100200000250355712","geometry":{"type":"Point","coordinates":[14.4042576,45.9566676]},"properties":{"eidBuilding":"100200000250355712","buildingNumber":"448","cadastralMunicipalityCode":"1704","yearBuilt":1968,"buildingType":"samostoječa stavba"}},{"type":"Feature","id":"100200000250355720","geometry":{"type":"Point","coordinates":[14.4044913,45.9565481]},"properties":{"eidBuilding":"100200000250355720","buildingNumber":"449","cadastralMunicipalityCode":"1704","yearBuilt":1977,"buildingType":"samostoječa stavba"}},{"type":"Feature","id":"100200000250355738","geometry":{"type":"Point","coordinates":[14.4042529,45.9564051]},"properties":{"eidBuilding":"100200000250355738","buildingNumber":"450","cadastralMunicipalityCode":"1704","yearBuilt":1978,"buildingType":"samostoječa stavba"}},{"type":"Feature","id":"100200000250355746","geometry":{"type":"Point","coordinates":[14.4044405,45.9564243]},"properties":{"eidBuilding":"100200000250355746","buildingNumber":"451","cadastralMunicipalityCode":"1704","yearBuilt":1986,"buildingType":"samostoječa stavba"}},{"type":"Feature","id":"100200000250355761","geometry":{"type":"Point","coordinates":[14.4048813,45.9565227]},"properties":{"eidBuilding":"100200000250355761","buildingNumber":"453","cadastralMunicipalityCode":"1704","yearBuilt":1965,"buildingType":"samostoječa stavba"}},{"type":"Feature","id":"100200000250355779","geometry":{"type":"Point","coordinates":[14.4050411,45.9566497]},"properties":{"eidBuilding":"100200000250355779","buildingNumber":"454","cadastralMunicipalityCode":"1704","yearBuilt":1956,"buildingType":"samostoječa stavba"}},{"type":"Feature","id":"100200000250355787","geometry":{"type":"Point","coordinates":[14.4048762,45.9566799]},"properties":{"eidBuilding":"100200000250355787","buildingNumber":"455","cadastralMunicipalityCode":"1704","yearBuilt":1975,"buildingType":"samostoječa stavba"}},{"type":"Feature","id":"100200000250355837","geometry":{"type":"Point","coordinates":[14.4026542,45.9564008]},"properties":{"eidBuilding":"100200000250355837","buildingNumber":"460","cadastralMunicipalityCode":"1704","yearBuilt":1997,"buildingType":"samostoječa stavba"}},{"type":"Feature","id":"100200000250355845","geometry":{"type":"Point","coordinates":[14.4002669,45.9561867]},"properties":{"eidBuilding":"100200000250355845","buildingNumber":"461","cadastralMunicipalityCode":"1704","yearBuilt":1977,"buildingType":"samostoječa stavba"}},{"type":"Feature","id":"100200000250355878","geometry":{"type":"Point","coordinates":[14.4011514,45.9561581]},"properties":{"eidBuilding":"100200000250355878","buildingNumber":"464","cadastralMunicipalityCode":"1704","yearBuilt":1981,"buildingType":"samostoječa stavba"}},{"type":"Feature","id":"100200000250358484","geometry":{"type":"Point","coordinates":[14.4102462,45.9547261]},"properties":{"eidBuilding":"100200000250358484","buildingNumber":"718","cadastralMunicipalityCode":"1704","yearBuilt":1950,"buildingType":"samostoječa stavba"}},{"type":"Feature","id":"100200000250358500","geometry":{"type":"Point","coordinates":[14.4087782,45.9548684]},"properties":{"eidBuilding":"100200000250358500","buildingNumber":"720","cadastralMunicipalityCode":"1704","yearBuilt":1935,"buildingType":"samostoječa stavba"}},{"type":"Feature","id":"100200000250358518","geometry":{"type":"Point","coordinates":[14.4090895,45.954867]},"properties":{"eidBuilding":"100200000250358518","buildingNumber":"721","cadastralMunicipalityCode":"1704","yearBuilt":1979,"buildingType":"samostoječa stavba"}},{"type":"Feature","id":"100200000250358526","geometry":{"type":"Point","coordinates":[14.4092369,45.9546538]},"properties":{"eidBuilding":"100200000250358526","buildingNumber":"722","cadastralMunicipalityCode":"1704","yearBuilt":1978,"buildingType":"samostoječa stavba"}},{"type":"Feature","id":"100200000250358542","geometry":{"type":"Point","coordinates":[14.4096522,45.9546905]},"properties":{"eidBuilding":"100200000250358542","buildingNumber":"724","cadastralMunicipalityCode":"1704","yearBuilt":1968,"buildingType":"samostoječa stavba"}},{"type":"Feature","id":"100200000250358559","geometry":{"type":"Point","coordinates":[14.4094829,45.9546118]},"properties":{"eidBuilding":"100200000250358559","buildingNumber":"725","cadastralMunicipalityCode":"1704","yearBuilt":1960,"buildingType":"samostoječa stavba"}},{"type":"Feature","id":"100200000250358740","geometry":{"type":"Point","coordinates":[14.4136148,45.9553338]},"properties":{"eidBuilding":"100200000250358740","buildingNumber":"739","cadastralMunicipalityCode":"1704","yearBuilt":1960,"buildingType":"samostoječa stavba"}},{"type":"Feature","id":"100200000250358757","geometry":{"type":"Point","coordinates":[14.4132889,45.9556682]},"properties":{"eidBuilding":"100200000250358757","buildingNumber":"740","cadastralMunicipalityCode":"1704","yearBuilt":1986,"buildingType":"samostoječa stavba"}},{"type":"Feature","id":"100200000250358765","geometry":{"type":"Point","coordinates":[14.4137205,45.9548994]},"properties":{"eidBuilding":"100200000250358765","buildingNumber":"741","cadastralMunicipalityCode":"1704","yearBuilt":1860,"buildingType":"samostoječa stavba"}},{"type":"Feature","id":"100200000250358930","geometry":{"type":"Point","coordinates":[14.4064514,45.9535682]},"properties":{"eidBuilding":"100200000250358930","buildingNumber":"758","cadastralMunicipalityCode":"1704","yearBuilt":1997,"buildingType":"samostoječa stavba"}},{"type":"Feature","id":"100200000250359201","geometry":{"type":"Point","coordinates":[14.4109399,45.9519136]},"properties":{"eidBuilding":"100200000250359201","buildingNumber":"785","cadastralMunicipalityCode":"1704","yearBuilt":1995,"buildingType":"samostoječa stavba"}},{"type":"Feature","id":"100200000285970188","geometry":{"type":"Point","coordinates":[14.3993963,45.9562322]},"properties":{"eidBuilding":"100200000285970188","buildingNumber":"791","cadastralMunicipalityCode":"1704","yearBuilt":2000,"buildingType":"samostoječa stavba"}},{"type":"Feature","id":"100200000285970196","geometry":{"type":"Point","coordinates":[14.4111896,45.9517034]},"properties":{"eidBuilding":"100200000285970196","buildingNumber":"792","cadastralMunicipalityCode":"1704","yearBuilt":2002,"buildingType":"samostoječa stavba"}},{"type":"Feature","id":"100200000250267792","geometry":{"type":"Point","coordinates":[14.3980973,45.9657609]},"properties":{"eidBuilding":"100200000250267792","buildingNumber":"120","cadastralMunicipalityCode":"1704","yearBuilt":1918,"buildingType":"samostoječa stavba"}},{"type":"Feature","id":"100200000250267982","geometry":{"type":"Point","coordinates":[14.4001065,45.9647812]},"properties":{"eidBuilding":"100200000250267982","buildingNumber":"139","cadastralMunicipalityCode":"1704","yearBuilt":1987,"buildingType":"samostoječa stavba"}},{"type":"Feature","id":"100200000250268113","geometry":{"type":"Point","coordinates":[14.4009703,45.9623111]},"properties":{"eidBuilding":"100200000250268113","buildingNumber":"152","cadastralMunicipalityCode":"1704","yearBuilt":1991,"buildingType":"samostoječa stavba"}},{"type":"Feature","id":"100200000250268170","geometry":{"type":"Point","coordinates":[14.3998045,45.9619659]},"properties":{"eidBuilding":"100200000250268170","buildingNumber":"158","cadastralMunicipalityCode":"1704","yearBuilt":1974,"buildingType":"samostoječa stavba"}},{"type":"Feature","id":"100200000250268246","geometry":{"type":"Point","coordinates":[14.3980585,45.9623325]},"properties":{"eidBuilding":"100200000250268246","buildingNumber":"165","cadastralMunicipalityCode":"1704","yearBuilt":1970,"buildingType":"samostoječa stavba"}},{"type":"Feature","id":"100200000250268352","geometry":{"type":"Point","coordinates":[14.3981033,45.9637381]},"properties":{"eidBuilding":"100200000250268352","buildingNumber":"176","cadastralMunicipalityCode":"1704","yearBuilt":1850,"buildingType":"samostoječa stavba"}},{"type":"Feature","id":"100200000250268493","geometry":{"type":"Point","coordinates":[14.3998178,45.9626121]},"properties":{"eidBuilding":"100200000250268493","buildingNumber":"190","cadastralMunicipalityCode":"1704","yearBuilt":1973,"buildingType":"samostoječa stavba"}},{"type":"Feature","id":"100200000250268725","geometry":{"type":"Point","coordinates":[14.4042375,45.9637492]},"properties":{"eidBuilding":"100200000250268725","buildingNumber":"213","cadastralMunicipalityCode":"1704","yearBuilt":1984,"buildingType":"samostoječa stavba"}},{"type":"Feature","id":"100200000250268535","geometry":{"type":"Point","coordinates":[14.3994141,45.9616867]},"properties":{"eidBuilding":"100200000250268535","buildingNumber":"194","cadastralMunicipalityCode":"1704","yearBuilt":1978,"buildingType":"samostoječa stavba"}},{"type":"Feature","id":"100200000250268550","geometry":{"type":"Point","coordinates":[14.4015633,45.9638451]},"properties":{"eidBuilding":"100200000250268550","buildingNumber":"196","cadastralMunicipalityCode":"1704","yearBuilt":1970,"buildingType":"samostoječa stavba"}},{"type":"Feature","id":"100200000250268634","geometry":{"type":"Point","coordinates":[14.4025626,45.9637714]},"properties":{"eidBuilding":"100200000250268634","buildingNumber":"204","cadastralMunicipalityCode":"1704","yearBuilt":1995,"buildingType":"samostoječa stavba"}},{"type":"Feature","id":"100200000250268691","geometry":{"type":"Point","coordinates":[14.4039837,45.9640081]},"properties":{"eidBuilding":"100200000250268691","buildingNumber":"210","cadastralMunicipalityCode":"1704","yearBuilt":1984,"buildingType":"samostoječa stavba"}},{"type":"Feature","id":"100200000250268717","geometry":{"type":"Point","coordinates":[14.4042731,45.9639105]},"properties":{"eidBuilding":"100200000250268717","buildingNumber":"212","cadastralMunicipalityCode":"1704","yearBuilt":2006,"buildingType":"samostoječa stavba"}},{"type":"Feature","id":"100200000250268733","geometry":{"type":"Point","coordinates":[14.4043017,45.9636631]},"properties":{"eidBuilding":"100200000250268733","buildingNumber":"214","cadastralMunicipalityCode":"1704","yearBuilt":1984,"buildingType":"samostoječa stavba"}},{"type":"Feature","id":"100200000250268766","geometry":{"type":"Point","coordinates":[14.4028454,45.9649084]},"properties":{"eidBuilding":"100200000250268766","buildingNumber":"217","cadastralMunicipalityCode":"1704","yearBuilt":1960,"buildingType":"samostoječa stavba"}},{"type":"Feature","id":"100200000250268774","geometry":{"type":"Point","coordinates":[14.4032106,45.9655439]},"properties":{"eidBuilding":"100200000250268774","buildingNumber":"218","cadastralMunicipalityCode":"1704","yearBuilt":1953,"buildingType":"samostoječa stavba"}},{"type":"Feature","id":"100200000250268782","geometry":{"type":"Point","coordinates":[14.4032572,45.9657198]},"properties":{"eidBuilding":"100200000250268782","buildingNumber":"219","cadastralMunicipalityCode":"1704","yearBuilt":1938,"buildingType":"samostoječa stavba"}},{"type":"Feature","id":"100200000250350721","geometry":{"type":"Point","coordinates":[14.3855922,45.9545656]},"properties":{"eidBuilding":"100200000250350721","buildingNumber":"228","cadastralMunicipalityCode":"1704","yearBuilt":1800,"buildingType":"samostoječa stavba"}},{"type":"Feature","id":"100200000250350762","geometry":{"type":"Point","coordinates":[14.3846131,45.9539945]},"properties":{"eidBuilding":"100200000250350762","buildingNumber":"232","cadastralMunicipalityCode":"1704","yearBuilt":1800,"buildingType":"samostoječa stavba"}},{"type":"Feature","id":"100200000250350978","geometry":{"type":"Point","coordinates":[14.3817469,45.9527289]},"properties":{"eidBuilding":"100200000250350978","buildingNumber":"253","cadastralMunicipalityCode":"1704","yearBuilt":1907,"buildingType":"samostoječa stavba"}},{"type":"Feature","id":"100200000250355886","geometry":{"type":"Point","coordinates":[14.4013059,45.956086]},"properties":{"eidBuilding":"100200000250355886","buildingNumber":"465","cadastralMunicipalityCode":"1704","yearBuilt":2000,"buildingType":"samostoječa stavba"}},{"type":"Feature","id":"100200000250355894","geometry":{"type":"Point","coordinates":[14.4014631,45.9559805]},"properties":{"eidBuilding":"100200000250355894","buildingNumber":"466","cadastralMunicipalityCode":"1704","yearBuilt":1990,"buildingType":"samostoječa stavba"}},{"type":"Feature","id":"100200000250355902","geometry":{"type":"Point","coordinates":[14.4016447,45.9559616]},"properties":{"eidBuilding":"100200000250355902","buildingNumber":"467","cadastralMunicipalityCode":"1704","yearBuilt":1990,"buildingType":"samostoječa stavba"}},{"type":"Feature","id":"100200000250355910","geometry":{"type":"Point","coordinates":[14.4015152,45.9561647]},"properties":{"eidBuilding":"100200000250355910","buildingNumber":"468","cadastralMunicipalityCode":"1704","yearBuilt":1974,"buildingType":"samostoječa stavba"}},{"type":"Feature","id":"100200000250355928","geometry":{"type":"Point","coordinates":[14.4019116,45.9561488]},"properties":{"eidBuilding":"100200000250355928","buildingNumber":"469","cadastralMunicipalityCode":"1704","yearBuilt":1970,"buildingType":"samostoječa stavba"}},{"type":"Feature","id":"100200000250355969","geometry":{"type":"Point","coordinates":[14.4031625,45.9561334]},"properties":{"eidBuilding":"100200000250355969","buildingNumber":"473","cadastralMunicipalityCode":"1704","yearBuilt":1973,"buildingType":"samostoječa stavba"}},{"type":"Feature","id":"100200000250355977","geometry":{"type":"Point","coordinates":[14.4029368,45.9558761]},"properties":{"eidBuilding":"100200000250355977","buildingNumber":"474","cadastralMunicipalityCode":"1704","yearBuilt":1985,"buildingType":"samostoječa stavba"}},{"type":"Feature","id":"100200000250355985","geometry":{"type":"Point","coordinates":[14.3948511,45.9591477]},"properties":{"eidBuilding":"100200000250355985","buildingNumber":"475","cadastralMunicipalityCode":"1704","yearBuilt":1900,"buildingType":"samostoječa stavba"}},{"type":"Feature","id":"100200000250356025","geometry":{"type":"Point","coordinates":[14.4006743,45.9572693]},"properties":{"eidBuilding":"100200000250356025","buildingNumber":"479","cadastralMunicipalityCode":"1704","yearBuilt":1979,"buildingType":"samostoječa stavba"}},{"type":"Feature","id":"100200000250356066","geometry":{"type":"Point","coordinates":[14.3993803,45.9615377]},"properties":{"eidBuilding":"100200000250356066","buildingNumber":"483","cadastralMunicipalityCode":"1704","yearBuilt":1985,"buildingType":"samostoječa stavba"}},{"type":"Feature","id":"100200000250356074","geometry":{"type":"Point","coordinates":[14.3994511,45.9614655]},"properties":{"eidBuilding":"100200000250356074","buildingNumber":"484","cadastralMunicipalityCode":"1704","yearBuilt":1991,"buildingType":"samostoječa stavba"}},{"type":"Feature","id":"100200000250356082","geometry":{"type":"Point","coordinates":[14.3997748,45.9612882]},"properties":{"eidBuilding":"100200000250356082","buildingNumber":"485","cadastralMunicipalityCode":"1704","yearBuilt":1975,"buildingType":"samostoječa stavba"}},{"type":"Feature","id":"100200000250356090","geometry":{"type":"Point","coordinates":[14.3994806,45.9610872]},"properties":{"eidBuilding":"100200000250356090","buildingNumber":"486","cadastralMunicipalityCode":"1704","yearBuilt":1975,"buildingType":"samostoječa stavba"}},{"type":"Feature","id":"100200000285970204","geometry":{"type":"Point","coordinates":[14.3977769,45.964966]},"properties":{"eidBuilding":"100200000285970204","buildingNumber":"793","cadastralMunicipalityCode":"1704","yearBuilt":2001,"buildingType":"samostoječa stavba"}},{"type":"Feature","id":"100200000285970212","geometry":{"type":"Point","coordinates":[14.3988284,45.9613436]},"properties":{"eidBuilding":"100200000285970212","buildingNumber":"794","cadastralMunicipalityCode":"1704","yearBuilt":2001,"buildingType":"samostoječa stavba"}},{"type":"Feature","id":"100200000285970220","geometry":{"type":"Point","coordinates":[14.3793535,45.9511882]},"properties":{"eidBuilding":"100200000285970220","buildingNumber":"795","cadastralMunicipalityCode":"1704","yearBuilt":2002,"buildingType":"samostoječa stavba"}},{"type":"Feature","id":"100200000312919307","geometry":{"type":"Point","coordinates":[14.3990244,45.9562345]},"properties":{"eidBuilding":"100200000312919307","buildingNumber":"798","cadastralMunicipalityCode":"1704","yearBuilt":2006,"buildingType":"samostoječa stavba"}},{"type":"Feature","id":"100200000250358625","geometry":{"type":"Point","coordinates":[14.4104405,45.9542617]},"properties":{"eidBuilding":"100200000250358625","buildingNumber":"732","cadastralMunicipalityCode":"1704","yearBuilt":1999,"buildingType":"samostoječa stavba"}},{"type":"Feature","id":"100200000250358633","geometry":{"type":"Point","coordinates":[14.4114248,45.9543734]},"properties":{"eidBuilding":"100200000250358633","buildingNumber":"733","cadastralMunicipalityCode":"1704","yearBuilt":1861,"buildingType":"samostoječa stavba"}},{"type":"Feature","id":"100200000250358641","geometry":{"type":"Point","coordinates":[14.4112788,45.9542122]},"properties":{"eidBuilding":"100200000250358641","buildingNumber":"734","cadastralMunicipalityCode":"1704","yearBuilt":1861,"buildingType":"samostoječa stavba"}},{"type":"Feature","id":"100200000250358658","geometry":{"type":"Point","coordinates":[14.4110747,45.9544243]},"properties":{"eidBuilding":"100200000250358658","buildingNumber":"735","cadastralMunicipalityCode":"1704","yearBuilt":1861,"buildingType":"samostoječa stavba"}},{"type":"Feature","id":"100200000250358666","geometry":{"type":"Point","coordinates":[14.4107836,45.9544239]},"properties":{"eidBuilding":"100200000250358666","buildingNumber":"736","cadastralMunicipalityCode":"1704","yearBuilt":1870,"buildingType":"samostoječa stavba"}},{"type":"Feature","id":"100200000250358724","geometry":{"type":"Point","coordinates":[14.4142298,45.955096]},"properties":{"eidBuilding":"100200000250358724","buildingNumber":"737","cadastralMunicipalityCode":"1704","yearBuilt":1980,"buildingType":"samostoječa stavba"}},{"type":"Feature","id":"100200000250358732","geometry":{"type":"Point","coordinates":[14.4138955,45.955298]},"properties":{"eidBuilding":"100200000250358732","buildingNumber":"738","cadastralMunicipalityCode":"1704","yearBuilt":1960,"buildingType":"samostoječa stavba"}},{"type":"Feature","id":"100200000250358773","geometry":{"type":"Point","coordinates":[14.413553,45.9549408]},"properties":{"eidBuilding":"100200000250358773","buildingNumber":"742","cadastralMunicipalityCode":"1704","yearBuilt":1995,"buildingType":"samostoječa stavba"}},{"type":"Feature","id":"100200000250358781","geometry":{"type":"Point","coordinates":[14.4129391,45.9547744]},"properties":{"eidBuilding":"100200000250358781","buildingNumber":"743","cadastralMunicipalityCode":"1704","yearBuilt":1954,"buildingType":"samostoječa stavba"}},{"type":"Feature","id":"100200000250269301","geometry":{"type":"Point","coordinates":[14.4106021,45.9639312]},"properties":{"eidBuilding":"100200000250269301","buildingNumber":"222","cadastralMunicipalityCode":"1704","yearBuilt":1998,"buildingType":"samostoječa stavba"}},{"type":"Feature","id":"100200000250270200","geometry":{"type":"Point","coordinates":[14.3898588,45.9615358]},"properties":{"eidBuilding":"100200000250270200","buildingNumber":"224","cadastralMunicipalityCode":"1704","yearBuilt":1956,"buildingType":"samostoječa stavba"}},{"type":"Feature","id":"100200000250350739","geometry":{"type":"Point","coordinates":[14.3851989,45.9543088]},"properties":{"eidBuilding":"100200000250350739","buildingNumber":"229","cadastralMunicipalityCode":"1704","yearBuilt":1986,"buildingType":"samostoječa stavba"}},{"type":"Feature","id":"100200000250351786","geometry":{"type":"Point","coordinates":[14.3814287,45.9494283]},"properties":{"eidBuilding":"100200000250351786","buildingNumber":"334","cadastralMunicipalityCode":"1704","yearBuilt":1989,"buildingType":"samostoječa stavba"}},{"type":"Feature","id":"100200000250354996","geometry":{"type":"Point","coordinates":[14.3908442,45.9557637]},"properties":{"eidBuilding":"100200000250354996","buildingNumber":"376","cadastralMunicipalityCode":"1704","yearBuilt":1975,"buildingType":"samostoječa stavba"}},{"type":"Feature","id":"100200000250355514","geometry":{"type":"Point","coordinates":[14.3983473,45.956571]},"properties":{"eidBuilding":"100200000250355514","buildingNumber":"428","cadastralMunicipalityCode":"1704","yearBuilt":1994,"buildingType":"samostoječa stavba"}},{"type":"Feature","id":"100200000250355563","geometry":{"type":"Point","coordinates":[14.4016745,45.9568509]},"properties":{"eidBuilding":"100200000250355563","buildingNumber":"433","cadastralMunicipalityCode":"1704","yearBuilt":1980,"buildingType":"samostoječa stavba"}},{"type":"Feature","id":"100200000250355621","geometry":{"type":"Point","coordinates":[14.4028142,45.9567445]},"properties":{"eidBuilding":"100200000250355621","buildingNumber":"439","cadastralMunicipalityCode":"1704","yearBuilt":1951,"buildingType":"samostoječa stavba"}},{"type":"Feature","id":"100200000250355753","geometry":{"type":"Point","coordinates":[14.404955,45.9563798]},"properties":{"eidBuilding":"100200000250355753","buildingNumber":"452","cadastralMunicipalityCode":"1704","yearBuilt":1956,"buildingType":"samostoječa stavba"}},{"type":"Feature","id":"100200000250350986","geometry":{"type":"Point","coordinates":[14.3814714,45.9525537]},"properties":{"eidBuilding":"100200000250350986","buildingNumber":"254","cadastralMunicipalityCode":"1704","yearBuilt":1907,"buildingType":"samostoječa stavba"}},{"type":"Feature","id":"100200000250351000","geometry":{"type":"Point","coordinates":[14.382441,45.9525816]},"properties":{"eidBuilding":"100200000250351000","buildingNumber":"256","cadastralMunicipalityCode":"1704","yearBuilt":1913,"buildingType":"samostoječa stavba"}},{"type":"Feature","id":"100200000250351018","geometry":{"type":"Point","coordinates":[14.382343,45.9525081]},"properties":{"eidBuilding":"100200000250351018","buildingNumber":"257","cadastralMunicipalityCode":"1704","yearBuilt":1850,"buildingType":"samostoječa stavba"}},{"type":"Feature","id":"100200000250351026","geometry":{"type":"Point","coordinates":[14.3848883,45.9534949]},"properties":{"eidBuilding":"100200000250351026","buildingNumber":"258","cadastralMunicipalityCode":"1704","yearBuilt":1988,"buildingType":"samostoječa stavba"}},{"type":"Feature","id":"100200000250351034","geometry":{"type":"Point","coordinates":[14.3846821,45.9533582]},"properties":{"eidBuilding":"100200000250351034","buildingNumber":"259","cadastralMunicipalityCode":"1704","yearBuilt":1982,"buildingType":"samostoječa stavba"}},{"type":"Feature","id":"100200000250351042","geometry":{"type":"Point","coordinates":[14.3851485,45.9533375]},"properties":{"eidBuilding":"100200000250351042","buildingNumber":"260","cadastralMunicipalityCode":"1704","yearBuilt":1986,"buildingType":"samostoječa stavba"}},{"type":"Feature","id":"100200000250351059","geometry":{"type":"Point","coordinates":[14.3822084,45.9545092]},"properties":{"eidBuilding":"100200000250351059","buildingNumber":"261","cadastralMunicipalityCode":"1704","yearBuilt":1945,"buildingType":"samostoječa stavba"}},{"type":"Feature","id":"100200000250351067","geometry":{"type":"Point","coordinates":[14.3780578,45.9530654]},"properties":{"eidBuilding":"100200000250351067","buildingNumber":"262","cadastralMunicipalityCode":"1704","yearBuilt":1977,"buildingType":"samostoječa stavba"}},{"type":"Feature","id":"100200000250351083","geometry":{"type":"Point","coordinates":[14.3780882,45.9528547]},"properties":{"eidBuilding":"100200000250351083","buildingNumber":"264","cadastralMunicipalityCode":"1704","yearBuilt":1930,"buildingType":"samostoječa stavba"}},{"type":"Feature","id":"100200000250351091","geometry":{"type":"Point","coordinates":[14.3779535,45.9526384]},"properties":{"eidBuilding":"100200000250351091","buildingNumber":"265","cadastralMunicipalityCode":"1704","yearBuilt":1966,"buildingType":"samostoječa stavba"}},{"type":"Feature","id":"100200000250351109","geometry":{"type":"Point","coordinates":[14.3777469,45.9526385]},"properties":{"eidBuilding":"100200000250351109","buildingNumber":"266","cadastralMunicipalityCode":"1704","yearBuilt":1900,"buildingType":"samostoječa stavba"}},{"type":"Feature","id":"100200000250351125","geometry":{"type":"Point","coordinates":[14.378275,45.9524106]},"properties":{"eidBuilding":"100200000250351125","buildingNumber":"268","cadastralMunicipalityCode":"1704","yearBuilt":1930,"buildingType":"samostoječa stavba"}},{"type":"Feature","id":"100200000250351133","geometry":{"type":"Point","coordinates":[14.3784514,45.9524664]},"properties":{"eidBuilding":"100200000250351133","buildingNumber":"269","cadastralMunicipalityCode":"1704","yearBuilt":1930,"buildingType":"samostoječa stavba"}},{"type":"Feature","id":"100200000250351158","geometry":{"type":"Point","coordinates":[14.3777969,45.9523902]},"properties":{"eidBuilding":"100200000250351158","buildingNumber":"271","cadastralMunicipalityCode":"1704","yearBuilt":1920,"buildingType":"samostoječa stavba"}},{"type":"Feature","id":"100200000250356116","geometry":{"type":"Point","coordinates":[14.4001438,45.9612017]},"properties":{"eidBuilding":"100200000250356116","buildingNumber":"488","cadastralMunicipalityCode":"1704","yearBuilt":1950,"buildingType":"samostoječa stavba"}},{"type":"Feature","id":"100200000250356124","geometry":{"type":"Point","coordinates":[14.4004616,45.9610784]},"properties":{"eidBuilding":"100200000250356124","buildingNumber":"489","cadastralMunicipalityCode":"1704","yearBuilt":1939,"buildingType":"samostoječa stavba"}},{"type":"Feature","id":"100200000250356165","geometry":{"type":"Point","coordinates":[14.4003888,45.9604402]},"properties":{"eidBuilding":"100200000250356165","buildingNumber":"493","cadastralMunicipalityCode":"1704","yearBuilt":1980,"buildingType":"samostoječa stavba"}},{"type":"Feature","id":"100200000250356173","geometry":{"type":"Point","coordinates":[14.4005713,45.9604583]},"properties":{"eidBuilding":"100200000250356173","buildingNumber":"494","cadastralMunicipalityCode":"1704","yearBuilt":1976,"buildingType":"samostoječa stavba"}},{"type":"Feature","id":"100200000250356199","geometry":{"type":"Point","coordinates":[14.4008821,45.9603586]},"properties":{"eidBuilding":"100200000250356199","buildingNumber":"496","cadastralMunicipalityCode":"1704","yearBuilt":1970,"buildingType":"samostoječa stavba"}},{"type":"Feature","id":"100200000250356207","geometry":{"type":"Point","coordinates":[14.4010474,45.9602962]},"properties":{"eidBuilding":"100200000250356207","buildingNumber":"497","cadastralMunicipalityCode":"1704","yearBuilt":1973,"buildingType":"samostoječa stavba"}},{"type":"Feature","id":"100200000250356215","geometry":{"type":"Point","coordinates":[14.4011368,45.9601046]},"properties":{"eidBuilding":"100200000250356215","buildingNumber":"498","cadastralMunicipalityCode":"1704","yearBuilt":1973,"buildingType":"samostoječa stavba"}},{"type":"Feature","id":"100200000250355936","geometry":{"type":"Point","coordinates":[14.4022484,45.956155]},"properties":{"eidBuilding":"100200000250355936","buildingNumber":"470","cadastralMunicipalityCode":"1704","yearBuilt":2001,"buildingType":"samostoječa stavba"}},{"type":"Feature","id":"100200000250355944","geometry":{"type":"Point","coordinates":[14.4024854,45.9560649]},"properties":{"eidBuilding":"100200000250355944","buildingNumber":"471","cadastralMunicipalityCode":"1704","yearBuilt":1985,"buildingType":"samostoječa stavba"}},{"type":"Feature","id":"100200000250355951","geometry":{"type":"Point","coordinates":[14.4026765,45.956128]},"properties":{"eidBuilding":"100200000250355951","buildingNumber":"472","cadastralMunicipalityCode":"1704","yearBuilt":1974,"buildingType":"samostoječa stavba"}},{"type":"Feature","id":"100200000250355993","geometry":{"type":"Point","coordinates":[14.3954159,45.9593949]},"properties":{"eidBuilding":"100200000250355993","buildingNumber":"476","cadastralMunicipalityCode":"1704","yearBuilt":1780,"buildingType":"samostoječa stavba"}},{"type":"Feature","id":"100200000250356009","geometry":{"type":"Point","coordinates":[14.3990708,45.9571749]},"properties":{"eidBuilding":"100200000250356009","buildingNumber":"477","cadastralMunicipalityCode":"1704","yearBuilt":1986,"buildingType":"samostoječa stavba"}},{"type":"Feature","id":"100200000250356058","geometry":{"type":"Point","coordinates":[14.3986868,45.9612191]},"properties":{"eidBuilding":"100200000250356058","buildingNumber":"482","cadastralMunicipalityCode":"1704","yearBuilt":1993,"buildingType":"samostoječa stavba"}},{"type":"Feature","id":"100200000250358799","geometry":{"type":"Point","coordinates":[14.4131982,45.9547366]},"properties":{"eidBuilding":"100200000250358799","buildingNumber":"744","cadastralMunicipalityCode":"1704","yearBuilt":1871,"buildingType":"samostoječa stavba"}},{"type":"Feature","id":"100200000250358823","geometry":{"type":"Point","coordinates":[14.4136763,45.9543929]},"properties":{"eidBuilding":"100200000250358823","buildingNumber":"747","cadastralMunicipalityCode":"1704","yearBuilt":1985,"buildingType":"samostoječa stavba"}},{"type":"Feature","id":"100200000250358831","geometry":{"type":"Point","coordinates":[14.4138794,45.9543904]},"properties":{"eidBuilding":"100200000250358831","buildingNumber":"748","cadastralMunicipalityCode":"1704","yearBuilt":1990,"buildingType":"samostoječa stavba"}},{"type":"Feature","id":"100200000250358849","geometry":{"type":"Point","coordinates":[14.4137942,45.954319]},"properties":{"eidBuilding":"100200000250358849","buildingNumber":"749","cadastralMunicipalityCode":"1704","yearBuilt":1988,"buildingType":"samostoječa stavba"}},{"type":"Feature","id":"100200000250358864","geometry":{"type":"Point","coordinates":[14.4073546,45.9539719]},"properties":{"eidBuilding":"100200000250358864","buildingNumber":"751","cadastralMunicipalityCode":"1704","yearBuilt":2004,"buildingType":"samostoječa stavba"}},{"type":"Feature","id":"100200000250358872","geometry":{"type":"Point","coordinates":[14.4071251,45.9537751]},"properties":{"eidBuilding":"100200000250358872","buildingNumber":"752","cadastralMunicipalityCode":"1704","yearBuilt":1986,"buildingType":"samostoječa stavba"}},{"type":"Feature","id":"100200000250358880","geometry":{"type":"Point","coordinates":[14.4069357,45.9537297]},"properties":{"eidBuilding":"100200000250358880","buildingNumber":"753","cadastralMunicipalityCode":"1704","yearBuilt":2000,"buildingType":"samostoječa stavba"}},{"type":"Feature","id":"100200000250358914","geometry":{"type":"Point","coordinates":[14.4072765,45.9536344]},"properties":{"eidBuilding":"100200000250358914","buildingNumber":"756","cadastralMunicipalityCode":"1704","yearBuilt":1990,"buildingType":"samostoječa stavba"}},{"type":"Feature","id":"100200000250358922","geometry":{"type":"Point","coordinates":[14.4077014,45.953346]},"properties":{"eidBuilding":"100200000250358922","buildingNumber":"757","cadastralMunicipalityCode":"1704","yearBuilt":1985,"buildingType":"samostoječa stavba"}},{"type":"Feature","id":"100200000250358955","geometry":{"type":"Point","coordinates":[14.4068436,45.9533703]},"properties":{"eidBuilding":"100200000250358955","buildingNumber":"760","cadastralMunicipalityCode":"1704","yearBuilt":1997,"buildingType":"samostoječa stavba"}},{"type":"Feature","id":"100200000250358963","geometry":{"type":"Point","coordinates":[14.4071812,45.9529076]},"properties":{"eidBuilding":"100200000250358963","buildingNumber":"761","cadastralMunicipalityCode":"1704","yearBuilt":1981,"buildingType":"samostoječa stavba"}},{"type":"Feature","id":"100200000250358989","geometry":{"type":"Point","coordinates":[14.4096728,45.9528409]},"properties":{"eidBuilding":"100200000250358989","buildingNumber":"763","cadastralMunicipalityCode":"1704","yearBuilt":1896,"buildingType":"samostoječa stavba"}},{"type":"Feature","id":"100200000250355795","geometry":{"type":"Point","coordinates":[14.4031984,45.9563839]},"properties":{"eidBuilding":"100200000250355795","buildingNumber":"456","cadastralMunicipalityCode":"1704","yearBuilt":1976,"buildingType":"samostoječa stavba"}},{"type":"Feature","id":"100200000250356041","geometry":{"type":"Point","coordinates":[14.3989549,45.9614747]},"properties":{"eidBuilding":"100200000250356041","buildingNumber":"481","cadastralMunicipalityCode":"1704","yearBuilt":1969,"buildingType":"samostoječa stavba"}},{"type":"Feature","id":"100200000250356108","geometry":{"type":"Point","coordinates":[14.4003224,45.961356]},"properties":{"eidBuilding":"100200000250356108","buildingNumber":"487","cadastralMunicipalityCode":"1704","yearBuilt":1988,"buildingType":"samostoječa stavba"}},{"type":"Feature","id":"100200000250356181","geometry":{"type":"Point","coordinates":[14.4009081,45.9606173]},"properties":{"eidBuilding":"100200000250356181","buildingNumber":"495","cadastralMunicipalityCode":"1704","yearBuilt":1981,"buildingType":"samostoječa stavba"}},{"type":"Feature","id":"100200000250356421","geometry":{"type":"Point","coordinates":[14.4032119,45.9586214]},"properties":{"eidBuilding":"100200000250356421","buildingNumber":"519","cadastralMunicipalityCode":"1704","yearBuilt":1985,"buildingType":"samostoječa stavba"}},{"type":"Feature","id":"100200000250356629","geometry":{"type":"Point","coordinates":[14.4063868,45.9577307]},"properties":{"eidBuilding":"100200000250356629","buildingNumber":"539","cadastralMunicipalityCode":"1704","yearBuilt":1980,"buildingType":"samostoječa stavba"}},{"type":"Feature","id":"100200000250356934","geometry":{"type":"Point","coordinates":[14.4056405,45.9570194]},"properties":{"eidBuilding":"100200000250356934","buildingNumber":"563","cadastralMunicipalityCode":"1704","yearBuilt":1867,"buildingType":"samostoječa stavba"}},{"type":"Feature","id":"100200000250356991","geometry":{"type":"Point","coordinates":[14.4065253,45.9564232]},"properties":{"eidBuilding":"100200000250356991","buildingNumber":"569","cadastralMunicipalityCode":"1704","yearBuilt":1977,"buildingType":"samostoječa stavba"}},{"type":"Feature","id":"100200000250357064","geometry":{"type":"Point","coordinates":[14.4076552,45.956294]},"properties":{"eidBuilding":"100200000250357064","buildingNumber":"576","cadastralMunicipalityCode":"1704","yearBuilt":1800,"buildingType":"samostoječa stavba"}},{"type":"Feature","id":"100200000250351166","geometry":{"type":"Point","coordinates":[14.3785166,45.9522776]},"properties":{"eidBuilding":"100200000250351166","buildingNumber":"272","cadastralMunicipalityCode":"1704","yearBuilt":1900,"buildingType":"samostoječa stavba"}},{"type":"Feature","id":"100200000250351174","geometry":{"type":"Point","coordinates":[14.3781093,45.9522441]},"properties":{"eidBuilding":"100200000250351174","buildingNumber":"273","cadastralMunicipalityCode":"1704","yearBuilt":1899,"buildingType":"samostoječa stavba"}},{"type":"Feature","id":"100200000250351182","geometry":{"type":"Point","coordinates":[14.3779608,45.9521249]},"properties":{"eidBuilding":"100200000250351182","buildingNumber":"274","cadastralMunicipalityCode":"1704","yearBuilt":1900,"buildingType":"samostoječa stavba"}},{"type":"Feature","id":"100200000250351190","geometry":{"type":"Point","coordinates":[14.3778845,45.9518405]},"properties":{"eidBuilding":"100200000250351190","buildingNumber":"275","cadastralMunicipalityCode":"1704","yearBuilt":1779,"buildingType":"samostoječa stavba"}},{"type":"Feature","id":"100200000250351224","geometry":{"type":"Point","coordinates":[14.3776703,45.9515909]},"properties":{"eidBuilding":"100200000250351224","buildingNumber":"278","cadastralMunicipalityCode":"1704","yearBuilt":1925,"buildingType":"samostoječa stavba"}},{"type":"Feature","id":"100200000250351232","geometry":{"type":"Point","coordinates":[14.3782716,45.9516789]},"properties":{"eidBuilding":"100200000250351232","buildingNumber":"279","cadastralMunicipalityCode":"1704","yearBuilt":1912,"buildingType":"samostoječa stavba"}},{"type":"Feature","id":"100200000250351240","geometry":{"type":"Point","coordinates":[14.3781063,45.9517325]},"properties":{"eidBuilding":"100200000250351240","buildingNumber":"280","cadastralMunicipalityCode":"1704","yearBuilt":1990,"buildingType":"samostoječa stavba"}},{"type":"Feature","id":"100200000250351257","geometry":{"type":"Point","coordinates":[14.378457,45.9517531]},"properties":{"eidBuilding":"100200000250351257","buildingNumber":"281","cadastralMunicipalityCode":"1704","yearBuilt":1779,"buildingType":"samostoječa stavba"}},{"type":"Feature","id":"100200000250351273","geometry":{"type":"Point","coordinates":[14.3783081,45.9519601]},"properties":{"eidBuilding":"100200000250351273","buildingNumber":"283","cadastralMunicipalityCode":"1704","yearBuilt":1863,"buildingType":"samostoječa stavba"}},{"type":"Feature","id":"100200000250351307","geometry":{"type":"Point","coordinates":[14.3789979,45.9510159]},"properties":{"eidBuilding":"100200000250351307","buildingNumber":"286","cadastralMunicipalityCode":"1704","yearBuilt":1982,"buildingType":"samostoječa stavba"}},{"type":"Feature","id":"100200000250351315","geometry":{"type":"Point","coordinates":[14.3788047,45.9508038]},"properties":{"eidBuilding":"100200000250351315","buildingNumber":"287","cadastralMunicipalityCode":"1704","yearBuilt":1974,"buildingType":"samostoječa stavba"}},{"type":"Feature","id":"100200000250351323","geometry":{"type":"Point","coordinates":[14.3789019,45.9506931]},"properties":{"eidBuilding":"100200000250351323","buildingNumber":"288","cadastralMunicipalityCode":"1704","yearBuilt":1985,"buildingType":"samostoječa stavba"}},{"type":"Feature","id":"100200000250351349","geometry":{"type":"Point","coordinates":[14.3817029,45.9516428]},"properties":{"eidBuilding":"100200000250351349","buildingNumber":"290","cadastralMunicipalityCode":"1704","yearBuilt":1780,"buildingType":"samostoječa stavba"}},{"type":"Feature","id":"100200000250356140","geometry":{"type":"Point","coordinates":[14.4003079,45.9606524]},"properties":{"eidBuilding":"100200000250356140","buildingNumber":"491","cadastralMunicipalityCode":"1704","yearBuilt":1977,"buildingType":"samostoječa stavba"}},{"type":"Feature","id":"100200000250356264","geometry":{"type":"Point","coordinates":[14.4014609,45.9609436]},"properties":{"eidBuilding":"100200000250356264","buildingNumber":"503","cadastralMunicipalityCode":"1704","yearBuilt":1850,"buildingType":"samostoječa stavba"}},{"type":"Feature","id":"100200000250356322","geometry":{"type":"Point","coordinates":[14.4018364,45.9598694]},"properties":{"eidBuilding":"100200000250356322","buildingNumber":"509","cadastralMunicipalityCode":"1704","yearBuilt":1974,"buildingType":"samostoječa stavba"}},{"type":"Feature","id":"100200000250356348","geometry":{"type":"Point","coordinates":[14.4017524,45.959927]},"properties":{"eidBuilding":"100200000250356348","buildingNumber":"511","cadastralMunicipalityCode":"1704","yearBuilt":1974,"buildingType":"samostoječa stavba"}},{"type":"Feature","id":"100200000250356355","geometry":{"type":"Point","coordinates":[14.4024332,45.9596036]},"properties":{"eidBuilding":"100200000250356355","buildingNumber":"512","cadastralMunicipalityCode":"1704","yearBuilt":1975,"buildingType":"samostoječa stavba"}},{"type":"Feature","id":"100200000250356371","geometry":{"type":"Point","coordinates":[14.4027574,45.9593632]},"properties":{"eidBuilding":"100200000250356371","buildingNumber":"514","cadastralMunicipalityCode":"1704","yearBuilt":1982,"buildingType":"samostoječa stavba"}},{"type":"Feature","id":"100200000250356389","geometry":{"type":"Point","coordinates":[14.4030197,45.9594043]},"properties":{"eidBuilding":"100200000250356389","buildingNumber":"515","cadastralMunicipalityCode":"1704","yearBuilt":1985,"buildingType":"samostoječa stavba"}},{"type":"Feature","id":"100200000250356397","geometry":{"type":"Point","coordinates":[14.4028863,45.9591836]},"properties":{"eidBuilding":"100200000250356397","buildingNumber":"516","cadastralMunicipalityCode":"1704","yearBuilt":1830,"buildingType":"samostoječa stavba"}},{"type":"Feature","id":"100200000250356454","geometry":{"type":"Point","coordinates":[14.4035943,45.9583214]},"properties":{"eidBuilding":"100200000250356454","buildingNumber":"522","cadastralMunicipalityCode":"1704","yearBuilt":1967,"buildingType":"samostoječa stavba"}},{"type":"Feature","id":"100200000250356470","geometry":{"type":"Point","coordinates":[14.4044716,45.9582834]},"properties":{"eidBuilding":"100200000250356470","buildingNumber":"524","cadastralMunicipalityCode":"1704","yearBuilt":1980,"buildingType":"samostoječa stavba"}},{"type":"Feature","id":"100200000250356488","geometry":{"type":"Point","coordinates":[14.4044599,45.9581694]},"properties":{"eidBuilding":"100200000250356488","buildingNumber":"525","cadastralMunicipalityCode":"1704","yearBuilt":1900,"buildingType":"samostoječa stavba"}},{"type":"Feature","id":"100200000250356496","geometry":{"type":"Point","coordinates":[14.404022,45.9580861]},"properties":{"eidBuilding":"100200000250356496","buildingNumber":"526","cadastralMunicipalityCode":"1704","yearBuilt":1977,"buildingType":"samostoječa stavba"}},{"type":"Feature","id":"100200000250359003","geometry":{"type":"Point","coordinates":[14.4102668,45.9526822]},"properties":{"eidBuilding":"100200000250359003","buildingNumber":"765","cadastralMunicipalityCode":"1704","yearBuilt":2006,"buildingType":"samostoječa stavba"}},{"type":"Feature","id":"100200000250359078","geometry":{"type":"Point","coordinates":[14.405359,45.9558575]},"properties":{"eidBuilding":"100200000250359078","buildingNumber":"772","cadastralMunicipalityCode":"1704","yearBuilt":1994,"buildingType":"samostoječa stavba"}},{"type":"Feature","id":"100200000250359086","geometry":{"type":"Point","coordinates":[14.4056648,45.9558048]},"properties":{"eidBuilding":"100200000250359086","buildingNumber":"773","cadastralMunicipalityCode":"1704","yearBuilt":1938,"buildingType":"samostoječa stavba"}},{"type":"Feature","id":"100200000250359094","geometry":{"type":"Point","coordinates":[14.4061143,45.9559084]},"properties":{"eidBuilding":"100200000250359094","buildingNumber":"774","cadastralMunicipalityCode":"1704","yearBuilt":1985,"buildingType":"samostoječa stavba"}},{"type":"Feature","id":"100200000250359102","geometry":{"type":"Point","coordinates":[14.4087829,45.9526499]},"properties":{"eidBuilding":"100200000250359102","buildingNumber":"775","cadastralMunicipalityCode":"1704","yearBuilt":1985,"buildingType":"samostoječa stavba"}},{"type":"Feature","id":"100200000250359110","geometry":{"type":"Point","coordinates":[14.40899,45.9524488]},"properties":{"eidBuilding":"100200000250359110","buildingNumber":"776","cadastralMunicipalityCode":"1704","yearBuilt":1985,"buildingType":"samostoječa stavba"}},{"type":"Feature","id":"100200000250359128","geometry":{"type":"Point","coordinates":[14.4088184,45.9523862]},"properties":{"eidBuilding":"100200000250359128","buildingNumber":"777","cadastralMunicipalityCode":"1704","yearBuilt":1985,"buildingType":"samostoječa stavba"}},{"type":"Feature","id":"100200000250359136","geometry":{"type":"Point","coordinates":[14.4088276,45.9522659]},"properties":{"eidBuilding":"100200000250359136","buildingNumber":"778","cadastralMunicipalityCode":"1704","yearBuilt":1985,"buildingType":"samostoječa stavba"}},{"type":"Feature","id":"100200000250359144","geometry":{"type":"Point","coordinates":[14.4084018,45.9522605]},"properties":{"eidBuilding":"100200000250359144","buildingNumber":"779","cadastralMunicipalityCode":"1704","yearBuilt":1991,"buildingType":"samostoječa stavba"}},{"type":"Feature","id":"100200000250359177","geometry":{"type":"Point","coordinates":[14.4107116,45.9523495]},"properties":{"eidBuilding":"100200000250359177","buildingNumber":"782","cadastralMunicipalityCode":"1704","yearBuilt":1987,"buildingType":"samostoječa stavba"}},{"type":"Feature","id":"100200000250359219","geometry":{"type":"Point","coordinates":[14.4111541,45.9514509]},"properties":{"eidBuilding":"100200000250359219","buildingNumber":"786","cadastralMunicipalityCode":"1704","yearBuilt":1996,"buildingType":"samostoječa stavba"}},{"type":"Feature","id":"100200000250359250","geometry":{"type":"Point","coordinates":[14.4069852,45.9350867]},"properties":{"eidBuilding":"100200000250359250","buildingNumber":"790","cadastralMunicipalityCode":"1704","yearBuilt":1900,"buildingType":"samostoječa stavba"}},{"type":"Feature","id":"100200000250357080","geometry":{"type":"Point","coordinates":[14.4074698,45.956295]},"properties":{"eidBuilding":"100200000250357080","buildingNumber":"578","cadastralMunicipalityCode":"1704","yearBuilt":1995,"buildingType":"samostoječa stavba"}},{"type":"Feature","id":"100200000250357783","geometry":{"type":"Point","coordinates":[14.4086381,45.9551283]},"properties":{"eidBuilding":"100200000250357783","buildingNumber":"648","cadastralMunicipalityCode":"1704","yearBuilt":1984,"buildingType":"samostoječa stavba"}},{"type":"Feature","id":"100200000250358138","geometry":{"type":"Point","coordinates":[14.4097167,45.9562527]},"properties":{"eidBuilding":"100200000250358138","buildingNumber":"683","cadastralMunicipalityCode":"1704","yearBuilt":1950,"buildingType":"samostoječa stavba"}},{"type":"Feature","id":"100200000250358336","geometry":{"type":"Point","coordinates":[14.4092511,45.9554057]},"properties":{"eidBuilding":"100200000250358336","buildingNumber":"703","cadastralMunicipalityCode":"1704","yearBuilt":1880,"buildingType":"samostoječa stavba"}},{"type":"Feature","id":"100200000250358807","geometry":{"type":"Point","coordinates":[14.4133853,45.9547419]},"properties":{"eidBuilding":"100200000250358807","buildingNumber":"745","cadastralMunicipalityCode":"1704","yearBuilt":1975,"buildingType":"samostoječa stavba"}},{"type":"Feature","id":"100200000250358971","geometry":{"type":"Point","coordinates":[14.4091939,45.9529581]},"properties":{"eidBuilding":"100200000250358971","buildingNumber":"762","cadastralMunicipalityCode":"1704","yearBuilt":1996,"buildingType":"samostoječa stavba"}},{"type":"Feature","id":"100200000250359151","geometry":{"type":"Point","coordinates":[14.4101268,45.9524655]},"properties":{"eidBuilding":"100200000250359151","buildingNumber":"780","cadastralMunicipalityCode":"1704","yearBuilt":1973,"buildingType":"samostoječa stavba"}},{"type":"Feature","id":"100200000312322924","geometry":{"type":"Point","coordinates":[14.4059159,45.9563662]},"properties":{"eidBuilding":"100200000312322924","buildingNumber":"820","cadastralMunicipalityCode":"1704","yearBuilt":2006,"buildingType":"samostoječa stavba"}},{"type":"Feature","id":"100200000312752682","geometry":{"type":"Point","coordinates":[14.3824888,45.9516715]},"properties":{"eidBuilding":"100200000312752682","buildingNumber":"838","cadastralMunicipalityCode":"1704","yearBuilt":2004,"buildingType":"samostoječa stavba"}},{"type":"Feature","id":"100200000315713525","geometry":{"type":"Point","coordinates":[14.3821654,45.9494648]},"properties":{"eidBuilding":"100200000315713525","buildingNumber":"860","cadastralMunicipalityCode":"1704","yearBuilt":2007,"buildingType":"samostoječa stavba"}},{"type":"Feature","id":"100200000250351398","geometry":{"type":"Point","coordinates":[14.3807676,45.9504541]},"properties":{"eidBuilding":"100200000250351398","buildingNumber":"295","cadastralMunicipalityCode":"1704","yearBuilt":1948,"buildingType":"samostoječa stavba"}},{"type":"Feature","id":"100200000250351406","geometry":{"type":"Point","coordinates":[14.380692,45.9502545]},"properties":{"eidBuilding":"100200000250351406","buildingNumber":"296","cadastralMunicipalityCode":"1704","yearBuilt":1960,"buildingType":"samostoječa stavba"}},{"type":"Feature","id":"100200000250267578","geometry":{"type":"Point","coordinates":[14.3940267,45.963799]},"properties":{"eidBuilding":"100200000250267578","buildingNumber":"98","cadastralMunicipalityCode":"1704","yearBuilt":1980,"buildingType":"samostoječa stavba"}},{"type":"Feature","id":"100200000250267594","geometry":{"type":"Point","coordinates":[14.3947339,45.9636515]},"properties":{"eidBuilding":"100200000250267594","buildingNumber":"100","cadastralMunicipalityCode":"1704","yearBuilt":1955,"buildingType":"samostoječa stavba"}},{"type":"Feature","id":"100200000250267602","geometry":{"type":"Point","coordinates":[14.3948943,45.963754]},"properties":{"eidBuilding":"100200000250267602","buildingNumber":"101","cadastralMunicipalityCode":"1704","yearBuilt":1965,"buildingType":"samostoječa stavba"}},{"type":"Feature","id":"100200000250267610","geometry":{"type":"Point","coordinates":[14.3950838,45.963883]},"properties":{"eidBuilding":"100200000250267610","buildingNumber":"102","cadastralMunicipalityCode":"1704","yearBuilt":1986,"buildingType":"samostoječa stavba"}},{"type":"Feature","id":"100200000250267669","geometry":{"type":"Point","coordinates":[14.3912508,45.9615388]},"properties":{"eidBuilding":"100200000250267669","buildingNumber":"107","cadastralMunicipalityCode":"1704","yearBuilt":1990,"buildingType":"samostoječa stavba"}},{"type":"Feature","id":"100200000250267693","geometry":{"type":"Point","coordinates":[14.3963558,45.9656616]},"properties":{"eidBuilding":"100200000250267693","buildingNumber":"110","cadastralMunicipalityCode":"1704","yearBuilt":1990,"buildingType":"samostoječa stavba"}},{"type":"Feature","id":"100200000250267701","geometry":{"type":"Point","coordinates":[14.3959361,45.9652421]},"properties":{"eidBuilding":"100200000250267701","buildingNumber":"111","cadastralMunicipalityCode":"1704","yearBuilt":1960,"buildingType":"samostoječa stavba"}},{"type":"Feature","id":"100200000250267784","geometry":{"type":"Point","coordinates":[14.3979338,45.9658626]},"properties":{"eidBuilding":"100200000250267784","buildingNumber":"119","cadastralMunicipalityCode":"1704","yearBuilt":1995,"buildingType":"samostoječa stavba"}},{"type":"Feature","id":"100200000250267826","geometry":{"type":"Point","coordinates":[14.3985637,45.96562]},"properties":{"eidBuilding":"100200000250267826","buildingNumber":"123","cadastralMunicipalityCode":"1704","yearBuilt":1900,"buildingType":"samostoječa stavba"}},{"type":"Feature","id":"100200000250267875","geometry":{"type":"Point","coordinates":[14.3993864,45.9652997]},"properties":{"eidBuilding":"100200000250267875","buildingNumber":"128","cadastralMunicipalityCode":"1704","yearBuilt":1998,"buildingType":"samostoječa stavba"}},{"type":"Feature","id":"100200000250267958","geometry":{"type":"Point","coordinates":[14.400315,45.9651028]},"properties":{"eidBuilding":"100200000250267958","buildingNumber":"136","cadastralMunicipalityCode":"1704","yearBuilt":1979,"buildingType":"samostoječa stavba"}},{"type":"Feature","id":"100200000250356504","geometry":{"type":"Point","coordinates":[14.4044085,45.9578344]},"properties":{"eidBuilding":"100200000250356504","buildingNumber":"527","cadastralMunicipalityCode":"1704","yearBuilt":1978,"buildingType":"samostoječa stavba"}},{"type":"Feature","id":"100200000250356512","geometry":{"type":"Point","coordinates":[14.404647,45.9577652]},"properties":{"eidBuilding":"100200000250356512","buildingNumber":"528","cadastralMunicipalityCode":"1704","yearBuilt":1973,"buildingType":"samostoječa stavba"}},{"type":"Feature","id":"100200000250356538","geometry":{"type":"Point","coordinates":[14.4049975,45.9574706]},"properties":{"eidBuilding":"100200000250356538","buildingNumber":"530","cadastralMunicipalityCode":"1704","yearBuilt":1985,"buildingType":"samostoječa stavba"}},{"type":"Feature","id":"100200000250356553","geometry":{"type":"Point","coordinates":[14.4053614,45.9572682]},"properties":{"eidBuilding":"100200000250356553","buildingNumber":"532","cadastralMunicipalityCode":"1704","yearBuilt":2000,"buildingType":"samostoječa stavba"}},{"type":"Feature","id":"100200000250356603","geometry":{"type":"Point","coordinates":[14.4057754,45.9575255]},"properties":{"eidBuilding":"100200000250356603","buildingNumber":"537","cadastralMunicipalityCode":"1704","yearBuilt":1972,"buildingType":"samostoječa stavba"}},{"type":"Feature","id":"100200000250356611","geometry":{"type":"Point","coordinates":[14.4060751,45.957883]},"properties":{"eidBuilding":"100200000250356611","buildingNumber":"538","cadastralMunicipalityCode":"1704","yearBuilt":1981,"buildingType":"samostoječa stavba"}},{"type":"Feature","id":"100200000250356637","geometry":{"type":"Point","coordinates":[14.4063292,45.9578375]},"properties":{"eidBuilding":"100200000250356637","buildingNumber":"540","cadastralMunicipalityCode":"1704","yearBuilt":1991,"buildingType":"samostoječa stavba"}},{"type":"Feature","id":"100200000250356645","geometry":{"type":"Point","coordinates":[14.4065533,45.9577401]},"properties":{"eidBuilding":"100200000250356645","buildingNumber":"541","cadastralMunicipalityCode":"1704","yearBuilt":1996,"buildingType":"samostoječa stavba"}},{"type":"Feature","id":"100200000250356652","geometry":{"type":"Point","coordinates":[14.4061827,45.957422]},"properties":{"eidBuilding":"100200000250356652","buildingNumber":"542","cadastralMunicipalityCode":"1704","yearBuilt":1980,"buildingType":"samostoječa stavba"}},{"type":"Feature","id":"100200000250356660","geometry":{"type":"Point","coordinates":[14.4066098,45.9572416]},"properties":{"eidBuilding":"100200000250356660","buildingNumber":"543","cadastralMunicipalityCode":"1704","yearBuilt":1981,"buildingType":"samostoječa stavba"}},{"type":"Feature","id":"100200000250356678","geometry":{"type":"Point","coordinates":[14.4066918,45.9571255]},"properties":{"eidBuilding":"100200000250356678","buildingNumber":"544","cadastralMunicipalityCode":"1704","yearBuilt":1959,"buildingType":"samostoječa stavba"}},{"type":"Feature","id":"100200000250356694","geometry":{"type":"Point","coordinates":[14.407121,45.9572008]},"properties":{"eidBuilding":"100200000250356694","buildingNumber":"546","cadastralMunicipalityCode":"1704","yearBuilt":1960,"buildingType":"samostoječa stavba"}},{"type":"Feature","id":"100200000250356702","geometry":{"type":"Point","coordinates":[14.4088756,45.9574953]},"properties":{"eidBuilding":"100200000250356702","buildingNumber":"547","cadastralMunicipalityCode":"1704","yearBuilt":1958,"buildingType":"samostoječa stavba"}},{"type":"Feature","id":"100200000311904557","geometry":{"type":"Point","coordinates":[14.4092766,45.954539]},"properties":{"eidBuilding":"100200000311904557","buildingNumber":"801","cadastralMunicipalityCode":"1704","yearBuilt":1998,"buildingType":"samostoječa stavba"}},{"type":"Feature","id":"100200000312102912","geometry":{"type":"Point","coordinates":[14.4095769,45.9517602]},"properties":{"eidBuilding":"100200000312102912","buildingNumber":"802","cadastralMunicipalityCode":"1704","yearBuilt":2003,"buildingType":"samostoječa stavba"}},{"type":"Feature","id":"100200000312103597","geometry":{"type":"Point","coordinates":[14.4083955,45.9524649]},"properties":{"eidBuilding":"100200000312103597","buildingNumber":"805","cadastralMunicipalityCode":"1704","yearBuilt":2003,"buildingType":"samostoječa stavba"}},{"type":"Feature","id":"100200000312104389","geometry":{"type":"Point","coordinates":[14.4078846,45.9556385]},"properties":{"eidBuilding":"100200000312104389","buildingNumber":"807","cadastralMunicipalityCode":"1704","yearBuilt":1850,"buildingType":"samostoječa stavba"}},{"type":"Feature","id":"100200000312104488","geometry":{"type":"Point","coordinates":[14.4090831,45.9557527]},"properties":{"eidBuilding":"100200000312104488","buildingNumber":"808","cadastralMunicipalityCode":"1704","yearBuilt":1976,"buildingType":"samostoječa stavba"}},{"type":"Feature","id":"100200000312104546","geometry":{"type":"Point","coordinates":[14.4091606,45.9557441]},"properties":{"eidBuilding":"100200000312104546","buildingNumber":"809","cadastralMunicipalityCode":"1704","yearBuilt":1980,"buildingType":"samostoječa stavba"}},{"type":"Feature","id":"100200000312170000","geometry":{"type":"Point","coordinates":[14.4092045,45.9552494]},"properties":{"eidBuilding":"100200000312170000","buildingNumber":"812","cadastralMunicipalityCode":"1704","yearBuilt":1971,"buildingType":"samostoječa stavba"}},{"type":"Feature","id":"100200000312170653","geometry":{"type":"Point","coordinates":[14.4114597,45.9518058]},"properties":{"eidBuilding":"100200000312170653","buildingNumber":"813","cadastralMunicipalityCode":"1704","yearBuilt":2004,"buildingType":"samostoječa stavba"}},{"type":"Feature","id":"100200000312170703","geometry":{"type":"Point","coordinates":[14.411591,45.9515906]},"properties":{"eidBuilding":"100200000312170703","buildingNumber":"814","cadastralMunicipalityCode":"1704","yearBuilt":2004,"buildingType":"samostoječa stavba"}},{"type":"Feature","id":"100200000312179019","geometry":{"type":"Point","coordinates":[14.4044834,45.9564217]},"properties":{"eidBuilding":"100200000312179019","buildingNumber":"815","cadastralMunicipalityCode":"1704","yearBuilt":1986,"buildingType":"samostoječa stavba"}},{"type":"Feature","id":"100200000312179498","geometry":{"type":"Point","coordinates":[14.4050234,45.9565865]},"properties":{"eidBuilding":"100200000312179498","buildingNumber":"816","cadastralMunicipalityCode":"1704","yearBuilt":1985,"buildingType":"samostoječa stavba"}},{"type":"Feature","id":"100200000312182013","geometry":{"type":"Point","coordinates":[14.396893,45.9568679]},"properties":{"eidBuilding":"100200000312182013","buildingNumber":"817","cadastralMunicipalityCode":"1704","yearBuilt":2001,"buildingType":"samostoječa stavba"}},{"type":"Feature","id":"100200000312182088","geometry":{"type":"Point","coordinates":[14.3968949,45.9566969]},"properties":{"eidBuilding":"100200000312182088","buildingNumber":"818","cadastralMunicipalityCode":"1704","yearBuilt":2007,"buildingType":"samostoječa stavba"}},{"type":"Feature","id":"100200000312322908","geometry":{"type":"Point","coordinates":[14.4057598,45.9528562]},"properties":{"eidBuilding":"100200000312322908","buildingNumber":"819","cadastralMunicipalityCode":"1704","yearBuilt":2003,"buildingType":"samostoječa stavba"}},{"type":"Feature","id":"100200000312323096","geometry":{"type":"Point","coordinates":[14.3983474,45.9566974]},"properties":{"eidBuilding":"100200000312323096","buildingNumber":"821","cadastralMunicipalityCode":"1704","yearBuilt":2005,"buildingType":"samostoječa stavba"}},{"type":"Feature","id":"100200000315816518","geometry":{"type":"Point","coordinates":[14.4009875,45.9572661]},"properties":{"eidBuilding":"100200000315816518","buildingNumber":"861","cadastralMunicipalityCode":"1704","yearBuilt":2008,"buildingType":"krajna vrstna stavba"}},{"type":"Feature","id":"100200000315816591","geometry":{"type":"Point","coordinates":[14.4013127,45.9571138]},"properties":{"eidBuilding":"100200000315816591","buildingNumber":"865","cadastralMunicipalityCode":"1704","yearBuilt":2008,"buildingType":"samostoječa stavba"}},{"type":"Feature","id":"100200000316343785","geometry":{"type":"Point","coordinates":[14.4025881,45.9650093]},"properties":{"eidBuilding":"100200000316343785","buildingNumber":"873","cadastralMunicipalityCode":"1704","yearBuilt":2009,"buildingType":"samostoječa stavba"}},{"type":"Feature","id":"100200000316650734","geometry":{"type":"Point","coordinates":[14.4098319,45.9523422]},"properties":{"eidBuilding":"100200000316650734","buildingNumber":"878","cadastralMunicipalityCode":"1704","yearBuilt":2007,"buildingType":"krajna vrstna stavba"}},{"type":"Feature","id":"100200000316684832","geometry":{"type":"Point","coordinates":[14.3983307,45.9650788]},"properties":{"eidBuilding":"100200000316684832","buildingNumber":"879","cadastralMunicipalityCode":"1704","yearBuilt":2008,"buildingType":"samostoječa stavba"}},{"type":"Feature","id":"100200000317406300","geometry":{"type":"Point","coordinates":[14.396494,45.9647601]},"properties":{"eidBuilding":"100200000317406300","buildingNumber":"881","cadastralMunicipalityCode":"1704","yearBuilt":1985,"buildingType":"samostoječa stavba"}},{"type":"Feature","id":"100200000318711013","geometry":{"type":"Point","coordinates":[14.399936,45.9567405]},"properties":{"eidBuilding":"100200000318711013","buildingNumber":"898","cadastralMunicipalityCode":"1704","yearBuilt":2010,"buildingType":"samostoječa stavba"}},{"type":"Feature","id":"100200000318711039","geometry":{"type":"Point","coordinates":[14.4002419,45.9567583]},"properties":{"eidBuilding":"100200000318711039","buildingNumber":"899","cadastralMunicipalityCode":"1704","yearBuilt":2010,"buildingType":"samostoječa stavba"}},{"type":"Feature","id":"100200000250268055","geometry":{"type":"Point","coordinates":[14.4009979,45.9633526]},"properties":{"eidBuilding":"100200000250268055","buildingNumber":"146","cadastralMunicipalityCode":"1704","yearBuilt":1985,"buildingType":"samostoječa stavba"}},{"type":"Feature","id":"100200000250268063","geometry":{"type":"Point","coordinates":[14.4009793,45.9631286]},"properties":{"eidBuilding":"100200000250268063","buildingNumber":"147","cadastralMunicipalityCode":"1704","yearBuilt":1986,"buildingType":"samostoječa stavba"}},{"type":"Feature","id":"100200000250268071","geometry":{"type":"Point","coordinates":[14.4010301,45.9628192]},"properties":{"eidBuilding":"100200000250268071","buildingNumber":"148","cadastralMunicipalityCode":"1704","yearBuilt":1945,"buildingType":"samostoječa stavba"}},{"type":"Feature","id":"100200000250268089","geometry":{"type":"Point","coordinates":[14.4010981,45.9626796]},"properties":{"eidBuilding":"100200000250268089","buildingNumber":"149","cadastralMunicipalityCode":"1704","yearBuilt":1943,"buildingType":"samostoječa stavba"}},{"type":"Feature","id":"100200000250268105","geometry":{"type":"Point","coordinates":[14.4017824,45.9620906]},"properties":{"eidBuilding":"100200000250268105","buildingNumber":"151","cadastralMunicipalityCode":"1704","yearBuilt":1992,"buildingType":"samostoječa stavba"}},{"type":"Feature","id":"100200000250268220","geometry":{"type":"Point","coordinates":[14.3987662,45.9622805]},"properties":{"eidBuilding":"100200000250268220","buildingNumber":"163","cadastralMunicipalityCode":"1704","yearBuilt":1980,"buildingType":"samostoječa stavba"}},{"type":"Feature","id":"100200000250268238","geometry":{"type":"Point","coordinates":[14.3985072,45.9624214]},"properties":{"eidBuilding":"100200000250268238","buildingNumber":"164","cadastralMunicipalityCode":"1704","yearBuilt":1985,"buildingType":"samostoječa stavba"}},{"type":"Feature","id":"100200000250268410","geometry":{"type":"Point","coordinates":[14.3978129,45.9632918]},"properties":{"eidBuilding":"100200000250268410","buildingNumber":"182","cadastralMunicipalityCode":"1704","yearBuilt":1964,"buildingType":"samostoječa stavba"}},{"type":"Feature","id":"100200000250268436","geometry":{"type":"Point","coordinates":[14.3983401,45.9630034]},"properties":{"eidBuilding":"100200000250268436","buildingNumber":"184","cadastralMunicipalityCode":"1704","yearBuilt":1960,"buildingType":"samostoječa stavba"}},{"type":"Feature","id":"100200000250268543","geometry":{"type":"Point","coordinates":[14.399817,45.9616319]},"properties":{"eidBuilding":"100200000250268543","buildingNumber":"195","cadastralMunicipalityCode":"1704","yearBuilt":1979,"buildingType":"samostoječa stavba"}},{"type":"Feature","id":"100200000250268584","geometry":{"type":"Point","coordinates":[14.4011361,45.9629951]},"properties":{"eidBuilding":"100200000250268584","buildingNumber":"199","cadastralMunicipalityCode":"1704","yearBuilt":2000,"buildingType":"samostoječa stavba"}},{"type":"Feature","id":"100200000250268592","geometry":{"type":"Point","coordinates":[14.4015446,45.9623011]},"properties":{"eidBuilding":"100200000250268592","buildingNumber":"200","cadastralMunicipalityCode":"1704","yearBuilt":1992,"buildingType":"samostoječa stavba"}},{"type":"Feature","id":"100200000250268600","geometry":{"type":"Point","coordinates":[14.3988851,45.9615993]},"properties":{"eidBuilding":"100200000250268600","buildingNumber":"201","cadastralMunicipalityCode":"1704","yearBuilt":1969,"buildingType":"samostoječa stavba"}},{"type":"Feature","id":"100200000250356710","geometry":{"type":"Point","coordinates":[14.4088351,45.957609]},"properties":{"eidBuilding":"100200000250356710","buildingNumber":"548","cadastralMunicipalityCode":"1704","yearBuilt":1965,"buildingType":"samostoječa stavba"}},{"type":"Feature","id":"100200000250356728","geometry":{"type":"Point","coordinates":[14.4096519,45.9583352]},"properties":{"eidBuilding":"100200000250356728","buildingNumber":"549","cadastralMunicipalityCode":"1704","yearBuilt":1999,"buildingType":"samostoječa stavba"}},{"type":"Feature","id":"100200000250356736","geometry":{"type":"Point","coordinates":[14.409731,45.9613736]},"properties":{"eidBuilding":"100200000250356736","buildingNumber":"550","cadastralMunicipalityCode":"1704","yearBuilt":1992,"buildingType":"samostoječa stavba"}},{"type":"Feature","id":"100200000250356835","geometry":{"type":"Point","coordinates":[14.4103269,45.9600369]},"properties":{"eidBuilding":"100200000250356835","buildingNumber":"555","cadastralMunicipalityCode":"1704","yearBuilt":1955,"buildingType":"samostoječa stavba"}},{"type":"Feature","id":"100200000250356843","geometry":{"type":"Point","coordinates":[14.4104041,45.9597045]},"properties":{"eidBuilding":"100200000250356843","buildingNumber":"556","cadastralMunicipalityCode":"1704","yearBuilt":1994,"buildingType":"samostoječa stavba"}},{"type":"Feature","id":"100200000250356850","geometry":{"type":"Point","coordinates":[14.4105143,45.9594479]},"properties":{"eidBuilding":"100200000250356850","buildingNumber":"557","cadastralMunicipalityCode":"1704","yearBuilt":1910,"buildingType":"samostoječa stavba"}},{"type":"Feature","id":"100200000250356918","geometry":{"type":"Point","coordinates":[14.405234,45.9562737]},"properties":{"eidBuilding":"100200000250356918","buildingNumber":"561","cadastralMunicipalityCode":"1704","yearBuilt":1983,"buildingType":"samostoječa stavba"}},{"type":"Feature","id":"100200000250357015","geometry":{"type":"Point","coordinates":[14.4065087,45.9561725]},"properties":{"eidBuilding":"100200000250357015","buildingNumber":"571","cadastralMunicipalityCode":"1704","yearBuilt":1974,"buildingType":"samostoječa stavba"}},{"type":"Feature","id":"100200000250357049","geometry":{"type":"Point","coordinates":[14.4072055,45.9564272]},"properties":{"eidBuilding":"100200000250357049","buildingNumber":"574","cadastralMunicipalityCode":"1704","yearBuilt":1975,"buildingType":"samostoječa stavba"}},{"type":"Feature","id":"100200000250357098","geometry":{"type":"Point","coordinates":[14.4071637,45.9561965]},"properties":{"eidBuilding":"100200000250357098","buildingNumber":"579","cadastralMunicipalityCode":"1704","yearBuilt":1939,"buildingType":"samostoječa stavba"}},{"type":"Feature","id":"100200000250357106","geometry":{"type":"Point","coordinates":[14.40697,45.9561183]},"properties":{"eidBuilding":"100200000250357106","buildingNumber":"580","cadastralMunicipalityCode":"1704","yearBuilt":1955,"buildingType":"samostoječa stavba"}},{"type":"Feature","id":"100200000250357122","geometry":{"type":"Point","coordinates":[14.407215,45.9560402]},"properties":{"eidBuilding":"100200000250357122","buildingNumber":"582","cadastralMunicipalityCode":"1704","yearBuilt":1983,"buildingType":"samostoječa stavba"}},{"type":"Feature","id":"100200000311903963","geometry":{"type":"Point","coordinates":[14.4160453,45.9514619]},"properties":{"eidBuilding":"100200000311903963","buildingNumber":"799","cadastralMunicipalityCode":"1704","yearBuilt":2004,"buildingType":"samostoječa stavba"}},{"type":"Feature","id":"100200000311904375","geometry":{"type":"Point","coordinates":[14.4097305,45.9549652]},"properties":{"eidBuilding":"100200000311904375","buildingNumber":"800","cadastralMunicipalityCode":"1704","yearBuilt":1880,"buildingType":"samostoječa stavba"}},{"type":"Feature","id":"100200000312103118","geometry":{"type":"Point","coordinates":[14.4096537,45.9514865]},"properties":{"eidBuilding":"100200000312103118","buildingNumber":"804","cadastralMunicipalityCode":"1704","yearBuilt":2005,"buildingType":"samostoječa stavba"}},{"type":"Feature","id":"100200000312104322","geometry":{"type":"Point","coordinates":[14.4083164,45.9550649]},"properties":{"eidBuilding":"100200000312104322","buildingNumber":"806","cadastralMunicipalityCode":"1704","yearBuilt":1995,"buildingType":"samostoječa stavba"}},{"type":"Feature","id":"100200000312108570","geometry":{"type":"Point","coordinates":[14.4067062,45.9536926]},"properties":{"eidBuilding":"100200000312108570","buildingNumber":"810","cadastralMunicipalityCode":"1704","yearBuilt":2006,"buildingType":"samostoječa stavba"}},{"type":"Feature","id":"100200000312109404","geometry":{"type":"Point","coordinates":[14.4069542,45.9533482]},"properties":{"eidBuilding":"100200000312109404","buildingNumber":"811","cadastralMunicipalityCode":"1704","yearBuilt":1999,"buildingType":"samostoječa stavba"}},{"type":"Feature","id":"100200000312323120","geometry":{"type":"Point","coordinates":[14.4007798,45.9644845]},"properties":{"eidBuilding":"100200000312323120","buildingNumber":"822","cadastralMunicipalityCode":"1704","yearBuilt":2006,"buildingType":"samostoječa stavba"}},{"type":"Feature","id":"100200000312393982","geometry":{"type":"Point","coordinates":[14.3997752,45.9623627]},"properties":{"eidBuilding":"100200000312393982","buildingNumber":"823","cadastralMunicipalityCode":"1704","yearBuilt":1945,"buildingType":"samostoječa stavba"}},{"type":"Feature","id":"100200000312394485","geometry":{"type":"Point","coordinates":[14.400488,45.9651981]},"properties":{"eidBuilding":"100200000312394485","buildingNumber":"825","cadastralMunicipalityCode":"1704","yearBuilt":2006,"buildingType":"samostoječa stavba"}},{"type":"Feature","id":"100200000312509215","geometry":{"type":"Point","coordinates":[14.3975006,45.9651131]},"properties":{"eidBuilding":"100200000312509215","buildingNumber":"831","cadastralMunicipalityCode":"1704","yearBuilt":2005,"buildingType":"samostoječa stavba"}},{"type":"Feature","id":"100200000312535822","geometry":{"type":"Point","coordinates":[14.389239,45.9619381]},"properties":{"eidBuilding":"100200000312535822","buildingNumber":"832","cadastralMunicipalityCode":"1704","yearBuilt":2003,"buildingType":"samostoječa stavba"}},{"type":"Feature","id":"100200000312538321","geometry":{"type":"Point","coordinates":[14.3919904,45.9557621]},"properties":{"eidBuilding":"100200000312538321","buildingNumber":"833","cadastralMunicipalityCode":"1704","yearBuilt":1982,"buildingType":"samostoječa stavba"}},{"type":"Feature","id":"100200000312701903","geometry":{"type":"Point","coordinates":[14.3925905,45.9550996]},"properties":{"eidBuilding":"100200000312701903","buildingNumber":"834","cadastralMunicipalityCode":"1704","yearBuilt":2006,"buildingType":"samostoječa stavba"}},{"type":"Feature","id":"100200000312702547","geometry":{"type":"Point","coordinates":[14.4022993,45.9596596]},"properties":{"eidBuilding":"100200000312702547","buildingNumber":"835","cadastralMunicipalityCode":"1704","yearBuilt":1975,"buildingType":"samostoječa stavba"}},{"type":"Feature","id":"100200000312752484","geometry":{"type":"Point","coordinates":[14.3835426,45.9536848]},"properties":{"eidBuilding":"100200000312752484","buildingNumber":"837","cadastralMunicipalityCode":"1704","yearBuilt":2002,"buildingType":"samostoječa stavba"}},{"type":"Feature","id":"100200000321467470","geometry":{"type":"Point","coordinates":[14.3790778,45.949012]},"properties":{"eidBuilding":"100200000321467470","buildingNumber":"913","cadastralMunicipalityCode":"1704","yearBuilt":2001,"buildingType":"samostoječa stavba"}},{"type":"Feature","id":"100200000325211627","geometry":{"type":"Point","coordinates":[14.4028988,45.9565081]},"properties":{"eidBuilding":"100200000325211627","buildingNumber":"929","cadastralMunicipalityCode":"1704","yearBuilt":2010,"buildingType":"samostoječa stavba"}},{"type":"Feature","id":"100200000325887004","geometry":{"type":"Point","coordinates":[14.3796562,45.9503468]},"properties":{"eidBuilding":"100200000325887004","buildingNumber":"930","cadastralMunicipalityCode":"1704","yearBuilt":2014,"buildingType":"samostoječa stavba"}},{"type":"Feature","id":"100200000326597156","geometry":{"type":"Point","coordinates":[14.397881,45.9633216]},"properties":{"eidBuilding":"100200000326597156","buildingNumber":"933","cadastralMunicipalityCode":"1704","yearBuilt":1964,"buildingType":"vmesna vrstna stavba"}},{"type":"Feature","id":"100200000331857413","geometry":{"type":"Point","coordinates":[14.4006448,45.9567811]},"properties":{"eidBuilding":"100200000331857413","buildingNumber":"948","cadastralMunicipalityCode":"1704","yearBuilt":2016,"buildingType":"samostoječa stavba"}},{"type":"Feature","id":"100200000338826551","geometry":{"type":"Point","coordinates":[14.4106322,45.9557155]},"properties":{"eidBuilding":"100200000338826551","buildingNumber":"951","cadastralMunicipalityCode":"1704","yearBuilt":2006,"buildingType":"samostoječa stavba"}},{"type":"Feature","id":"100200000343377004","geometry":{"type":"Point","coordinates":[14.4081607,45.9530173]},"properties":{"eidBuilding":"100200000343377004","buildingNumber":"958","cadastralMunicipalityCode":"1704","yearBuilt":2019,"buildingType":"samostoječa stavba"}},{"type":"Feature","id":"100200000369267501","geometry":{"type":"Point","coordinates":[14.406617,45.9538191]},"properties":{"eidBuilding":"100200000369267501","buildingNumber":"964","cadastralMunicipalityCode":"1704","yearBuilt":2020,"buildingType":"samostoječa stavba"}},{"type":"Feature","id":"100200000378967505","geometry":{"type":"Point","coordinates":[14.3974095,45.9659177]},"properties":{"eidBuilding":"100200000378967505","buildingNumber":"967","cadastralMunicipalityCode":"1704","yearBuilt":2021,"buildingType":"samostoječa stavba"}},{"type":"Feature","id":"100200000250268626","geometry":{"type":"Point","coordinates":[14.4028603,45.9634094]},"properties":{"eidBuilding":"100200000250268626","buildingNumber":"203","cadastralMunicipalityCode":"1704","yearBuilt":1985,"buildingType":"samostoječa stavba"}},{"type":"Feature","id":"100200000250268642","geometry":{"type":"Point","coordinates":[14.4031184,45.9639338]},"properties":{"eidBuilding":"100200000250268642","buildingNumber":"205","cadastralMunicipalityCode":"1704","yearBuilt":2003,"buildingType":"samostoječa stavba"}},{"type":"Feature","id":"100200000250268741","geometry":{"type":"Point","coordinates":[14.4038534,45.9636125]},"properties":{"eidBuilding":"100200000250268741","buildingNumber":"215","cadastralMunicipalityCode":"1704","yearBuilt":1984,"buildingType":"samostoječa stavba"}},{"type":"Feature","id":"100200000250268758","geometry":{"type":"Point","coordinates":[14.4029636,45.9649215]},"properties":{"eidBuilding":"100200000250268758","buildingNumber":"216","cadastralMunicipalityCode":"1704","yearBuilt":1941,"buildingType":"samostoječa stavba"}},{"type":"Feature","id":"100200000250269202","geometry":{"type":"Point","coordinates":[14.4104318,45.9632959]},"properties":{"eidBuilding":"100200000250269202","buildingNumber":"220","cadastralMunicipalityCode":"1704","yearBuilt":1978,"buildingType":"samostoječa stavba"}},{"type":"Feature","id":"100200000250269210","geometry":{"type":"Point","coordinates":[14.4102774,45.9633439]},"properties":{"eidBuilding":"100200000250269210","buildingNumber":"221","cadastralMunicipalityCode":"1704","yearBuilt":1985,"buildingType":"samostoječa stavba"}},{"type":"Feature","id":"100200000250270192","geometry":{"type":"Point","coordinates":[14.3896575,45.9616928]},"properties":{"eidBuilding":"100200000250270192","buildingNumber":"223","cadastralMunicipalityCode":"1704","yearBuilt":1940,"buildingType":"samostoječa stavba"}},{"type":"Feature","id":"100200000250350697","geometry":{"type":"Point","coordinates":[14.3853733,45.9548334]},"properties":{"eidBuilding":"100200000250350697","buildingNumber":"225","cadastralMunicipalityCode":"1704","yearBuilt":1934,"buildingType":"samostoječa stavba"}},{"type":"Feature","id":"100200000250350705","geometry":{"type":"Point","coordinates":[14.3851809,45.9546915]},"properties":{"eidBuilding":"100200000250350705","buildingNumber":"226","cadastralMunicipalityCode":"1704","yearBuilt":1975,"buildingType":"samostoječa stavba"}},{"type":"Feature","id":"100200000250350713","geometry":{"type":"Point","coordinates":[14.3857565,45.9545747]},"properties":{"eidBuilding":"100200000250350713","buildingNumber":"227","cadastralMunicipalityCode":"1704","yearBuilt":1800,"buildingType":"samostoječa stavba"}},{"type":"Feature","id":"100200000250350747","geometry":{"type":"Point","coordinates":[14.3850939,45.9542133]},"properties":{"eidBuilding":"100200000250350747","buildingNumber":"230","cadastralMunicipalityCode":"1704","yearBuilt":1800,"buildingType":"samostoječa stavba"}},{"type":"Feature","id":"100200000250350754","geometry":{"type":"Point","coordinates":[14.3849425,45.954132]},"properties":{"eidBuilding":"100200000250350754","buildingNumber":"231","cadastralMunicipalityCode":"1704","yearBuilt":1900,"buildingType":"samostoječa stavba"}},{"type":"Feature","id":"100200000250350788","geometry":{"type":"Point","coordinates":[14.3845198,45.954232]},"properties":{"eidBuilding":"100200000250350788","buildingNumber":"234","cadastralMunicipalityCode":"1704","yearBuilt":1750,"buildingType":"samostoječa stavba"}},{"type":"Feature","id":"100200000250357130","geometry":{"type":"Point","coordinates":[14.4073816,45.9559985]},"properties":{"eidBuilding":"100200000250357130","buildingNumber":"583","cadastralMunicipalityCode":"1704","yearBuilt":1984,"buildingType":"samostoječa stavba"}},{"type":"Feature","id":"100200000250357148","geometry":{"type":"Point","coordinates":[14.4074998,45.9560049]},"properties":{"eidBuilding":"100200000250357148","buildingNumber":"584","cadastralMunicipalityCode":"1704","yearBuilt":1700,"buildingType":"samostoječa stavba"}},{"type":"Feature","id":"100200000250357155","geometry":{"type":"Point","coordinates":[14.407348,45.9558143]},"properties":{"eidBuilding":"100200000250357155","buildingNumber":"585","cadastralMunicipalityCode":"1704","yearBuilt":1984,"buildingType":"samostoječa stavba"}},{"type":"Feature","id":"100200000250357205","geometry":{"type":"Point","coordinates":[14.4078604,45.9562804]},"properties":{"eidBuilding":"100200000250357205","buildingNumber":"590","cadastralMunicipalityCode":"1704","yearBuilt":1700,"buildingType":"samostoječa stavba"}},{"type":"Feature","id":"100200000250357213","geometry":{"type":"Point","coordinates":[14.4080532,45.9561897]},"properties":{"eidBuilding":"100200000250357213","buildingNumber":"591","cadastralMunicipalityCode":"1704","yearBuilt":1768,"buildingType":"samostoječa stavba"}},{"type":"Feature","id":"100200000250356223","geometry":{"type":"Point","coordinates":[14.4013462,45.9603934]},"properties":{"eidBuilding":"100200000250356223","buildingNumber":"499","cadastralMunicipalityCode":"1704","yearBuilt":1973,"buildingType":"samostoječa stavba"}},{"type":"Feature","id":"100200000250356249","geometry":{"type":"Point","coordinates":[14.4016926,45.9603886]},"properties":{"eidBuilding":"100200000250356249","buildingNumber":"501","cadastralMunicipalityCode":"1704","yearBuilt":1956,"buildingType":"samostoječa stavba"}},{"type":"Feature","id":"100200000250356256","geometry":{"type":"Point","coordinates":[14.4018832,45.960262]},"properties":{"eidBuilding":"100200000250356256","buildingNumber":"502","cadastralMunicipalityCode":"1704","yearBuilt":1935,"buildingType":"samostoječa stavba"}},{"type":"Feature","id":"100200000250356280","geometry":{"type":"Point","coordinates":[14.4019116,45.9606851]},"properties":{"eidBuilding":"100200000250356280","buildingNumber":"505","cadastralMunicipalityCode":"1704","yearBuilt":1904,"buildingType":"samostoječa stavba"}},{"type":"Feature","id":"100200000250356306","geometry":{"type":"Point","coordinates":[14.4021676,45.9605261]},"properties":{"eidBuilding":"100200000250356306","buildingNumber":"507","cadastralMunicipalityCode":"1704","yearBuilt":1970,"buildingType":"samostoječa stavba"}},{"type":"Feature","id":"100200000250356405","geometry":{"type":"Point","coordinates":[14.4032287,45.9591859]},"properties":{"eidBuilding":"100200000250356405","buildingNumber":"517","cadastralMunicipalityCode":"1704","yearBuilt":1980,"buildingType":"samostoječa stavba"}},{"type":"Feature","id":"100200000250356439","geometry":{"type":"Point","coordinates":[14.403351,45.9584913]},"properties":{"eidBuilding":"100200000250356439","buildingNumber":"520","cadastralMunicipalityCode":"1704","yearBuilt":2004,"buildingType":"samostoječa stavba"}},{"type":"Feature","id":"100200000250356520","geometry":{"type":"Point","coordinates":[14.4049433,45.957578]},"properties":{"eidBuilding":"100200000250356520","buildingNumber":"529","cadastralMunicipalityCode":"1704","yearBuilt":1973,"buildingType":"samostoječa stavba"}},{"type":"Feature","id":"100200000312752831","geometry":{"type":"Point","coordinates":[14.3816454,45.9510008]},"properties":{"eidBuilding":"100200000312752831","buildingNumber":"839","cadastralMunicipalityCode":"1704","yearBuilt":2001,"buildingType":"samostoječa stavba"}},{"type":"Feature","id":"100200000312753391","geometry":{"type":"Point","coordinates":[14.4005763,45.9610532]},"properties":{"eidBuilding":"100200000312753391","buildingNumber":"840","cadastralMunicipalityCode":"1704","yearBuilt":2005,"buildingType":"samostoječa stavba"}},{"type":"Feature","id":"100200000312893726","geometry":{"type":"Point","coordinates":[14.3818666,45.9496166]},"properties":{"eidBuilding":"100200000312893726","buildingNumber":"843","cadastralMunicipalityCode":"1704","yearBuilt":2003,"buildingType":"samostoječa stavba"}},{"type":"Feature","id":"100200000312893809","geometry":{"type":"Point","coordinates":[14.3776384,45.9482171]},"properties":{"eidBuilding":"100200000312893809","buildingNumber":"844","cadastralMunicipalityCode":"1704","yearBuilt":1925,"buildingType":"samostoječa stavba"}},{"type":"Feature","id":"100200000312893973","geometry":{"type":"Point","coordinates":[14.3979955,45.9648507]},"properties":{"eidBuilding":"100200000312893973","buildingNumber":"845","cadastralMunicipalityCode":"1704","yearBuilt":2005,"buildingType":"krajna vrstna stavba"}},{"type":"Feature","id":"100200000312894088","geometry":{"type":"Point","coordinates":[14.398835,45.9622048]},"properties":{"eidBuilding":"100200000312894088","buildingNumber":"846","cadastralMunicipalityCode":"1704","yearBuilt":1985,"buildingType":"samostoječa stavba"}},{"type":"Feature","id":"100200000313166213","geometry":{"type":"Point","coordinates":[14.3784924,45.9514966]},"properties":{"eidBuilding":"100200000313166213","buildingNumber":"848","cadastralMunicipalityCode":"1704","yearBuilt":2006,"buildingType":"samostoječa stavba"}},{"type":"Feature","id":"100200000313324119","geometry":{"type":"Point","coordinates":[14.4010419,45.956723]},"properties":{"eidBuilding":"100200000313324119","buildingNumber":"849","cadastralMunicipalityCode":"1704","yearBuilt":2005,"buildingType":"samostoječa stavba"}},{"type":"Feature","id":"100200000313722254","geometry":{"type":"Point","coordinates":[14.3821838,45.9514481]},"properties":{"eidBuilding":"100200000313722254","buildingNumber":"852","cadastralMunicipalityCode":"1704","yearBuilt":2007,"buildingType":"samostoječa stavba"}},{"type":"Feature","id":"100200000316343686","geometry":{"type":"Point","coordinates":[14.402334,45.9646481]},"properties":{"eidBuilding":"100200000316343686","buildingNumber":"868","cadastralMunicipalityCode":"1704","yearBuilt":2009,"buildingType":"samostoječa stavba"}},{"type":"Feature","id":"100200000316343769","geometry":{"type":"Point","coordinates":[14.4025217,45.9651889]},"properties":{"eidBuilding":"100200000316343769","buildingNumber":"872","cadastralMunicipalityCode":"1704","yearBuilt":2009,"buildingType":"samostoječa stavba"}},{"type":"Feature","id":"100201000000059829","geometry":{"type":"Point","coordinates":[14.3809617,45.9491954]},"properties":{"eidBuilding":"100201000000059829","buildingNumber":"971","cadastralMunicipalityCode":"1704","yearBuilt":2022,"buildingType":"samostoječa stavba"}},{"type":"Feature","id":"100201000000051941","geometry":{"type":"Point","coordinates":[14.4042215,45.9570039]},"properties":{"eidBuilding":"100201000000051941","buildingNumber":"973","cadastralMunicipalityCode":"1704","yearBuilt":1965,"buildingType":"samostoječa stavba"}},{"type":"Feature","id":"100200000250077126","geometry":{"type":"Point","coordinates":[14.4147631,45.9542229]},"properties":{"eidBuilding":"100200000250077126","buildingNumber":"24","cadastralMunicipalityCode":"1704","yearBuilt":1980,"buildingType":"samostoječa stavba"}},{"type":"Feature","id":"100201000000061593","geometry":{"type":"Point","coordinates":[14.3989616,45.957776]},"properties":{"eidBuilding":"100201000000061593","buildingNumber":"974","cadastralMunicipalityCode":"1704","yearBuilt":2022,"buildingType":"samostoječa stavba"}},{"type":"Feature","id":"100201000000057120","geometry":{"type":"Point","coordinates":[14.408377,45.9526219]},"properties":{"eidBuilding":"100201000000057120","buildingNumber":"976","cadastralMunicipalityCode":"1704","yearBuilt":2022,"buildingType":"samostoječa stavba"}},{"type":"Feature","id":"100201000000034731","geometry":{"type":"Point","coordinates":[14.4000069,45.9633061]},"properties":{"eidBuilding":"100201000000034731","buildingNumber":"972","cadastralMunicipalityCode":"1704","yearBuilt":2023,"buildingType":"samostoječa stavba"}},{"type":"Feature","id":"100201000000067921","geometry":{"type":"Point","coordinates":[14.4130757,45.9544975]},"properties":{"eidBuilding":"100201000000067921","buildingNumber":"975","cadastralMunicipalityCode":"1704","yearBuilt":2023,"buildingType":"samostoječa stavba"}},{"type":"Feature","id":"100200000250359185","geometry":{"type":"Point","coordinates":[14.4106202,45.9518932]},"properties":{"eidBuilding":"100200000250359185","buildingNumber":"783","cadastralMunicipalityCode":"1704","yearBuilt":1989,"buildingType":"samostoječa stavba"}},{"type":"Feature","id":"100201000000102298","geometry":{"type":"Point","coordinates":[14.4008516,45.9615806]},"properties":{"eidBuilding":"100201000000102298","buildingNumber":"851","cadastralMunicipalityCode":"1704","yearBuilt":2023,"buildingType":"samostoječa stavba"}},{"type":"Feature","id":"100201000000121629","geometry":{"type":"Point","coordinates":[14.398246,45.9642869]},"properties":{"eidBuilding":"100201000000121629","buildingNumber":"986","cadastralMunicipalityCode":"1704","yearBuilt":2009,"buildingType":"samostoječa stavba"}},{"type":"Feature","id":"100201000000121637","geometry":{"type":"Point","coordinates":[14.3980337,45.9642165]},"properties":{"eidBuilding":"100201000000121637","buildingNumber":"985","cadastralMunicipalityCode":"1704","yearBuilt":2015,"buildingType":"samostoječa stavba"}},{"type":"Feature","id":"100201000000106109","geometry":{"type":"Point","coordinates":[14.406145,45.9533663]},"properties":{"eidBuilding":"100201000000106109","buildingNumber":"981","cadastralMunicipalityCode":"1704","yearBuilt":2023,"buildingType":"samostoječa stavba"}},{"type":"Feature","id":"100201000000117312","geometry":{"type":"Point","coordinates":[14.4036927,45.9642178]},"properties":{"eidBuilding":"100201000000117312","buildingNumber":"984","cadastralMunicipalityCode":"1704","yearBuilt":1984,"buildingType":"samostoječa stavba"}},{"type":"Feature","id":"100200000340037429","geometry":{"type":"Point","coordinates":[14.4077404,45.9540504]},"properties":{"eidBuilding":"100200000340037429","buildingNumber":"953","cadastralMunicipalityCode":"1704","yearBuilt":2018,"buildingType":"samostoječa stavba"}},{"type":"Feature","id":"100201000000107602","geometry":{"type":"Point","coordinates":[14.4079887,45.9525876]},"properties":{"eidBuilding":"100201000000107602","buildingNumber":"982","cadastralMunicipalityCode":"1704","yearBuilt":2023,"buildingType":"samostoječa stavba"}},{"type":"Feature","id":"100201000000110481","geometry":{"type":"Point","coordinates":[14.3811366,45.9496096]},"properties":{"eidBuilding":"100201000000110481","buildingNumber":"980","cadastralMunicipalityCode":"1704","yearBuilt":2023,"buildingType":"samostoječa stavba"}},{"type":"Feature","id":"100201000000110499","geometry":{"type":"Point","coordinates":[14.3810797,45.9495247]},"properties":{"eidBuilding":"100201000000110499","buildingNumber":"979","cadastralMunicipalityCode":"1704","yearBuilt":2023,"buildingType":"samostoječa stavba"}},{"type":"Feature","id":"100201000000069315","geometry":{"type":"Point","coordinates":[14.4006108,45.9617531]},"properties":{"eidBuilding":"100201000000069315","buildingNumber":"977","cadastralMunicipalityCode":"1704","yearBuilt":2022,"buildingType":"samostoječa stavba"}},{"type":"Feature","id":"100201000000156567","geometry":{"type":"Point","coordinates":[14.4076837,45.9527622]},"properties":{"eidBuilding":"100201000000156567","buildingNumber":"991","cadastralMunicipalityCode":"1704","yearBuilt":2024,"buildingType":"samostoječa stavba"}},{"type":"Feature","id":"100201000000139415","geometry":{"type":"Point","coordinates":[14.4018301,45.9595941]},"properties":{"eidBuilding":"100201000000139415","buildingNumber":"989","cadastralMunicipalityCode":"1704","yearBuilt":2024,"buildingType":"samostoječa stavba"}},{"type":"Feature","id":"100200000316171095","geometry":{"type":"Point","coordinates":[14.4006483,45.9565309]},"properties":{"eidBuilding":"100200000316171095","buildingNumber":"867","cadastralMunicipalityCode":"1704","yearBuilt":2008,"buildingType":"samostoječa stavba"}},{"type":"Feature","id":"100201000000140892","geometry":{"type":"Point","coordinates":[14.4037427,45.9649533]},"properties":{"eidBuilding":"100201000000140892","buildingNumber":"983","cadastralMunicipalityCode":"1704","yearBuilt":2023,"buildingType":"samostoječa stavba"}},{"type":"Feature","id":"100200000250267057","geometry":{"type":"Point","coordinates":[14.3916375,45.964152]},"properties":{"eidBuilding":"100200000250267057","buildingNumber":"46","cadastralMunicipalityCode":"1704","yearBuilt":1947,"buildingType":"samostoječa stavba"}},{"type":"Feature","id":"100201000000143946","geometry":{"type":"Point","coordinates":[14.4063816,45.9538558]},"properties":{"eidBuilding":"100201000000143946","buildingNumber":"990","cadastralMunicipalityCode":"1704","yearBuilt":2024,"buildingType":"samostoječa stavba"}},{"type":"Feature","id":"100201000000215363","geometry":{"type":"Point","coordinates":[14.399174,45.9618931]},"properties":{"eidBuilding":"100201000000215363","buildingNumber":"993","cadastralMunicipalityCode":"1704","yearBuilt":2025,"buildingType":"samostoječa stavba"}},{"type":"Feature","id":"100201000000188669","geometry":{"type":"Point","coordinates":[14.3964351,45.9566986]},"properties":{"eidBuilding":"100201000000188669","buildingNumber":"978","cadastralMunicipalityCode":"1704","yearBuilt":2023,"buildingType":"samostoječa stavba"}},{"type":"Feature","id":"100201000000221015","geometry":{"type":"Point","coordinates":[14.4001254,45.9619521]},"properties":{"eidBuilding":"100201000000221015","buildingNumber":"987","cadastralMunicipalityCode":"1704","yearBuilt":2023,"buildingType":"samostoječa stavba"}},{"type":"Feature","id":"100201000000221023","geometry":{"type":"Point","coordinates":[14.400275,45.9619431]},"properties":{"eidBuilding":"100201000000221023","buildingNumber":"988","cadastralMunicipalityCode":"1704","yearBuilt":2023,"buildingType":"samostoječa stavba"}},{"type":"Feature","id":"100201000000185376","geometry":{"type":"Point","coordinates":[14.3844054,45.9493345]},"properties":{"eidBuilding":"100201000000185376","buildingNumber":"992","cadastralMunicipalityCode":"1704","yearBuilt":1981,"buildingType":"samostoječa stavba"}},{"type":"Feature","id":"100201000000243001","geometry":{"type":"Point","coordinates":[14.4021679,45.9641826]},"properties":{"eidBuilding":"100201000000243001","buildingNumber":"994","cadastralMunicipalityCode":"1704","yearBuilt":2024,"buildingType":"samostoječa stavba"}},{"type":"Feature","id":"100201000000249610","geometry":{"type":"Point","coordinates":[14.4072748,45.9526465]},"properties":{"eidBuilding":"100201000000249610","buildingNumber":"998","cadastralMunicipalityCode":"1704","yearBuilt":2025,"buildingType":"samostoječa stavba"}},{"type":"Feature","id":"100201000000257191","geometry":{"type":"Point","coordinates":[14.3986779,45.9609905]},"properties":{"eidBuilding":"100201000000257191","buildingNumber":"996","cadastralMunicipalityCode":"1704","yearBuilt":2025,"buildingType":"samostoječa stavba"}},{"type":"Feature","id":"100201000000257209","geometry":{"type":"Point","coordinates":[14.3982354,45.9610729]},"properties":{"eidBuilding":"100201000000257209","buildingNumber":"995","cadastralMunicipalityCode":"1704","yearBuilt":2025,"buildingType":"samostoječa stavba"}},{"type":"Feature","id":"100201000000282470","geometry":{"type":"Point","coordinates":[14.400846,45.9561149]},"properties":{"eidBuilding":"100201000000282470","buildingNumber":"997","cadastralMunicipalityCode":"1704","yearBuilt":2024,"buildingType":"samostoječa stavba"}},{"type":"Feature","id":"100201000000282058","geometry":{"type":"Point","coordinates":[14.3977758,45.9653804]},"properties":{"eidBuilding":"100201000000282058","buildingNumber":"999","cadastralMunicipalityCode":"1704","yearBuilt":2000,"buildingType":"samostoječa stavba"}}]}