{"type":"FeatureCollection","features":[{"type":"Feature","id":"100200000214839090","geometry":{"type":"Point","coordinates":[14.417459,45.9711304]},"properties":{"eidBuilding":"100200000214839090","buildingNumber":"63","cadastralMunicipalityCode":"1705","yearBuilt":1928,"buildingType":"samostoječa stavba"}},{"type":"Feature","id":"100201000000297411","geometry":{"type":"Point","coordinates":[14.4159815,45.9560044]},"properties":{"eidBuilding":"100201000000297411","buildingNumber":"882","cadastralMunicipalityCode":"1705","yearBuilt":2023,"buildingType":"samostoječa stavba"}},{"type":"Feature","id":"100200000250268915","geometry":{"type":"Point","coordinates":[14.4115766,45.9657602]},"properties":{"eidBuilding":"100200000250268915","buildingNumber":"599","cadastralMunicipalityCode":"1705","yearBuilt":1975,"buildingType":"samostoječa stavba"}},{"type":"Feature","id":"100200000250268931","geometry":{"type":"Point","coordinates":[14.4114162,45.9652448]},"properties":{"eidBuilding":"100200000250268931","buildingNumber":"601","cadastralMunicipalityCode":"1705","yearBuilt":1981,"buildingType":"samostoječa stavba"}},{"type":"Feature","id":"100200000250268949","geometry":{"type":"Point","coordinates":[14.4116629,45.9651742]},"properties":{"eidBuilding":"100200000250268949","buildingNumber":"602","cadastralMunicipalityCode":"1705","yearBuilt":1879,"buildingType":"samostoječa stavba"}},{"type":"Feature","id":"100200000250268964","geometry":{"type":"Point","coordinates":[14.4117603,45.9663199]},"properties":{"eidBuilding":"100200000250268964","buildingNumber":"604","cadastralMunicipalityCode":"1705","yearBuilt":1956,"buildingType":"samostoječa stavba"}},{"type":"Feature","id":"100200000250268980","geometry":{"type":"Point","coordinates":[14.4126387,45.9645218]},"properties":{"eidBuilding":"100200000250268980","buildingNumber":"606","cadastralMunicipalityCode":"1705","yearBuilt":1940,"buildingType":"samostoječa stavba"}},{"type":"Feature","id":"100200000250268998","geometry":{"type":"Point","coordinates":[14.4128462,45.9643204]},"properties":{"eidBuilding":"100200000250268998","buildingNumber":"607","cadastralMunicipalityCode":"1705","yearBuilt":1972,"buildingType":"samostoječa stavba"}},{"type":"Feature","id":"100200000250269004","geometry":{"type":"Point","coordinates":[14.4126739,45.9641776]},"properties":{"eidBuilding":"100200000250269004","buildingNumber":"608","cadastralMunicipalityCode":"1705","yearBuilt":1972,"buildingType":"samostoječa stavba"}},{"type":"Feature","id":"100200000250269020","geometry":{"type":"Point","coordinates":[14.4131019,45.9639885]},"properties":{"eidBuilding":"100200000250269020","buildingNumber":"610","cadastralMunicipalityCode":"1705","yearBuilt":1995,"buildingType":"samostoječa stavba"}},{"type":"Feature","id":"100200000250269038","geometry":{"type":"Point","coordinates":[14.4134245,45.9638042]},"properties":{"eidBuilding":"100200000250269038","buildingNumber":"611","cadastralMunicipalityCode":"1705","yearBuilt":1956,"buildingType":"samostoječa stavba"}},{"type":"Feature","id":"100200000250269095","geometry":{"type":"Point","coordinates":[14.4133278,45.9632474]},"properties":{"eidBuilding":"100200000250269095","buildingNumber":"617","cadastralMunicipalityCode":"1705","yearBuilt":1964,"buildingType":"samostoječa stavba"}},{"type":"Feature","id":"100200000250269111","geometry":{"type":"Point","coordinates":[14.4103936,45.9617444]},"properties":{"eidBuilding":"100200000250269111","buildingNumber":"619","cadastralMunicipalityCode":"1705","yearBuilt":1990,"buildingType":"samostoječa stavba"}},{"type":"Feature","id":"100200000250269129","geometry":{"type":"Point","coordinates":[14.4104333,45.9618569]},"properties":{"eidBuilding":"100200000250269129","buildingNumber":"620","cadastralMunicipalityCode":"1705","yearBuilt":1994,"buildingType":"samostoječa stavba"}},{"type":"Feature","id":"100200000250269137","geometry":{"type":"Point","coordinates":[14.4100549,45.9619581]},"properties":{"eidBuilding":"100200000250269137","buildingNumber":"621","cadastralMunicipalityCode":"1705","yearBuilt":1980,"buildingType":"samostoječa stavba"}},{"type":"Feature","id":"100200000250269293","geometry":{"type":"Point","coordinates":[14.4098143,45.9615827]},"properties":{"eidBuilding":"100200000250269293","buildingNumber":"635","cadastralMunicipalityCode":"1705","yearBuilt":1947,"buildingType":"samostoječa stavba"}},{"type":"Feature","id":"100200000214902989","geometry":{"type":"Point","coordinates":[14.4186906,45.9586306]},"properties":{"eidBuilding":"100200000214902989","buildingNumber":"390","cadastralMunicipalityCode":"1705","yearBuilt":1954,"buildingType":"samostoječa stavba"}},{"type":"Feature","id":"100200000214903227","geometry":{"type":"Point","coordinates":[14.4167427,45.9547841]},"properties":{"eidBuilding":"100200000214903227","buildingNumber":"414","cadastralMunicipalityCode":"1705","yearBuilt":1993,"buildingType":"samostoječa stavba"}},{"type":"Feature","id":"100200000214903276","geometry":{"type":"Point","coordinates":[14.4163973,45.954328]},"properties":{"eidBuilding":"100200000214903276","buildingNumber":"419","cadastralMunicipalityCode":"1705","yearBuilt":1838,"buildingType":"samostoječa stavba"}},{"type":"Feature","id":"100200000214903656","geometry":{"type":"Point","coordinates":[14.4202358,45.9568373]},"properties":{"eidBuilding":"100200000214903656","buildingNumber":"434","cadastralMunicipalityCode":"1705","yearBuilt":1994,"buildingType":"samostoječa stavba"}},{"type":"Feature","id":"100200000214903748","geometry":{"type":"Point","coordinates":[14.4212256,45.9556996]},"properties":{"eidBuilding":"100200000214903748","buildingNumber":"443","cadastralMunicipalityCode":"1705","yearBuilt":1977,"buildingType":"samostoječa stavba"}},{"type":"Feature","id":"100200000214903987","geometry":{"type":"Point","coordinates":[14.42224,45.9540906]},"properties":{"eidBuilding":"100200000214903987","buildingNumber":"467","cadastralMunicipalityCode":"1705","yearBuilt":1991,"buildingType":"samostoječa stavba"}},{"type":"Feature","id":"100200000214904001","geometry":{"type":"Point","coordinates":[14.4217043,45.9546381]},"properties":{"eidBuilding":"100200000214904001","buildingNumber":"469","cadastralMunicipalityCode":"1705","yearBuilt":2001,"buildingType":"samostoječa stavba"}},{"type":"Feature","id":"100200000214904522","geometry":{"type":"Point","coordinates":[14.4305376,45.9464946]},"properties":{"eidBuilding":"100200000214904522","buildingNumber":"521","cadastralMunicipalityCode":"1705","yearBuilt":1900,"buildingType":"samostoječa stavba"}},{"type":"Feature","id":"100200000250268857","geometry":{"type":"Point","coordinates":[14.412683,45.9661217]},"properties":{"eidBuilding":"100200000250268857","buildingNumber":"593","cadastralMunicipalityCode":"1705","yearBuilt":1980,"buildingType":"samostoječa stavba"}},{"type":"Feature","id":"100200000214838662","geometry":{"type":"Point","coordinates":[14.4154765,45.9672216]},"properties":{"eidBuilding":"100200000214838662","buildingNumber":"20","cadastralMunicipalityCode":"1705","yearBuilt":1956,"buildingType":"samostoječa stavba"}},{"type":"Feature","id":"100200000214838670","geometry":{"type":"Point","coordinates":[14.4155093,45.9674539]},"properties":{"eidBuilding":"100200000214838670","buildingNumber":"21","cadastralMunicipalityCode":"1705","yearBuilt":1979,"buildingType":"samostoječa stavba"}},{"type":"Feature","id":"100200000214838704","geometry":{"type":"Point","coordinates":[14.4158821,45.9669974]},"properties":{"eidBuilding":"100200000214838704","buildingNumber":"24","cadastralMunicipalityCode":"1705","yearBuilt":1986,"buildingType":"samostoječa stavba"}},{"type":"Feature","id":"100200000214838746","geometry":{"type":"Point","coordinates":[14.4164926,45.9679184]},"properties":{"eidBuilding":"100200000214838746","buildingNumber":"28","cadastralMunicipalityCode":"1705","yearBuilt":1986,"buildingType":"samostoječa stavba"}},{"type":"Feature","id":"100200000214838753","geometry":{"type":"Point","coordinates":[14.4166315,45.9677887]},"properties":{"eidBuilding":"100200000214838753","buildingNumber":"29","cadastralMunicipalityCode":"1705","yearBuilt":1986,"buildingType":"samostoječa stavba"}},{"type":"Feature","id":"100200000214838761","geometry":{"type":"Point","coordinates":[14.4169355,45.967948]},"properties":{"eidBuilding":"100200000214838761","buildingNumber":"30","cadastralMunicipalityCode":"1705","yearBuilt":1963,"buildingType":"samostoječa stavba"}},{"type":"Feature","id":"100200000214838787","geometry":{"type":"Point","coordinates":[14.4170014,45.9681653]},"properties":{"eidBuilding":"100200000214838787","buildingNumber":"32","cadastralMunicipalityCode":"1705","yearBuilt":1970,"buildingType":"samostoječa stavba"}},{"type":"Feature","id":"100200000214838811","geometry":{"type":"Point","coordinates":[14.4164371,45.9682359]},"properties":{"eidBuilding":"100200000214838811","buildingNumber":"35","cadastralMunicipalityCode":"1705","yearBuilt":2003,"buildingType":"samostoječa stavba"}},{"type":"Feature","id":"100200000214838829","geometry":{"type":"Point","coordinates":[14.4164547,45.9683327]},"properties":{"eidBuilding":"100200000214838829","buildingNumber":"36","cadastralMunicipalityCode":"1705","yearBuilt":1976,"buildingType":"samostoječa stavba"}},{"type":"Feature","id":"100200000214838852","geometry":{"type":"Point","coordinates":[14.4154155,45.9685627]},"properties":{"eidBuilding":"100200000214838852","buildingNumber":"39","cadastralMunicipalityCode":"1705","yearBuilt":1930,"buildingType":"samostoječa stavba"}},{"type":"Feature","id":"100200000214902229","geometry":{"type":"Point","coordinates":[14.4178199,45.9562459]},"properties":{"eidBuilding":"100200000214902229","buildingNumber":"314","cadastralMunicipalityCode":"1705","yearBuilt":1913,"buildingType":"samostoječa stavba"}},{"type":"Feature","id":"100200000214902252","geometry":{"type":"Point","coordinates":[14.4167598,45.9560563]},"properties":{"eidBuilding":"100200000214902252","buildingNumber":"317","cadastralMunicipalityCode":"1705","yearBuilt":1800,"buildingType":"samostoječa stavba"}},{"type":"Feature","id":"100200000214902286","geometry":{"type":"Point","coordinates":[14.4165079,45.9565679]},"properties":{"eidBuilding":"100200000214902286","buildingNumber":"320","cadastralMunicipalityCode":"1705","yearBuilt":1990,"buildingType":"samostoječa stavba"}},{"type":"Feature","id":"100200000214902294","geometry":{"type":"Point","coordinates":[14.4155889,45.9568464]},"properties":{"eidBuilding":"100200000214902294","buildingNumber":"321","cadastralMunicipalityCode":"1705","yearBuilt":1983,"buildingType":"samostoječa stavba"}},{"type":"Feature","id":"100200000214902310","geometry":{"type":"Point","coordinates":[14.4201074,45.9571681]},"properties":{"eidBuilding":"100200000214902310","buildingNumber":"323","cadastralMunicipalityCode":"1705","yearBuilt":1800,"buildingType":"samostoječa stavba"}},{"type":"Feature","id":"100200000214902336","geometry":{"type":"Point","coordinates":[14.4193808,45.9571322]},"properties":{"eidBuilding":"100200000214902336","buildingNumber":"325","cadastralMunicipalityCode":"1705","yearBuilt":1900,"buildingType":"samostoječa stavba"}},{"type":"Feature","id":"100200000214902393","geometry":{"type":"Point","coordinates":[14.418871,45.9567096]},"properties":{"eidBuilding":"100200000214902393","buildingNumber":"331","cadastralMunicipalityCode":"1705","yearBuilt":1949,"buildingType":"samostoječa stavba"}},{"type":"Feature","id":"100200000214902401","geometry":{"type":"Point","coordinates":[14.4186312,45.9568451]},"properties":{"eidBuilding":"100200000214902401","buildingNumber":"332","cadastralMunicipalityCode":"1705","yearBuilt":1900,"buildingType":"samostoječa stavba"}},{"type":"Feature","id":"100200000214902419","geometry":{"type":"Point","coordinates":[14.4188163,45.9569465]},"properties":{"eidBuilding":"100200000214902419","buildingNumber":"333","cadastralMunicipalityCode":"1705","yearBuilt":1885,"buildingType":"samostoječa stavba"}},{"type":"Feature","id":"100200000214902427","geometry":{"type":"Point","coordinates":[14.4188477,45.957029]},"properties":{"eidBuilding":"100200000214902427","buildingNumber":"334","cadastralMunicipalityCode":"1705","yearBuilt":1859,"buildingType":"samostoječa stavba"}},{"type":"Feature","id":"100200000214902443","geometry":{"type":"Point","coordinates":[14.4189023,45.9579665]},"properties":{"eidBuilding":"100200000214902443","buildingNumber":"336","cadastralMunicipalityCode":"1705","yearBuilt":1982,"buildingType":"samostoječa stavba"}},{"type":"Feature","id":"100200000214902468","geometry":{"type":"Point","coordinates":[14.4188212,45.9581709]},"properties":{"eidBuilding":"100200000214902468","buildingNumber":"338","cadastralMunicipalityCode":"1705","yearBuilt":1975,"buildingType":"samostoječa stavba"}},{"type":"Feature","id":"100200000214902476","geometry":{"type":"Point","coordinates":[14.4191249,45.9582181]},"properties":{"eidBuilding":"100200000214902476","buildingNumber":"339","cadastralMunicipalityCode":"1705","yearBuilt":1950,"buildingType":"samostoječa stavba"}},{"type":"Feature","id":"100200000250269566","geometry":{"type":"Point","coordinates":[14.4105546,45.9650627]},"properties":{"eidBuilding":"100200000250269566","buildingNumber":"661","cadastralMunicipalityCode":"1705","yearBuilt":1990,"buildingType":"samostoječa stavba"}},{"type":"Feature","id":"100200000250269574","geometry":{"type":"Point","coordinates":[14.4108821,45.9651114]},"properties":{"eidBuilding":"100200000250269574","buildingNumber":"662","cadastralMunicipalityCode":"1705","yearBuilt":1965,"buildingType":"samostoječa stavba"}},{"type":"Feature","id":"100200000250269590","geometry":{"type":"Point","coordinates":[14.4105825,45.9652039]},"properties":{"eidBuilding":"100200000250269590","buildingNumber":"664","cadastralMunicipalityCode":"1705","yearBuilt":1942,"buildingType":"samostoječa stavba"}},{"type":"Feature","id":"100200000250269608","geometry":{"type":"Point","coordinates":[14.4103858,45.9653121]},"properties":{"eidBuilding":"100200000250269608","buildingNumber":"665","cadastralMunicipalityCode":"1705","yearBuilt":1977,"buildingType":"samostoječa stavba"}},{"type":"Feature","id":"100200000250269616","geometry":{"type":"Point","coordinates":[14.410346,45.9652077]},"properties":{"eidBuilding":"100200000250269616","buildingNumber":"666","cadastralMunicipalityCode":"1705","yearBuilt":1999,"buildingType":"samostoječa stavba"}},{"type":"Feature","id":"100200000250269624","geometry":{"type":"Point","coordinates":[14.4099826,45.9652851]},"properties":{"eidBuilding":"100200000250269624","buildingNumber":"667","cadastralMunicipalityCode":"1705","yearBuilt":1980,"buildingType":"samostoječa stavba"}},{"type":"Feature","id":"100200000250269632","geometry":{"type":"Point","coordinates":[14.4100219,45.9654396]},"properties":{"eidBuilding":"100200000250269632","buildingNumber":"668","cadastralMunicipalityCode":"1705","yearBuilt":1986,"buildingType":"samostoječa stavba"}},{"type":"Feature","id":"100200000250269640","geometry":{"type":"Point","coordinates":[14.4099932,45.9655039]},"properties":{"eidBuilding":"100200000250269640","buildingNumber":"669","cadastralMunicipalityCode":"1705","yearBuilt":1970,"buildingType":"samostoječa stavba"}},{"type":"Feature","id":"100200000250269665","geometry":{"type":"Point","coordinates":[14.4103593,45.9654435]},"properties":{"eidBuilding":"100200000250269665","buildingNumber":"671","cadastralMunicipalityCode":"1705","yearBuilt":1982,"buildingType":"samostoječa stavba"}},{"type":"Feature","id":"100200000250269673","geometry":{"type":"Point","coordinates":[14.4107428,45.9655094]},"properties":{"eidBuilding":"100200000250269673","buildingNumber":"672","cadastralMunicipalityCode":"1705","yearBuilt":1959,"buildingType":"samostoječa stavba"}},{"type":"Feature","id":"100200000250269699","geometry":{"type":"Point","coordinates":[14.4104318,45.9656352]},"properties":{"eidBuilding":"100200000250269699","buildingNumber":"674","cadastralMunicipalityCode":"1705","yearBuilt":1953,"buildingType":"samostoječa stavba"}},{"type":"Feature","id":"100200000250269707","geometry":{"type":"Point","coordinates":[14.4106803,45.9656852]},"properties":{"eidBuilding":"100200000250269707","buildingNumber":"675","cadastralMunicipalityCode":"1705","yearBuilt":1970,"buildingType":"samostoječa stavba"}},{"type":"Feature","id":"100200000250269731","geometry":{"type":"Point","coordinates":[14.4104715,45.9661302]},"properties":{"eidBuilding":"100200000250269731","buildingNumber":"678","cadastralMunicipalityCode":"1705","yearBuilt":1992,"buildingType":"samostoječa stavba"}},{"type":"Feature","id":"100200000250268907","geometry":{"type":"Point","coordinates":[14.4112619,45.9660734]},"properties":{"eidBuilding":"100200000250268907","buildingNumber":"598","cadastralMunicipalityCode":"1705","yearBuilt":1972,"buildingType":"samostoječa stavba"}},{"type":"Feature","id":"100200000214838860","geometry":{"type":"Point","coordinates":[14.4160496,45.9689745]},"properties":{"eidBuilding":"100200000214838860","buildingNumber":"40","cadastralMunicipalityCode":"1705","yearBuilt":1920,"buildingType":"samostoječa stavba"}},{"type":"Feature","id":"100200000214838894","geometry":{"type":"Point","coordinates":[14.4164636,45.9693565]},"properties":{"eidBuilding":"100200000214838894","buildingNumber":"43","cadastralMunicipalityCode":"1705","yearBuilt":1900,"buildingType":"samostoječa stavba"}},{"type":"Feature","id":"100200000214838902","geometry":{"type":"Point","coordinates":[14.4170245,45.9696345]},"properties":{"eidBuilding":"100200000214838902","buildingNumber":"44","cadastralMunicipalityCode":"1705","yearBuilt":2013,"buildingType":"samostoječa stavba"}},{"type":"Feature","id":"100200000214838910","geometry":{"type":"Point","coordinates":[14.4169057,45.9696681]},"properties":{"eidBuilding":"100200000214838910","buildingNumber":"45","cadastralMunicipalityCode":"1705","yearBuilt":1904,"buildingType":"samostoječa stavba"}},{"type":"Feature","id":"100200000214838936","geometry":{"type":"Point","coordinates":[14.4166944,45.9698668]},"properties":{"eidBuilding":"100200000214838936","buildingNumber":"47","cadastralMunicipalityCode":"1705","yearBuilt":1900,"buildingType":"samostoječa stavba"}},{"type":"Feature","id":"100200000214838951","geometry":{"type":"Point","coordinates":[14.4168115,45.9700199]},"properties":{"eidBuilding":"100200000214838951","buildingNumber":"49","cadastralMunicipalityCode":"1705","yearBuilt":1930,"buildingType":"samostoječa stavba"}},{"type":"Feature","id":"100200000214838985","geometry":{"type":"Point","coordinates":[14.4172978,45.9703884]},"properties":{"eidBuilding":"100200000214838985","buildingNumber":"52","cadastralMunicipalityCode":"1705","yearBuilt":1937,"buildingType":"samostoječa stavba"}},{"type":"Feature","id":"100200000214839033","geometry":{"type":"Point","coordinates":[14.4173592,45.9705934]},"properties":{"eidBuilding":"100200000214839033","buildingNumber":"57","cadastralMunicipalityCode":"1705","yearBuilt":1994,"buildingType":"samostoječa stavba"}},{"type":"Feature","id":"100200000214839082","geometry":{"type":"Point","coordinates":[14.417655,45.9711404]},"properties":{"eidBuilding":"100200000214839082","buildingNumber":"62","cadastralMunicipalityCode":"1705","yearBuilt":1928,"buildingType":"samostoječa stavba"}},{"type":"Feature","id":"100200000214839116","geometry":{"type":"Point","coordinates":[14.417604,45.9712861]},"properties":{"eidBuilding":"100200000214839116","buildingNumber":"65","cadastralMunicipalityCode":"1705","yearBuilt":1890,"buildingType":"samostoječa stavba"}},{"type":"Feature","id":"100200000214839124","geometry":{"type":"Point","coordinates":[14.4177155,45.971229]},"properties":{"eidBuilding":"100200000214839124","buildingNumber":"66","cadastralMunicipalityCode":"1705","yearBuilt":1971,"buildingType":"samostoječa stavba"}},{"type":"Feature","id":"100200000214839140","geometry":{"type":"Point","coordinates":[14.4177515,45.9713889]},"properties":{"eidBuilding":"100200000214839140","buildingNumber":"68","cadastralMunicipalityCode":"1705","yearBuilt":1959,"buildingType":"samostoječa stavba"}},{"type":"Feature","id":"100200000214902534","geometry":{"type":"Point","coordinates":[14.4180617,45.957412]},"properties":{"eidBuilding":"100200000214902534","buildingNumber":"345","cadastralMunicipalityCode":"1705","yearBuilt":1979,"buildingType":"samostoječa stavba"}},{"type":"Feature","id":"100200000214902559","geometry":{"type":"Point","coordinates":[14.4180419,45.9577199]},"properties":{"eidBuilding":"100200000214902559","buildingNumber":"347","cadastralMunicipalityCode":"1705","yearBuilt":1985,"buildingType":"samostoječa stavba"}},{"type":"Feature","id":"100200000214902625","geometry":{"type":"Point","coordinates":[14.4181336,45.9568526]},"properties":{"eidBuilding":"100200000214902625","buildingNumber":"354","cadastralMunicipalityCode":"1705","yearBuilt":1920,"buildingType":"samostoječa stavba"}},{"type":"Feature","id":"100200000214902633","geometry":{"type":"Point","coordinates":[14.4179672,45.9567619]},"properties":{"eidBuilding":"100200000214902633","buildingNumber":"355","cadastralMunicipalityCode":"1705","yearBuilt":1700,"buildingType":"samostoječa stavba"}},{"type":"Feature","id":"100200000214902658","geometry":{"type":"Point","coordinates":[14.4182529,45.9567179]},"properties":{"eidBuilding":"100200000214902658","buildingNumber":"357","cadastralMunicipalityCode":"1705","yearBuilt":1800,"buildingType":"samostoječa stavba"}},{"type":"Feature","id":"100200000214902492","geometry":{"type":"Point","coordinates":[14.4178804,45.9570455]},"properties":{"eidBuilding":"100200000214902492","buildingNumber":"341","cadastralMunicipalityCode":"1705","yearBuilt":1756,"buildingType":"samostoječa stavba"}},{"type":"Feature","id":"100200000214902518","geometry":{"type":"Point","coordinates":[14.417957,45.9569745]},"properties":{"eidBuilding":"100200000214902518","buildingNumber":"343","cadastralMunicipalityCode":"1705","yearBuilt":1900,"buildingType":"samostoječa stavba"}},{"type":"Feature","id":"100200000214902542","geometry":{"type":"Point","coordinates":[14.4177177,45.9574558]},"properties":{"eidBuilding":"100200000214902542","buildingNumber":"346","cadastralMunicipalityCode":"1705","yearBuilt":1929,"buildingType":"samostoječa stavba"}},{"type":"Feature","id":"100200000214902567","geometry":{"type":"Point","coordinates":[14.4182229,45.9578618]},"properties":{"eidBuilding":"100200000214902567","buildingNumber":"348","cadastralMunicipalityCode":"1705","yearBuilt":1991,"buildingType":"samostoječa stavba"}},{"type":"Feature","id":"100200000214902583","geometry":{"type":"Point","coordinates":[14.4188434,45.9572822]},"properties":{"eidBuilding":"100200000214902583","buildingNumber":"350","cadastralMunicipalityCode":"1705","yearBuilt":1929,"buildingType":"samostoječa stavba"}},{"type":"Feature","id":"100200000214902617","geometry":{"type":"Point","coordinates":[14.4183076,45.9568814]},"properties":{"eidBuilding":"100200000214902617","buildingNumber":"353","cadastralMunicipalityCode":"1705","yearBuilt":1920,"buildingType":"samostoječa stavba"}},{"type":"Feature","id":"100200000214902690","geometry":{"type":"Point","coordinates":[14.4181059,45.9563376]},"properties":{"eidBuilding":"100200000214902690","buildingNumber":"361","cadastralMunicipalityCode":"1705","yearBuilt":1943,"buildingType":"samostoječa stavba"}},{"type":"Feature","id":"100200000214902708","geometry":{"type":"Point","coordinates":[14.4182231,45.9563581]},"properties":{"eidBuilding":"100200000214902708","buildingNumber":"362","cadastralMunicipalityCode":"1705","yearBuilt":1980,"buildingType":"samostoječa stavba"}},{"type":"Feature","id":"100200000250269764","geometry":{"type":"Point","coordinates":[14.4112041,45.9663645]},"properties":{"eidBuilding":"100200000250269764","buildingNumber":"681","cadastralMunicipalityCode":"1705","yearBuilt":1991,"buildingType":"samostoječa stavba"}},{"type":"Feature","id":"100200000250269772","geometry":{"type":"Point","coordinates":[14.4132788,45.9681264]},"properties":{"eidBuilding":"100200000250269772","buildingNumber":"682","cadastralMunicipalityCode":"1705","yearBuilt":1978,"buildingType":"samostoječa stavba"}},{"type":"Feature","id":"100200000250269780","geometry":{"type":"Point","coordinates":[14.4134974,45.9683413]},"properties":{"eidBuilding":"100200000250269780","buildingNumber":"683","cadastralMunicipalityCode":"1705","yearBuilt":1978,"buildingType":"samostoječa stavba"}},{"type":"Feature","id":"100200000250269798","geometry":{"type":"Point","coordinates":[14.4136638,45.9682493]},"properties":{"eidBuilding":"100200000250269798","buildingNumber":"684","cadastralMunicipalityCode":"1705","yearBuilt":1972,"buildingType":"samostoječa stavba"}},{"type":"Feature","id":"100200000250269806","geometry":{"type":"Point","coordinates":[14.4143775,45.9681831]},"properties":{"eidBuilding":"100200000250269806","buildingNumber":"685","cadastralMunicipalityCode":"1705","yearBuilt":1929,"buildingType":"samostoječa stavba"}},{"type":"Feature","id":"100200000250269822","geometry":{"type":"Point","coordinates":[14.4136938,45.9675595]},"properties":{"eidBuilding":"100200000250269822","buildingNumber":"687","cadastralMunicipalityCode":"1705","yearBuilt":1983,"buildingType":"samostoječa stavba"}},{"type":"Feature","id":"100200000250269830","geometry":{"type":"Point","coordinates":[14.4138527,45.9676586]},"properties":{"eidBuilding":"100200000250269830","buildingNumber":"688","cadastralMunicipalityCode":"1705","yearBuilt":1987,"buildingType":"samostoječa stavba"}},{"type":"Feature","id":"100200000250269913","geometry":{"type":"Point","coordinates":[14.4141008,45.9666999]},"properties":{"eidBuilding":"100200000250269913","buildingNumber":"696","cadastralMunicipalityCode":"1705","yearBuilt":1981,"buildingType":"samostoječa stavba"}},{"type":"Feature","id":"100200000250269921","geometry":{"type":"Point","coordinates":[14.4136169,45.9665782]},"properties":{"eidBuilding":"100200000250269921","buildingNumber":"697","cadastralMunicipalityCode":"1705","yearBuilt":1973,"buildingType":"samostoječa stavba"}},{"type":"Feature","id":"100200000250269939","geometry":{"type":"Point","coordinates":[14.4135356,45.9666912]},"properties":{"eidBuilding":"100200000250269939","buildingNumber":"698","cadastralMunicipalityCode":"1705","yearBuilt":1985,"buildingType":"samostoječa stavba"}},{"type":"Feature","id":"100200000250269947","geometry":{"type":"Point","coordinates":[14.413103,45.9664937]},"properties":{"eidBuilding":"100200000250269947","buildingNumber":"699","cadastralMunicipalityCode":"1705","yearBuilt":1998,"buildingType":"samostoječa stavba"}},{"type":"Feature","id":"100200000250269970","geometry":{"type":"Point","coordinates":[14.4119135,45.9663776]},"properties":{"eidBuilding":"100200000250269970","buildingNumber":"702","cadastralMunicipalityCode":"1705","yearBuilt":1995,"buildingType":"samostoječa stavba"}},{"type":"Feature","id":"100200000250269988","geometry":{"type":"Point","coordinates":[14.4120894,45.9664708]},"properties":{"eidBuilding":"100200000250269988","buildingNumber":"703","cadastralMunicipalityCode":"1705","yearBuilt":1976,"buildingType":"samostoječa stavba"}},{"type":"Feature","id":"100200000214839165","geometry":{"type":"Point","coordinates":[14.4178939,45.9715987]},"properties":{"eidBuilding":"100200000214839165","buildingNumber":"70","cadastralMunicipalityCode":"1705","yearBuilt":1968,"buildingType":"samostoječa stavba"}},{"type":"Feature","id":"100200000214839173","geometry":{"type":"Point","coordinates":[14.4180316,45.9717468]},"properties":{"eidBuilding":"100200000214839173","buildingNumber":"71","cadastralMunicipalityCode":"1705","yearBuilt":1900,"buildingType":"samostoječa stavba"}},{"type":"Feature","id":"100200000214839181","geometry":{"type":"Point","coordinates":[14.4181373,45.9718498]},"properties":{"eidBuilding":"100200000214839181","buildingNumber":"72","cadastralMunicipalityCode":"1705","yearBuilt":1998,"buildingType":"samostoječa stavba"}},{"type":"Feature","id":"100200000214839199","geometry":{"type":"Point","coordinates":[14.41826,45.9719769]},"properties":{"eidBuilding":"100200000214839199","buildingNumber":"73","cadastralMunicipalityCode":"1705","yearBuilt":1945,"buildingType":"samostoječa stavba"}},{"type":"Feature","id":"100200000214839207","geometry":{"type":"Point","coordinates":[14.4184058,45.9721139]},"properties":{"eidBuilding":"100200000214839207","buildingNumber":"74","cadastralMunicipalityCode":"1705","yearBuilt":1967,"buildingType":"samostoječa stavba"}},{"type":"Feature","id":"100200000214839215","geometry":{"type":"Point","coordinates":[14.4185602,45.972066]},"properties":{"eidBuilding":"100200000214839215","buildingNumber":"75","cadastralMunicipalityCode":"1705","yearBuilt":1973,"buildingType":"samostoječa stavba"}},{"type":"Feature","id":"100200000214839223","geometry":{"type":"Point","coordinates":[14.4185029,45.972221]},"properties":{"eidBuilding":"100200000214839223","buildingNumber":"76","cadastralMunicipalityCode":"1705","yearBuilt":1965,"buildingType":"samostoječa stavba"}},{"type":"Feature","id":"100200000214839249","geometry":{"type":"Point","coordinates":[14.4187541,45.9723511]},"properties":{"eidBuilding":"100200000214839249","buildingNumber":"78","cadastralMunicipalityCode":"1705","yearBuilt":1967,"buildingType":"samostoječa stavba"}},{"type":"Feature","id":"100200000214839264","geometry":{"type":"Point","coordinates":[14.418881,45.9724905]},"properties":{"eidBuilding":"100200000214839264","buildingNumber":"80","cadastralMunicipalityCode":"1705","yearBuilt":1880,"buildingType":"samostoječa stavba"}},{"type":"Feature","id":"100200000214839272","geometry":{"type":"Point","coordinates":[14.4189824,45.9723896]},"properties":{"eidBuilding":"100200000214839272","buildingNumber":"81","cadastralMunicipalityCode":"1705","yearBuilt":1850,"buildingType":"samostoječa stavba"}},{"type":"Feature","id":"100200000214839280","geometry":{"type":"Point","coordinates":[14.4190608,45.9723236]},"properties":{"eidBuilding":"100200000214839280","buildingNumber":"82","cadastralMunicipalityCode":"1705","yearBuilt":1982,"buildingType":"samostoječa stavba"}},{"type":"Feature","id":"100200000214839298","geometry":{"type":"Point","coordinates":[14.4189804,45.9725609]},"properties":{"eidBuilding":"100200000214839298","buildingNumber":"83","cadastralMunicipalityCode":"1705","yearBuilt":1857,"buildingType":"samostoječa stavba"}},{"type":"Feature","id":"100200000214838472","geometry":{"type":"Point","coordinates":[14.4206104,45.9727864]},"properties":{"eidBuilding":"100200000214838472","buildingNumber":"1","cadastralMunicipalityCode":"1705","yearBuilt":1960,"buildingType":"samostoječa stavba"}},{"type":"Feature","id":"100200000214902716","geometry":{"type":"Point","coordinates":[14.4183371,45.9563802]},"properties":{"eidBuilding":"100200000214902716","buildingNumber":"363","cadastralMunicipalityCode":"1705","yearBuilt":1943,"buildingType":"samostoječa stavba"}},{"type":"Feature","id":"100200000214902732","geometry":{"type":"Point","coordinates":[14.4187661,45.9563934]},"properties":{"eidBuilding":"100200000214902732","buildingNumber":"365","cadastralMunicipalityCode":"1705","yearBuilt":1943,"buildingType":"samostoječa stavba"}},{"type":"Feature","id":"100200000214902765","geometry":{"type":"Point","coordinates":[14.4217644,45.9605535]},"properties":{"eidBuilding":"100200000214902765","buildingNumber":"368","cadastralMunicipalityCode":"1705","yearBuilt":1940,"buildingType":"samostoječa stavba"}},{"type":"Feature","id":"100200000214902807","geometry":{"type":"Point","coordinates":[14.4217844,45.9607419]},"properties":{"eidBuilding":"100200000214902807","buildingNumber":"372","cadastralMunicipalityCode":"1705","yearBuilt":1972,"buildingType":"samostoječa stavba"}},{"type":"Feature","id":"100200000214902815","geometry":{"type":"Point","coordinates":[14.4207819,45.957274]},"properties":{"eidBuilding":"100200000214902815","buildingNumber":"373","cadastralMunicipalityCode":"1705","yearBuilt":1943,"buildingType":"samostoječa stavba"}},{"type":"Feature","id":"100200000214902856","geometry":{"type":"Point","coordinates":[14.4222511,45.9589092]},"properties":{"eidBuilding":"100200000214902856","buildingNumber":"377","cadastralMunicipalityCode":"1705","yearBuilt":1905,"buildingType":"samostoječa stavba"}},{"type":"Feature","id":"100200000214902930","geometry":{"type":"Point","coordinates":[14.4205202,45.9604781]},"properties":{"eidBuilding":"100200000214902930","buildingNumber":"385","cadastralMunicipalityCode":"1705","yearBuilt":1991,"buildingType":"samostoječa stavba"}},{"type":"Feature","id":"100200000214902955","geometry":{"type":"Point","coordinates":[14.4202107,45.9592771]},"properties":{"eidBuilding":"100200000214902955","buildingNumber":"387","cadastralMunicipalityCode":"1705","yearBuilt":1990,"buildingType":"samostoječa stavba"}},{"type":"Feature","id":"100200000214902963","geometry":{"type":"Point","coordinates":[14.4199396,45.9585685]},"properties":{"eidBuilding":"100200000214902963","buildingNumber":"388","cadastralMunicipalityCode":"1705","yearBuilt":1995,"buildingType":"samostoječa stavba"}},{"type":"Feature","id":"100200000214903029","geometry":{"type":"Point","coordinates":[14.4170208,45.957989]},"properties":{"eidBuilding":"100200000214903029","buildingNumber":"394","cadastralMunicipalityCode":"1705","yearBuilt":1991,"buildingType":"samostoječa stavba"}},{"type":"Feature","id":"100200000214903078","geometry":{"type":"Point","coordinates":[14.4178466,45.9554331]},"properties":{"eidBuilding":"100200000214903078","buildingNumber":"399","cadastralMunicipalityCode":"1705","yearBuilt":1992,"buildingType":"samostoječa stavba"}},{"type":"Feature","id":"100200000214903086","geometry":{"type":"Point","coordinates":[14.4175926,45.9553138]},"properties":{"eidBuilding":"100200000214903086","buildingNumber":"400","cadastralMunicipalityCode":"1705","yearBuilt":1900,"buildingType":"samostoječa stavba"}},{"type":"Feature","id":"100200000214903094","geometry":{"type":"Point","coordinates":[14.4175583,45.9555775]},"properties":{"eidBuilding":"100200000214903094","buildingNumber":"401","cadastralMunicipalityCode":"1705","yearBuilt":1965,"buildingType":"samostoječa stavba"}},{"type":"Feature","id":"100200000250270002","geometry":{"type":"Point","coordinates":[14.4127178,45.9666089]},"properties":{"eidBuilding":"100200000250270002","buildingNumber":"705","cadastralMunicipalityCode":"1705","yearBuilt":2001,"buildingType":"samostoječa stavba"}},{"type":"Feature","id":"100200000250270010","geometry":{"type":"Point","coordinates":[14.413173,45.9667429]},"properties":{"eidBuilding":"100200000250270010","buildingNumber":"706","cadastralMunicipalityCode":"1705","yearBuilt":1986,"buildingType":"samostoječa stavba"}},{"type":"Feature","id":"100200000250270028","geometry":{"type":"Point","coordinates":[14.4131639,45.9669395]},"properties":{"eidBuilding":"100200000250270028","buildingNumber":"707","cadastralMunicipalityCode":"1705","yearBuilt":1990,"buildingType":"samostoječa stavba"}},{"type":"Feature","id":"100200000250270036","geometry":{"type":"Point","coordinates":[14.4137623,45.9670283]},"properties":{"eidBuilding":"100200000250270036","buildingNumber":"708","cadastralMunicipalityCode":"1705","yearBuilt":1940,"buildingType":"samostoječa stavba"}},{"type":"Feature","id":"100200000250270051","geometry":{"type":"Point","coordinates":[14.4138926,45.9673238]},"properties":{"eidBuilding":"100200000250270051","buildingNumber":"710","cadastralMunicipalityCode":"1705","yearBuilt":1975,"buildingType":"samostoječa stavba"}},{"type":"Feature","id":"100200000250270069","geometry":{"type":"Point","coordinates":[14.413913,45.9679845]},"properties":{"eidBuilding":"100200000250270069","buildingNumber":"711","cadastralMunicipalityCode":"1705","yearBuilt":1870,"buildingType":"samostoječa stavba"}},{"type":"Feature","id":"100200000250270077","geometry":{"type":"Point","coordinates":[14.4140557,45.968107]},"properties":{"eidBuilding":"100200000250270077","buildingNumber":"712","cadastralMunicipalityCode":"1705","yearBuilt":1968,"buildingType":"samostoječa stavba"}},{"type":"Feature","id":"100200000250270085","geometry":{"type":"Point","coordinates":[14.4139176,45.9680905]},"properties":{"eidBuilding":"100200000250270085","buildingNumber":"713","cadastralMunicipalityCode":"1705","yearBuilt":1939,"buildingType":"samostoječa stavba"}},{"type":"Feature","id":"100200000250270093","geometry":{"type":"Point","coordinates":[14.4139685,45.968222]},"properties":{"eidBuilding":"100200000250270093","buildingNumber":"714","cadastralMunicipalityCode":"1705","yearBuilt":1978,"buildingType":"samostoječa stavba"}},{"type":"Feature","id":"100200000250270101","geometry":{"type":"Point","coordinates":[14.4126791,45.9673124]},"properties":{"eidBuilding":"100200000250270101","buildingNumber":"715","cadastralMunicipalityCode":"1705","yearBuilt":1952,"buildingType":"samostoječa stavba"}},{"type":"Feature","id":"100200000250269905","geometry":{"type":"Point","coordinates":[14.4141961,45.9669962]},"properties":{"eidBuilding":"100200000250269905","buildingNumber":"695","cadastralMunicipalityCode":"1705","yearBuilt":1985,"buildingType":"samostoječa stavba"}},{"type":"Feature","id":"100200000250358674","geometry":{"type":"Point","coordinates":[14.4139365,45.9556856]},"properties":{"eidBuilding":"100200000250358674","buildingNumber":"731","cadastralMunicipalityCode":"1705","yearBuilt":1972,"buildingType":"samostoječa stavba"}},{"type":"Feature","id":"100200000250358682","geometry":{"type":"Point","coordinates":[14.4138361,45.9557625]},"properties":{"eidBuilding":"100200000250358682","buildingNumber":"732","cadastralMunicipalityCode":"1705","yearBuilt":1967,"buildingType":"samostoječa stavba"}},{"type":"Feature","id":"100200000214838498","geometry":{"type":"Point","coordinates":[14.4151571,45.966088]},"properties":{"eidBuilding":"100200000214838498","buildingNumber":"3","cadastralMunicipalityCode":"1705","yearBuilt":1997,"buildingType":"samostoječa stavba"}},{"type":"Feature","id":"100200000214838548","geometry":{"type":"Point","coordinates":[14.4155028,45.9666866]},"properties":{"eidBuilding":"100200000214838548","buildingNumber":"8","cadastralMunicipalityCode":"1705","yearBuilt":1963,"buildingType":"samostoječa stavba"}},{"type":"Feature","id":"100200000214838589","geometry":{"type":"Point","coordinates":[14.414646,45.9671675]},"properties":{"eidBuilding":"100200000214838589","buildingNumber":"12","cadastralMunicipalityCode":"1705","yearBuilt":1980,"buildingType":"samostoječa stavba"}},{"type":"Feature","id":"100200000214838712","geometry":{"type":"Point","coordinates":[14.4159915,45.9672702]},"properties":{"eidBuilding":"100200000214838712","buildingNumber":"25","cadastralMunicipalityCode":"1705","yearBuilt":1991,"buildingType":"samostoječa stavba"}},{"type":"Feature","id":"100200000214838720","geometry":{"type":"Point","coordinates":[14.4160599,45.967452]},"properties":{"eidBuilding":"100200000214838720","buildingNumber":"26","cadastralMunicipalityCode":"1705","yearBuilt":1992,"buildingType":"samostoječa stavba"}},{"type":"Feature","id":"100200000214838738","geometry":{"type":"Point","coordinates":[14.4160765,45.9677754]},"properties":{"eidBuilding":"100200000214838738","buildingNumber":"27","cadastralMunicipalityCode":"1705","yearBuilt":1992,"buildingType":"samostoječa stavba"}},{"type":"Feature","id":"100200000214838944","geometry":{"type":"Point","coordinates":[14.416726,45.9699278]},"properties":{"eidBuilding":"100200000214838944","buildingNumber":"48","cadastralMunicipalityCode":"1705","yearBuilt":1900,"buildingType":"samostoječa stavba"}},{"type":"Feature","id":"100200000214839009","geometry":{"type":"Point","coordinates":[14.4171855,45.9705976]},"properties":{"eidBuilding":"100200000214839009","buildingNumber":"54","cadastralMunicipalityCode":"1705","yearBuilt":1894,"buildingType":"samostoječa stavba"}},{"type":"Feature","id":"100200000214839066","geometry":{"type":"Point","coordinates":[14.417287,45.9707452]},"properties":{"eidBuilding":"100200000214839066","buildingNumber":"60","cadastralMunicipalityCode":"1705","yearBuilt":1970,"buildingType":"samostoječa stavba"}},{"type":"Feature","id":"100200000214839074","geometry":{"type":"Point","coordinates":[14.4173692,45.970949]},"properties":{"eidBuilding":"100200000214839074","buildingNumber":"61","cadastralMunicipalityCode":"1705","yearBuilt":1960,"buildingType":"samostoječa stavba"}},{"type":"Feature","id":"100200000214839348","geometry":{"type":"Point","coordinates":[14.4192414,45.9727374]},"properties":{"eidBuilding":"100200000214839348","buildingNumber":"88","cadastralMunicipalityCode":"1705","yearBuilt":1957,"buildingType":"samostoječa stavba"}},{"type":"Feature","id":"100200000214839355","geometry":{"type":"Point","coordinates":[14.4193449,45.9728385]},"properties":{"eidBuilding":"100200000214839355","buildingNumber":"89","cadastralMunicipalityCode":"1705","yearBuilt":1820,"buildingType":"samostoječa stavba"}},{"type":"Feature","id":"100200000214903110","geometry":{"type":"Point","coordinates":[14.4175124,45.9556917]},"properties":{"eidBuilding":"100200000214903110","buildingNumber":"403","cadastralMunicipalityCode":"1705","yearBuilt":1955,"buildingType":"samostoječa stavba"}},{"type":"Feature","id":"100200000214903128","geometry":{"type":"Point","coordinates":[14.4177688,45.9558047]},"properties":{"eidBuilding":"100200000214903128","buildingNumber":"404","cadastralMunicipalityCode":"1705","yearBuilt":1964,"buildingType":"samostoječa stavba"}},{"type":"Feature","id":"100200000214903151","geometry":{"type":"Point","coordinates":[14.4181293,45.955872]},"properties":{"eidBuilding":"100200000214903151","buildingNumber":"407","cadastralMunicipalityCode":"1705","yearBuilt":1983,"buildingType":"samostoječa stavba"}},{"type":"Feature","id":"100200000214903193","geometry":{"type":"Point","coordinates":[14.416901,45.9537709]},"properties":{"eidBuilding":"100200000214903193","buildingNumber":"411","cadastralMunicipalityCode":"1705","yearBuilt":1711,"buildingType":"samostoječa stavba"}},{"type":"Feature","id":"100200000214903219","geometry":{"type":"Point","coordinates":[14.4167145,45.9549595]},"properties":{"eidBuilding":"100200000214903219","buildingNumber":"413","cadastralMunicipalityCode":"1705","yearBuilt":1830,"buildingType":"samostoječa stavba"}},{"type":"Feature","id":"100200000214903250","geometry":{"type":"Point","coordinates":[14.416393,45.953867]},"properties":{"eidBuilding":"100200000214903250","buildingNumber":"417","cadastralMunicipalityCode":"1705","yearBuilt":1884,"buildingType":"samostoječa stavba"}},{"type":"Feature","id":"100200000214903292","geometry":{"type":"Point","coordinates":[14.4172198,45.9541826]},"properties":{"eidBuilding":"100200000214903292","buildingNumber":"421","cadastralMunicipalityCode":"1705","yearBuilt":1994,"buildingType":"samostoječa stavba"}},{"type":"Feature","id":"100200000214903771","geometry":{"type":"Point","coordinates":[14.4213123,45.95536]},"properties":{"eidBuilding":"100200000214903771","buildingNumber":"446","cadastralMunicipalityCode":"1705","yearBuilt":1993,"buildingType":"samostoječa stavba"}},{"type":"Feature","id":"100200000214903896","geometry":{"type":"Point","coordinates":[14.4232064,45.9536076]},"properties":{"eidBuilding":"100200000214903896","buildingNumber":"458","cadastralMunicipalityCode":"1705","yearBuilt":1920,"buildingType":"samostoječa stavba"}},{"type":"Feature","id":"100200000214903904","geometry":{"type":"Point","coordinates":[14.4234101,45.9535314]},"properties":{"eidBuilding":"100200000214903904","buildingNumber":"459","cadastralMunicipalityCode":"1705","yearBuilt":1970,"buildingType":"samostoječa stavba"}},{"type":"Feature","id":"100200000214904027","geometry":{"type":"Point","coordinates":[14.4213016,45.9549151]},"properties":{"eidBuilding":"100200000214904027","buildingNumber":"471","cadastralMunicipalityCode":"1705","yearBuilt":2001,"buildingType":"samostoječa stavba"}},{"type":"Feature","id":"100200000250358690","geometry":{"type":"Point","coordinates":[14.4141007,45.9555329]},"properties":{"eidBuilding":"100200000250358690","buildingNumber":"733","cadastralMunicipalityCode":"1705","yearBuilt":1980,"buildingType":"samostoječa stavba"}},{"type":"Feature","id":"100200000250358708","geometry":{"type":"Point","coordinates":[14.4143095,45.9554116]},"properties":{"eidBuilding":"100200000250358708","buildingNumber":"734","cadastralMunicipalityCode":"1705","yearBuilt":1976,"buildingType":"samostoječa stavba"}},{"type":"Feature","id":"100200000250358716","geometry":{"type":"Point","coordinates":[14.4144788,45.9552724]},"properties":{"eidBuilding":"100200000250358716","buildingNumber":"735","cadastralMunicipalityCode":"1705","yearBuilt":1975,"buildingType":"samostoječa stavba"}},{"type":"Feature","id":"100200000250356785","geometry":{"type":"Point","coordinates":[14.4101421,45.9608477]},"properties":{"eidBuilding":"100200000250356785","buildingNumber":"738","cadastralMunicipalityCode":"1705","yearBuilt":1995,"buildingType":"samostoječa stavba"}},{"type":"Feature","id":"100200000250356793","geometry":{"type":"Point","coordinates":[14.4101945,45.9606931]},"properties":{"eidBuilding":"100200000250356793","buildingNumber":"739","cadastralMunicipalityCode":"1705","yearBuilt":1979,"buildingType":"samostoječa stavba"}},{"type":"Feature","id":"100200000311601211","geometry":{"type":"Point","coordinates":[14.4220635,45.9542713]},"properties":{"eidBuilding":"100200000311601211","buildingNumber":"740","cadastralMunicipalityCode":"1705","yearBuilt":1990,"buildingType":"samostoječa stavba"}},{"type":"Feature","id":"100200000311601971","geometry":{"type":"Point","coordinates":[14.4200047,45.956302]},"properties":{"eidBuilding":"100200000311601971","buildingNumber":"743","cadastralMunicipalityCode":"1705","yearBuilt":2004,"buildingType":"samostoječa stavba"}},{"type":"Feature","id":"100200000311925081","geometry":{"type":"Point","coordinates":[14.4168819,45.9550998]},"properties":{"eidBuilding":"100200000311925081","buildingNumber":"748","cadastralMunicipalityCode":"1705","yearBuilt":2005,"buildingType":"samostoječa stavba"}},{"type":"Feature","id":"100200000312067545","geometry":{"type":"Point","coordinates":[14.4377948,45.9396021]},"properties":{"eidBuilding":"100200000312067545","buildingNumber":"752","cadastralMunicipalityCode":"1705","yearBuilt":2005,"buildingType":"samostoječa stavba"}},{"type":"Feature","id":"100200000312923358","geometry":{"type":"Point","coordinates":[14.4158612,45.9736036]},"properties":{"eidBuilding":"100200000312923358","buildingNumber":"760","cadastralMunicipalityCode":"1705","yearBuilt":2001,"buildingType":"samostoječa stavba"}},{"type":"Feature","id":"100200000313091155","geometry":{"type":"Point","coordinates":[14.4165592,45.9563488]},"properties":{"eidBuilding":"100200000313091155","buildingNumber":"764","cadastralMunicipalityCode":"1705","yearBuilt":2002,"buildingType":"samostoječa stavba"}},{"type":"Feature","id":"100200000313304483","geometry":{"type":"Point","coordinates":[14.4186008,45.9721234]},"properties":{"eidBuilding":"100200000313304483","buildingNumber":"768","cadastralMunicipalityCode":"1705","yearBuilt":1967,"buildingType":"samostoječa stavba"}},{"type":"Feature","id":"100200000313509289","geometry":{"type":"Point","coordinates":[14.4156666,45.9675257]},"properties":{"eidBuilding":"100200000313509289","buildingNumber":"770","cadastralMunicipalityCode":"1705","yearBuilt":2012,"buildingType":"samostoječa stavba"}},{"type":"Feature","id":"100200000314989217","geometry":{"type":"Point","coordinates":[14.4224511,45.9554519]},"properties":{"eidBuilding":"100200000314989217","buildingNumber":"777","cadastralMunicipalityCode":"1705","yearBuilt":2007,"buildingType":"samostoječa stavba"}},{"type":"Feature","id":"100200000214839371","geometry":{"type":"Point","coordinates":[14.4195421,45.9727998]},"properties":{"eidBuilding":"100200000214839371","buildingNumber":"91","cadastralMunicipalityCode":"1705","yearBuilt":1978,"buildingType":"samostoječa stavba"}},{"type":"Feature","id":"100200000214839389","geometry":{"type":"Point","coordinates":[14.41954,45.9729408]},"properties":{"eidBuilding":"100200000214839389","buildingNumber":"92","cadastralMunicipalityCode":"1705","yearBuilt":1800,"buildingType":"samostoječa stavba"}},{"type":"Feature","id":"100200000214839397","geometry":{"type":"Point","coordinates":[14.4197489,45.9728403]},"properties":{"eidBuilding":"100200000214839397","buildingNumber":"93","cadastralMunicipalityCode":"1705","yearBuilt":1932,"buildingType":"samostoječa stavba"}},{"type":"Feature","id":"100200000214839405","geometry":{"type":"Point","coordinates":[14.4198067,45.9729762]},"properties":{"eidBuilding":"100200000214839405","buildingNumber":"94","cadastralMunicipalityCode":"1705","yearBuilt":1930,"buildingType":"samostoječa stavba"}},{"type":"Feature","id":"100200000214839462","geometry":{"type":"Point","coordinates":[14.4205211,45.9730576]},"properties":{"eidBuilding":"100200000214839462","buildingNumber":"100","cadastralMunicipalityCode":"1705","yearBuilt":1940,"buildingType":"samostoječa stavba"}},{"type":"Feature","id":"100200000214839488","geometry":{"type":"Point","coordinates":[14.4203678,45.973053]},"properties":{"eidBuilding":"100200000214839488","buildingNumber":"102","cadastralMunicipalityCode":"1705","yearBuilt":1960,"buildingType":"samostoječa stavba"}},{"type":"Feature","id":"100200000214839504","geometry":{"type":"Point","coordinates":[14.4208206,45.9731887]},"properties":{"eidBuilding":"100200000214839504","buildingNumber":"104","cadastralMunicipalityCode":"1705","yearBuilt":1930,"buildingType":"samostoječa stavba"}},{"type":"Feature","id":"100200000214840445","geometry":{"type":"Point","coordinates":[14.4199492,45.9751757]},"properties":{"eidBuilding":"100200000214840445","buildingNumber":"108","cadastralMunicipalityCode":"1705","yearBuilt":1965,"buildingType":"samostoječa stavba"}},{"type":"Feature","id":"100200000214840452","geometry":{"type":"Point","coordinates":[14.4197245,45.9752707]},"properties":{"eidBuilding":"100200000214840452","buildingNumber":"109","cadastralMunicipalityCode":"1705","yearBuilt":1963,"buildingType":"samostoječa stavba"}},{"type":"Feature","id":"100200000214841054","geometry":{"type":"Point","coordinates":[14.4197167,45.9740724]},"properties":{"eidBuilding":"100200000214841054","buildingNumber":"118","cadastralMunicipalityCode":"1705","yearBuilt":1938,"buildingType":"samostoječa stavba"}},{"type":"Feature","id":"100200000214841062","geometry":{"type":"Point","coordinates":[14.4200945,45.9741648]},"properties":{"eidBuilding":"100200000214841062","buildingNumber":"119","cadastralMunicipalityCode":"1705","yearBuilt":1938,"buildingType":"samostoječa stavba"}},{"type":"Feature","id":"100200000214841096","geometry":{"type":"Point","coordinates":[14.4179562,45.9742054]},"properties":{"eidBuilding":"100200000214841096","buildingNumber":"122","cadastralMunicipalityCode":"1705","yearBuilt":1997,"buildingType":"samostoječa stavba"}},{"type":"Feature","id":"100200000214841120","geometry":{"type":"Point","coordinates":[14.4184351,45.9734305]},"properties":{"eidBuilding":"100200000214841120","buildingNumber":"125","cadastralMunicipalityCode":"1705","yearBuilt":1976,"buildingType":"samostoječa stavba"}},{"type":"Feature","id":"100200000214904050","geometry":{"type":"Point","coordinates":[14.4206369,45.955035]},"properties":{"eidBuilding":"100200000214904050","buildingNumber":"474","cadastralMunicipalityCode":"1705","yearBuilt":1989,"buildingType":"samostoječa stavba"}},{"type":"Feature","id":"100200000214904068","geometry":{"type":"Point","coordinates":[14.4205794,45.9551328]},"properties":{"eidBuilding":"100200000214904068","buildingNumber":"475","cadastralMunicipalityCode":"1705","yearBuilt":1987,"buildingType":"samostoječa stavba"}},{"type":"Feature","id":"100200000214904076","geometry":{"type":"Point","coordinates":[14.4204607,45.9553366]},"properties":{"eidBuilding":"100200000214904076","buildingNumber":"476","cadastralMunicipalityCode":"1705","yearBuilt":1976,"buildingType":"samostoječa stavba"}},{"type":"Feature","id":"100200000214904084","geometry":{"type":"Point","coordinates":[14.4202993,45.9556945]},"properties":{"eidBuilding":"100200000214904084","buildingNumber":"477","cadastralMunicipalityCode":"1705","yearBuilt":1971,"buildingType":"samostoječa stavba"}},{"type":"Feature","id":"100200000214904092","geometry":{"type":"Point","coordinates":[14.4202522,45.9556435]},"properties":{"eidBuilding":"100200000214904092","buildingNumber":"478","cadastralMunicipalityCode":"1705","yearBuilt":1971,"buildingType":"samostoječa stavba"}},{"type":"Feature","id":"100200000214904100","geometry":{"type":"Point","coordinates":[14.4199643,45.9557515]},"properties":{"eidBuilding":"100200000214904100","buildingNumber":"479","cadastralMunicipalityCode":"1705","yearBuilt":1995,"buildingType":"samostoječa stavba"}},{"type":"Feature","id":"100200000214904191","geometry":{"type":"Point","coordinates":[14.4317543,45.9461919]},"properties":{"eidBuilding":"100200000214904191","buildingNumber":"488","cadastralMunicipalityCode":"1705","yearBuilt":1940,"buildingType":"samostoječa stavba"}},{"type":"Feature","id":"100200000214904399","geometry":{"type":"Point","coordinates":[14.4298964,45.9462289]},"properties":{"eidBuilding":"100200000214904399","buildingNumber":"508","cadastralMunicipalityCode":"1705","yearBuilt":1925,"buildingType":"samostoječa stavba"}},{"type":"Feature","id":"100200000214904431","geometry":{"type":"Point","coordinates":[14.4301674,45.9463771]},"properties":{"eidBuilding":"100200000214904431","buildingNumber":"512","cadastralMunicipalityCode":"1705","yearBuilt":1980,"buildingType":"samostoječa stavba"}},{"type":"Feature","id":"100200000214904498","geometry":{"type":"Point","coordinates":[14.4309258,45.94652]},"properties":{"eidBuilding":"100200000214904498","buildingNumber":"518","cadastralMunicipalityCode":"1705","yearBuilt":1993,"buildingType":"samostoječa stavba"}},{"type":"Feature","id":"100200000214904514","geometry":{"type":"Point","coordinates":[14.4306659,45.9465576]},"properties":{"eidBuilding":"100200000214904514","buildingNumber":"520","cadastralMunicipalityCode":"1705","yearBuilt":1890,"buildingType":"samostoječa stavba"}},{"type":"Feature","id":"100200000214904647","geometry":{"type":"Point","coordinates":[14.4294782,45.9472383]},"properties":{"eidBuilding":"100200000214904647","buildingNumber":"533","cadastralMunicipalityCode":"1705","yearBuilt":1980,"buildingType":"samostoječa stavba"}},{"type":"Feature","id":"100200000214904654","geometry":{"type":"Point","coordinates":[14.4291271,45.9473694]},"properties":{"eidBuilding":"100200000214904654","buildingNumber":"534","cadastralMunicipalityCode":"1705","yearBuilt":1984,"buildingType":"samostoječa stavba"}},{"type":"Feature","id":"100200000214904753","geometry":{"type":"Point","coordinates":[14.4270522,45.9498136]},"properties":{"eidBuilding":"100200000214904753","buildingNumber":"544","cadastralMunicipalityCode":"1705","yearBuilt":1850,"buildingType":"samostoječa stavba"}},{"type":"Feature","id":"100200000315006292","geometry":{"type":"Point","coordinates":[14.4140607,45.9633184]},"properties":{"eidBuilding":"100200000315006292","buildingNumber":"779","cadastralMunicipalityCode":"1705","yearBuilt":1970,"buildingType":"samostoječa stavba"}},{"type":"Feature","id":"100200000315004263","geometry":{"type":"Point","coordinates":[14.4139961,45.963327]},"properties":{"eidBuilding":"100200000315004263","buildingNumber":"780","cadastralMunicipalityCode":"1705","yearBuilt":1960,"buildingType":"samostoječa stavba"}},{"type":"Feature","id":"100200000315272910","geometry":{"type":"Point","coordinates":[14.4215917,45.9562215]},"properties":{"eidBuilding":"100200000315272910","buildingNumber":"783","cadastralMunicipalityCode":"1705","yearBuilt":1907,"buildingType":"samostoječa stavba"}},{"type":"Feature","id":"100200000315620068","geometry":{"type":"Point","coordinates":[14.4160989,45.9662569]},"properties":{"eidBuilding":"100200000315620068","buildingNumber":"784","cadastralMunicipalityCode":"1705","yearBuilt":2008,"buildingType":"samostoječa stavba"}},{"type":"Feature","id":"100200000315785564","geometry":{"type":"Point","coordinates":[14.4235083,45.9534269]},"properties":{"eidBuilding":"100200000315785564","buildingNumber":"785","cadastralMunicipalityCode":"1705","yearBuilt":2008,"buildingType":"samostoječa stavba"}},{"type":"Feature","id":"100200000315993275","geometry":{"type":"Point","coordinates":[14.4181862,45.9561952]},"properties":{"eidBuilding":"100200000315993275","buildingNumber":"787","cadastralMunicipalityCode":"1705","yearBuilt":1981,"buildingType":"samostoječa stavba"}},{"type":"Feature","id":"100200000316920384","geometry":{"type":"Point","coordinates":[14.4128695,45.9651285]},"properties":{"eidBuilding":"100200000316920384","buildingNumber":"790","cadastralMunicipalityCode":"1705","yearBuilt":2009,"buildingType":"samostoječa stavba"}},{"type":"Feature","id":"100200000317559207","geometry":{"type":"Point","coordinates":[14.4194821,45.9745275]},"properties":{"eidBuilding":"100200000317559207","buildingNumber":"795","cadastralMunicipalityCode":"1705","yearBuilt":2009,"buildingType":"samostoječa stavba"}},{"type":"Feature","id":"100200000317559264","geometry":{"type":"Point","coordinates":[14.419354,45.9744478]},"properties":{"eidBuilding":"100200000317559264","buildingNumber":"796","cadastralMunicipalityCode":"1705","yearBuilt":2009,"buildingType":"samostoječa stavba"}},{"type":"Feature","id":"100200000317559348","geometry":{"type":"Point","coordinates":[14.4194343,45.9742833]},"properties":{"eidBuilding":"100200000317559348","buildingNumber":"800","cadastralMunicipalityCode":"1705","yearBuilt":2009,"buildingType":"samostoječa stavba"}},{"type":"Feature","id":"100200000318141773","geometry":{"type":"Point","coordinates":[14.4218105,45.9560957]},"properties":{"eidBuilding":"100200000318141773","buildingNumber":"807","cadastralMunicipalityCode":"1705","yearBuilt":2008,"buildingType":"samostoječa stavba"}},{"type":"Feature","id":"100200000318730971","geometry":{"type":"Point","coordinates":[14.4172817,45.9583718]},"properties":{"eidBuilding":"100200000318730971","buildingNumber":"811","cadastralMunicipalityCode":"1705","yearBuilt":2009,"buildingType":"samostoječa stavba"}},{"type":"Feature","id":"100200000318871098","geometry":{"type":"Point","coordinates":[14.4133202,45.9655366]},"properties":{"eidBuilding":"100200000318871098","buildingNumber":"812","cadastralMunicipalityCode":"1705","yearBuilt":2002,"buildingType":"samostoječa stavba"}},{"type":"Feature","id":"100200000214841179","geometry":{"type":"Point","coordinates":[14.4191037,45.9731728]},"properties":{"eidBuilding":"100200000214841179","buildingNumber":"130","cadastralMunicipalityCode":"1705","yearBuilt":1997,"buildingType":"samostoječa stavba"}},{"type":"Feature","id":"100200000214841245","geometry":{"type":"Point","coordinates":[14.4191477,45.9730394]},"properties":{"eidBuilding":"100200000214841245","buildingNumber":"137","cadastralMunicipalityCode":"1705","yearBuilt":1981,"buildingType":"samostoječa stavba"}},{"type":"Feature","id":"100200000214841302","geometry":{"type":"Point","coordinates":[14.4184425,45.9726178]},"properties":{"eidBuilding":"100200000214841302","buildingNumber":"143","cadastralMunicipalityCode":"1705","yearBuilt":1931,"buildingType":"samostoječa stavba"}},{"type":"Feature","id":"100200000214841310","geometry":{"type":"Point","coordinates":[14.4183535,45.9725461]},"properties":{"eidBuilding":"100200000214841310","buildingNumber":"144","cadastralMunicipalityCode":"1705","yearBuilt":1900,"buildingType":"samostoječa stavba"}},{"type":"Feature","id":"100200000214841328","geometry":{"type":"Point","coordinates":[14.4181077,45.9724453]},"properties":{"eidBuilding":"100200000214841328","buildingNumber":"145","cadastralMunicipalityCode":"1705","yearBuilt":1990,"buildingType":"samostoječa stavba"}},{"type":"Feature","id":"100200000214841419","geometry":{"type":"Point","coordinates":[14.4171361,45.9714176]},"properties":{"eidBuilding":"100200000214841419","buildingNumber":"154","cadastralMunicipalityCode":"1705","yearBuilt":1980,"buildingType":"samostoječa stavba"}},{"type":"Feature","id":"100200000214841427","geometry":{"type":"Point","coordinates":[14.417029,45.9708926]},"properties":{"eidBuilding":"100200000214841427","buildingNumber":"155","cadastralMunicipalityCode":"1705","yearBuilt":1900,"buildingType":"samostoječa stavba"}},{"type":"Feature","id":"100200000214841435","geometry":{"type":"Point","coordinates":[14.416562,45.9700954]},"properties":{"eidBuilding":"100200000214841435","buildingNumber":"156","cadastralMunicipalityCode":"1705","yearBuilt":1976,"buildingType":"samostoječa stavba"}},{"type":"Feature","id":"100200000214841450","geometry":{"type":"Point","coordinates":[14.4163373,45.9699485]},"properties":{"eidBuilding":"100200000214841450","buildingNumber":"158","cadastralMunicipalityCode":"1705","yearBuilt":1982,"buildingType":"samostoječa stavba"}},{"type":"Feature","id":"100200000214841500","geometry":{"type":"Point","coordinates":[14.4158671,45.9690893]},"properties":{"eidBuilding":"100200000214841500","buildingNumber":"163","cadastralMunicipalityCode":"1705","yearBuilt":1935,"buildingType":"samostoječa stavba"}},{"type":"Feature","id":"100200000214841526","geometry":{"type":"Point","coordinates":[14.415427,45.9690358]},"properties":{"eidBuilding":"100200000214841526","buildingNumber":"165","cadastralMunicipalityCode":"1705","yearBuilt":1986,"buildingType":"samostoječa stavba"}},{"type":"Feature","id":"100200000214841559","geometry":{"type":"Point","coordinates":[14.4152768,45.968745]},"properties":{"eidBuilding":"100200000214841559","buildingNumber":"168","cadastralMunicipalityCode":"1705","yearBuilt":1975,"buildingType":"samostoječa stavba"}},{"type":"Feature","id":"100200000214841567","geometry":{"type":"Point","coordinates":[14.4152584,45.9688726]},"properties":{"eidBuilding":"100200000214841567","buildingNumber":"169","cadastralMunicipalityCode":"1705","yearBuilt":1946,"buildingType":"samostoječa stavba"}},{"type":"Feature","id":"100200000214904779","geometry":{"type":"Point","coordinates":[14.4270214,45.9499022]},"properties":{"eidBuilding":"100200000214904779","buildingNumber":"546","cadastralMunicipalityCode":"1705","yearBuilt":1850,"buildingType":"samostoječa stavba"}},{"type":"Feature","id":"100200000214904795","geometry":{"type":"Point","coordinates":[14.42717,45.9499599]},"properties":{"eidBuilding":"100200000214904795","buildingNumber":"548","cadastralMunicipalityCode":"1705","yearBuilt":1965,"buildingType":"samostoječa stavba"}},{"type":"Feature","id":"100200000214904837","geometry":{"type":"Point","coordinates":[14.4266064,45.9517556]},"properties":{"eidBuilding":"100200000214904837","buildingNumber":"552","cadastralMunicipalityCode":"1705","yearBuilt":1930,"buildingType":"samostoječa stavba"}},{"type":"Feature","id":"100200000214904845","geometry":{"type":"Point","coordinates":[14.426564,45.9520413]},"properties":{"eidBuilding":"100200000214904845","buildingNumber":"553","cadastralMunicipalityCode":"1705","yearBuilt":1900,"buildingType":"samostoječa stavba"}},{"type":"Feature","id":"100200000214904860","geometry":{"type":"Point","coordinates":[14.4263074,45.9521045]},"properties":{"eidBuilding":"100200000214904860","buildingNumber":"555","cadastralMunicipalityCode":"1705","yearBuilt":1970,"buildingType":"samostoječa stavba"}},{"type":"Feature","id":"100200000214904886","geometry":{"type":"Point","coordinates":[14.4188052,45.9568347]},"properties":{"eidBuilding":"100200000214904886","buildingNumber":"557","cadastralMunicipalityCode":"1705","yearBuilt":1953,"buildingType":"samostoječa stavba"}},{"type":"Feature","id":"100200000214972370","geometry":{"type":"Point","coordinates":[14.4241166,45.9309875]},"properties":{"eidBuilding":"100200000214972370","buildingNumber":"562","cadastralMunicipalityCode":"1705","yearBuilt":2004,"buildingType":"samostoječa stavba"}},{"type":"Feature","id":"100200000214972388","geometry":{"type":"Point","coordinates":[14.4239966,45.9308388]},"properties":{"eidBuilding":"100200000214972388","buildingNumber":"563","cadastralMunicipalityCode":"1705","yearBuilt":2001,"buildingType":"samostoječa stavba"}},{"type":"Feature","id":"100200000215015351","geometry":{"type":"Point","coordinates":[14.4175884,45.9743015]},"properties":{"eidBuilding":"100200000215015351","buildingNumber":"566","cadastralMunicipalityCode":"1705","yearBuilt":1994,"buildingType":"samostoječa stavba"}},{"type":"Feature","id":"100200000215015526","geometry":{"type":"Point","coordinates":[14.4180762,45.97238]},"properties":{"eidBuilding":"100200000215015526","buildingNumber":"570","cadastralMunicipalityCode":"1705","yearBuilt":1990,"buildingType":"samostoječa stavba"}},{"type":"Feature","id":"100200000215015617","geometry":{"type":"Point","coordinates":[14.4152982,45.9691687]},"properties":{"eidBuilding":"100200000215015617","buildingNumber":"578","cadastralMunicipalityCode":"1705","yearBuilt":1960,"buildingType":"samostoječa stavba"}},{"type":"Feature","id":"100200000215015625","geometry":{"type":"Point","coordinates":[14.4149554,45.9670589]},"properties":{"eidBuilding":"100200000215015625","buildingNumber":"579","cadastralMunicipalityCode":"1705","yearBuilt":2007,"buildingType":"samostoječa stavba"}},{"type":"Feature","id":"100200000250268832","geometry":{"type":"Point","coordinates":[14.4130344,45.9661594]},"properties":{"eidBuilding":"100200000250268832","buildingNumber":"591","cadastralMunicipalityCode":"1705","yearBuilt":1990,"buildingType":"samostoječa stavba"}},{"type":"Feature","id":"100200000250268956","geometry":{"type":"Point","coordinates":[14.4119509,45.9650385]},"properties":{"eidBuilding":"100200000250268956","buildingNumber":"603","cadastralMunicipalityCode":"1705","yearBuilt":1890,"buildingType":"krajna vrstna stavba"}},{"type":"Feature","id":"100200000319008047","geometry":{"type":"Point","coordinates":[14.4127029,45.9653292]},"properties":{"eidBuilding":"100200000319008047","buildingNumber":"814","cadastralMunicipalityCode":"1705","yearBuilt":2010,"buildingType":"samostoječa stavba"}},{"type":"Feature","id":"100200000319584146","geometry":{"type":"Point","coordinates":[14.4162024,45.966851]},"properties":{"eidBuilding":"100200000319584146","buildingNumber":"817","cadastralMunicipalityCode":"1705","yearBuilt":2010,"buildingType":"samostoječa stavba"}},{"type":"Feature","id":"100200000319903619","geometry":{"type":"Point","coordinates":[14.427378,45.9479766]},"properties":{"eidBuilding":"100200000319903619","buildingNumber":"819","cadastralMunicipalityCode":"1705","yearBuilt":2009,"buildingType":"samostoječa stavba"}},{"type":"Feature","id":"100200000319960312","geometry":{"type":"Point","coordinates":[14.4144245,45.9670051]},"properties":{"eidBuilding":"100200000319960312","buildingNumber":"820","cadastralMunicipalityCode":"1705","yearBuilt":2011,"buildingType":"samostoječa stavba"}},{"type":"Feature","id":"100200000320083898","geometry":{"type":"Point","coordinates":[14.4201413,45.9555319]},"properties":{"eidBuilding":"100200000320083898","buildingNumber":"821","cadastralMunicipalityCode":"1705","yearBuilt":2011,"buildingType":"samostoječa stavba"}},{"type":"Feature","id":"100200000320256932","geometry":{"type":"Point","coordinates":[14.4168795,45.9692402]},"properties":{"eidBuilding":"100200000320256932","buildingNumber":"825","cadastralMunicipalityCode":"1705","yearBuilt":2011,"buildingType":"samostoječa stavba"}},{"type":"Feature","id":"100200000322824109","geometry":{"type":"Point","coordinates":[14.4209982,45.9568444]},"properties":{"eidBuilding":"100200000322824109","buildingNumber":"831","cadastralMunicipalityCode":"1705","yearBuilt":2010,"buildingType":"samostoječa stavba"}},{"type":"Feature","id":"100200000325905970","geometry":{"type":"Point","coordinates":[14.4161036,45.9666135]},"properties":{"eidBuilding":"100200000325905970","buildingNumber":"839","cadastralMunicipalityCode":"1705","yearBuilt":2014,"buildingType":"samostoječa stavba"}},{"type":"Feature","id":"100200000326045644","geometry":{"type":"Point","coordinates":[14.4409568,45.938458]},"properties":{"eidBuilding":"100200000326045644","buildingNumber":"840","cadastralMunicipalityCode":"1705","yearBuilt":2011,"buildingType":"samostoječa stavba"}},{"type":"Feature","id":"100200000327047789","geometry":{"type":"Point","coordinates":[14.4164086,45.9660615]},"properties":{"eidBuilding":"100200000327047789","buildingNumber":"844","cadastralMunicipalityCode":"1705","yearBuilt":2015,"buildingType":"samostoječa stavba"}},{"type":"Feature","id":"100200000250268972","geometry":{"type":"Point","coordinates":[14.4125671,45.9646538]},"properties":{"eidBuilding":"100200000250268972","buildingNumber":"605","cadastralMunicipalityCode":"1705","yearBuilt":1940,"buildingType":"samostoječa stavba"}},{"type":"Feature","id":"100200000250269186","geometry":{"type":"Point","coordinates":[14.4104484,45.9630229]},"properties":{"eidBuilding":"100200000250269186","buildingNumber":"626","cadastralMunicipalityCode":"1705","yearBuilt":1950,"buildingType":"samostoječa stavba"}},{"type":"Feature","id":"100200000250269749","geometry":{"type":"Point","coordinates":[14.4106272,45.9661483]},"properties":{"eidBuilding":"100200000250269749","buildingNumber":"679","cadastralMunicipalityCode":"1705","yearBuilt":1937,"buildingType":"samostoječa stavba"}},{"type":"Feature","id":"100200000250269756","geometry":{"type":"Point","coordinates":[14.4108487,45.9663528]},"properties":{"eidBuilding":"100200000250269756","buildingNumber":"680","cadastralMunicipalityCode":"1705","yearBuilt":1975,"buildingType":"samostoječa stavba"}},{"type":"Feature","id":"100200000250269954","geometry":{"type":"Point","coordinates":[14.4128181,45.9665031]},"properties":{"eidBuilding":"100200000250269954","buildingNumber":"700","cadastralMunicipalityCode":"1705","yearBuilt":1980,"buildingType":"samostoječa stavba"}},{"type":"Feature","id":"100200000214841575","geometry":{"type":"Point","coordinates":[14.4144578,45.9682828]},"properties":{"eidBuilding":"100200000214841575","buildingNumber":"170","cadastralMunicipalityCode":"1705","yearBuilt":1871,"buildingType":"samostoječa stavba"}},{"type":"Feature","id":"100200000214841591","geometry":{"type":"Point","coordinates":[14.414603,45.9684976]},"properties":{"eidBuilding":"100200000214841591","buildingNumber":"172","cadastralMunicipalityCode":"1705","yearBuilt":1961,"buildingType":"samostoječa stavba"}},{"type":"Feature","id":"100200000214841633","geometry":{"type":"Point","coordinates":[14.4149375,45.9686776]},"properties":{"eidBuilding":"100200000214841633","buildingNumber":"176","cadastralMunicipalityCode":"1705","yearBuilt":1937,"buildingType":"samostoječa stavba"}},{"type":"Feature","id":"100200000214900876","geometry":{"type":"Point","coordinates":[14.4399954,45.9380832]},"properties":{"eidBuilding":"100200000214900876","buildingNumber":"179","cadastralMunicipalityCode":"1705","yearBuilt":1850,"buildingType":"samostoječa stavba"}},{"type":"Feature","id":"100200000214839322","geometry":{"type":"Point","coordinates":[14.4193276,45.9725995]},"properties":{"eidBuilding":"100200000214839322","buildingNumber":"86","cadastralMunicipalityCode":"1705","yearBuilt":1990,"buildingType":"samostoječa stavba"}},{"type":"Feature","id":"100200000214839363","geometry":{"type":"Point","coordinates":[14.4194371,45.9727476]},"properties":{"eidBuilding":"100200000214839363","buildingNumber":"90","cadastralMunicipalityCode":"1705","yearBuilt":1838,"buildingType":"samostoječa stavba"}},{"type":"Feature","id":"100200000214839496","geometry":{"type":"Point","coordinates":[14.420493,45.9731607]},"properties":{"eidBuilding":"100200000214839496","buildingNumber":"103","cadastralMunicipalityCode":"1705","yearBuilt":1920,"buildingType":"samostoječa stavba"}},{"type":"Feature","id":"100200000214840361","geometry":{"type":"Point","coordinates":[14.4197392,45.9748292]},"properties":{"eidBuilding":"100200000214840361","buildingNumber":"105","cadastralMunicipalityCode":"1705","yearBuilt":1880,"buildingType":"samostoječa stavba"}},{"type":"Feature","id":"100200000214840379","geometry":{"type":"Point","coordinates":[14.4197603,45.974938]},"properties":{"eidBuilding":"100200000214840379","buildingNumber":"106","cadastralMunicipalityCode":"1705","yearBuilt":1938,"buildingType":"samostoječa stavba"}},{"type":"Feature","id":"100200000214840387","geometry":{"type":"Point","coordinates":[14.4200591,45.974846]},"properties":{"eidBuilding":"100200000214840387","buildingNumber":"107","cadastralMunicipalityCode":"1705","yearBuilt":1905,"buildingType":"samostoječa stavba"}},{"type":"Feature","id":"100200000214841005","geometry":{"type":"Point","coordinates":[14.4198746,45.973505]},"properties":{"eidBuilding":"100200000214841005","buildingNumber":"113","cadastralMunicipalityCode":"1705","yearBuilt":1971,"buildingType":"samostoječa stavba"}},{"type":"Feature","id":"100200000214841013","geometry":{"type":"Point","coordinates":[14.4195852,45.9734418]},"properties":{"eidBuilding":"100200000214841013","buildingNumber":"114","cadastralMunicipalityCode":"1705","yearBuilt":1928,"buildingType":"samostoječa stavba"}},{"type":"Feature","id":"100200000250269053","geometry":{"type":"Point","coordinates":[14.4133896,45.9645672]},"properties":{"eidBuilding":"100200000250269053","buildingNumber":"613","cadastralMunicipalityCode":"1705","yearBuilt":1977,"buildingType":"samostoječa stavba"}},{"type":"Feature","id":"100200000250269087","geometry":{"type":"Point","coordinates":[14.4140522,45.9632537]},"properties":{"eidBuilding":"100200000250269087","buildingNumber":"616","cadastralMunicipalityCode":"1705","yearBuilt":1970,"buildingType":"samostoječa stavba"}},{"type":"Feature","id":"100200000250269103","geometry":{"type":"Point","coordinates":[14.4125436,45.9628621]},"properties":{"eidBuilding":"100200000250269103","buildingNumber":"618","cadastralMunicipalityCode":"1705","yearBuilt":1967,"buildingType":"samostoječa stavba"}},{"type":"Feature","id":"100200000250269145","geometry":{"type":"Point","coordinates":[14.4101354,45.9621666]},"properties":{"eidBuilding":"100200000250269145","buildingNumber":"622","cadastralMunicipalityCode":"1705","yearBuilt":1976,"buildingType":"samostoječa stavba"}},{"type":"Feature","id":"100200000250269152","geometry":{"type":"Point","coordinates":[14.4102062,45.9623415]},"properties":{"eidBuilding":"100200000250269152","buildingNumber":"623","cadastralMunicipalityCode":"1705","yearBuilt":1990,"buildingType":"samostoječa stavba"}},{"type":"Feature","id":"100200000250269160","geometry":{"type":"Point","coordinates":[14.4103571,45.9626489]},"properties":{"eidBuilding":"100200000250269160","buildingNumber":"624","cadastralMunicipalityCode":"1705","yearBuilt":1950,"buildingType":"samostoječa stavba"}},{"type":"Feature","id":"100200000250269178","geometry":{"type":"Point","coordinates":[14.410376,45.9628656]},"properties":{"eidBuilding":"100200000250269178","buildingNumber":"625","cadastralMunicipalityCode":"1705","yearBuilt":1959,"buildingType":"samostoječa stavba"}},{"type":"Feature","id":"100200000250269194","geometry":{"type":"Point","coordinates":[14.4103156,45.9630126]},"properties":{"eidBuilding":"100200000250269194","buildingNumber":"627","cadastralMunicipalityCode":"1705","yearBuilt":1950,"buildingType":"samostoječa stavba"}},{"type":"Feature","id":"100200000250269228","geometry":{"type":"Point","coordinates":[14.4107381,45.9631274]},"properties":{"eidBuilding":"100200000250269228","buildingNumber":"628","cadastralMunicipalityCode":"1705","yearBuilt":1800,"buildingType":"samostoječa stavba"}},{"type":"Feature","id":"100200000250269236","geometry":{"type":"Point","coordinates":[14.4106695,45.9629381]},"properties":{"eidBuilding":"100200000250269236","buildingNumber":"629","cadastralMunicipalityCode":"1705","yearBuilt":1946,"buildingType":"samostoječa stavba"}},{"type":"Feature","id":"100200000250269244","geometry":{"type":"Point","coordinates":[14.410662,45.9627189]},"properties":{"eidBuilding":"100200000250269244","buildingNumber":"630","cadastralMunicipalityCode":"1705","yearBuilt":1974,"buildingType":"samostoječa stavba"}},{"type":"Feature","id":"100200000250269251","geometry":{"type":"Point","coordinates":[14.4106183,45.9624795]},"properties":{"eidBuilding":"100200000250269251","buildingNumber":"631","cadastralMunicipalityCode":"1705","yearBuilt":1957,"buildingType":"samostoječa stavba"}},{"type":"Feature","id":"100200000250269285","geometry":{"type":"Point","coordinates":[14.4104508,45.9621209]},"properties":{"eidBuilding":"100200000250269285","buildingNumber":"634","cadastralMunicipalityCode":"1705","yearBuilt":1988,"buildingType":"samostoječa stavba"}},{"type":"Feature","id":"100200000328387531","geometry":{"type":"Point","coordinates":[14.4380297,45.935425]},"properties":{"eidBuilding":"100200000328387531","buildingNumber":"847","cadastralMunicipalityCode":"1705","yearBuilt":1980,"buildingType":"samostoječa stavba"}},{"type":"Feature","id":"100200000328387572","geometry":{"type":"Point","coordinates":[14.4226021,45.9593142]},"properties":{"eidBuilding":"100200000328387572","buildingNumber":"849","cadastralMunicipalityCode":"1705","yearBuilt":2013,"buildingType":"samostoječa stavba"}},{"type":"Feature","id":"100200000328387598","geometry":{"type":"Point","coordinates":[14.4191152,45.9633522]},"properties":{"eidBuilding":"100200000328387598","buildingNumber":"850","cadastralMunicipalityCode":"1705","yearBuilt":2006,"buildingType":"samostoječa stavba"}},{"type":"Feature","id":"100200000328506411","geometry":{"type":"Point","coordinates":[14.41306,45.9656105]},"properties":{"eidBuilding":"100200000328506411","buildingNumber":"851","cadastralMunicipalityCode":"1705","yearBuilt":2013,"buildingType":"samostoječa stavba"}},{"type":"Feature","id":"100200000329707554","geometry":{"type":"Point","coordinates":[14.4291342,45.9476827]},"properties":{"eidBuilding":"100200000329707554","buildingNumber":"853","cadastralMunicipalityCode":"1705","yearBuilt":2015,"buildingType":"samostoječa stavba"}},{"type":"Feature","id":"100200000338729524","geometry":{"type":"Point","coordinates":[14.4227923,45.9541514]},"properties":{"eidBuilding":"100200000338729524","buildingNumber":"858","cadastralMunicipalityCode":"1705","yearBuilt":2017,"buildingType":"samostoječa stavba"}},{"type":"Feature","id":"100200000338942028","geometry":{"type":"Point","coordinates":[14.4301307,45.9462854]},"properties":{"eidBuilding":"100200000338942028","buildingNumber":"859","cadastralMunicipalityCode":"1705","yearBuilt":1950,"buildingType":"samostoječa stavba"}},{"type":"Feature","id":"100200000340290085","geometry":{"type":"Point","coordinates":[14.4194659,45.9559181]},"properties":{"eidBuilding":"100200000340290085","buildingNumber":"861","cadastralMunicipalityCode":"1705","yearBuilt":2018,"buildingType":"samostoječa stavba"}},{"type":"Feature","id":"100200000346977859","geometry":{"type":"Point","coordinates":[14.4221472,45.9533877]},"properties":{"eidBuilding":"100200000346977859","buildingNumber":"862","cadastralMunicipalityCode":"1705","yearBuilt":2019,"buildingType":"samostoječa stavba"}},{"type":"Feature","id":"100200000354747459","geometry":{"type":"Point","coordinates":[14.412541,45.9653251]},"properties":{"eidBuilding":"100200000354747459","buildingNumber":"865","cadastralMunicipalityCode":"1705","yearBuilt":2011,"buildingType":"samostoječa stavba"}},{"type":"Feature","id":"100200000250270119","geometry":{"type":"Point","coordinates":[14.4124883,45.9671836]},"properties":{"eidBuilding":"100200000250270119","buildingNumber":"716","cadastralMunicipalityCode":"1705","yearBuilt":1937,"buildingType":"samostoječa stavba"}},{"type":"Feature","id":"100200000250269996","geometry":{"type":"Point","coordinates":[14.4124061,45.966715]},"properties":{"eidBuilding":"100200000250269996","buildingNumber":"704","cadastralMunicipalityCode":"1705","yearBuilt":1976,"buildingType":"samostoječa stavba"}},{"type":"Feature","id":"100200000250270044","geometry":{"type":"Point","coordinates":[14.4138916,45.9671891]},"properties":{"eidBuilding":"100200000250270044","buildingNumber":"709","cadastralMunicipalityCode":"1705","yearBuilt":1939,"buildingType":"samostoječa stavba"}},{"type":"Feature","id":"100200000250356801","geometry":{"type":"Point","coordinates":[14.4102689,45.9605404]},"properties":{"eidBuilding":"100200000250356801","buildingNumber":"727","cadastralMunicipalityCode":"1705","yearBuilt":1967,"buildingType":"samostoječa stavba"}},{"type":"Feature","id":"100200000311892273","geometry":{"type":"Point","coordinates":[14.4225228,45.9543499]},"properties":{"eidBuilding":"100200000311892273","buildingNumber":"745","cadastralMunicipalityCode":"1705","yearBuilt":2001,"buildingType":"samostoječa stavba"}},{"type":"Feature","id":"100200000313091072","geometry":{"type":"Point","coordinates":[14.4159961,45.9563938]},"properties":{"eidBuilding":"100200000313091072","buildingNumber":"763","cadastralMunicipalityCode":"1705","yearBuilt":2000,"buildingType":"samostoječa stavba"}},{"type":"Feature","id":"100200000314989175","geometry":{"type":"Point","coordinates":[14.4222555,45.955658]},"properties":{"eidBuilding":"100200000314989175","buildingNumber":"776","cadastralMunicipalityCode":"1705","yearBuilt":2007,"buildingType":"samostoječa stavba"}},{"type":"Feature","id":"100200000317559165","geometry":{"type":"Point","coordinates":[14.4196826,45.9745427]},"properties":{"eidBuilding":"100200000317559165","buildingNumber":"794","cadastralMunicipalityCode":"1705","yearBuilt":2009,"buildingType":"samostoječa stavba"}},{"type":"Feature","id":"100200000317559421","geometry":{"type":"Point","coordinates":[14.4200275,45.9743737]},"properties":{"eidBuilding":"100200000317559421","buildingNumber":"804","cadastralMunicipalityCode":"1705","yearBuilt":2009,"buildingType":"samostoječa stavba"}},{"type":"Feature","id":"100200000318141757","geometry":{"type":"Point","coordinates":[14.4220284,45.9559084]},"properties":{"eidBuilding":"100200000318141757","buildingNumber":"806","cadastralMunicipalityCode":"1705","yearBuilt":2007,"buildingType":"samostoječa stavba"}},{"type":"Feature","id":"100200000214841021","geometry":{"type":"Point","coordinates":[14.419508,45.9735072]},"properties":{"eidBuilding":"100200000214841021","buildingNumber":"115","cadastralMunicipalityCode":"1705","yearBuilt":1928,"buildingType":"samostoječa stavba"}},{"type":"Feature","id":"100200000214841039","geometry":{"type":"Point","coordinates":[14.4194881,45.9736162]},"properties":{"eidBuilding":"100200000214841039","buildingNumber":"116","cadastralMunicipalityCode":"1705","yearBuilt":1960,"buildingType":"samostoječa stavba"}},{"type":"Feature","id":"100200000214841047","geometry":{"type":"Point","coordinates":[14.4194603,45.9738199]},"properties":{"eidBuilding":"100200000214841047","buildingNumber":"117","cadastralMunicipalityCode":"1705","yearBuilt":1955,"buildingType":"samostoječa stavba"}},{"type":"Feature","id":"100200000214841104","geometry":{"type":"Point","coordinates":[14.4178564,45.9742192]},"properties":{"eidBuilding":"100200000214841104","buildingNumber":"123","cadastralMunicipalityCode":"1705","yearBuilt":1997,"buildingType":"samostoječa stavba"}},{"type":"Feature","id":"100200000214841146","geometry":{"type":"Point","coordinates":[14.4180237,45.9734702]},"properties":{"eidBuilding":"100200000214841146","buildingNumber":"127","cadastralMunicipalityCode":"1705","yearBuilt":1965,"buildingType":"samostoječa stavba"}},{"type":"Feature","id":"100200000214841153","geometry":{"type":"Point","coordinates":[14.4182186,45.9731288]},"properties":{"eidBuilding":"100200000214841153","buildingNumber":"128","cadastralMunicipalityCode":"1705","yearBuilt":1970,"buildingType":"samostoječa stavba"}},{"type":"Feature","id":"100200000214841229","geometry":{"type":"Point","coordinates":[14.4195463,45.9732887]},"properties":{"eidBuilding":"100200000214841229","buildingNumber":"135","cadastralMunicipalityCode":"1705","yearBuilt":1940,"buildingType":"samostoječa stavba"}},{"type":"Feature","id":"100200000214841252","geometry":{"type":"Point","coordinates":[14.4185949,45.9730692]},"properties":{"eidBuilding":"100200000214841252","buildingNumber":"138","cadastralMunicipalityCode":"1705","yearBuilt":1975,"buildingType":"samostoječa stavba"}},{"type":"Feature","id":"100200000214841278","geometry":{"type":"Point","coordinates":[14.418802,45.9728881]},"properties":{"eidBuilding":"100200000214841278","buildingNumber":"140","cadastralMunicipalityCode":"1705","yearBuilt":1965,"buildingType":"samostoječa stavba"}},{"type":"Feature","id":"100200000214841294","geometry":{"type":"Point","coordinates":[14.4186143,45.9727316]},"properties":{"eidBuilding":"100200000214841294","buildingNumber":"142","cadastralMunicipalityCode":"1705","yearBuilt":1880,"buildingType":"samostoječa stavba"}},{"type":"Feature","id":"100200000214841336","geometry":{"type":"Point","coordinates":[14.4182,45.9723251]},"properties":{"eidBuilding":"100200000214841336","buildingNumber":"146","cadastralMunicipalityCode":"1705","yearBuilt":1970,"buildingType":"samostoječa stavba"}},{"type":"Feature","id":"100200000214841344","geometry":{"type":"Point","coordinates":[14.4180882,45.9721188]},"properties":{"eidBuilding":"100200000214841344","buildingNumber":"147","cadastralMunicipalityCode":"1705","yearBuilt":1920,"buildingType":"samostoječa stavba"}},{"type":"Feature","id":"100200000250269319","geometry":{"type":"Point","coordinates":[14.4109369,45.9637516]},"properties":{"eidBuilding":"100200000250269319","buildingNumber":"636","cadastralMunicipalityCode":"1705","yearBuilt":1984,"buildingType":"samostoječa stavba"}},{"type":"Feature","id":"100200000250269343","geometry":{"type":"Point","coordinates":[14.4112243,45.9641704]},"properties":{"eidBuilding":"100200000250269343","buildingNumber":"639","cadastralMunicipalityCode":"1705","yearBuilt":1960,"buildingType":"samostoječa stavba"}},{"type":"Feature","id":"100200000250269368","geometry":{"type":"Point","coordinates":[14.4111313,45.9640599]},"properties":{"eidBuilding":"100200000250269368","buildingNumber":"641","cadastralMunicipalityCode":"1705","yearBuilt":1998,"buildingType":"samostoječa stavba"}},{"type":"Feature","id":"100200000250269376","geometry":{"type":"Point","coordinates":[14.4104691,45.9643029]},"properties":{"eidBuilding":"100200000250269376","buildingNumber":"642","cadastralMunicipalityCode":"1705","yearBuilt":1990,"buildingType":"samostoječa stavba"}},{"type":"Feature","id":"100200000250269384","geometry":{"type":"Point","coordinates":[14.4101803,45.9642353]},"properties":{"eidBuilding":"100200000250269384","buildingNumber":"643","cadastralMunicipalityCode":"1705","yearBuilt":1995,"buildingType":"samostoječa stavba"}},{"type":"Feature","id":"100200000250269392","geometry":{"type":"Point","coordinates":[14.4093878,45.964182]},"properties":{"eidBuilding":"100200000250269392","buildingNumber":"644","cadastralMunicipalityCode":"1705","yearBuilt":1998,"buildingType":"samostoječa stavba"}},{"type":"Feature","id":"100200000250269400","geometry":{"type":"Point","coordinates":[14.4107975,45.9646302]},"properties":{"eidBuilding":"100200000250269400","buildingNumber":"645","cadastralMunicipalityCode":"1705","yearBuilt":1990,"buildingType":"samostoječa stavba"}},{"type":"Feature","id":"100200000250269418","geometry":{"type":"Point","coordinates":[14.4106106,45.9645984]},"properties":{"eidBuilding":"100200000250269418","buildingNumber":"646","cadastralMunicipalityCode":"1705","yearBuilt":1991,"buildingType":"samostoječa stavba"}},{"type":"Feature","id":"100200000250269434","geometry":{"type":"Point","coordinates":[14.410383,45.9648288]},"properties":{"eidBuilding":"100200000250269434","buildingNumber":"648","cadastralMunicipalityCode":"1705","yearBuilt":1996,"buildingType":"samostoječa stavba"}},{"type":"Feature","id":"100200000250269467","geometry":{"type":"Point","coordinates":[14.4100013,45.9650304]},"properties":{"eidBuilding":"100200000250269467","buildingNumber":"651","cadastralMunicipalityCode":"1705","yearBuilt":1999,"buildingType":"samostoječa stavba"}},{"type":"Feature","id":"100200000250269475","geometry":{"type":"Point","coordinates":[14.4103436,45.9650917]},"properties":{"eidBuilding":"100200000250269475","buildingNumber":"652","cadastralMunicipalityCode":"1705","yearBuilt":1981,"buildingType":"samostoječa stavba"}},{"type":"Feature","id":"100200000250269491","geometry":{"type":"Point","coordinates":[14.410761,45.9647609]},"properties":{"eidBuilding":"100200000250269491","buildingNumber":"654","cadastralMunicipalityCode":"1705","yearBuilt":1958,"buildingType":"samostoječa stavba"}},{"type":"Feature","id":"100200000250269509","geometry":{"type":"Point","coordinates":[14.4113236,45.9644186]},"properties":{"eidBuilding":"100200000250269509","buildingNumber":"655","cadastralMunicipalityCode":"1705","yearBuilt":1957,"buildingType":"samostoječa stavba"}},{"type":"Feature","id":"100200000250270127","geometry":{"type":"Point","coordinates":[14.4125846,45.9673859]},"properties":{"eidBuilding":"100200000250270127","buildingNumber":"717","cadastralMunicipalityCode":"1705","yearBuilt":1980,"buildingType":"samostoječa stavba"}},{"type":"Feature","id":"100200000250270135","geometry":{"type":"Point","coordinates":[14.412394,45.9672813]},"properties":{"eidBuilding":"100200000250270135","buildingNumber":"718","cadastralMunicipalityCode":"1705","yearBuilt":2004,"buildingType":"samostoječa stavba"}},{"type":"Feature","id":"100200000250270143","geometry":{"type":"Point","coordinates":[14.412079,45.9671046]},"properties":{"eidBuilding":"100200000250270143","buildingNumber":"719","cadastralMunicipalityCode":"1705","yearBuilt":1970,"buildingType":"samostoječa stavba"}},{"type":"Feature","id":"100200000250270150","geometry":{"type":"Point","coordinates":[14.4120206,45.9669666]},"properties":{"eidBuilding":"100200000250270150","buildingNumber":"720","cadastralMunicipalityCode":"1705","yearBuilt":1962,"buildingType":"samostoječa stavba"}},{"type":"Feature","id":"100200000250270168","geometry":{"type":"Point","coordinates":[14.4114216,45.9664599]},"properties":{"eidBuilding":"100200000250270168","buildingNumber":"721","cadastralMunicipalityCode":"1705","yearBuilt":1992,"buildingType":"samostoječa stavba"}},{"type":"Feature","id":"100200000250356777","geometry":{"type":"Point","coordinates":[14.4102635,45.9609428]},"properties":{"eidBuilding":"100200000250356777","buildingNumber":"726","cadastralMunicipalityCode":"1705","yearBuilt":1974,"buildingType":"samostoječa stavba"}},{"type":"Feature","id":"100200000285970253","geometry":{"type":"Point","coordinates":[14.4120115,45.9648098]},"properties":{"eidBuilding":"100200000285970253","buildingNumber":"736","cadastralMunicipalityCode":"1705","yearBuilt":2002,"buildingType":"samostoječa stavba"}},{"type":"Feature","id":"100200000250356744","geometry":{"type":"Point","coordinates":[14.4101227,45.9614442]},"properties":{"eidBuilding":"100200000250356744","buildingNumber":"737","cadastralMunicipalityCode":"1705","yearBuilt":1979,"buildingType":"samostoječa stavba"}},{"type":"Feature","id":"100200000311648493","geometry":{"type":"Point","coordinates":[14.4226999,45.9551023]},"properties":{"eidBuilding":"100200000311648493","buildingNumber":"744","cadastralMunicipalityCode":"1705","yearBuilt":2006,"buildingType":"samostoječa stavba"}},{"type":"Feature","id":"100200000311924589","geometry":{"type":"Point","coordinates":[14.4169968,45.9542087]},"properties":{"eidBuilding":"100200000311924589","buildingNumber":"746","cadastralMunicipalityCode":"1705","yearBuilt":2003,"buildingType":"vmesna vrstna stavba"}},{"type":"Feature","id":"100200000311925404","geometry":{"type":"Point","coordinates":[14.4173457,45.9574507]},"properties":{"eidBuilding":"100200000311925404","buildingNumber":"749","cadastralMunicipalityCode":"1705","yearBuilt":2004,"buildingType":"samostoječa stavba"}},{"type":"Feature","id":"100200000320176635","geometry":{"type":"Point","coordinates":[14.4217867,45.9540688]},"properties":{"eidBuilding":"100200000320176635","buildingNumber":"824","cadastralMunicipalityCode":"1705","yearBuilt":2008,"buildingType":"krajna vrstna stavba"}},{"type":"Feature","id":"100200000320568682","geometry":{"type":"Point","coordinates":[14.4206912,45.9569409]},"properties":{"eidBuilding":"100200000320568682","buildingNumber":"827","cadastralMunicipalityCode":"1705","yearBuilt":2011,"buildingType":"samostoječa stavba"}},{"type":"Feature","id":"100200000326317126","geometry":{"type":"Point","coordinates":[14.4132703,45.9663333]},"properties":{"eidBuilding":"100200000326317126","buildingNumber":"841","cadastralMunicipalityCode":"1705","yearBuilt":2015,"buildingType":"samostoječa stavba"}},{"type":"Feature","id":"100200000326976988","geometry":{"type":"Point","coordinates":[14.4163779,45.9664728]},"properties":{"eidBuilding":"100200000326976988","buildingNumber":"842","cadastralMunicipalityCode":"1705","yearBuilt":2015,"buildingType":"samostoječa stavba"}},{"type":"Feature","id":"100200000334176993","geometry":{"type":"Point","coordinates":[14.4101604,45.9612826]},"properties":{"eidBuilding":"100200000334176993","buildingNumber":"857","cadastralMunicipalityCode":"1705","yearBuilt":2013,"buildingType":"samostoječa stavba"}},{"type":"Feature","id":"100200000338990647","geometry":{"type":"Point","coordinates":[14.4191455,45.9558666]},"properties":{"eidBuilding":"100200000338990647","buildingNumber":"860","cadastralMunicipalityCode":"1705","yearBuilt":2017,"buildingType":"samostoječa stavba"}},{"type":"Feature","id":"100200000361167527","geometry":{"type":"Point","coordinates":[14.4157592,45.966243]},"properties":{"eidBuilding":"100200000361167527","buildingNumber":"867","cadastralMunicipalityCode":"1705","yearBuilt":2020,"buildingType":"samostoječa stavba"}},{"type":"Feature","id":"100200000370897403","geometry":{"type":"Point","coordinates":[14.4134051,45.9673392]},"properties":{"eidBuilding":"100200000370897403","buildingNumber":"868","cadastralMunicipalityCode":"1705","yearBuilt":1970,"buildingType":"ni podatka"}},{"type":"Feature","id":"100200000372447421","geometry":{"type":"Point","coordinates":[14.4158298,45.9695185]},"properties":{"eidBuilding":"100200000372447421","buildingNumber":"870","cadastralMunicipalityCode":"1705","yearBuilt":2018,"buildingType":"samostoječa stavba"}},{"type":"Feature","id":"100200000214841401","geometry":{"type":"Point","coordinates":[14.4172861,45.9713359]},"properties":{"eidBuilding":"100200000214841401","buildingNumber":"153","cadastralMunicipalityCode":"1705","yearBuilt":1900,"buildingType":"samostoječa stavba"}},{"type":"Feature","id":"100200000214841617","geometry":{"type":"Point","coordinates":[14.4148306,45.9685292]},"properties":{"eidBuilding":"100200000214841617","buildingNumber":"174","cadastralMunicipalityCode":"1705","yearBuilt":1937,"buildingType":"samostoječa stavba"}},{"type":"Feature","id":"100200000214900850","geometry":{"type":"Point","coordinates":[14.4399915,45.9382686]},"properties":{"eidBuilding":"100200000214900850","buildingNumber":"177","cadastralMunicipalityCode":"1705","yearBuilt":1800,"buildingType":"samostoječa stavba"}},{"type":"Feature","id":"100200000214901015","geometry":{"type":"Point","coordinates":[14.441409,45.9381342]},"properties":{"eidBuilding":"100200000214901015","buildingNumber":"193","cadastralMunicipalityCode":"1705","yearBuilt":1942,"buildingType":"samostoječa stavba"}},{"type":"Feature","id":"100200000214901064","geometry":{"type":"Point","coordinates":[14.4407812,45.938289]},"properties":{"eidBuilding":"100200000214901064","buildingNumber":"198","cadastralMunicipalityCode":"1705","yearBuilt":1792,"buildingType":"samostoječa stavba"}},{"type":"Feature","id":"100200000214901130","geometry":{"type":"Point","coordinates":[14.4398436,45.9387477]},"properties":{"eidBuilding":"100200000214901130","buildingNumber":"205","cadastralMunicipalityCode":"1705","yearBuilt":1800,"buildingType":"samostoječa stavba"}},{"type":"Feature","id":"100200000214901148","geometry":{"type":"Point","coordinates":[14.4399698,45.9386202]},"properties":{"eidBuilding":"100200000214901148","buildingNumber":"206","cadastralMunicipalityCode":"1705","yearBuilt":1800,"buildingType":"samostoječa stavba"}},{"type":"Feature","id":"100200000214901205","geometry":{"type":"Point","coordinates":[14.4410092,45.9379021]},"properties":{"eidBuilding":"100200000214901205","buildingNumber":"212","cadastralMunicipalityCode":"1705","yearBuilt":1850,"buildingType":"samostoječa stavba"}},{"type":"Feature","id":"100200000214901213","geometry":{"type":"Point","coordinates":[14.4407738,45.937909]},"properties":{"eidBuilding":"100200000214901213","buildingNumber":"213","cadastralMunicipalityCode":"1705","yearBuilt":1970,"buildingType":"samostoječa stavba"}},{"type":"Feature","id":"100200000214901221","geometry":{"type":"Point","coordinates":[14.4407843,45.9380419]},"properties":{"eidBuilding":"100200000214901221","buildingNumber":"214","cadastralMunicipalityCode":"1705","yearBuilt":1941,"buildingType":"samostoječa stavba"}},{"type":"Feature","id":"100200000214901239","geometry":{"type":"Point","coordinates":[14.440618,45.9380643]},"properties":{"eidBuilding":"100200000214901239","buildingNumber":"215","cadastralMunicipalityCode":"1705","yearBuilt":1850,"buildingType":"samostoječa stavba"}},{"type":"Feature","id":"100200000250269517","geometry":{"type":"Point","coordinates":[14.4110565,45.9647964]},"properties":{"eidBuilding":"100200000250269517","buildingNumber":"656","cadastralMunicipalityCode":"1705","yearBuilt":1961,"buildingType":"samostoječa stavba"}},{"type":"Feature","id":"100200000250269533","geometry":{"type":"Point","coordinates":[14.4110384,45.9648944]},"properties":{"eidBuilding":"100200000250269533","buildingNumber":"658","cadastralMunicipalityCode":"1705","yearBuilt":1980,"buildingType":"samostoječa stavba"}},{"type":"Feature","id":"100200000250269541","geometry":{"type":"Point","coordinates":[14.410622,45.9648834]},"properties":{"eidBuilding":"100200000250269541","buildingNumber":"659","cadastralMunicipalityCode":"1705","yearBuilt":1990,"buildingType":"samostoječa stavba"}},{"type":"Feature","id":"100200000250269558","geometry":{"type":"Point","coordinates":[14.4105736,45.9649849]},"properties":{"eidBuilding":"100200000250269558","buildingNumber":"660","cadastralMunicipalityCode":"1705","yearBuilt":1972,"buildingType":"samostoječa stavba"}},{"type":"Feature","id":"100200000250269582","geometry":{"type":"Point","coordinates":[14.4108442,45.9652433]},"properties":{"eidBuilding":"100200000250269582","buildingNumber":"663","cadastralMunicipalityCode":"1705","yearBuilt":1965,"buildingType":"samostoječa stavba"}},{"type":"Feature","id":"100200000250269715","geometry":{"type":"Point","coordinates":[14.410456,45.9658791]},"properties":{"eidBuilding":"100200000250269715","buildingNumber":"676","cadastralMunicipalityCode":"1705","yearBuilt":1956,"buildingType":"samostoječa stavba"}},{"type":"Feature","id":"100200000250269723","geometry":{"type":"Point","coordinates":[14.4103651,45.96578]},"properties":{"eidBuilding":"100200000250269723","buildingNumber":"677","cadastralMunicipalityCode":"1705","yearBuilt":1962,"buildingType":"samostoječa stavba"}},{"type":"Feature","id":"100200000250269814","geometry":{"type":"Point","coordinates":[14.4140986,45.9677523]},"properties":{"eidBuilding":"100200000250269814","buildingNumber":"686","cadastralMunicipalityCode":"1705","yearBuilt":1850,"buildingType":"samostoječa stavba"}},{"type":"Feature","id":"100200000250269871","geometry":{"type":"Point","coordinates":[14.414464,45.96738]},"properties":{"eidBuilding":"100200000250269871","buildingNumber":"692","cadastralMunicipalityCode":"1705","yearBuilt":1980,"buildingType":"samostoječa stavba"}},{"type":"Feature","id":"100200000250269889","geometry":{"type":"Point","coordinates":[14.4144242,45.9672833]},"properties":{"eidBuilding":"100200000250269889","buildingNumber":"693","cadastralMunicipalityCode":"1705","yearBuilt":1980,"buildingType":"samostoječa stavba"}},{"type":"Feature","id":"100200000214902666","geometry":{"type":"Point","coordinates":[14.4180407,45.956607]},"properties":{"eidBuilding":"100200000214902666","buildingNumber":"358","cadastralMunicipalityCode":"1705","yearBuilt":1946,"buildingType":"samostoječa stavba"}},{"type":"Feature","id":"100200000214902682","geometry":{"type":"Point","coordinates":[14.4182816,45.9565233]},"properties":{"eidBuilding":"100200000214902682","buildingNumber":"360","cadastralMunicipalityCode":"1705","yearBuilt":1800,"buildingType":"samostoječa stavba"}},{"type":"Feature","id":"100200000214902773","geometry":{"type":"Point","coordinates":[14.4216574,45.9605826]},"properties":{"eidBuilding":"100200000214902773","buildingNumber":"369","cadastralMunicipalityCode":"1705","yearBuilt":1966,"buildingType":"samostoječa stavba"}},{"type":"Feature","id":"100200000312063460","geometry":{"type":"Point","coordinates":[14.417999,45.9569113]},"properties":{"eidBuilding":"100200000312063460","buildingNumber":"750","cadastralMunicipalityCode":"1705","yearBuilt":1800,"buildingType":"samostoječa stavba"}},{"type":"Feature","id":"100200000312064260","geometry":{"type":"Point","coordinates":[14.4118502,45.9651038]},"properties":{"eidBuilding":"100200000312064260","buildingNumber":"751","cadastralMunicipalityCode":"1705","yearBuilt":1879,"buildingType":"samostoječa stavba"}},{"type":"Feature","id":"100200000312069152","geometry":{"type":"Point","coordinates":[14.4223019,45.9536696]},"properties":{"eidBuilding":"100200000312069152","buildingNumber":"755","cadastralMunicipalityCode":"1705","yearBuilt":1990,"buildingType":"samostoječa stavba"}},{"type":"Feature","id":"100200000312637511","geometry":{"type":"Point","coordinates":[14.413541,45.9661051]},"properties":{"eidBuilding":"100200000312637511","buildingNumber":"757","cadastralMunicipalityCode":"1705","yearBuilt":2002,"buildingType":"samostoječa stavba"}},{"type":"Feature","id":"100200000312637768","geometry":{"type":"Point","coordinates":[14.4186956,45.9580693]},"properties":{"eidBuilding":"100200000312637768","buildingNumber":"759","cadastralMunicipalityCode":"1705","yearBuilt":2000,"buildingType":"samostoječa stavba"}},{"type":"Feature","id":"100200000313090728","geometry":{"type":"Point","coordinates":[14.4169343,45.9574845]},"properties":{"eidBuilding":"100200000313090728","buildingNumber":"761","cadastralMunicipalityCode":"1705","yearBuilt":1993,"buildingType":"samostoječa stavba"}},{"type":"Feature","id":"100200000313090793","geometry":{"type":"Point","coordinates":[14.4169703,45.9572352]},"properties":{"eidBuilding":"100200000313090793","buildingNumber":"762","cadastralMunicipalityCode":"1705","yearBuilt":2003,"buildingType":"samostoječa stavba"}},{"type":"Feature","id":"100200000313091296","geometry":{"type":"Point","coordinates":[14.4170262,45.957586]},"properties":{"eidBuilding":"100200000313091296","buildingNumber":"765","cadastralMunicipalityCode":"1705","yearBuilt":2003,"buildingType":"samostoječa stavba"}},{"type":"Feature","id":"100200000313362721","geometry":{"type":"Point","coordinates":[14.4149721,45.9662204]},"properties":{"eidBuilding":"100200000313362721","buildingNumber":"769","cadastralMunicipalityCode":"1705","yearBuilt":2003,"buildingType":"samostoječa stavba"}},{"type":"Feature","id":"100200000313524015","geometry":{"type":"Point","coordinates":[14.419128,45.9630779]},"properties":{"eidBuilding":"100200000313524015","buildingNumber":"771","cadastralMunicipalityCode":"1705","yearBuilt":1998,"buildingType":"samostoječa stavba"}},{"type":"Feature","id":"100200000313722445","geometry":{"type":"Point","coordinates":[14.4183452,45.9724165]},"properties":{"eidBuilding":"100200000313722445","buildingNumber":"772","cadastralMunicipalityCode":"1705","yearBuilt":2000,"buildingType":"samostoječa stavba"}},{"type":"Feature","id":"100200000314347168","geometry":{"type":"Point","coordinates":[14.4106593,45.9657408]},"properties":{"eidBuilding":"100200000314347168","buildingNumber":"774","cadastralMunicipalityCode":"1705","yearBuilt":1994,"buildingType":"samostoječa stavba"}},{"type":"Feature","id":"100200000314398922","geometry":{"type":"Point","coordinates":[14.4158043,45.9693019]},"properties":{"eidBuilding":"100200000314398922","buildingNumber":"775","cadastralMunicipalityCode":"1705","yearBuilt":2003,"buildingType":"samostoječa stavba"}},{"type":"Feature","id":"100200000214901247","geometry":{"type":"Point","coordinates":[14.4405886,45.9381778]},"properties":{"eidBuilding":"100200000214901247","buildingNumber":"216","cadastralMunicipalityCode":"1705","yearBuilt":1848,"buildingType":"samostoječa stavba"}},{"type":"Feature","id":"100200000214901254","geometry":{"type":"Point","coordinates":[14.4404108,45.9381098]},"properties":{"eidBuilding":"100200000214901254","buildingNumber":"217","cadastralMunicipalityCode":"1705","yearBuilt":1859,"buildingType":"samostoječa stavba"}},{"type":"Feature","id":"100200000214901262","geometry":{"type":"Point","coordinates":[14.4402329,45.9379482]},"properties":{"eidBuilding":"100200000214901262","buildingNumber":"218","cadastralMunicipalityCode":"1705","yearBuilt":1900,"buildingType":"samostoječa stavba"}},{"type":"Feature","id":"100200000214901296","geometry":{"type":"Point","coordinates":[14.4394857,45.937867]},"properties":{"eidBuilding":"100200000214901296","buildingNumber":"221","cadastralMunicipalityCode":"1705","yearBuilt":1858,"buildingType":"samostoječa stavba"}},{"type":"Feature","id":"100200000214901338","geometry":{"type":"Point","coordinates":[14.4387133,45.9382222]},"properties":{"eidBuilding":"100200000214901338","buildingNumber":"225","cadastralMunicipalityCode":"1705","yearBuilt":1848,"buildingType":"samostoječa stavba"}},{"type":"Feature","id":"100200000214901353","geometry":{"type":"Point","coordinates":[14.4396886,45.9386884]},"properties":{"eidBuilding":"100200000214901353","buildingNumber":"227","cadastralMunicipalityCode":"1705","yearBuilt":1848,"buildingType":"samostoječa stavba"}},{"type":"Feature","id":"100200000214901361","geometry":{"type":"Point","coordinates":[14.4396009,45.9387463]},"properties":{"eidBuilding":"100200000214901361","buildingNumber":"228","cadastralMunicipalityCode":"1705","yearBuilt":1960,"buildingType":"samostoječa stavba"}},{"type":"Feature","id":"100200000214901379","geometry":{"type":"Point","coordinates":[14.4394372,45.9387262]},"properties":{"eidBuilding":"100200000214901379","buildingNumber":"229","cadastralMunicipalityCode":"1705","yearBuilt":1800,"buildingType":"samostoječa stavba"}},{"type":"Feature","id":"100200000214901403","geometry":{"type":"Point","coordinates":[14.4392061,45.9389604]},"properties":{"eidBuilding":"100200000214901403","buildingNumber":"232","cadastralMunicipalityCode":"1705","yearBuilt":1800,"buildingType":"samostoječa stavba"}},{"type":"Feature","id":"100200000214901411","geometry":{"type":"Point","coordinates":[14.4390369,45.9391199]},"properties":{"eidBuilding":"100200000214901411","buildingNumber":"233","cadastralMunicipalityCode":"1705","yearBuilt":1994,"buildingType":"samostoječa stavba"}},{"type":"Feature","id":"100200000214901452","geometry":{"type":"Point","coordinates":[14.4413436,45.9357171]},"properties":{"eidBuilding":"100200000214901452","buildingNumber":"237","cadastralMunicipalityCode":"1705","yearBuilt":1870,"buildingType":"samostoječa stavba"}},{"type":"Feature","id":"100200000214901460","geometry":{"type":"Point","coordinates":[14.4362041,45.9362445]},"properties":{"eidBuilding":"100200000214901460","buildingNumber":"238","cadastralMunicipalityCode":"1705","yearBuilt":1937,"buildingType":"samostoječa stavba"}},{"type":"Feature","id":"100200000214901478","geometry":{"type":"Point","coordinates":[14.4357888,45.9376365]},"properties":{"eidBuilding":"100200000214901478","buildingNumber":"239","cadastralMunicipalityCode":"1705","yearBuilt":1800,"buildingType":"samostoječa stavba"}},{"type":"Feature","id":"100200000214902781","geometry":{"type":"Point","coordinates":[14.4216628,45.9606616]},"properties":{"eidBuilding":"100200000214902781","buildingNumber":"370","cadastralMunicipalityCode":"1705","yearBuilt":1966,"buildingType":"samostoječa stavba"}},{"type":"Feature","id":"100200000214902823","geometry":{"type":"Point","coordinates":[14.4207526,45.9573439]},"properties":{"eidBuilding":"100200000214902823","buildingNumber":"374","cadastralMunicipalityCode":"1705","yearBuilt":1458,"buildingType":"samostoječa stavba"}},{"type":"Feature","id":"100200000214902831","geometry":{"type":"Point","coordinates":[14.4210002,45.9574103]},"properties":{"eidBuilding":"100200000214902831","buildingNumber":"375","cadastralMunicipalityCode":"1705","yearBuilt":1975,"buildingType":"samostoječa stavba"}},{"type":"Feature","id":"100200000214902849","geometry":{"type":"Point","coordinates":[14.4208731,45.9574273]},"properties":{"eidBuilding":"100200000214902849","buildingNumber":"376","cadastralMunicipalityCode":"1705","yearBuilt":1972,"buildingType":"samostoječa stavba"}},{"type":"Feature","id":"100200000214902864","geometry":{"type":"Point","coordinates":[14.4223705,45.9590437]},"properties":{"eidBuilding":"100200000214902864","buildingNumber":"378","cadastralMunicipalityCode":"1705","yearBuilt":1946,"buildingType":"samostoječa stavba"}},{"type":"Feature","id":"100200000214902872","geometry":{"type":"Point","coordinates":[14.4221892,45.9591705]},"properties":{"eidBuilding":"100200000214902872","buildingNumber":"379","cadastralMunicipalityCode":"1705","yearBuilt":1928,"buildingType":"samostoječa stavba"}},{"type":"Feature","id":"100200000214902898","geometry":{"type":"Point","coordinates":[14.4224221,45.9599139]},"properties":{"eidBuilding":"100200000214902898","buildingNumber":"381","cadastralMunicipalityCode":"1705","yearBuilt":1965,"buildingType":"samostoječa stavba"}},{"type":"Feature","id":"100200000214902906","geometry":{"type":"Point","coordinates":[14.4225829,45.9601657]},"properties":{"eidBuilding":"100200000214902906","buildingNumber":"382","cadastralMunicipalityCode":"1705","yearBuilt":1900,"buildingType":"samostoječa stavba"}},{"type":"Feature","id":"100200000214902914","geometry":{"type":"Point","coordinates":[14.4223268,45.9601324]},"properties":{"eidBuilding":"100200000214902914","buildingNumber":"383","cadastralMunicipalityCode":"1705","yearBuilt":1990,"buildingType":"samostoječa stavba"}},{"type":"Feature","id":"100200000214903045","geometry":{"type":"Point","coordinates":[14.4174826,45.9580921]},"properties":{"eidBuilding":"100200000214903045","buildingNumber":"396","cadastralMunicipalityCode":"1705","yearBuilt":1986,"buildingType":"samostoječa stavba"}},{"type":"Feature","id":"100200000214903052","geometry":{"type":"Point","coordinates":[14.4170483,45.9587433]},"properties":{"eidBuilding":"100200000214903052","buildingNumber":"397","cadastralMunicipalityCode":"1705","yearBuilt":1989,"buildingType":"samostoječa stavba"}},{"type":"Feature","id":"100200000214903268","geometry":{"type":"Point","coordinates":[14.4164165,45.9540171]},"properties":{"eidBuilding":"100200000214903268","buildingNumber":"418","cadastralMunicipalityCode":"1705","yearBuilt":1884,"buildingType":"samostoječa stavba"}},{"type":"Feature","id":"100200000315803714","geometry":{"type":"Point","coordinates":[14.4161554,45.9660864]},"properties":{"eidBuilding":"100200000315803714","buildingNumber":"786","cadastralMunicipalityCode":"1705","yearBuilt":2008,"buildingType":"samostoječa stavba"}},{"type":"Feature","id":"100200000316487319","geometry":{"type":"Point","coordinates":[14.4134777,45.9671113]},"properties":{"eidBuilding":"100200000316487319","buildingNumber":"788","cadastralMunicipalityCode":"1705","yearBuilt":2009,"buildingType":"samostoječa stavba"}},{"type":"Feature","id":"100200000316920160","geometry":{"type":"Point","coordinates":[14.4167622,45.9690188]},"properties":{"eidBuilding":"100200000316920160","buildingNumber":"789","cadastralMunicipalityCode":"1705","yearBuilt":2009,"buildingType":"samostoječa stavba"}},{"type":"Feature","id":"100200000317031850","geometry":{"type":"Point","coordinates":[14.416881,45.9694665]},"properties":{"eidBuilding":"100200000317031850","buildingNumber":"791","cadastralMunicipalityCode":"1705","yearBuilt":2007,"buildingType":"samostoječa stavba"}},{"type":"Feature","id":"100200000317063531","geometry":{"type":"Point","coordinates":[14.4170035,45.9695433]},"properties":{"eidBuilding":"100200000317063531","buildingNumber":"792","cadastralMunicipalityCode":"1705","yearBuilt":2009,"buildingType":"samostoječa stavba"}},{"type":"Feature","id":"100200000317299697","geometry":{"type":"Point","coordinates":[14.4231504,45.9537701]},"properties":{"eidBuilding":"100200000317299697","buildingNumber":"793","cadastralMunicipalityCode":"1705","yearBuilt":2007,"buildingType":"samostoječa stavba"}},{"type":"Feature","id":"100200000317559363","geometry":{"type":"Point","coordinates":[14.4195868,45.9742769]},"properties":{"eidBuilding":"100200000317559363","buildingNumber":"801","cadastralMunicipalityCode":"1705","yearBuilt":2009,"buildingType":"samostoječa stavba"}},{"type":"Feature","id":"100200000317559389","geometry":{"type":"Point","coordinates":[14.4197243,45.9743028]},"properties":{"eidBuilding":"100200000317559389","buildingNumber":"802","cadastralMunicipalityCode":"1705","yearBuilt":2009,"buildingType":"samostoječa stavba"}},{"type":"Feature","id":"100200000317559405","geometry":{"type":"Point","coordinates":[14.4198925,45.9743266]},"properties":{"eidBuilding":"100200000317559405","buildingNumber":"803","cadastralMunicipalityCode":"1705","yearBuilt":2009,"buildingType":"samostoječa stavba"}},{"type":"Feature","id":"100200000319008021","geometry":{"type":"Point","coordinates":[14.4125574,45.9651831]},"properties":{"eidBuilding":"100200000319008021","buildingNumber":"813","cadastralMunicipalityCode":"1705","yearBuilt":2010,"buildingType":"samostoječa stavba"}},{"type":"Feature","id":"100200000319513145","geometry":{"type":"Point","coordinates":[14.4193326,45.9578884]},"properties":{"eidBuilding":"100200000319513145","buildingNumber":"816","cadastralMunicipalityCode":"1705","yearBuilt":2011,"buildingType":"samostoječa stavba"}},{"type":"Feature","id":"100200000214901486","geometry":{"type":"Point","coordinates":[14.4340595,45.9390619]},"properties":{"eidBuilding":"100200000214901486","buildingNumber":"240","cadastralMunicipalityCode":"1705","yearBuilt":1978,"buildingType":"samostoječa stavba"}},{"type":"Feature","id":"100200000214900934","geometry":{"type":"Point","coordinates":[14.4398169,45.9383577]},"properties":{"eidBuilding":"100200000214900934","buildingNumber":"185","cadastralMunicipalityCode":"1705","yearBuilt":1750,"buildingType":"samostoječa stavba"}},{"type":"Feature","id":"100200000214900959","geometry":{"type":"Point","coordinates":[14.439797,45.9382336]},"properties":{"eidBuilding":"100200000214900959","buildingNumber":"187","cadastralMunicipalityCode":"1705","yearBuilt":1850,"buildingType":"samostoječa stavba"}},{"type":"Feature","id":"100200000214900967","geometry":{"type":"Point","coordinates":[14.4396558,45.9382332]},"properties":{"eidBuilding":"100200000214900967","buildingNumber":"188","cadastralMunicipalityCode":"1705","yearBuilt":1750,"buildingType":"samostoječa stavba"}},{"type":"Feature","id":"100200000214900975","geometry":{"type":"Point","coordinates":[14.4395207,45.9383487]},"properties":{"eidBuilding":"100200000214900975","buildingNumber":"189","cadastralMunicipalityCode":"1705","yearBuilt":1750,"buildingType":"samostoječa stavba"}},{"type":"Feature","id":"100200000214900983","geometry":{"type":"Point","coordinates":[14.4396314,45.9384213]},"properties":{"eidBuilding":"100200000214900983","buildingNumber":"190","cadastralMunicipalityCode":"1705","yearBuilt":1750,"buildingType":"samostoječa stavba"}},{"type":"Feature","id":"100200000214901023","geometry":{"type":"Point","coordinates":[14.4412887,45.9380244]},"properties":{"eidBuilding":"100200000214901023","buildingNumber":"194","cadastralMunicipalityCode":"1705","yearBuilt":1850,"buildingType":"samostoječa stavba"}},{"type":"Feature","id":"100200000214901056","geometry":{"type":"Point","coordinates":[14.4409292,45.9383123]},"properties":{"eidBuilding":"100200000214901056","buildingNumber":"197","cadastralMunicipalityCode":"1705","yearBuilt":1796,"buildingType":"samostoječa stavba"}},{"type":"Feature","id":"100200000214901072","geometry":{"type":"Point","coordinates":[14.4406387,45.9383855]},"properties":{"eidBuilding":"100200000214901072","buildingNumber":"199","cadastralMunicipalityCode":"1705","yearBuilt":1988,"buildingType":"samostoječa stavba"}},{"type":"Feature","id":"100200000214901098","geometry":{"type":"Point","coordinates":[14.4403103,45.9385781]},"properties":{"eidBuilding":"100200000214901098","buildingNumber":"201","cadastralMunicipalityCode":"1705","yearBuilt":1800,"buildingType":"samostoječa stavba"}},{"type":"Feature","id":"100200000214901106","geometry":{"type":"Point","coordinates":[14.4402246,45.9384533]},"properties":{"eidBuilding":"100200000214901106","buildingNumber":"202","cadastralMunicipalityCode":"1705","yearBuilt":1929,"buildingType":"samostoječa stavba"}},{"type":"Feature","id":"100200000214903300","geometry":{"type":"Point","coordinates":[14.4169015,45.9541294]},"properties":{"eidBuilding":"100200000214903300","buildingNumber":"422","cadastralMunicipalityCode":"1705","yearBuilt":1860,"buildingType":"krajna vrstna stavba"}},{"type":"Feature","id":"100200000214903318","geometry":{"type":"Point","coordinates":[14.4169333,45.9542804]},"properties":{"eidBuilding":"100200000214903318","buildingNumber":"423","cadastralMunicipalityCode":"1705","yearBuilt":1800,"buildingType":"krajna vrstna stavba"}},{"type":"Feature","id":"100200000214903342","geometry":{"type":"Point","coordinates":[14.4159463,45.9547405]},"properties":{"eidBuilding":"100200000214903342","buildingNumber":"426","cadastralMunicipalityCode":"1705","yearBuilt":1954,"buildingType":"samostoječa stavba"}},{"type":"Feature","id":"100200000214903359","geometry":{"type":"Point","coordinates":[14.4159996,45.954608]},"properties":{"eidBuilding":"100200000214903359","buildingNumber":"427","cadastralMunicipalityCode":"1705","yearBuilt":1988,"buildingType":"samostoječa stavba"}},{"type":"Feature","id":"100200000214903367","geometry":{"type":"Point","coordinates":[14.4155722,45.9543449]},"properties":{"eidBuilding":"100200000214903367","buildingNumber":"428","cadastralMunicipalityCode":"1705","yearBuilt":1977,"buildingType":"samostoječa stavba"}},{"type":"Feature","id":"100200000214903433","geometry":{"type":"Point","coordinates":[14.4169065,45.9520277]},"properties":{"eidBuilding":"100200000214903433","buildingNumber":"429","cadastralMunicipalityCode":"1705","yearBuilt":1968,"buildingType":"samostoječa stavba"}},{"type":"Feature","id":"100200000214903631","geometry":{"type":"Point","coordinates":[14.4212773,45.9563493]},"properties":{"eidBuilding":"100200000214903631","buildingNumber":"432","cadastralMunicipalityCode":"1705","yearBuilt":1907,"buildingType":"samostoječa stavba"}},{"type":"Feature","id":"100200000214903649","geometry":{"type":"Point","coordinates":[14.4210168,45.9565694]},"properties":{"eidBuilding":"100200000214903649","buildingNumber":"433","cadastralMunicipalityCode":"1705","yearBuilt":1907,"buildingType":"samostoječa stavba"}},{"type":"Feature","id":"100200000214903664","geometry":{"type":"Point","coordinates":[14.4198438,45.956653]},"properties":{"eidBuilding":"100200000214903664","buildingNumber":"435","cadastralMunicipalityCode":"1705","yearBuilt":1974,"buildingType":"samostoječa stavba"}},{"type":"Feature","id":"100200000214903680","geometry":{"type":"Point","coordinates":[14.4193257,45.9564567]},"properties":{"eidBuilding":"100200000214903680","buildingNumber":"437","cadastralMunicipalityCode":"1705","yearBuilt":2001,"buildingType":"samostoječa stavba"}},{"type":"Feature","id":"100200000214903698","geometry":{"type":"Point","coordinates":[14.4197559,45.9561625]},"properties":{"eidBuilding":"100200000214903698","buildingNumber":"438","cadastralMunicipalityCode":"1705","yearBuilt":1995,"buildingType":"samostoječa stavba"}},{"type":"Feature","id":"100200000214903714","geometry":{"type":"Point","coordinates":[14.4201459,45.9560624]},"properties":{"eidBuilding":"100200000214903714","buildingNumber":"440","cadastralMunicipalityCode":"1705","yearBuilt":1982,"buildingType":"samostoječa stavba"}},{"type":"Feature","id":"100200000320101674","geometry":{"type":"Point","coordinates":[14.4161623,45.9562289]},"properties":{"eidBuilding":"100200000320101674","buildingNumber":"822","cadastralMunicipalityCode":"1705","yearBuilt":2011,"buildingType":"samostoječa stavba"}},{"type":"Feature","id":"100200000320310010","geometry":{"type":"Point","coordinates":[14.4390839,45.9395403]},"properties":{"eidBuilding":"100200000320310010","buildingNumber":"826","cadastralMunicipalityCode":"1705","yearBuilt":2011,"buildingType":"samostoječa stavba"}},{"type":"Feature","id":"100200000320811678","geometry":{"type":"Point","coordinates":[14.4303998,45.9470391]},"properties":{"eidBuilding":"100200000320811678","buildingNumber":"828","cadastralMunicipalityCode":"1705","yearBuilt":2011,"buildingType":"samostoječa stavba"}},{"type":"Feature","id":"100200000320873173","geometry":{"type":"Point","coordinates":[14.4218035,45.9589528]},"properties":{"eidBuilding":"100200000320873173","buildingNumber":"829","cadastralMunicipalityCode":"1705","yearBuilt":2010,"buildingType":"samostoječa stavba"}},{"type":"Feature","id":"100200000323454666","geometry":{"type":"Point","coordinates":[14.4231846,45.9532406]},"properties":{"eidBuilding":"100200000323454666","buildingNumber":"834","cadastralMunicipalityCode":"1705","yearBuilt":2008,"buildingType":"samostoječa stavba"}},{"type":"Feature","id":"100200000327047144","geometry":{"type":"Point","coordinates":[14.4381147,45.937795]},"properties":{"eidBuilding":"100200000327047144","buildingNumber":"843","cadastralMunicipalityCode":"1705","yearBuilt":1910,"buildingType":"samostoječa stavba"}},{"type":"Feature","id":"100200000327047805","geometry":{"type":"Point","coordinates":[14.4165371,45.9661071]},"properties":{"eidBuilding":"100200000327047805","buildingNumber":"845","cadastralMunicipalityCode":"1705","yearBuilt":2015,"buildingType":"samostoječa stavba"}},{"type":"Feature","id":"100200000328387556","geometry":{"type":"Point","coordinates":[14.4187741,45.9582959]},"properties":{"eidBuilding":"100200000328387556","buildingNumber":"848","cadastralMunicipalityCode":"1705","yearBuilt":2013,"buildingType":"samostoječa stavba"}},{"type":"Feature","id":"100200000334176977","geometry":{"type":"Point","coordinates":[14.4101881,45.9611028]},"properties":{"eidBuilding":"100200000334176977","buildingNumber":"856","cadastralMunicipalityCode":"1705","yearBuilt":2008,"buildingType":"samostoječa stavba"}},{"type":"Feature","id":"100200000352517672","geometry":{"type":"Point","coordinates":[14.4172634,45.9579722]},"properties":{"eidBuilding":"100200000352517672","buildingNumber":"863","cadastralMunicipalityCode":"1705","yearBuilt":2010,"buildingType":"samostoječa stavba"}},{"type":"Feature","id":"100200000354747434","geometry":{"type":"Point","coordinates":[14.412418,45.9651587]},"properties":{"eidBuilding":"100200000354747434","buildingNumber":"864","cadastralMunicipalityCode":"1705","yearBuilt":2011,"buildingType":"samostoječa stavba"}},{"type":"Feature","id":"100200000214901114","geometry":{"type":"Point","coordinates":[14.4400869,45.9385171]},"properties":{"eidBuilding":"100200000214901114","buildingNumber":"203","cadastralMunicipalityCode":"1705","yearBuilt":1700,"buildingType":"samostoječa stavba"}},{"type":"Feature","id":"100200000214901122","geometry":{"type":"Point","coordinates":[14.4401799,45.9386634]},"properties":{"eidBuilding":"100200000214901122","buildingNumber":"204","cadastralMunicipalityCode":"1705","yearBuilt":2002,"buildingType":"samostoječa stavba"}},{"type":"Feature","id":"100200000214901163","geometry":{"type":"Point","coordinates":[14.4400316,45.938827]},"properties":{"eidBuilding":"100200000214901163","buildingNumber":"208","cadastralMunicipalityCode":"1705","yearBuilt":1979,"buildingType":"samostoječa stavba"}},{"type":"Feature","id":"100200000214901189","geometry":{"type":"Point","coordinates":[14.4400724,45.9389407]},"properties":{"eidBuilding":"100200000214901189","buildingNumber":"210","cadastralMunicipalityCode":"1705","yearBuilt":1850,"buildingType":"samostoječa stavba"}},{"type":"Feature","id":"100200000214901288","geometry":{"type":"Point","coordinates":[14.4397344,45.9379405]},"properties":{"eidBuilding":"100200000214901288","buildingNumber":"220","cadastralMunicipalityCode":"1705","yearBuilt":1800,"buildingType":"samostoječa stavba"}},{"type":"Feature","id":"100200000214901304","geometry":{"type":"Point","coordinates":[14.4386766,45.9378693]},"properties":{"eidBuilding":"100200000214901304","buildingNumber":"222","cadastralMunicipalityCode":"1705","yearBuilt":1970,"buildingType":"samostoječa stavba"}},{"type":"Feature","id":"100200000214901312","geometry":{"type":"Point","coordinates":[14.438817,45.9379396]},"properties":{"eidBuilding":"100200000214901312","buildingNumber":"223","cadastralMunicipalityCode":"1705","yearBuilt":1970,"buildingType":"samostoječa stavba"}},{"type":"Feature","id":"100200000214901346","geometry":{"type":"Point","coordinates":[14.4391377,45.9384423]},"properties":{"eidBuilding":"100200000214901346","buildingNumber":"226","cadastralMunicipalityCode":"1705","yearBuilt":1860,"buildingType":"samostoječa stavba"}},{"type":"Feature","id":"100200000214901429","geometry":{"type":"Point","coordinates":[14.4391633,45.9393158]},"properties":{"eidBuilding":"100200000214901429","buildingNumber":"234","cadastralMunicipalityCode":"1705","yearBuilt":1980,"buildingType":"samostoječa stavba"}},{"type":"Feature","id":"100200000214901437","geometry":{"type":"Point","coordinates":[14.4388004,45.9394583]},"properties":{"eidBuilding":"100200000214901437","buildingNumber":"235","cadastralMunicipalityCode":"1705","yearBuilt":1929,"buildingType":"samostoječa stavba"}},{"type":"Feature","id":"100200000214901569","geometry":{"type":"Point","coordinates":[14.4373215,45.9405387]},"properties":{"eidBuilding":"100200000214901569","buildingNumber":"248","cadastralMunicipalityCode":"1705","yearBuilt":1989,"buildingType":"samostoječa stavba"}},{"type":"Feature","id":"100200000214901627","geometry":{"type":"Point","coordinates":[14.4172412,45.9552907]},"properties":{"eidBuilding":"100200000214901627","buildingNumber":"254","cadastralMunicipalityCode":"1705","yearBuilt":1912,"buildingType":"samostoječa stavba"}},{"type":"Feature","id":"100200000214901643","geometry":{"type":"Point","coordinates":[14.4173675,45.9558198]},"properties":{"eidBuilding":"100200000214901643","buildingNumber":"256","cadastralMunicipalityCode":"1705","yearBuilt":1920,"buildingType":"samostoječa stavba"}},{"type":"Feature","id":"100200000214903789","geometry":{"type":"Point","coordinates":[14.421687,45.9552201]},"properties":{"eidBuilding":"100200000214903789","buildingNumber":"447","cadastralMunicipalityCode":"1705","yearBuilt":2004,"buildingType":"samostoječa stavba"}},{"type":"Feature","id":"100200000214903797","geometry":{"type":"Point","coordinates":[14.4215018,45.9550808]},"properties":{"eidBuilding":"100200000214903797","buildingNumber":"448","cadastralMunicipalityCode":"1705","yearBuilt":2004,"buildingType":"samostoječa stavba"}},{"type":"Feature","id":"100200000214903805","geometry":{"type":"Point","coordinates":[14.4218084,45.9550629]},"properties":{"eidBuilding":"100200000214903805","buildingNumber":"449","cadastralMunicipalityCode":"1705","yearBuilt":1979,"buildingType":"samostoječa stavba"}},{"type":"Feature","id":"100200000214903821","geometry":{"type":"Point","coordinates":[14.4221188,45.9550827]},"properties":{"eidBuilding":"100200000214903821","buildingNumber":"451","cadastralMunicipalityCode":"1705","yearBuilt":1960,"buildingType":"samostoječa stavba"}},{"type":"Feature","id":"100200000214903839","geometry":{"type":"Point","coordinates":[14.4221658,45.9549233]},"properties":{"eidBuilding":"100200000214903839","buildingNumber":"452","cadastralMunicipalityCode":"1705","yearBuilt":1980,"buildingType":"samostoječa stavba"}},{"type":"Feature","id":"100200000214903847","geometry":{"type":"Point","coordinates":[14.4221284,45.9546199]},"properties":{"eidBuilding":"100200000214903847","buildingNumber":"453","cadastralMunicipalityCode":"1705","yearBuilt":1992,"buildingType":"samostoječa stavba"}},{"type":"Feature","id":"100200000214903862","geometry":{"type":"Point","coordinates":[14.4222441,45.9545663]},"properties":{"eidBuilding":"100200000214903862","buildingNumber":"455","cadastralMunicipalityCode":"1705","yearBuilt":1968,"buildingType":"samostoječa stavba"}},{"type":"Feature","id":"100200000214903870","geometry":{"type":"Point","coordinates":[14.4222524,45.9544526]},"properties":{"eidBuilding":"100200000214903870","buildingNumber":"456","cadastralMunicipalityCode":"1705","yearBuilt":1993,"buildingType":"samostoječa stavba"}},{"type":"Feature","id":"100200000214903888","geometry":{"type":"Point","coordinates":[14.422958,45.9539429]},"properties":{"eidBuilding":"100200000214903888","buildingNumber":"457","cadastralMunicipalityCode":"1705","yearBuilt":2001,"buildingType":"samostoječa stavba"}},{"type":"Feature","id":"100200000214903920","geometry":{"type":"Point","coordinates":[14.4204396,45.9546991]},"properties":{"eidBuilding":"100200000214903920","buildingNumber":"461","cadastralMunicipalityCode":"1705","yearBuilt":2002,"buildingType":"samostoječa stavba"}},{"type":"Feature","id":"100200000214903938","geometry":{"type":"Point","coordinates":[14.4210448,45.9534403]},"properties":{"eidBuilding":"100200000214903938","buildingNumber":"462","cadastralMunicipalityCode":"1705","yearBuilt":1950,"buildingType":"samostoječa stavba"}},{"type":"Feature","id":"100200000214903946","geometry":{"type":"Point","coordinates":[14.4215062,45.9533379]},"properties":{"eidBuilding":"100200000214903946","buildingNumber":"463","cadastralMunicipalityCode":"1705","yearBuilt":1950,"buildingType":"samostoječa stavba"}},{"type":"Feature","id":"100200000214903953","geometry":{"type":"Point","coordinates":[14.4212486,45.9536649]},"properties":{"eidBuilding":"100200000214903953","buildingNumber":"464","cadastralMunicipalityCode":"1705","yearBuilt":1963,"buildingType":"samostoječa stavba"}},{"type":"Feature","id":"100200000214903961","geometry":{"type":"Point","coordinates":[14.4212383,45.9535735]},"properties":{"eidBuilding":"100200000214903961","buildingNumber":"465","cadastralMunicipalityCode":"1705","yearBuilt":1800,"buildingType":"samostoječa stavba"}},{"type":"Feature","id":"100200000374637490","geometry":{"type":"Point","coordinates":[14.4179889,45.9556142]},"properties":{"eidBuilding":"100200000374637490","buildingNumber":"871","cadastralMunicipalityCode":"1705","yearBuilt":2021,"buildingType":"samostoječa stavba"}},{"type":"Feature","id":"100200000214839439","geometry":{"type":"Point","coordinates":[14.4202329,45.9730429]},"properties":{"eidBuilding":"100200000214839439","buildingNumber":"97","cadastralMunicipalityCode":"1705","yearBuilt":1870,"buildingType":"krajna vrstna stavba"}},{"type":"Feature","id":"100200000214839447","geometry":{"type":"Point","coordinates":[14.4202366,45.9731485]},"properties":{"eidBuilding":"100200000214839447","buildingNumber":"98","cadastralMunicipalityCode":"1705","yearBuilt":1974,"buildingType":"krajna vrstna stavba"}},{"type":"Feature","id":"100200000214900991","geometry":{"type":"Point","coordinates":[14.4398005,45.9384963]},"properties":{"eidBuilding":"100200000214900991","buildingNumber":"191","cadastralMunicipalityCode":"1705","yearBuilt":1750,"buildingType":"krajna vrstna stavba"}},{"type":"Feature","id":"100200000214901692","geometry":{"type":"Point","coordinates":[14.4171068,45.955894]},"properties":{"eidBuilding":"100200000214901692","buildingNumber":"261","cadastralMunicipalityCode":"1705","yearBuilt":1985,"buildingType":"krajna vrstna stavba"}},{"type":"Feature","id":"100200000250269269","geometry":{"type":"Point","coordinates":[14.4105415,45.9623335]},"properties":{"eidBuilding":"100200000250269269","buildingNumber":"632","cadastralMunicipalityCode":"1705","yearBuilt":1962,"buildingType":"krajna vrstna stavba"}},{"type":"Feature","id":"100200000250269012","geometry":{"type":"Point","coordinates":[14.4131509,45.9641005]},"properties":{"eidBuilding":"100200000250269012","buildingNumber":"609","cadastralMunicipalityCode":"1705","yearBuilt":1968,"buildingType":"krajna vrstna stavba"}},{"type":"Feature","id":"100200000250269277","geometry":{"type":"Point","coordinates":[14.410522,45.9622498]},"properties":{"eidBuilding":"100200000250269277","buildingNumber":"633","cadastralMunicipalityCode":"1705","yearBuilt":1966,"buildingType":"krajna vrstna stavba"}},{"type":"Feature","id":"100200000312299429","geometry":{"type":"Point","coordinates":[14.4169404,45.9557979]},"properties":{"eidBuilding":"100200000312299429","buildingNumber":"756","cadastralMunicipalityCode":"1705","yearBuilt":1907,"buildingType":"krajna vrstna stavba"}},{"type":"Feature","id":"100200000328768821","geometry":{"type":"Point","coordinates":[14.4189984,45.9566613]},"properties":{"eidBuilding":"100200000328768821","buildingNumber":"852","cadastralMunicipalityCode":"1705","yearBuilt":1890,"buildingType":"krajna vrstna stavba"}},{"type":"Feature","id":"100200000331084638","geometry":{"type":"Point","coordinates":[14.4213258,45.9545048]},"properties":{"eidBuilding":"100200000331084638","buildingNumber":"854","cadastralMunicipalityCode":"1705","yearBuilt":2016,"buildingType":"krajna vrstna stavba"}},{"type":"Feature","id":"100200000318141799","geometry":{"type":"Point","coordinates":[14.4220295,45.9538212]},"properties":{"eidBuilding":"100200000318141799","buildingNumber":"808","cadastralMunicipalityCode":"1705","yearBuilt":2008,"buildingType":"krajna vrstna stavba"}},{"type":"Feature","id":"100200000318141815","geometry":{"type":"Point","coordinates":[14.4219544,45.9539058]},"properties":{"eidBuilding":"100200000318141815","buildingNumber":"809","cadastralMunicipalityCode":"1705","yearBuilt":2008,"buildingType":"krajna vrstna stavba"}},{"type":"Feature","id":"100200000214901668","geometry":{"type":"Point","coordinates":[14.4174638,45.9559747]},"properties":{"eidBuilding":"100200000214901668","buildingNumber":"258","cadastralMunicipalityCode":"1705","yearBuilt":1850,"buildingType":"samostoječa stavba"}},{"type":"Feature","id":"100200000214901767","geometry":{"type":"Point","coordinates":[14.4164428,45.955271]},"properties":{"eidBuilding":"100200000214901767","buildingNumber":"268","cadastralMunicipalityCode":"1705","yearBuilt":1976,"buildingType":"samostoječa stavba"}},{"type":"Feature","id":"100200000214901775","geometry":{"type":"Point","coordinates":[14.4165148,45.9551854]},"properties":{"eidBuilding":"100200000214901775","buildingNumber":"269","cadastralMunicipalityCode":"1705","yearBuilt":1827,"buildingType":"samostoječa stavba"}},{"type":"Feature","id":"100200000214901858","geometry":{"type":"Point","coordinates":[14.4167081,45.9553958]},"properties":{"eidBuilding":"100200000214901858","buildingNumber":"277","cadastralMunicipalityCode":"1705","yearBuilt":1968,"buildingType":"samostoječa stavba"}},{"type":"Feature","id":"100200000214901874","geometry":{"type":"Point","coordinates":[14.4171576,45.9556126]},"properties":{"eidBuilding":"100200000214901874","buildingNumber":"279","cadastralMunicipalityCode":"1705","yearBuilt":1800,"buildingType":"samostoječa stavba"}},{"type":"Feature","id":"100200000214901973","geometry":{"type":"Point","coordinates":[14.4158246,45.9551577]},"properties":{"eidBuilding":"100200000214901973","buildingNumber":"289","cadastralMunicipalityCode":"1705","yearBuilt":1935,"buildingType":"samostoječa stavba"}},{"type":"Feature","id":"100200000214902005","geometry":{"type":"Point","coordinates":[14.4161444,45.9551363]},"properties":{"eidBuilding":"100200000214902005","buildingNumber":"292","cadastralMunicipalityCode":"1705","yearBuilt":1958,"buildingType":"samostoječa stavba"}},{"type":"Feature","id":"100200000214902013","geometry":{"type":"Point","coordinates":[14.4162196,45.9552373]},"properties":{"eidBuilding":"100200000214902013","buildingNumber":"293","cadastralMunicipalityCode":"1705","yearBuilt":1982,"buildingType":"samostoječa stavba"}},{"type":"Feature","id":"100200000214902039","geometry":{"type":"Point","coordinates":[14.4173001,45.9568322]},"properties":{"eidBuilding":"100200000214902039","buildingNumber":"295","cadastralMunicipalityCode":"1705","yearBuilt":1960,"buildingType":"samostoječa stavba"}},{"type":"Feature","id":"100200000214902047","geometry":{"type":"Point","coordinates":[14.4174045,45.9568658]},"properties":{"eidBuilding":"100200000214902047","buildingNumber":"296","cadastralMunicipalityCode":"1705","yearBuilt":2000,"buildingType":"samostoječa stavba"}},{"type":"Feature","id":"100200000214902070","geometry":{"type":"Point","coordinates":[14.4175308,45.9569066]},"properties":{"eidBuilding":"100200000214902070","buildingNumber":"299","cadastralMunicipalityCode":"1705","yearBuilt":1960,"buildingType":"samostoječa stavba"}},{"type":"Feature","id":"100200000214902146","geometry":{"type":"Point","coordinates":[14.4176893,45.9566811]},"properties":{"eidBuilding":"100200000214902146","buildingNumber":"306","cadastralMunicipalityCode":"1705","yearBuilt":1892,"buildingType":"samostoječa stavba"}},{"type":"Feature","id":"100200000214904019","geometry":{"type":"Point","coordinates":[14.4215116,45.954799]},"properties":{"eidBuilding":"100200000214904019","buildingNumber":"470","cadastralMunicipalityCode":"1705","yearBuilt":2002,"buildingType":"samostoječa stavba"}},{"type":"Feature","id":"100200000214904043","geometry":{"type":"Point","coordinates":[14.4208891,45.9551569]},"properties":{"eidBuilding":"100200000214904043","buildingNumber":"473","cadastralMunicipalityCode":"1705","yearBuilt":1997,"buildingType":"samostoječa stavba"}},{"type":"Feature","id":"100200000214904126","geometry":{"type":"Point","coordinates":[14.4190014,45.9560636]},"properties":{"eidBuilding":"100200000214904126","buildingNumber":"481","cadastralMunicipalityCode":"1705","yearBuilt":1924,"buildingType":"samostoječa stavba"}},{"type":"Feature","id":"100200000214904134","geometry":{"type":"Point","coordinates":[14.418719,45.9560264]},"properties":{"eidBuilding":"100200000214904134","buildingNumber":"482","cadastralMunicipalityCode":"1705","yearBuilt":1930,"buildingType":"samostoječa stavba"}},{"type":"Feature","id":"100200000214904175","geometry":{"type":"Point","coordinates":[14.4305538,45.9469256]},"properties":{"eidBuilding":"100200000214904175","buildingNumber":"486","cadastralMunicipalityCode":"1705","yearBuilt":1962,"buildingType":"samostoječa stavba"}},{"type":"Feature","id":"100200000214904183","geometry":{"type":"Point","coordinates":[14.4322531,45.9459699]},"properties":{"eidBuilding":"100200000214904183","buildingNumber":"487","cadastralMunicipalityCode":"1705","yearBuilt":1800,"buildingType":"samostoječa stavba"}},{"type":"Feature","id":"100200000214904209","geometry":{"type":"Point","coordinates":[14.4313589,45.9463764]},"properties":{"eidBuilding":"100200000214904209","buildingNumber":"489","cadastralMunicipalityCode":"1705","yearBuilt":1800,"buildingType":"samostoječa stavba"}},{"type":"Feature","id":"100200000214904217","geometry":{"type":"Point","coordinates":[14.4309427,45.9463817]},"properties":{"eidBuilding":"100200000214904217","buildingNumber":"490","cadastralMunicipalityCode":"1705","yearBuilt":1980,"buildingType":"samostoječa stavba"}},{"type":"Feature","id":"100200000214904225","geometry":{"type":"Point","coordinates":[14.4310699,45.9463535]},"properties":{"eidBuilding":"100200000214904225","buildingNumber":"491","cadastralMunicipalityCode":"1705","yearBuilt":1980,"buildingType":"samostoječa stavba"}},{"type":"Feature","id":"100200000214904233","geometry":{"type":"Point","coordinates":[14.4311669,45.9463177]},"properties":{"eidBuilding":"100200000214904233","buildingNumber":"492","cadastralMunicipalityCode":"1705","yearBuilt":1996,"buildingType":"samostoječa stavba"}},{"type":"Feature","id":"100200000214904241","geometry":{"type":"Point","coordinates":[14.4310247,45.9462356]},"properties":{"eidBuilding":"100200000214904241","buildingNumber":"493","cadastralMunicipalityCode":"1705","yearBuilt":1977,"buildingType":"samostoječa stavba"}},{"type":"Feature","id":"100200000214904258","geometry":{"type":"Point","coordinates":[14.430814,45.9463061]},"properties":{"eidBuilding":"100200000214904258","buildingNumber":"494","cadastralMunicipalityCode":"1705","yearBuilt":1800,"buildingType":"samostoječa stavba"}},{"type":"Feature","id":"100200000214904266","geometry":{"type":"Point","coordinates":[14.4307437,45.946175]},"properties":{"eidBuilding":"100200000214904266","buildingNumber":"495","cadastralMunicipalityCode":"1705","yearBuilt":1850,"buildingType":"samostoječa stavba"}},{"type":"Feature","id":"100200000214904274","geometry":{"type":"Point","coordinates":[14.4313346,45.9461793]},"properties":{"eidBuilding":"100200000214904274","buildingNumber":"496","cadastralMunicipalityCode":"1705","yearBuilt":1893,"buildingType":"samostoječa stavba"}},{"type":"Feature","id":"100200000319391849","geometry":{"type":"Point","coordinates":[14.4107593,45.9663073]},"properties":{"eidBuilding":"100200000319391849","buildingNumber":"815","cadastralMunicipalityCode":"1705","yearBuilt":1975,"buildingType":"krajna vrstna stavba"}},{"type":"Feature","id":"100200000319731994","geometry":{"type":"Point","coordinates":[14.4130968,45.9641843]},"properties":{"eidBuilding":"100200000319731994","buildingNumber":"818","cadastralMunicipalityCode":"1705","yearBuilt":1968,"buildingType":"krajna vrstna stavba"}},{"type":"Feature","id":"100200000320176619","geometry":{"type":"Point","coordinates":[14.4216397,45.9540892]},"properties":{"eidBuilding":"100200000320176619","buildingNumber":"823","cadastralMunicipalityCode":"1705","yearBuilt":2007,"buildingType":"krajna vrstna stavba"}},{"type":"Feature","id":"100200000323163796","geometry":{"type":"Point","coordinates":[14.4215926,45.9542904]},"properties":{"eidBuilding":"100200000323163796","buildingNumber":"832","cadastralMunicipalityCode":"1705","yearBuilt":2013,"buildingType":"krajna vrstna stavba"}},{"type":"Feature","id":"100200000323163812","geometry":{"type":"Point","coordinates":[14.421503,45.9543584]},"properties":{"eidBuilding":"100200000323163812","buildingNumber":"833","cadastralMunicipalityCode":"1705","yearBuilt":2013,"buildingType":"krajna vrstna stavba"}},{"type":"Feature","id":"100200000331084653","geometry":{"type":"Point","coordinates":[14.4214068,45.9544416]},"properties":{"eidBuilding":"100200000331084653","buildingNumber":"855","cadastralMunicipalityCode":"1705","yearBuilt":2016,"buildingType":"krajna vrstna stavba"}},{"type":"Feature","id":"100200000214838845","geometry":{"type":"Point","coordinates":[14.4154107,45.968398]},"properties":{"eidBuilding":"100200000214838845","buildingNumber":"38","cadastralMunicipalityCode":"1705","yearBuilt":1965,"buildingType":"samostoječa stavba"}},{"type":"Feature","id":"100200000214838977","geometry":{"type":"Point","coordinates":[14.4171558,45.9703173]},"properties":{"eidBuilding":"100200000214838977","buildingNumber":"51","cadastralMunicipalityCode":"1705","yearBuilt":1937,"buildingType":"samostoječa stavba"}},{"type":"Feature","id":"100200000214838993","geometry":{"type":"Point","coordinates":[14.4171027,45.9704705]},"properties":{"eidBuilding":"100200000214838993","buildingNumber":"53","cadastralMunicipalityCode":"1705","yearBuilt":1975,"buildingType":"samostoječa stavba"}},{"type":"Feature","id":"100200000214839256","geometry":{"type":"Point","coordinates":[14.4187262,45.9724204]},"properties":{"eidBuilding":"100200000214839256","buildingNumber":"79","cadastralMunicipalityCode":"1705","yearBuilt":1885,"buildingType":"samostoječa stavba"}},{"type":"Feature","id":"100200000214839306","geometry":{"type":"Point","coordinates":[14.4190688,45.9726237]},"properties":{"eidBuilding":"100200000214839306","buildingNumber":"84","cadastralMunicipalityCode":"1705","yearBuilt":1972,"buildingType":"samostoječa stavba"}},{"type":"Feature","id":"100200000214902161","geometry":{"type":"Point","coordinates":[14.4173798,45.9565575]},"properties":{"eidBuilding":"100200000214902161","buildingNumber":"308","cadastralMunicipalityCode":"1705","yearBuilt":1949,"buildingType":"samostoječa stavba"}},{"type":"Feature","id":"100200000214902187","geometry":{"type":"Point","coordinates":[14.4177575,45.9564484]},"properties":{"eidBuilding":"100200000214902187","buildingNumber":"310","cadastralMunicipalityCode":"1705","yearBuilt":2007,"buildingType":"samostoječa stavba"}},{"type":"Feature","id":"100200000214902203","geometry":{"type":"Point","coordinates":[14.417586,45.9562686]},"properties":{"eidBuilding":"100200000214902203","buildingNumber":"312","cadastralMunicipalityCode":"1705","yearBuilt":1873,"buildingType":"samostoječa stavba"}},{"type":"Feature","id":"100200000214902245","geometry":{"type":"Point","coordinates":[14.4168814,45.9558872]},"properties":{"eidBuilding":"100200000214902245","buildingNumber":"316","cadastralMunicipalityCode":"1705","yearBuilt":1900,"buildingType":"samostoječa stavba"}},{"type":"Feature","id":"100200000214902260","geometry":{"type":"Point","coordinates":[14.4171416,45.9561411]},"properties":{"eidBuilding":"100200000214902260","buildingNumber":"318","cadastralMunicipalityCode":"1705","yearBuilt":1977,"buildingType":"samostoječa stavba"}},{"type":"Feature","id":"100200000214902278","geometry":{"type":"Point","coordinates":[14.4173371,45.9563711]},"properties":{"eidBuilding":"100200000214902278","buildingNumber":"319","cadastralMunicipalityCode":"1705","yearBuilt":1873,"buildingType":"samostoječa stavba"}},{"type":"Feature","id":"100200000214902302","geometry":{"type":"Point","coordinates":[14.4198215,45.9570088]},"properties":{"eidBuilding":"100200000214902302","buildingNumber":"322","cadastralMunicipalityCode":"1705","yearBuilt":1750,"buildingType":"samostoječa stavba"}},{"type":"Feature","id":"100200000214902328","geometry":{"type":"Point","coordinates":[14.4198076,45.9571777]},"properties":{"eidBuilding":"100200000214902328","buildingNumber":"324","cadastralMunicipalityCode":"1705","yearBuilt":1750,"buildingType":"samostoječa stavba"}},{"type":"Feature","id":"100200000214902369","geometry":{"type":"Point","coordinates":[14.4193901,45.9568883]},"properties":{"eidBuilding":"100200000214902369","buildingNumber":"328","cadastralMunicipalityCode":"1705","yearBuilt":1961,"buildingType":"samostoječa stavba"}},{"type":"Feature","id":"100200000214902385","geometry":{"type":"Point","coordinates":[14.4190825,45.9567912]},"properties":{"eidBuilding":"100200000214902385","buildingNumber":"330","cadastralMunicipalityCode":"1705","yearBuilt":1950,"buildingType":"samostoječa stavba"}},{"type":"Feature","id":"100200000214901502","geometry":{"type":"Point","coordinates":[14.4366018,45.9410812]},"properties":{"eidBuilding":"100200000214901502","buildingNumber":"242","cadastralMunicipalityCode":"1705","yearBuilt":1995,"buildingType":"samostoječa stavba"}},{"type":"Feature","id":"100200000214901510","geometry":{"type":"Point","coordinates":[14.4364808,45.9410248]},"properties":{"eidBuilding":"100200000214901510","buildingNumber":"243","cadastralMunicipalityCode":"1705","yearBuilt":1978,"buildingType":"samostoječa stavba"}},{"type":"Feature","id":"100200000214901536","geometry":{"type":"Point","coordinates":[14.4371363,45.9413803]},"properties":{"eidBuilding":"100200000214901536","buildingNumber":"245","cadastralMunicipalityCode":"1705","yearBuilt":1945,"buildingType":"samostoječa stavba"}},{"type":"Feature","id":"100200000214904282","geometry":{"type":"Point","coordinates":[14.4311921,45.9460331]},"properties":{"eidBuilding":"100200000214904282","buildingNumber":"497","cadastralMunicipalityCode":"1705","yearBuilt":1850,"buildingType":"samostoječa stavba"}},{"type":"Feature","id":"100200000214904290","geometry":{"type":"Point","coordinates":[14.4309793,45.9459823]},"properties":{"eidBuilding":"100200000214904290","buildingNumber":"498","cadastralMunicipalityCode":"1705","yearBuilt":1985,"buildingType":"samostoječa stavba"}},{"type":"Feature","id":"100200000214904308","geometry":{"type":"Point","coordinates":[14.4308494,45.9460242]},"properties":{"eidBuilding":"100200000214904308","buildingNumber":"499","cadastralMunicipalityCode":"1705","yearBuilt":1985,"buildingType":"samostoječa stavba"}},{"type":"Feature","id":"100200000214904332","geometry":{"type":"Point","coordinates":[14.4305279,45.9461445]},"properties":{"eidBuilding":"100200000214904332","buildingNumber":"502","cadastralMunicipalityCode":"1705","yearBuilt":1700,"buildingType":"samostoječa stavba"}},{"type":"Feature","id":"100200000214904340","geometry":{"type":"Point","coordinates":[14.4307182,45.945835]},"properties":{"eidBuilding":"100200000214904340","buildingNumber":"503","cadastralMunicipalityCode":"1705","yearBuilt":1700,"buildingType":"samostoječa stavba"}},{"type":"Feature","id":"100200000214904365","geometry":{"type":"Point","coordinates":[14.4303538,45.9460437]},"properties":{"eidBuilding":"100200000214904365","buildingNumber":"505","cadastralMunicipalityCode":"1705","yearBuilt":1750,"buildingType":"samostoječa stavba"}},{"type":"Feature","id":"100200000214904381","geometry":{"type":"Point","coordinates":[14.4299705,45.9460946]},"properties":{"eidBuilding":"100200000214904381","buildingNumber":"507","cadastralMunicipalityCode":"1705","yearBuilt":1950,"buildingType":"samostoječa stavba"}},{"type":"Feature","id":"100200000214904415","geometry":{"type":"Point","coordinates":[14.4302747,45.9461676]},"properties":{"eidBuilding":"100200000214904415","buildingNumber":"510","cadastralMunicipalityCode":"1705","yearBuilt":1800,"buildingType":"samostoječa stavba"}},{"type":"Feature","id":"100200000214904449","geometry":{"type":"Point","coordinates":[14.430474,45.9463631]},"properties":{"eidBuilding":"100200000214904449","buildingNumber":"513","cadastralMunicipalityCode":"1705","yearBuilt":1800,"buildingType":"samostoječa stavba"}},{"type":"Feature","id":"100200000214904456","geometry":{"type":"Point","coordinates":[14.4307913,45.9467996]},"properties":{"eidBuilding":"100200000214904456","buildingNumber":"514","cadastralMunicipalityCode":"1705","yearBuilt":1850,"buildingType":"samostoječa stavba"}},{"type":"Feature","id":"100200000214904464","geometry":{"type":"Point","coordinates":[14.4310641,45.9467198]},"properties":{"eidBuilding":"100200000214904464","buildingNumber":"515","cadastralMunicipalityCode":"1705","yearBuilt":1966,"buildingType":"samostoječa stavba"}},{"type":"Feature","id":"100200000214904480","geometry":{"type":"Point","coordinates":[14.4310294,45.9466303]},"properties":{"eidBuilding":"100200000214904480","buildingNumber":"517","cadastralMunicipalityCode":"1705","yearBuilt":1965,"buildingType":"samostoječa stavba"}},{"type":"Feature","id":"100200000214904555","geometry":{"type":"Point","coordinates":[14.430286,45.9465369]},"properties":{"eidBuilding":"100200000214904555","buildingNumber":"524","cadastralMunicipalityCode":"1705","yearBuilt":1908,"buildingType":"samostoječa stavba"}},{"type":"Feature","id":"100200000214904563","geometry":{"type":"Point","coordinates":[14.4302846,45.946636]},"properties":{"eidBuilding":"100200000214904563","buildingNumber":"525","cadastralMunicipalityCode":"1705","yearBuilt":1985,"buildingType":"samostoječa stavba"}},{"type":"Feature","id":"100200000214839314","geometry":{"type":"Point","coordinates":[14.4191655,45.9725047]},"properties":{"eidBuilding":"100200000214839314","buildingNumber":"85","cadastralMunicipalityCode":"1705","yearBuilt":1913,"buildingType":"samostoječa stavba"}},{"type":"Feature","id":"100200000214840999","geometry":{"type":"Point","coordinates":[14.4200686,45.9734634]},"properties":{"eidBuilding":"100200000214840999","buildingNumber":"112","cadastralMunicipalityCode":"1705","yearBuilt":1980,"buildingType":"samostoječa stavba"}},{"type":"Feature","id":"100200000214841286","geometry":{"type":"Point","coordinates":[14.4188918,45.9727681]},"properties":{"eidBuilding":"100200000214841286","buildingNumber":"141","cadastralMunicipalityCode":"1705","yearBuilt":1932,"buildingType":"samostoječa stavba"}},{"type":"Feature","id":"100200000214841369","geometry":{"type":"Point","coordinates":[14.4178953,45.9720149]},"properties":{"eidBuilding":"100200000214841369","buildingNumber":"149","cadastralMunicipalityCode":"1705","yearBuilt":1993,"buildingType":"samostoječa stavba"}},{"type":"Feature","id":"100200000214841492","geometry":{"type":"Point","coordinates":[14.4159706,45.969195]},"properties":{"eidBuilding":"100200000214841492","buildingNumber":"162","cadastralMunicipalityCode":"1705","yearBuilt":2003,"buildingType":"samostoječa stavba"}},{"type":"Feature","id":"100200000214841534","geometry":{"type":"Point","coordinates":[14.4155499,45.9688545]},"properties":{"eidBuilding":"100200000214841534","buildingNumber":"166","cadastralMunicipalityCode":"1705","yearBuilt":1896,"buildingType":"samostoječa stavba"}},{"type":"Feature","id":"100200000214841583","geometry":{"type":"Point","coordinates":[14.4146161,45.968351]},"properties":{"eidBuilding":"100200000214841583","buildingNumber":"171","cadastralMunicipalityCode":"1705","yearBuilt":1871,"buildingType":"samostoječa stavba"}},{"type":"Feature","id":"100200000214901007","geometry":{"type":"Point","coordinates":[14.4396286,45.9385367]},"properties":{"eidBuilding":"100200000214901007","buildingNumber":"192","cadastralMunicipalityCode":"1705","yearBuilt":1750,"buildingType":"samostoječa stavba"}},{"type":"Feature","id":"100200000214901155","geometry":{"type":"Point","coordinates":[14.4400709,45.9387101]},"properties":{"eidBuilding":"100200000214901155","buildingNumber":"207","cadastralMunicipalityCode":"1705","yearBuilt":1860,"buildingType":"samostoječa stavba"}},{"type":"Feature","id":"100200000214901395","geometry":{"type":"Point","coordinates":[14.4394023,45.9389959]},"properties":{"eidBuilding":"100200000214901395","buildingNumber":"231","cadastralMunicipalityCode":"1705","yearBuilt":1830,"buildingType":"samostoječa stavba"}},{"type":"Feature","id":"100200000214901544","geometry":{"type":"Point","coordinates":[14.4370588,45.9411821]},"properties":{"eidBuilding":"100200000214901544","buildingNumber":"246","cadastralMunicipalityCode":"1705","yearBuilt":1993,"buildingType":"samostoječa stavba"}},{"type":"Feature","id":"100200000214901577","geometry":{"type":"Point","coordinates":[14.4376528,45.9396867]},"properties":{"eidBuilding":"100200000214901577","buildingNumber":"249","cadastralMunicipalityCode":"1705","yearBuilt":1984,"buildingType":"samostoječa stavba"}},{"type":"Feature","id":"100200000214901585","geometry":{"type":"Point","coordinates":[14.4145707,45.9604745]},"properties":{"eidBuilding":"100200000214901585","buildingNumber":"250","cadastralMunicipalityCode":"1705","yearBuilt":1686,"buildingType":"samostoječa stavba"}},{"type":"Feature","id":"100200000214901593","geometry":{"type":"Point","coordinates":[14.4170018,45.9551578]},"properties":{"eidBuilding":"100200000214901593","buildingNumber":"251","cadastralMunicipalityCode":"1705","yearBuilt":1996,"buildingType":"samostoječa stavba"}},{"type":"Feature","id":"100200000214901619","geometry":{"type":"Point","coordinates":[14.4170028,45.9552548]},"properties":{"eidBuilding":"100200000214901619","buildingNumber":"253","cadastralMunicipalityCode":"1705","yearBuilt":1926,"buildingType":"samostoječa stavba"}},{"type":"Feature","id":"100200000214901676","geometry":{"type":"Point","coordinates":[14.4173583,45.956067]},"properties":{"eidBuilding":"100200000214901676","buildingNumber":"259","cadastralMunicipalityCode":"1705","yearBuilt":1993,"buildingType":"samostoječa stavba"}},{"type":"Feature","id":"100200000214901684","geometry":{"type":"Point","coordinates":[14.4171796,45.9558176]},"properties":{"eidBuilding":"100200000214901684","buildingNumber":"260","cadastralMunicipalityCode":"1705","yearBuilt":1972,"buildingType":"samostoječa stavba"}},{"type":"Feature","id":"100200000214901718","geometry":{"type":"Point","coordinates":[14.4169065,45.9557326]},"properties":{"eidBuilding":"100200000214901718","buildingNumber":"263","cadastralMunicipalityCode":"1705","yearBuilt":1907,"buildingType":"samostoječa stavba"}},{"type":"Feature","id":"100200000214901726","geometry":{"type":"Point","coordinates":[14.4166702,45.955723]},"properties":{"eidBuilding":"100200000214901726","buildingNumber":"264","cadastralMunicipalityCode":"1705","yearBuilt":1990,"buildingType":"samostoječa stavba"}},{"type":"Feature","id":"100200000214901742","geometry":{"type":"Point","coordinates":[14.4165292,45.9559133]},"properties":{"eidBuilding":"100200000214901742","buildingNumber":"266","cadastralMunicipalityCode":"1705","yearBuilt":1974,"buildingType":"samostoječa stavba"}},{"type":"Feature","id":"100200000214901759","geometry":{"type":"Point","coordinates":[14.4165389,45.9552668]},"properties":{"eidBuilding":"100200000214901759","buildingNumber":"267","cadastralMunicipalityCode":"1705","yearBuilt":1976,"buildingType":"samostoječa stavba"}},{"type":"Feature","id":"100200000214901809","geometry":{"type":"Point","coordinates":[14.4162792,45.9553525]},"properties":{"eidBuilding":"100200000214901809","buildingNumber":"272","cadastralMunicipalityCode":"1705","yearBuilt":1995,"buildingType":"samostoječa stavba"}},{"type":"Feature","id":"100200000214901817","geometry":{"type":"Point","coordinates":[14.4163637,45.9553906]},"properties":{"eidBuilding":"100200000214901817","buildingNumber":"273","cadastralMunicipalityCode":"1705","yearBuilt":1800,"buildingType":"samostoječa stavba"}},{"type":"Feature","id":"100200000214904589","geometry":{"type":"Point","coordinates":[14.4304253,45.9467182]},"properties":{"eidBuilding":"100200000214904589","buildingNumber":"527","cadastralMunicipalityCode":"1705","yearBuilt":1995,"buildingType":"samostoječa stavba"}},{"type":"Feature","id":"100200000214904597","geometry":{"type":"Point","coordinates":[14.4301862,45.9467627]},"properties":{"eidBuilding":"100200000214904597","buildingNumber":"528","cadastralMunicipalityCode":"1705","yearBuilt":1959,"buildingType":"samostoječa stavba"}},{"type":"Feature","id":"100200000214904639","geometry":{"type":"Point","coordinates":[14.4294884,45.9471025]},"properties":{"eidBuilding":"100200000214904639","buildingNumber":"532","cadastralMunicipalityCode":"1705","yearBuilt":1908,"buildingType":"samostoječa stavba"}},{"type":"Feature","id":"100200000214904662","geometry":{"type":"Point","coordinates":[14.4288171,45.9474249]},"properties":{"eidBuilding":"100200000214904662","buildingNumber":"535","cadastralMunicipalityCode":"1705","yearBuilt":1985,"buildingType":"samostoječa stavba"}},{"type":"Feature","id":"100200000214904670","geometry":{"type":"Point","coordinates":[14.4287971,45.9475402]},"properties":{"eidBuilding":"100200000214904670","buildingNumber":"536","cadastralMunicipalityCode":"1705","yearBuilt":1978,"buildingType":"samostoječa stavba"}},{"type":"Feature","id":"100200000214904688","geometry":{"type":"Point","coordinates":[14.4262846,45.9479001]},"properties":{"eidBuilding":"100200000214904688","buildingNumber":"537","cadastralMunicipalityCode":"1705","yearBuilt":1944,"buildingType":"samostoječa stavba"}},{"type":"Feature","id":"100200000214904704","geometry":{"type":"Point","coordinates":[14.426388,45.9478041]},"properties":{"eidBuilding":"100200000214904704","buildingNumber":"539","cadastralMunicipalityCode":"1705","yearBuilt":1944,"buildingType":"samostoječa stavba"}},{"type":"Feature","id":"100200000214904712","geometry":{"type":"Point","coordinates":[14.4265479,45.9477338]},"properties":{"eidBuilding":"100200000214904712","buildingNumber":"540","cadastralMunicipalityCode":"1705","yearBuilt":1700,"buildingType":"samostoječa stavba"}},{"type":"Feature","id":"100200000214904720","geometry":{"type":"Point","coordinates":[14.4264787,45.9475966]},"properties":{"eidBuilding":"100200000214904720","buildingNumber":"541","cadastralMunicipalityCode":"1705","yearBuilt":1800,"buildingType":"samostoječa stavba"}},{"type":"Feature","id":"100200000214904738","geometry":{"type":"Point","coordinates":[14.4266881,45.9491753]},"properties":{"eidBuilding":"100200000214904738","buildingNumber":"542","cadastralMunicipalityCode":"1705","yearBuilt":1992,"buildingType":"samostoječa stavba"}},{"type":"Feature","id":"100200000214904746","geometry":{"type":"Point","coordinates":[14.4266541,45.9492555]},"properties":{"eidBuilding":"100200000214904746","buildingNumber":"543","cadastralMunicipalityCode":"1705","yearBuilt":2002,"buildingType":"samostoječa stavba"}},{"type":"Feature","id":"100200000214904829","geometry":{"type":"Point","coordinates":[14.428196,45.9506581]},"properties":{"eidBuilding":"100200000214904829","buildingNumber":"551","cadastralMunicipalityCode":"1705","yearBuilt":1850,"buildingType":"samostoječa stavba"}},{"type":"Feature","id":"100200000214972362","geometry":{"type":"Point","coordinates":[14.4267832,45.9303964]},"properties":{"eidBuilding":"100200000214972362","buildingNumber":"561","cadastralMunicipalityCode":"1705","yearBuilt":1990,"buildingType":"samostoječa stavba"}},{"type":"Feature","id":"100200000214901445","geometry":{"type":"Point","coordinates":[14.4391405,45.9394752]},"properties":{"eidBuilding":"100200000214901445","buildingNumber":"236","cadastralMunicipalityCode":"1705","yearBuilt":1975,"buildingType":"samostoječa stavba"}},{"type":"Feature","id":"100200000214901635","geometry":{"type":"Point","coordinates":[14.4172538,45.9554483]},"properties":{"eidBuilding":"100200000214901635","buildingNumber":"255","cadastralMunicipalityCode":"1705","yearBuilt":1912,"buildingType":"samostoječa stavba"}},{"type":"Feature","id":"100200000214901734","geometry":{"type":"Point","coordinates":[14.4165081,45.9557785]},"properties":{"eidBuilding":"100200000214901734","buildingNumber":"265","cadastralMunicipalityCode":"1705","yearBuilt":1850,"buildingType":"samostoječa stavba"}},{"type":"Feature","id":"100200000214901999","geometry":{"type":"Point","coordinates":[14.416066,45.9552217]},"properties":{"eidBuilding":"100200000214901999","buildingNumber":"291","cadastralMunicipalityCode":"1705","yearBuilt":1978,"buildingType":"samostoječa stavba"}},{"type":"Feature","id":"100200000214902062","geometry":{"type":"Point","coordinates":[14.41701,45.956722]},"properties":{"eidBuilding":"100200000214902062","buildingNumber":"298","cadastralMunicipalityCode":"1705","yearBuilt":1975,"buildingType":"samostoječa stavba"}},{"type":"Feature","id":"100200000214902088","geometry":{"type":"Point","coordinates":[14.4172621,45.9569759]},"properties":{"eidBuilding":"100200000214902088","buildingNumber":"300","cadastralMunicipalityCode":"1705","yearBuilt":1972,"buildingType":"samostoječa stavba"}},{"type":"Feature","id":"100200000214902344","geometry":{"type":"Point","coordinates":[14.4193434,45.9570539]},"properties":{"eidBuilding":"100200000214902344","buildingNumber":"326","cadastralMunicipalityCode":"1705","yearBuilt":1988,"buildingType":"samostoječa stavba"}},{"type":"Feature","id":"100200000214902484","geometry":{"type":"Point","coordinates":[14.4189489,45.9583607]},"properties":{"eidBuilding":"100200000214902484","buildingNumber":"340","cadastralMunicipalityCode":"1705","yearBuilt":1920,"buildingType":"samostoječa stavba"}},{"type":"Feature","id":"100200000214902591","geometry":{"type":"Point","coordinates":[14.4186585,45.9570669]},"properties":{"eidBuilding":"100200000214902591","buildingNumber":"351","cadastralMunicipalityCode":"1705","yearBuilt":2002,"buildingType":"samostoječa stavba"}},{"type":"Feature","id":"100200000214902971","geometry":{"type":"Point","coordinates":[14.418356,45.9586388]},"properties":{"eidBuilding":"100200000214902971","buildingNumber":"389","cadastralMunicipalityCode":"1705","yearBuilt":1983,"buildingType":"samostoječa stavba"}},{"type":"Feature","id":"100200000318102114","geometry":{"type":"Point","coordinates":[14.4327092,45.9459769]},"properties":{"eidBuilding":"100200000318102114","buildingNumber":"805","cadastralMunicipalityCode":"1705","yearBuilt":2006,"buildingType":"ni podatka"}},{"type":"Feature","id":"100200000318541162","geometry":{"type":"Point","coordinates":[14.4192582,45.9733031]},"properties":{"eidBuilding":"100200000318541162","buildingNumber":"810","cadastralMunicipalityCode":"1705","yearBuilt":2007,"buildingType":"ni podatka"}},{"type":"Feature","id":"100200000324617766","geometry":{"type":"Point","coordinates":[14.4500714,45.9252668]},"properties":{"eidBuilding":"100200000324617766","buildingNumber":"838","cadastralMunicipalityCode":"1705","yearBuilt":1950,"buildingType":"ni podatka"}},{"type":"Feature","id":"100200000324054689","geometry":{"type":"Point","coordinates":[14.4219532,45.9530875]},"properties":{"eidBuilding":"100200000324054689","buildingNumber":"835","cadastralMunicipalityCode":"1705","yearBuilt":2002,"buildingType":"ni podatka"}},{"type":"Feature","id":"100200000324055124","geometry":{"type":"Point","coordinates":[14.4217866,45.961136]},"properties":{"eidBuilding":"100200000324055124","buildingNumber":"837","cadastralMunicipalityCode":"1705","yearBuilt":2002,"buildingType":"ni podatka"}},{"type":"Feature","id":"100200000214838506","geometry":{"type":"Point","coordinates":[14.4150381,45.9662882]},"properties":{"eidBuilding":"100200000214838506","buildingNumber":"4","cadastralMunicipalityCode":"1705","yearBuilt":1993,"buildingType":"samostoječa stavba"}},{"type":"Feature","id":"100200000214838514","geometry":{"type":"Point","coordinates":[14.4151215,45.9661977]},"properties":{"eidBuilding":"100200000214838514","buildingNumber":"5","cadastralMunicipalityCode":"1705","yearBuilt":1991,"buildingType":"samostoječa stavba"}},{"type":"Feature","id":"100200000214838522","geometry":{"type":"Point","coordinates":[14.4146069,45.9662984]},"properties":{"eidBuilding":"100200000214838522","buildingNumber":"6","cadastralMunicipalityCode":"1705","yearBuilt":1974,"buildingType":"samostoječa stavba"}},{"type":"Feature","id":"100200000214838555","geometry":{"type":"Point","coordinates":[14.4151742,45.9666496]},"properties":{"eidBuilding":"100200000214838555","buildingNumber":"9","cadastralMunicipalityCode":"1705","yearBuilt":1982,"buildingType":"samostoječa stavba"}},{"type":"Feature","id":"100200000214838563","geometry":{"type":"Point","coordinates":[14.4150721,45.9667642]},"properties":{"eidBuilding":"100200000214838563","buildingNumber":"10","cadastralMunicipalityCode":"1705","yearBuilt":1943,"buildingType":"samostoječa stavba"}},{"type":"Feature","id":"100200000214838613","geometry":{"type":"Point","coordinates":[14.4153904,45.9670053]},"properties":{"eidBuilding":"100200000214838613","buildingNumber":"15","cadastralMunicipalityCode":"1705","yearBuilt":1986,"buildingType":"samostoječa stavba"}},{"type":"Feature","id":"100200000214838621","geometry":{"type":"Point","coordinates":[14.4154528,45.9670865]},"properties":{"eidBuilding":"100200000214838621","buildingNumber":"16","cadastralMunicipalityCode":"1705","yearBuilt":1986,"buildingType":"samostoječa stavba"}},{"type":"Feature","id":"100200000214838639","geometry":{"type":"Point","coordinates":[14.4154304,45.9671338]},"properties":{"eidBuilding":"100200000214838639","buildingNumber":"17","cadastralMunicipalityCode":"1705","yearBuilt":1956,"buildingType":"samostoječa stavba"}},{"type":"Feature","id":"100200000214838654","geometry":{"type":"Point","coordinates":[14.4153459,45.967179]},"properties":{"eidBuilding":"100200000214838654","buildingNumber":"19","cadastralMunicipalityCode":"1705","yearBuilt":1956,"buildingType":"samostoječa stavba"}},{"type":"Feature","id":"100200000214901825","geometry":{"type":"Point","coordinates":[14.4164917,45.9554171]},"properties":{"eidBuilding":"100200000214901825","buildingNumber":"274","cadastralMunicipalityCode":"1705","yearBuilt":1986,"buildingType":"samostoječa stavba"}},{"type":"Feature","id":"100200000214901833","geometry":{"type":"Point","coordinates":[14.4166212,45.9553519]},"properties":{"eidBuilding":"100200000214901833","buildingNumber":"275","cadastralMunicipalityCode":"1705","yearBuilt":1969,"buildingType":"samostoječa stavba"}},{"type":"Feature","id":"100200000214901866","geometry":{"type":"Point","coordinates":[14.4167752,45.9554833]},"properties":{"eidBuilding":"100200000214901866","buildingNumber":"278","cadastralMunicipalityCode":"1705","yearBuilt":1875,"buildingType":"samostoječa stavba"}},{"type":"Feature","id":"100200000214901882","geometry":{"type":"Point","coordinates":[14.4146204,45.9550922]},"properties":{"eidBuilding":"100200000214901882","buildingNumber":"280","cadastralMunicipalityCode":"1705","yearBuilt":1966,"buildingType":"samostoječa stavba"}},{"type":"Feature","id":"100200000214901890","geometry":{"type":"Point","coordinates":[14.4146646,45.95498]},"properties":{"eidBuilding":"100200000214901890","buildingNumber":"281","cadastralMunicipalityCode":"1705","yearBuilt":1962,"buildingType":"samostoječa stavba"}},{"type":"Feature","id":"100200000214901908","geometry":{"type":"Point","coordinates":[14.4151621,45.9549873]},"properties":{"eidBuilding":"100200000214901908","buildingNumber":"282","cadastralMunicipalityCode":"1705","yearBuilt":1967,"buildingType":"samostoječa stavba"}},{"type":"Feature","id":"100200000214901916","geometry":{"type":"Point","coordinates":[14.415055,45.9549838]},"properties":{"eidBuilding":"100200000214901916","buildingNumber":"283","cadastralMunicipalityCode":"1705","yearBuilt":1938,"buildingType":"samostoječa stavba"}},{"type":"Feature","id":"100200000214901924","geometry":{"type":"Point","coordinates":[14.4149693,45.9551282]},"properties":{"eidBuilding":"100200000214901924","buildingNumber":"284","cadastralMunicipalityCode":"1705","yearBuilt":1940,"buildingType":"samostoječa stavba"}},{"type":"Feature","id":"100200000214901940","geometry":{"type":"Point","coordinates":[14.4149251,45.9551979]},"properties":{"eidBuilding":"100200000214901940","buildingNumber":"286","cadastralMunicipalityCode":"1705","yearBuilt":1940,"buildingType":"samostoječa stavba"}},{"type":"Feature","id":"100200000214901965","geometry":{"type":"Point","coordinates":[14.4156645,45.9551867]},"properties":{"eidBuilding":"100200000214901965","buildingNumber":"288","cadastralMunicipalityCode":"1705","yearBuilt":1970,"buildingType":"samostoječa stavba"}},{"type":"Feature","id":"100200000214902112","geometry":{"type":"Point","coordinates":[14.4173089,45.9571314]},"properties":{"eidBuilding":"100200000214902112","buildingNumber":"303","cadastralMunicipalityCode":"1705","yearBuilt":1956,"buildingType":"samostoječa stavba"}},{"type":"Feature","id":"100200000214902120","geometry":{"type":"Point","coordinates":[14.4175054,45.9572054]},"properties":{"eidBuilding":"100200000214902120","buildingNumber":"304","cadastralMunicipalityCode":"1705","yearBuilt":1900,"buildingType":"samostoječa stavba"}},{"type":"Feature","id":"100200000214902138","geometry":{"type":"Point","coordinates":[14.4175525,45.9567734]},"properties":{"eidBuilding":"100200000214902138","buildingNumber":"305","cadastralMunicipalityCode":"1705","yearBuilt":1800,"buildingType":"samostoječa stavba"}},{"type":"Feature","id":"100200000214902211","geometry":{"type":"Point","coordinates":[14.4176636,45.95619]},"properties":{"eidBuilding":"100200000214902211","buildingNumber":"313","cadastralMunicipalityCode":"1705","yearBuilt":1975,"buildingType":"samostoječa stavba"}},{"type":"Feature","id":"100200000215015542","geometry":{"type":"Point","coordinates":[14.4161496,45.9736376]},"properties":{"eidBuilding":"100200000215015542","buildingNumber":"572","cadastralMunicipalityCode":"1705","yearBuilt":1975,"buildingType":"samostoječa stavba"}},{"type":"Feature","id":"100200000215015583","geometry":{"type":"Point","coordinates":[14.4151088,45.9687818]},"properties":{"eidBuilding":"100200000215015583","buildingNumber":"575","cadastralMunicipalityCode":"1705","yearBuilt":1967,"buildingType":"samostoječa stavba"}},{"type":"Feature","id":"100200000306254885","geometry":{"type":"Point","coordinates":[14.4201112,45.9738228]},"properties":{"eidBuilding":"100200000306254885","buildingNumber":"586","cadastralMunicipalityCode":"1705","yearBuilt":2004,"buildingType":"samostoječa stavba"}},{"type":"Feature","id":"100200000250268790","geometry":{"type":"Point","coordinates":[14.4144361,45.968413]},"properties":{"eidBuilding":"100200000250268790","buildingNumber":"587","cadastralMunicipalityCode":"1705","yearBuilt":1965,"buildingType":"samostoječa stavba"}},{"type":"Feature","id":"100200000250268808","geometry":{"type":"Point","coordinates":[14.4144647,45.9684927]},"properties":{"eidBuilding":"100200000250268808","buildingNumber":"588","cadastralMunicipalityCode":"1705","yearBuilt":2005,"buildingType":"samostoječa stavba"}},{"type":"Feature","id":"100200000250268816","geometry":{"type":"Point","coordinates":[14.414393,45.9662222]},"properties":{"eidBuilding":"100200000250268816","buildingNumber":"589","cadastralMunicipalityCode":"1705","yearBuilt":1983,"buildingType":"samostoječa stavba"}},{"type":"Feature","id":"100200000250268824","geometry":{"type":"Point","coordinates":[14.4135329,45.9659918]},"properties":{"eidBuilding":"100200000250268824","buildingNumber":"590","cadastralMunicipalityCode":"1705","yearBuilt":1990,"buildingType":"samostoječa stavba"}},{"type":"Feature","id":"100200000250268840","geometry":{"type":"Point","coordinates":[14.4129652,45.9662965]},"properties":{"eidBuilding":"100200000250268840","buildingNumber":"592","cadastralMunicipalityCode":"1705","yearBuilt":1990,"buildingType":"samostoječa stavba"}},{"type":"Feature","id":"100200000250268865","geometry":{"type":"Point","coordinates":[14.4121329,45.9661787]},"properties":{"eidBuilding":"100200000250268865","buildingNumber":"594","cadastralMunicipalityCode":"1705","yearBuilt":1993,"buildingType":"samostoječa stavba"}},{"type":"Feature","id":"100200000250268873","geometry":{"type":"Point","coordinates":[14.4118694,45.9660565]},"properties":{"eidBuilding":"100200000250268873","buildingNumber":"595","cadastralMunicipalityCode":"1705","yearBuilt":1968,"buildingType":"samostoječa stavba"}},{"type":"Feature","id":"100200000250268881","geometry":{"type":"Point","coordinates":[14.4117454,45.9660835]},"properties":{"eidBuilding":"100200000250268881","buildingNumber":"596","cadastralMunicipalityCode":"1705","yearBuilt":1990,"buildingType":"samostoječa stavba"}},{"type":"Feature","id":"100200000250268899","geometry":{"type":"Point","coordinates":[14.4114716,45.9662024]},"properties":{"eidBuilding":"100200000250268899","buildingNumber":"597","cadastralMunicipalityCode":"1705","yearBuilt":1970,"buildingType":"samostoječa stavba"}},{"type":"Feature","id":"100201000000024666","geometry":{"type":"Point","coordinates":[14.4161155,45.9687519]},"properties":{"eidBuilding":"100201000000024666","buildingNumber":"872","cadastralMunicipalityCode":"1705","yearBuilt":2022,"buildingType":"samostoječa stavba"}},{"type":"Feature","id":"100201000000015722","geometry":{"type":"Point","coordinates":[14.4114198,45.9649327]},"properties":{"eidBuilding":"100201000000015722","buildingNumber":"875","cadastralMunicipalityCode":"1705","yearBuilt":2022,"buildingType":"samostoječa stavba"}},{"type":"Feature","id":"100201000000009584","geometry":{"type":"Point","coordinates":[14.4228859,45.9531745]},"properties":{"eidBuilding":"100201000000009584","buildingNumber":"874","cadastralMunicipalityCode":"1705","yearBuilt":2022,"buildingType":"samostoječa stavba"}},{"type":"Feature","id":"100201000000009592","geometry":{"type":"Point","coordinates":[14.4227289,45.953283]},"properties":{"eidBuilding":"100201000000009592","buildingNumber":"873","cadastralMunicipalityCode":"1705","yearBuilt":2022,"buildingType":"samostoječa stavba"}},{"type":"Feature","id":"100201000000070578","geometry":{"type":"Point","coordinates":[14.4298454,45.9469568]},"properties":{"eidBuilding":"100201000000070578","buildingNumber":"876","cadastralMunicipalityCode":"1705","yearBuilt":2010,"buildingType":"samostoječa stavba"}},{"type":"Feature","id":"100201000000101175","geometry":{"type":"Point","coordinates":[14.4150335,45.9681878]},"properties":{"eidBuilding":"100201000000101175","buildingNumber":"767","cadastralMunicipalityCode":"1705","yearBuilt":2004,"buildingType":"samostoječa stavba"}},{"type":"Feature","id":"100201000000073101","geometry":{"type":"Point","coordinates":[14.4124986,45.9664712]},"properties":{"eidBuilding":"100201000000073101","buildingNumber":"879","cadastralMunicipalityCode":"1705","yearBuilt":2016,"buildingType":"samostoječa stavba"}},{"type":"Feature","id":"100201000000073119","geometry":{"type":"Point","coordinates":[14.4125434,45.9664372]},"properties":{"eidBuilding":"100201000000073119","buildingNumber":"878","cadastralMunicipalityCode":"1705","yearBuilt":2015,"buildingType":"samostoječa stavba"}},{"type":"Feature","id":"100200000214838878","geometry":{"type":"Point","coordinates":[14.4163105,45.9691603]},"properties":{"eidBuilding":"100200000214838878","buildingNumber":"41","cadastralMunicipalityCode":"1705","yearBuilt":1902,"buildingType":"samostoječa stavba"}},{"type":"Feature","id":"100201000000073655","geometry":{"type":"Point","coordinates":[14.4183713,45.9566124]},"properties":{"eidBuilding":"100201000000073655","buildingNumber":"877","cadastralMunicipalityCode":"1705","yearBuilt":2023,"buildingType":"samostoječa stavba"}},{"type":"Feature","id":"100201000000125695","geometry":{"type":"Point","coordinates":[14.4111697,45.9639541]},"properties":{"eidBuilding":"100201000000125695","buildingNumber":"880","cadastralMunicipalityCode":"1705","yearBuilt":2023,"buildingType":"samostoječa stavba"}},{"type":"Feature","id":"100200000214901080","geometry":{"type":"Point","coordinates":[14.4404069,45.9384486]},"properties":{"eidBuilding":"100200000214901080","buildingNumber":"200","cadastralMunicipalityCode":"1705","yearBuilt":1700,"buildingType":"samostoječa stavba"}},{"type":"Feature","id":"100201000000173372","geometry":{"type":"Point","coordinates":[14.4159489,45.9664334]},"properties":{"eidBuilding":"100201000000173372","buildingNumber":"883","cadastralMunicipalityCode":"1705","yearBuilt":2024,"buildingType":"krajna vrstna stavba"}},{"type":"Feature","id":"100201000000173380","geometry":{"type":"Point","coordinates":[14.4158693,45.9665145]},"properties":{"eidBuilding":"100201000000173380","buildingNumber":"884","cadastralMunicipalityCode":"1705","yearBuilt":2024,"buildingType":"krajna vrstna stavba"}},{"type":"Feature","id":"100200000214900868","geometry":{"type":"Point","coordinates":[14.4399322,45.938178]},"properties":{"eidBuilding":"100200000214900868","buildingNumber":"178","cadastralMunicipalityCode":"1705","yearBuilt":1970,"buildingType":"samostoječa stavba"}},{"type":"Feature","id":"100200000214900892","geometry":{"type":"Point","coordinates":[14.4402958,45.9382494]},"properties":{"eidBuilding":"100200000214900892","buildingNumber":"181","cadastralMunicipalityCode":"1705","yearBuilt":1800,"buildingType":"samostoječa stavba"}},{"type":"Feature","id":"100200000214900926","geometry":{"type":"Point","coordinates":[14.4400701,45.9383456]},"properties":{"eidBuilding":"100200000214900926","buildingNumber":"184","cadastralMunicipalityCode":"1705","yearBuilt":1700,"buildingType":"samostoječa stavba"}},{"type":"Feature","id":"100201000000126511","geometry":{"type":"Point","coordinates":[14.4399227,45.9382342]},"properties":{"eidBuilding":"100201000000126511","buildingNumber":"881","cadastralMunicipalityCode":"1705","yearBuilt":1900,"buildingType":"samostoječa stavba"}},{"type":"Feature","id":"100201000000193297","geometry":{"type":"Point","coordinates":[14.417214,45.9585127]},"properties":{"eidBuilding":"100201000000193297","buildingNumber":"886","cadastralMunicipalityCode":"1705","yearBuilt":2023,"buildingType":"samostoječa stavba"}},{"type":"Feature","id":"100201000000211933","geometry":{"type":"Point","coordinates":[14.4207159,45.9563355]},"properties":{"eidBuilding":"100201000000211933","buildingNumber":"888","cadastralMunicipalityCode":"1705","yearBuilt":2025,"buildingType":"samostoječa stavba"}},{"type":"Feature","id":"100201000000232780","geometry":{"type":"Point","coordinates":[14.42098,45.956221]},"properties":{"eidBuilding":"100201000000232780","buildingNumber":"889","cadastralMunicipalityCode":"1705","yearBuilt":2025,"buildingType":"samostoječa stavba"}},{"type":"Feature","id":"100201000000193370","geometry":{"type":"Point","coordinates":[14.4156138,45.9672564]},"properties":{"eidBuilding":"100201000000193370","buildingNumber":"885","cadastralMunicipalityCode":"1705","yearBuilt":2011,"buildingType":"samostoječa stavba"}},{"type":"Feature","id":"100201000000258496","geometry":{"type":"Point","coordinates":[14.4191348,45.9585268]},"properties":{"eidBuilding":"100201000000258496","buildingNumber":"890","cadastralMunicipalityCode":"1705","yearBuilt":2025,"buildingType":"samostoječa stavba"}},{"type":"Feature","id":"100200000214903284","geometry":{"type":"Point","coordinates":[14.4166515,45.9542778]},"properties":{"eidBuilding":"100200000214903284","buildingNumber":"420","cadastralMunicipalityCode":"1705","yearBuilt":1795,"buildingType":"samostoječa stavba"}}]}